cid,replyToCid,type,publishedTimeText,comment,author,authorIsChannelOwner,replyCount,voteCount,hasCreatorHeart,videoId,pageUrl,commentsCount,title
UgwPYdiPZH4DWAeyHFJ4AaABAg,,comment,1 month ago,✊ Jadi pendukung kerja jurnalistik investigasi Tempo dengan berlangganan Tempo Plus. Klik di sini 👉 https://s.id/enakdibaca,@TempoVideoChannel,TRUE,51,978,FALSE,a2WXt0aW76g,https://www.youtube.com/watch?v=a2WXt0aW76g,3896,Kroni Prabowo dalam Proyek Makan Bergizi Gratis (MBG) |  Bocor Alus Politik
Ugz9taiLa5m5dpk40kV4AaABAg,,comment,1 day ago,"Menyiapkan dapur, menyiapkan sanitasi, menyiapkan team ahli gizi,  membentuk badan hukum pt,cv, menyiapkan kendaraan angkut, blm supply kebutuhan makan, dananya disuntik trs kaburr",@rpropertychanel3760,FALSE,0,0,FALSE,a2WXt0aW76g,https://www.youtube.com/watch?v=a2WXt0aW76g,3896,Kroni Prabowo dalam Proyek Makan Bergizi Gratis (MBG) |  Bocor Alus Politik
Ugym0_upPCCAXEZd0ol4AaABAg,,comment,1 day ago,Revolusi,@rpropertychanel3760,FALSE,0,0,FALSE,a2WXt0aW76g,https://www.youtube.com/watch?v=a2WXt0aW76g,3896,Kroni Prabowo dalam Proyek Makan Bergizi Gratis (MBG) |  Bocor Alus Politik
UgypPMXRUHRfHSDgMit4AaABAg,,comment,2 days ago,Turun presiden omom,@NurjanahNurjanah-gs2yo,FALSE,0,0,FALSE,a2WXt0aW76g,https://www.youtube.com/watch?v=a2WXt0aW76g,3896,Kroni Prabowo dalam Proyek Makan Bergizi Gratis (MBG) |  Bocor Alus Politik
UgxYqpzJrEJxY_mhGVl4AaABAg,,comment,7 days ago,"Sehat2 para jurnalis Tempo. MBG diberhentikan saja, anaknya makan bapaknya di PHK. Sahkan saja UU Perampasan aset para koruptor yg memiskinkan negara.",@mawarraja,FALSE,0,0,FALSE,a2WXt0aW76g,https://www.youtube.com/watch?v=a2WXt0aW76g,3896,Kroni Prabowo dalam Proyek Makan Bergizi Gratis (MBG) |  Bocor Alus Politik
UgxlfYD7wv3CqdGzucd4AaABAg,,comment,9 days ago,Awas diserang buzzerRp di komentar 😂,@as.september1996,FALSE,0,1,FALSE,a2WXt0aW76g,https://www.youtube.com/watch?v=a2WXt0aW76g,3896,Kroni Prabowo dalam Proyek Makan Bergizi Gratis (MBG) |  Bocor Alus Politik
UgxOaK3MBdh7SnYBzEZ4AaABAg,,comment,13 days ago,Berita baiknya dari Jepang bukan dari KONOHA 😂,@SalmanSalman-pz5go,FALSE,0,0,FALSE,a2WXt0aW76g,https://www.youtube.com/watch?v=a2WXt0aW76g,3896,Kroni Prabowo dalam Proyek Makan Bergizi Gratis (MBG) |  Bocor Alus Politik
UgyWJWEC-iDPfC7Q-UR4AaABAg,,comment,13 days ago,"Nepotismae sangat kental di dalamnya jadi namanya Proyek Makan Buat Garong dari uang Negara, .
Tenang saja Pak Prabowo SAYA SUDAH DI SINI teriak si Samsul yang begitu lantang",@isnaeniyeti1520,FALSE,0,0,FALSE,a2WXt0aW76g,https://www.youtube.com/watch?v=a2WXt0aW76g,3896,Kroni Prabowo dalam Proyek Makan Bergizi Gratis (MBG) |  Bocor Alus Politik
UgwvzAaEk_vZl90E3Jt4AaABAg,,comment,2 weeks ago,"Kenyataannya banyak phk,anak2 juga ada yg keracunan mbg,ada yg makanannya gk di mskan,yg di buang dll.😂",@heryatiheryati9678,FALSE,0,0,FALSE,a2WXt0aW76g,https://www.youtube.com/watch?v=a2WXt0aW76g,3896,Kroni Prabowo dalam Proyek Makan Bergizi Gratis (MBG) |  Bocor Alus Politik
UgzMsvEEI_L3GCBQpn54AaABAg,,comment,2 weeks ago,"Kalo waras mendingan  orang tuanya yg nganggur dikasih kerjaan dengan gaji yg memadai untuk menghidupi keluarganya.Anaknya dikasih makan siang gratis,tapi orang tuanya banyak di phk.Gimana sih?",@heryatiheryati9678,FALSE,0,0,FALSE,a2WXt0aW76g,https://www.youtube.com/watch?v=a2WXt0aW76g,3896,Kroni Prabowo dalam Proyek Makan Bergizi Gratis (MBG) |  Bocor Alus Politik
UgwBsNrqZsoI6MUbqet4AaABAg,,comment,2 weeks ago,Sebetulnya dari awal Kami dari kubu GAMA sudah menduga dan mengingatkan bahwa PROGRAM MAKAN BERGIZI GRATIS susah diterapkan sesuai niat dan tujuannya karena selain faktor biaya dan distribusinya memang lebih berorientasi proyek buat TIM SUKSES 02 Jadi tidak perlu kaget kalau prediksi dari awal menjadi kenyataan.,@LoiszenoSeno,FALSE,0,0,FALSE,a2WXt0aW76g,https://www.youtube.com/watch?v=a2WXt0aW76g,3896,Kroni Prabowo dalam Proyek Makan Bergizi Gratis (MBG) |  Bocor Alus Politik
Ugycgo8SKk9_YrF2Ad14AaABAg,,comment,2 weeks ago,Contoh MBG dari jepang itu pasti lebih efisien. Tapi di Indonesia memang di buat tidak efektif biar oran2 tertentu dapat menikmati.,@FaizFaiz-ox6iw,FALSE,0,0,FALSE,a2WXt0aW76g,https://www.youtube.com/watch?v=a2WXt0aW76g,3896,Kroni Prabowo dalam Proyek Makan Bergizi Gratis (MBG) |  Bocor Alus Politik
UgzLWpIjiDhAlmflwWd4AaABAg,,comment,2 weeks ago,"Kita hanya tidak kebagian uang korupsinya saja,, kalau korupsi bagi2 lah",@junaidiachmad3658,FALSE,0,0,FALSE,a2WXt0aW76g,https://www.youtube.com/watch?v=a2WXt0aW76g,3896,Kroni Prabowo dalam Proyek Makan Bergizi Gratis (MBG) |  Bocor Alus Politik
UgwPDIQg673h3YiAOsF4AaABAg,,comment,2 weeks ago,"CEK WIDODO MAKMUR, KUBU BANTENG PENGUASA JATENGH !",@ManB4,FALSE,0,0,FALSE,a2WXt0aW76g,https://www.youtube.com/watch?v=a2WXt0aW76g,3896,Kroni Prabowo dalam Proyek Makan Bergizi Gratis (MBG) |  Bocor Alus Politik
Ugz1_uTtUwGYaWDkV_h4AaABAg,,comment,2 weeks ago,"Bagaimana dengan Danatara nanti nya ,jangan sampai jadi project masa depan nich ,China begitu maju technologinya ,indonesia tambah maju korupsi nya.",@teddyiesmail1239,FALSE,0,0,FALSE,a2WXt0aW76g,https://www.youtube.com/watch?v=a2WXt0aW76g,3896,Kroni Prabowo dalam Proyek Makan Bergizi Gratis (MBG) |  Bocor Alus Politik
Ugz8vQq_WgbZbJ1Ah8V4AaABAg,,comment,2 weeks ago,Wowo Wiwi 11 12 Ternak Koruptor,@DewaBujana-e5f,FALSE,0,0,FALSE,a2WXt0aW76g,https://www.youtube.com/watch?v=a2WXt0aW76g,3896,Kroni Prabowo dalam Proyek Makan Bergizi Gratis (MBG) |  Bocor Alus Politik
UgxwPobkVgOLZwnBi-p4AaABAg,,comment,3 weeks ago,30:14 nice ini yng betul 🎉🎉🎉,@titinpapey5261,FALSE,0,0,FALSE,a2WXt0aW76g,https://www.youtube.com/watch?v=a2WXt0aW76g,3896,Kroni Prabowo dalam Proyek Makan Bergizi Gratis (MBG) |  Bocor Alus Politik
UgyeNRU2S-gblSVK64F4AaABAg,,comment,3 weeks ago,George Soros senang melihat media ini.,@boyjon2655,FALSE,0,0,FALSE,a2WXt0aW76g,https://www.youtube.com/watch?v=a2WXt0aW76g,3896,Kroni Prabowo dalam Proyek Makan Bergizi Gratis (MBG) |  Bocor Alus Politik
Ugx7xmqPwkuRaBrrpJF4AaABAg,,comment,3 weeks ago,"Ya Allah tunjukkanlah dan bukalah segala keburukan/kecurangan yang dilakukan oleh orang"" Dilingkaran proyek MBG... Engkau yang maha kuasa.. Apapun dapat terjadi atas kehendakmu. Amiin ya robbal'alamin",@sriharyati8525,FALSE,0,0,FALSE,a2WXt0aW76g,https://www.youtube.com/watch?v=a2WXt0aW76g,3896,Kroni Prabowo dalam Proyek Makan Bergizi Gratis (MBG) |  Bocor Alus Politik
UgwlQ-oXCq2YGaCndk54AaABAg,,comment,3 weeks ago,Betul sekali bro ? 😩,@muktaraja5211,FALSE,0,0,FALSE,a2WXt0aW76g,https://www.youtube.com/watch?v=a2WXt0aW76g,3896,Kroni Prabowo dalam Proyek Makan Bergizi Gratis (MBG) |  Bocor Alus Politik
UgwPYdiPZH4DWAeyHFJ4AaABAg.AH4mQokYldBAH4tEz28Ue5,UgwPYdiPZH4DWAeyHFJ4AaABAg,reply,1 month ago,"Bongkar dong soal koperasi, jangan2 zulkifli hasan mau nyawapres lewat program koperasi. PAN dan Gerindra kan pemenang Pilkada...",@Forum_Anak_Bangsa,FALSE,0,59,FALSE,a2WXt0aW76g,https://www.youtube.com/watch?v=a2WXt0aW76g,3896,Kroni Prabowo dalam Proyek Makan Bergizi Gratis (MBG) |  Bocor Alus Politik
UgwPYdiPZH4DWAeyHFJ4AaABAg.AH4mQokYldBAH4vbgtZQZV,UgwPYdiPZH4DWAeyHFJ4AaABAg,reply,1 month ago,Tuhan bersama Tempo. Lawan para iblis berwujud manusia.,@dfffdfhh,FALSE,0,32,FALSE,a2WXt0aW76g,https://www.youtube.com/watch?v=a2WXt0aW76g,3896,Kroni Prabowo dalam Proyek Makan Bergizi Gratis (MBG) |  Bocor Alus Politik
UgwPYdiPZH4DWAeyHFJ4AaABAg.AH4mQokYldBAH4xVL52kMp,UgwPYdiPZH4DWAeyHFJ4AaABAg,reply,1 month ago,"di Kalimantan (khususnya kalimantan timur)belum pernah sekalipun ada program makan  siang gratis, padahal pemerintahan sudah mendekati 1tahun berjalan.",@charzy-qb3vg,FALSE,0,22,FALSE,a2WXt0aW76g,https://www.youtube.com/watch?v=a2WXt0aW76g,3896,Kroni Prabowo dalam Proyek Makan Bergizi Gratis (MBG) |  Bocor Alus Politik
UgwPYdiPZH4DWAeyHFJ4AaABAg.AH4mQokYldBAH4xsJ-MH8n,UgwPYdiPZH4DWAeyHFJ4AaABAg,reply,1 month ago,"TEMPO + PDIP+MAFUD MD
kalau ada kebocoran / korupsi tidak fitnahan , Bongkar❤❤❤❤",@adrihastanto1037,FALSE,0,11,FALSE,a2WXt0aW76g,https://www.youtube.com/watch?v=a2WXt0aW76g,3896,Kroni Prabowo dalam Proyek Makan Bergizi Gratis (MBG) |  Bocor Alus Politik
UgwPYdiPZH4DWAeyHFJ4AaABAg.AH4mQokYldBAH4yS7HOk6N,UgwPYdiPZH4DWAeyHFJ4AaABAg,reply,1 month ago," @charzy-qb3vg  gak ada duitnya bang..mau ngutang lg udh ga ada negara laen yg mau ngasih lg , krn semua pd saving cost jg hadepin krisis ekonomi ini.",@dfffdfhh,FALSE,0,13,FALSE,a2WXt0aW76g,https://www.youtube.com/watch?v=a2WXt0aW76g,3896,Kroni Prabowo dalam Proyek Makan Bergizi Gratis (MBG) |  Bocor Alus Politik
UgwPYdiPZH4DWAeyHFJ4AaABAg.AH4mQokYldBAH4zOaJkXv7,UgwPYdiPZH4DWAeyHFJ4AaABAg,reply,1 month ago,Selamat buat tempo sudah membuat tempo kembali rame karena insiden kepala babi yg tempo buat sendiri itu. Pasti dapat amplop besar dari papa soros nih ye,@Ninety_4,FALSE,0,5,FALSE,a2WXt0aW76g,https://www.youtube.com/watch?v=a2WXt0aW76g,3896,Kroni Prabowo dalam Proyek Makan Bergizi Gratis (MBG) |  Bocor Alus Politik
UgwPYdiPZH4DWAeyHFJ4AaABAg.AH4mQokYldBAH50JRCsBYt,UgwPYdiPZH4DWAeyHFJ4AaABAg,reply,1 month ago,Proyek mangkrak 😂,@Rhidayah,FALSE,0,7,FALSE,a2WXt0aW76g,https://www.youtube.com/watch?v=a2WXt0aW76g,3896,Kroni Prabowo dalam Proyek Makan Bergizi Gratis (MBG) |  Bocor Alus Politik
UgwPYdiPZH4DWAeyHFJ4AaABAg.AH4mQokYldBAH52kyKGaN3,UgwPYdiPZH4DWAeyHFJ4AaABAg,reply,1 month ago,Kasih timestamp,@areevave5608,FALSE,0,1,FALSE,a2WXt0aW76g,https://www.youtube.com/watch?v=a2WXt0aW76g,3896,Kroni Prabowo dalam Proyek Makan Bergizi Gratis (MBG) |  Bocor Alus Politik
UgwPYdiPZH4DWAeyHFJ4AaABAg.AH4mQokYldBAH55V5HLb2M,UgwPYdiPZH4DWAeyHFJ4AaABAg,reply,1 month ago, @Ninety_4 Wahh buzzer Mulyono muncul ni! Dibayar brapa loe? Makan tu wang haram untuk fitnah!,@suhanaabdsukur5417,FALSE,0,8,FALSE,a2WXt0aW76g,https://www.youtube.com/watch?v=a2WXt0aW76g,3896,Kroni Prabowo dalam Proyek Makan Bergizi Gratis (MBG) |  Bocor Alus Politik
UgwPYdiPZH4DWAeyHFJ4AaABAg.AH4mQokYldBAH56fq5PSMe,UgwPYdiPZH4DWAeyHFJ4AaABAg,reply,1 month ago (edited),Purnawirawan pendukung.. masuk personil mbg..,@selametmamiek8777,FALSE,0,1,FALSE,a2WXt0aW76g,https://www.youtube.com/watch?v=a2WXt0aW76g,3896,Kroni Prabowo dalam Proyek Makan Bergizi Gratis (MBG) |  Bocor Alus Politik
UgwPYdiPZH4DWAeyHFJ4AaABAg.AH4mQokYldBAH57Dj0TDBn,UgwPYdiPZH4DWAeyHFJ4AaABAg,reply,1 month ago,"Tempo media maju terus pantang mundur, suarakan selalu kebenarannya",@AzwarHamid-p5o,FALSE,0,6,FALSE,a2WXt0aW76g,https://www.youtube.com/watch?v=a2WXt0aW76g,3896,Kroni Prabowo dalam Proyek Makan Bergizi Gratis (MBG) |  Bocor Alus Politik
UgwPYdiPZH4DWAeyHFJ4AaABAg.AH4mQokYldBAH57NzoflZo,UgwPYdiPZH4DWAeyHFJ4AaABAg,reply,1 month ago,Bang tolong para petani di pati harga gabang jauh yg dtentukan...byk petani merugi.tepatnya dpati desa sugiharjo dukuh garas kec pati kab pati jawa Tengah,@aangianto9482,FALSE,0,2,FALSE,a2WXt0aW76g,https://www.youtube.com/watch?v=a2WXt0aW76g,3896,Kroni Prabowo dalam Proyek Makan Bergizi Gratis (MBG) |  Bocor Alus Politik
UgwPYdiPZH4DWAeyHFJ4AaABAg.AH4mQokYldBAH59LemjJJq,UgwPYdiPZH4DWAeyHFJ4AaABAg,reply,1 month ago,😂😂​ @suhanaabdsukur5417 ,@adikamajaya,FALSE,0,0,FALSE,a2WXt0aW76g,https://www.youtube.com/watch?v=a2WXt0aW76g,3896,Kroni Prabowo dalam Proyek Makan Bergizi Gratis (MBG) |  Bocor Alus Politik
UgwPYdiPZH4DWAeyHFJ4AaABAg.AH4mQokYldBAH5E3EuEu-2,UgwPYdiPZH4DWAeyHFJ4AaABAg,reply,1 month ago,Indonesia tidak sesiap Jepang dan negara2 maju yg menjalankan program free meal. Korupsi terlalu mengerikan di negri ini.,@igenjaka9150,FALSE,0,4,FALSE,a2WXt0aW76g,https://www.youtube.com/watch?v=a2WXt0aW76g,3896,Kroni Prabowo dalam Proyek Makan Bergizi Gratis (MBG) |  Bocor Alus Politik
UgwPYdiPZH4DWAeyHFJ4AaABAg.AH4mQokYldBAH5JU_Np_a-,UgwPYdiPZH4DWAeyHFJ4AaABAg,reply,1 month ago,TAPI KOK ADA YG SUDAH BANGKRUT KRN MBG GA DIBAYAR??😮😮😮,@Begoodbruh,FALSE,0,3,FALSE,a2WXt0aW76g,https://www.youtube.com/watch?v=a2WXt0aW76g,3896,Kroni Prabowo dalam Proyek Makan Bergizi Gratis (MBG) |  Bocor Alus Politik
UgwPYdiPZH4DWAeyHFJ4AaABAg.AH4mQokYldBAH5KdFmjKuV,UgwPYdiPZH4DWAeyHFJ4AaABAg,reply,1 month ago,Awasi teruss. Anda semua luar biyasa.  Terimakasih n GBU,@jasjus0000,FALSE,0,3,FALSE,a2WXt0aW76g,https://www.youtube.com/watch?v=a2WXt0aW76g,3896,Kroni Prabowo dalam Proyek Makan Bergizi Gratis (MBG) |  Bocor Alus Politik
UgwPYdiPZH4DWAeyHFJ4AaABAg.AH4mQokYldBAH5NisVHGJM,UgwPYdiPZH4DWAeyHFJ4AaABAg,reply,1 month ago,Awas...rumah dan keluarga lo lg di awasi intelstrad.😂,@ferryandika710,FALSE,0,2,FALSE,a2WXt0aW76g,https://www.youtube.com/watch?v=a2WXt0aW76g,3896,Kroni Prabowo dalam Proyek Makan Bergizi Gratis (MBG) |  Bocor Alus Politik
UgwPYdiPZH4DWAeyHFJ4AaABAg.AH4mQokYldBAH5OV40iIcF,UgwPYdiPZH4DWAeyHFJ4AaABAg,reply,1 month ago,"Program BSPS - PUPR di investigasi juga, banyak potensi fraud nya di lapangan.",@taufikrahman2403,FALSE,0,1,FALSE,a2WXt0aW76g,https://www.youtube.com/watch?v=a2WXt0aW76g,3896,Kroni Prabowo dalam Proyek Makan Bergizi Gratis (MBG) |  Bocor Alus Politik
UgwPYdiPZH4DWAeyHFJ4AaABAg.AH4mQokYldBAH5Uco5CKZt,UgwPYdiPZH4DWAeyHFJ4AaABAg,reply,1 month ago,Mumpung Lagi Tour Di Indonesia.Undang Bang Pandji Lagi Dong,@dedegunawan6516,FALSE,0,0,FALSE,a2WXt0aW76g,https://www.youtube.com/watch?v=a2WXt0aW76g,3896,Kroni Prabowo dalam Proyek Makan Bergizi Gratis (MBG) |  Bocor Alus Politik
UgwPYdiPZH4DWAeyHFJ4AaABAg.AH4mQokYldBAH5WC9Bnj4m,UgwPYdiPZH4DWAeyHFJ4AaABAg,reply,1 month ago,AGEN INTELIJEN MOSSAD BERNAMA GEORGE SOROS TERUS BERUSAHA MENGGAGALKAN PROGRAM MAKAN BERGIZI GRATIS KARENA TAKUT INDONESIA JADI NEGARA MAJU,@Noor.M-mg8mo,FALSE,0,0,FALSE,a2WXt0aW76g,https://www.youtube.com/watch?v=a2WXt0aW76g,3896,Kroni Prabowo dalam Proyek Makan Bergizi Gratis (MBG) |  Bocor Alus Politik
UgwPYdiPZH4DWAeyHFJ4AaABAg.AH4mQokYldBAH5WU-r6Nja,UgwPYdiPZH4DWAeyHFJ4AaABAg,reply,1 month ago (edited),AGEN INTEL MOSSAD BERNAMA GEORGE SOROS TERUS BERUSAHA MENGGAGALKAN PROGRAM MAKAN BERGIZI GRATIS KARENA TAKUT INDONESIA JADI NEGARA MAJU,@Noor.M-mg8mo,FALSE,0,2,FALSE,a2WXt0aW76g,https://www.youtube.com/watch?v=a2WXt0aW76g,3896,Kroni Prabowo dalam Proyek Makan Bergizi Gratis (MBG) |  Bocor Alus Politik
UgwPYdiPZH4DWAeyHFJ4AaABAg.AH4mQokYldBAH5ajJP2Ai3,UgwPYdiPZH4DWAeyHFJ4AaABAg,reply,1 month ago,Nanti ada lawan Bocor Kasar dr Cokro TV😂,@tonidate6250,FALSE,0,1,FALSE,a2WXt0aW76g,https://www.youtube.com/watch?v=a2WXt0aW76g,3896,Kroni Prabowo dalam Proyek Makan Bergizi Gratis (MBG) |  Bocor Alus Politik
UgwPYdiPZH4DWAeyHFJ4AaABAg.AH4mQokYldBAH5gm-O2Yg7,UgwPYdiPZH4DWAeyHFJ4AaABAg,reply,1 month ago,"memang menyuarakan kebenaran tapi kebenarana yang dikasih tempo memecah belah dan membuat kepercayaan sipil menurun , kalo resesi gr gr media media pengkhianat gini apa ga kasian sama anak istri dirumah pegawai tempo😢, eh lupa udah makan duit haram ya karyawan tempo hehe😅",@yosurekusi,FALSE,0,2,FALSE,a2WXt0aW76g,https://www.youtube.com/watch?v=a2WXt0aW76g,3896,Kroni Prabowo dalam Proyek Makan Bergizi Gratis (MBG) |  Bocor Alus Politik
UgwPYdiPZH4DWAeyHFJ4AaABAg.AH4mQokYldBAH5jsCYvhBr,UgwPYdiPZH4DWAeyHFJ4AaABAg,reply,1 month ago,Kita jg di madiun jawa timur....di kabupaten ku blm ada ....Yg sklh di kodya pun jg blm dpt makan siang gratis......cuman omon omon di wowo...​ @charzy-qb3vg ,@lirafauzi4770,FALSE,0,0,FALSE,a2WXt0aW76g,https://www.youtube.com/watch?v=a2WXt0aW76g,3896,Kroni Prabowo dalam Proyek Makan Bergizi Gratis (MBG) |  Bocor Alus Politik
UgwPYdiPZH4DWAeyHFJ4AaABAg.AH4mQokYldBAH5jzDaqUzm,UgwPYdiPZH4DWAeyHFJ4AaABAg,reply,1 month ago,​ @Ninety_4 lha...ini yg fitnah muncul...,@lirafauzi4770,FALSE,0,0,FALSE,a2WXt0aW76g,https://www.youtube.com/watch?v=a2WXt0aW76g,3896,Kroni Prabowo dalam Proyek Makan Bergizi Gratis (MBG) |  Bocor Alus Politik
UgwPYdiPZH4DWAeyHFJ4AaABAg.AH4mQokYldBAH5m4NQ7tJV,UgwPYdiPZH4DWAeyHFJ4AaABAg,reply,1 month ago,"Kalau kesulitan menyediakan dapur, lebih baik dapurnya di serahkan ke setiap rumah yg memiliki anak yg sekolah.....simpel kan😂",@EddiCell,FALSE,0,2,FALSE,a2WXt0aW76g,https://www.youtube.com/watch?v=a2WXt0aW76g,3896,Kroni Prabowo dalam Proyek Makan Bergizi Gratis (MBG) |  Bocor Alus Politik
UgwPYdiPZH4DWAeyHFJ4AaABAg.AH4mQokYldBAH67d1hbgyD,UgwPYdiPZH4DWAeyHFJ4AaABAg,reply,1 month ago,"kalian tau kenapa indonesia susah/lama untuk maju ? 
Tapi mohon maaf sebelumnya 🙏.   Yang mengkritik tolol, yang di kritik bodoh , baru tau salah belum tau memperbaiki 🙏,, tapi ( sebagian ) besar 😂 semoga kalian masuk dalam yg cerdas 😂.",@danstv5318,FALSE,0,0,FALSE,a2WXt0aW76g,https://www.youtube.com/watch?v=a2WXt0aW76g,3896,Kroni Prabowo dalam Proyek Makan Bergizi Gratis (MBG) |  Bocor Alus Politik
UgwPYdiPZH4DWAeyHFJ4AaABAg.AH4mQokYldBAH6E_VRQcwL,UgwPYdiPZH4DWAeyHFJ4AaABAg,reply,1 month ago,"nampak majalah tempo jon torus, yang diliput prabowo terussss... ijazah mulyono dong di posting gimana ceritanya tempo",@muhammadikhsan1681,FALSE,0,1,FALSE,a2WXt0aW76g,https://www.youtube.com/watch?v=a2WXt0aW76g,3896,Kroni Prabowo dalam Proyek Makan Bergizi Gratis (MBG) |  Bocor Alus Politik
UgwPYdiPZH4DWAeyHFJ4AaABAg.AH4mQokYldBAH6EpbBKtuW,UgwPYdiPZH4DWAeyHFJ4AaABAg,reply,1 month ago,"malas gua belangganan, yang diberitakan engga jelas, yang viral apa yang dibahas apa, kocak kocak majalah jon torusss, pantesan dibilang pendana asing, emang iya kalau kayak temponya gini, mungkin pendukung mulyono hahaha",@muhammadikhsan1681,FALSE,0,1,FALSE,a2WXt0aW76g,https://www.youtube.com/watch?v=a2WXt0aW76g,3896,Kroni Prabowo dalam Proyek Makan Bergizi Gratis (MBG) |  Bocor Alus Politik
UgwPYdiPZH4DWAeyHFJ4AaABAg.AH4mQokYldBAH6LXHjdbzJ,UgwPYdiPZH4DWAeyHFJ4AaABAg,reply,1 month ago,Jurnalis micin propokator,@joniiskandar6397,FALSE,0,0,FALSE,a2WXt0aW76g,https://www.youtube.com/watch?v=a2WXt0aW76g,3896,Kroni Prabowo dalam Proyek Makan Bergizi Gratis (MBG) |  Bocor Alus Politik
UgwPYdiPZH4DWAeyHFJ4AaABAg.AH4mQokYldBAH6_faalVga,UgwPYdiPZH4DWAeyHFJ4AaABAg,reply,1 month ago,"Sy lihat  Kaka tempo ini kurang berkualitas, maap ya,mau naikin kls TDK mampu",@thomsoncjr7217,FALSE,0,0,FALSE,a2WXt0aW76g,https://www.youtube.com/watch?v=a2WXt0aW76g,3896,Kroni Prabowo dalam Proyek Makan Bergizi Gratis (MBG) |  Bocor Alus Politik
UgwPYdiPZH4DWAeyHFJ4AaABAg.AH4mQokYldBAH7547Ya3RL,UgwPYdiPZH4DWAeyHFJ4AaABAg,reply,1 month ago,Kami berharap tempo bisa membongkar penipuan jual beli online kerugiannya sudah mencapai ratusan juta. Dan herannya tidak bisa diungkap...,@dentri4457,FALSE,0,2,FALSE,a2WXt0aW76g,https://www.youtube.com/watch?v=a2WXt0aW76g,3896,Kroni Prabowo dalam Proyek Makan Bergizi Gratis (MBG) |  Bocor Alus Politik
UgwPYdiPZH4DWAeyHFJ4AaABAg.AH4mQokYldBAH75I6joVIE,UgwPYdiPZH4DWAeyHFJ4AaABAg,reply,1 month ago,Sayak sudah berlangganann . Terimksih @Tempo,@pucuklabu-q4q,FALSE,0,1,FALSE,a2WXt0aW76g,https://www.youtube.com/watch?v=a2WXt0aW76g,3896,Kroni Prabowo dalam Proyek Makan Bergizi Gratis (MBG) |  Bocor Alus Politik
UgwPYdiPZH4DWAeyHFJ4AaABAg.AH4mQokYldBAH7DGweoU9r,UgwPYdiPZH4DWAeyHFJ4AaABAg,reply,1 month ago,Beras & migor dh habis? ​ @Ninety_4 ,@m.yasser1322,FALSE,0,0,FALSE,a2WXt0aW76g,https://www.youtube.com/watch?v=a2WXt0aW76g,3896,Kroni Prabowo dalam Proyek Makan Bergizi Gratis (MBG) |  Bocor Alus Politik
UgwPYdiPZH4DWAeyHFJ4AaABAg.AH4mQokYldBAH7XyYwaqc_,UgwPYdiPZH4DWAeyHFJ4AaABAg,reply,1 month ago,Soros tumbangkan soeharto​ @Ninety_4 ,@yestinmaso6605,FALSE,0,0,FALSE,a2WXt0aW76g,https://www.youtube.com/watch?v=a2WXt0aW76g,3896,Kroni Prabowo dalam Proyek Makan Bergizi Gratis (MBG) |  Bocor Alus Politik
UgwPYdiPZH4DWAeyHFJ4AaABAg.AH4mQokYldBAH7o-baBtHG,UgwPYdiPZH4DWAeyHFJ4AaABAg,reply,1 month ago, @aangianto9482  Ah kata wowo petani pada bahagia....😂,@alleeimr79,FALSE,0,1,FALSE,a2WXt0aW76g,https://www.youtube.com/watch?v=a2WXt0aW76g,3896,Kroni Prabowo dalam Proyek Makan Bergizi Gratis (MBG) |  Bocor Alus Politik
UgwPYdiPZH4DWAeyHFJ4AaABAg.AH4mQokYldBAH8Vsj4lGXO,UgwPYdiPZH4DWAeyHFJ4AaABAg,reply,1 month ago (edited),Studio Bocor Alus yang baru lebih cozy sih,@naufalalghifari3660,FALSE,0,1,FALSE,a2WXt0aW76g,https://www.youtube.com/watch?v=a2WXt0aW76g,3896,Kroni Prabowo dalam Proyek Makan Bergizi Gratis (MBG) |  Bocor Alus Politik
UgwPYdiPZH4DWAeyHFJ4AaABAg.AH4mQokYldBAH97rjVzV67,UgwPYdiPZH4DWAeyHFJ4AaABAg,reply,1 month ago,Ogah,@Ade-qw5eh,FALSE,0,1,FALSE,a2WXt0aW76g,https://www.youtube.com/watch?v=a2WXt0aW76g,3896,Kroni Prabowo dalam Proyek Makan Bergizi Gratis (MBG) |  Bocor Alus Politik
UgwPYdiPZH4DWAeyHFJ4AaABAg.AH4mQokYldBAH9UFd6eFkr,UgwPYdiPZH4DWAeyHFJ4AaABAg,reply,1 month ago,​ @EddiCell betul sekali berikan pada dapur yg tak mampu simpel dan tak bisa di koropsi,@Suriatiabdallah,FALSE,0,2,FALSE,a2WXt0aW76g,https://www.youtube.com/watch?v=a2WXt0aW76g,3896,Kroni Prabowo dalam Proyek Makan Bergizi Gratis (MBG) |  Bocor Alus Politik
UgwPYdiPZH4DWAeyHFJ4AaABAg.AH4mQokYldBAH9xCBGyQg9,UgwPYdiPZH4DWAeyHFJ4AaABAg,reply,1 month ago,Data yg di dpt harus disimpan.,@kelanaputih6530,FALSE,0,1,FALSE,a2WXt0aW76g,https://www.youtube.com/watch?v=a2WXt0aW76g,3896,Kroni Prabowo dalam Proyek Makan Bergizi Gratis (MBG) |  Bocor Alus Politik
UgwPYdiPZH4DWAeyHFJ4AaABAg.AH4mQokYldBAHA3--3M7Xo,UgwPYdiPZH4DWAeyHFJ4AaABAg,reply,1 month ago,Smg Allah SWT melindungi mereka yg mencari dan mengupas kebenaran,@realikafamily7532,FALSE,0,1,FALSE,a2WXt0aW76g,https://www.youtube.com/watch?v=a2WXt0aW76g,3896,Kroni Prabowo dalam Proyek Makan Bergizi Gratis (MBG) |  Bocor Alus Politik
UgwPYdiPZH4DWAeyHFJ4AaABAg.AH4mQokYldBAHAzlaX4bel,UgwPYdiPZH4DWAeyHFJ4AaABAg,reply,1 month ago,BUBARKAN KPK!!! hanya menjadi BEBAN APBN...kerja dan hasil NOL BESAR,@demmyasmara7583,FALSE,0,1,FALSE,a2WXt0aW76g,https://www.youtube.com/watch?v=a2WXt0aW76g,3896,Kroni Prabowo dalam Proyek Makan Bergizi Gratis (MBG) |  Bocor Alus Politik
UgwPYdiPZH4DWAeyHFJ4AaABAg.AH4mQokYldBAHDgmYQsPi8,UgwPYdiPZH4DWAeyHFJ4AaABAg,reply,1 month ago,BAHAS DONG SEPAK TERJANG AGEN MOSSAD YAHUDI GEORGE SOROS DI INDONESIA,@NoorPrayuda-ol4js,FALSE,0,0,FALSE,a2WXt0aW76g,https://www.youtube.com/watch?v=a2WXt0aW76g,3896,Kroni Prabowo dalam Proyek Makan Bergizi Gratis (MBG) |  Bocor Alus Politik
UgwPYdiPZH4DWAeyHFJ4AaABAg.AH4mQokYldBAHFAyi2AazB,UgwPYdiPZH4DWAeyHFJ4AaABAg,reply,1 month ago,"Luar biasa, maju terus Tempo!",@proletarbertuhan6689,FALSE,0,0,FALSE,a2WXt0aW76g,https://www.youtube.com/watch?v=a2WXt0aW76g,3896,Kroni Prabowo dalam Proyek Makan Bergizi Gratis (MBG) |  Bocor Alus Politik
UgwPYdiPZH4DWAeyHFJ4AaABAg.AH4mQokYldBAHGQXQb-uHZ,UgwPYdiPZH4DWAeyHFJ4AaABAg,reply,1 month ago,"MAU TANYA TEMPO TLG DONG JELASIN G SOROS ITU SIAPA NYA MEDIA TEMPO ??? 

MAO HANCURIN NKRI YA ???",@Gogo321-i2j,FALSE,0,0,FALSE,a2WXt0aW76g,https://www.youtube.com/watch?v=a2WXt0aW76g,3896,Kroni Prabowo dalam Proyek Makan Bergizi Gratis (MBG) |  Bocor Alus Politik
UgwPYdiPZH4DWAeyHFJ4AaABAg.AH4mQokYldBAHHTDjSparX,UgwPYdiPZH4DWAeyHFJ4AaABAg,reply,1 month ago,"TEMPO BAHAS DONG, AGEN INTELIJEN MOSSAD YAHUDI ISRAEL BERNAMA GEORGE SOROS YG MAU MEMECAH BELAH BESERTA SEPAK TERJANGNYA DI INDONESIA",@NoorPrayuda-ol4js,FALSE,0,0,FALSE,a2WXt0aW76g,https://www.youtube.com/watch?v=a2WXt0aW76g,3896,Kroni Prabowo dalam Proyek Makan Bergizi Gratis (MBG) |  Bocor Alus Politik
UgwPYdiPZH4DWAeyHFJ4AaABAg.AH4mQokYldBAHKDcpQsncx,UgwPYdiPZH4DWAeyHFJ4AaABAg,reply,1 month ago,Tempo majalah tempe 😂😂😂😂 tukang fitnah ...tempo banyak terima suap dari asing untuk suatu berita yg hoak dibuat benar😂😂😂😂😂...dari pada uang buat beli majalah tempo lebih baik uang buat sodaqoh anak yatim piatu....ora baca media tempo tempe ora patheken😂🎉😂😂😂,@MiaAnggraini-wm7sr,FALSE,0,2,FALSE,a2WXt0aW76g,https://www.youtube.com/watch?v=a2WXt0aW76g,3896,Kroni Prabowo dalam Proyek Makan Bergizi Gratis (MBG) |  Bocor Alus Politik
UgwPYdiPZH4DWAeyHFJ4AaABAg.AH4mQokYldBAHLtTC6oqQg,UgwPYdiPZH4DWAeyHFJ4AaABAg,reply,1 month ago,"Ooo Kamu ketahuan,,,,dengan si dia 😂😂😂",@rentjongAtjeh,FALSE,0,0,FALSE,a2WXt0aW76g,https://www.youtube.com/watch?v=a2WXt0aW76g,3896,Kroni Prabowo dalam Proyek Makan Bergizi Gratis (MBG) |  Bocor Alus Politik
UgwPYdiPZH4DWAeyHFJ4AaABAg.AH4mQokYldBAHXELVIqFCD,UgwPYdiPZH4DWAeyHFJ4AaABAg,reply,1 month ago,Aamiin,@jhonathanmccartney9127,FALSE,0,0,FALSE,a2WXt0aW76g,https://www.youtube.com/watch?v=a2WXt0aW76g,3896,Kroni Prabowo dalam Proyek Makan Bergizi Gratis (MBG) |  Bocor Alus Politik
UgwPYdiPZH4DWAeyHFJ4AaABAg.AH4mQokYldBAH_TicCWmtg,UgwPYdiPZH4DWAeyHFJ4AaABAg,reply,1 month ago,"Para penikmat sembako gratis,.. Apakabar ekonomi kritis,.. Gas abis dengan Bahlil tersenyum cengingis,.. Banten digusur laut terkikis,.. Presiden tak mampu nangkis krena lawannya aguan komunis dan jokowi penjoki handal prabowo sang militeris,.. 

Kemenangan jokian yang miris,.. Tabrak hukum diem tak digubris,.. Lagak ngedramatis,.. Dengan pendukung buzzer sipaling nangis,.. Dengan slogan pilpres kejar koruptor sampai antartika,.. Pas jadi malah ngemis2,..

Pidato sipaling tni tegas abis,..  Dengan gagah  mengelagar membakar semangat  agar didata oleh para jurnalistis,..  Sebagai presiden yang Gokil abis,.. Seperti mau mengatakan,.. inilah presiden kalian yang ditunggu tunggu untuk makan gratis,.. Dengan modal pajak rakyat di sikat abis,.. 

Indonesia terang untuk para dinasti politis,.. Indonesia gelap untuk rakyat dompet tipis,..

Indnesia emas untuk para koruptor pejabat pembisnis,.. Indonesia cemas untu rakyat yang kena gusur tipis2,..

Weh,..




Weh",@Ilyasmustaqim,FALSE,0,0,FALSE,a2WXt0aW76g,https://www.youtube.com/watch?v=a2WXt0aW76g,3896,Kroni Prabowo dalam Proyek Makan Bergizi Gratis (MBG) |  Bocor Alus Politik
UgwPYdiPZH4DWAeyHFJ4AaABAg.AH4mQokYldBAHql1lyfM9k,UgwPYdiPZH4DWAeyHFJ4AaABAg,reply,1 month ago,Omon2 wungkul.,@AyiSupratman,FALSE,0,0,FALSE,a2WXt0aW76g,https://www.youtube.com/watch?v=a2WXt0aW76g,3896,Kroni Prabowo dalam Proyek Makan Bergizi Gratis (MBG) |  Bocor Alus Politik
Ugy537vZuN3Xl97Epdx4AaABAg,,comment,3 weeks ago,Maaf bapak presiden bapa bilang program MBG sudah dilaksanakan 90 % lebih kenapa nyatanya ditiap  kabupaten belum direalisasikan?,@sudiono5618,FALSE,0,0,FALSE,a2WXt0aW76g,https://www.youtube.com/watch?v=a2WXt0aW76g,3896,Kroni Prabowo dalam Proyek Makan Bergizi Gratis (MBG) |  Bocor Alus Politik
UgwREoy9bPIoEE_fMCt4AaABAg,,comment,4 weeks ago,Program korupsi berjamaah,@financeconsultant391,FALSE,0,1,FALSE,a2WXt0aW76g,https://www.youtube.com/watch?v=a2WXt0aW76g,3896,Kroni Prabowo dalam Proyek Makan Bergizi Gratis (MBG) |  Bocor Alus Politik
UgxL8ga3GKrOHVqeFwJ4AaABAg,,comment,4 weeks ago,"Semangat abang2 te
Mpo masa mendukung menyala terosssss😊😊😊",@LintangHaira-vz5bh,FALSE,0,0,FALSE,a2WXt0aW76g,https://www.youtube.com/watch?v=a2WXt0aW76g,3896,Kroni Prabowo dalam Proyek Makan Bergizi Gratis (MBG) |  Bocor Alus Politik
UgyjXBQgeiwtFcBlDWl4AaABAg,,comment,4 weeks ago,"Masih gak percaya yang teror jurnalis media tempo gak di tangkap😂😂😂, padahal mudah sekali nangkep pelaku teror itu... Sekelas kapolres saja bisa kalau niat😂 nangkep mah, Setidaknya tangkap lalu interogasi maksudnya apa tujuan nya apa & siapa dalang nya. Biar masyarakat tau!!!",@maz_khan89,FALSE,0,0,FALSE,a2WXt0aW76g,https://www.youtube.com/watch?v=a2WXt0aW76g,3896,Kroni Prabowo dalam Proyek Makan Bergizi Gratis (MBG) |  Bocor Alus Politik
UgwtpG7vdnKlnD2tRfV4AaABAg,,comment,4 weeks ago,Tempo ini memang keren ...,@syaidun3387,FALSE,0,0,FALSE,a2WXt0aW76g,https://www.youtube.com/watch?v=a2WXt0aW76g,3896,Kroni Prabowo dalam Proyek Makan Bergizi Gratis (MBG) |  Bocor Alus Politik
Ugykt7p67oK0EUTrNsl4AaABAg,,comment,4 weeks ago,"Coba bocor alus melakukan investigasi mbg ini ke bawah, ini program triliunan rawan dibuat bancakan",@Labib-z8h,FALSE,0,0,FALSE,a2WXt0aW76g,https://www.youtube.com/watch?v=a2WXt0aW76g,3896,Kroni Prabowo dalam Proyek Makan Bergizi Gratis (MBG) |  Bocor Alus Politik
UgzEKPylIyDs4IrBjD14AaABAg,,comment,4 weeks ago (edited),"Weleh2.. ini kalau memang dengan kurang dari 10rb saja sudah cukup memenuhi standar gizi dari BGN apakah ada masalah?

Kalau keracunan, bukankah sudah ada petugas SPPG di dapur yang melayani MBG?

Sangat disayangkan kalau responder dilayar kaca ngangguk2 saja menjadi penggiring opini...",@FirjunFM,FALSE,0,0,FALSE,a2WXt0aW76g,https://www.youtube.com/watch?v=a2WXt0aW76g,3896,Kroni Prabowo dalam Proyek Makan Bergizi Gratis (MBG) |  Bocor Alus Politik
UgzNduxNHu1xj865EGl4AaABAg,,comment,4 weeks ago,Bener emang...masak tapi nggak pernah mateng.,@imamsuimamsu4150,FALSE,0,0,FALSE,a2WXt0aW76g,https://www.youtube.com/watch?v=a2WXt0aW76g,3896,Kroni Prabowo dalam Proyek Makan Bergizi Gratis (MBG) |  Bocor Alus Politik
UgyA9VprN_rga_1MZwN4AaABAg,,comment,1 month ago,Kak..salam dari Sulawesi Tenggara. Kok makan bergizi untuk anak bayi umur 10bulan. Di kasi nasi kuning ikan cakalang goreng dan terlur goreng..kita kita gimana pendapat nya,@ngobrolsantailiterasi1053,FALSE,0,0,FALSE,a2WXt0aW76g,https://www.youtube.com/watch?v=a2WXt0aW76g,3896,Kroni Prabowo dalam Proyek Makan Bergizi Gratis (MBG) |  Bocor Alus Politik
UgwEBLsckyCmy3PMP814AaABAg,,comment,1 month ago,"Mudah di terka dari awal.... Siapa yg di untungkan, siapa yg di buatkan pekerjaan, walaupun semua itu tdk efektif dan sia sia.",@supriantodbu4394,FALSE,0,0,FALSE,a2WXt0aW76g,https://www.youtube.com/watch?v=a2WXt0aW76g,3896,Kroni Prabowo dalam Proyek Makan Bergizi Gratis (MBG) |  Bocor Alus Politik
UgyMQG8FlNieEoDdpAF4AaABAg,,comment,1 month ago,"Ini mah bukan makan bergizi gratis, tapi makan beracun gratis",@seobinnie0,FALSE,0,0,FALSE,a2WXt0aW76g,https://www.youtube.com/watch?v=a2WXt0aW76g,3896,Kroni Prabowo dalam Proyek Makan Bergizi Gratis (MBG) |  Bocor Alus Politik
UgwTwCcMRD4MUo_D8ut4AaABAg,,comment,1 month ago,Telurnya..bau./kedaluarsa😡😡,@LinLin-b4b,FALSE,0,0,FALSE,a2WXt0aW76g,https://www.youtube.com/watch?v=a2WXt0aW76g,3896,Kroni Prabowo dalam Proyek Makan Bergizi Gratis (MBG) |  Bocor Alus Politik
UgzHDAkECvVQ4IstLuN4AaABAg,,comment,1 month ago,"blng makanan bergizi, tapi buktix kami di halut, makananx ikan terii ,",@Malifut1234-f5e,FALSE,0,0,FALSE,a2WXt0aW76g,https://www.youtube.com/watch?v=a2WXt0aW76g,3896,Kroni Prabowo dalam Proyek Makan Bergizi Gratis (MBG) |  Bocor Alus Politik
UgyspuADKVnDpgxJOu54AaABAg,,comment,1 month ago,CUAN CUAN CUAN. DAPUR CUAN APBN TEKOR 1 HARI 1T 1 TAHUN SEKIAN T. CUAN CUAN CUAN MARI BIKIN YAYASAN MBG,@AshEcho-j6k,FALSE,0,0,FALSE,a2WXt0aW76g,https://www.youtube.com/watch?v=a2WXt0aW76g,3896,Kroni Prabowo dalam Proyek Makan Bergizi Gratis (MBG) |  Bocor Alus Politik
UgyMpyexX1QAa8OC_X94AaABAg,,comment,1 month ago (edited),Nepotisme di Indonesia sangat besar akibatnya profesional kurang berhasil,@nuniputu-gp5xe,FALSE,0,0,FALSE,a2WXt0aW76g,https://www.youtube.com/watch?v=a2WXt0aW76g,3896,Kroni Prabowo dalam Proyek Makan Bergizi Gratis (MBG) |  Bocor Alus Politik
UgzQ5wAcWVrJfa5cUEd4AaABAg,,comment,1 month ago,Antek George Soros,@AMVRUMORS,FALSE,0,1,FALSE,a2WXt0aW76g,https://www.youtube.com/watch?v=a2WXt0aW76g,3896,Kroni Prabowo dalam Proyek Makan Bergizi Gratis (MBG) |  Bocor Alus Politik
UgwqnK2X2_2vZdFs8TN4AaABAg,,comment,1 month ago,Mkn bergizi itu lahan korupsi,@AyiSupratman,FALSE,0,0,FALSE,a2WXt0aW76g,https://www.youtube.com/watch?v=a2WXt0aW76g,3896,Kroni Prabowo dalam Proyek Makan Bergizi Gratis (MBG) |  Bocor Alus Politik
UgwhHtZ37TZdNSmQcUB4AaABAg,,comment,1 month ago,Di tempatku rumah yg jadi dapur buat nyiapin makan gratis adalah rumah dari keluarga timses bupati pemenang pemilu dari partai Gerindra,@alphacentauri8901,FALSE,0,0,FALSE,a2WXt0aW76g,https://www.youtube.com/watch?v=a2WXt0aW76g,3896,Kroni Prabowo dalam Proyek Makan Bergizi Gratis (MBG) |  Bocor Alus Politik
UgyBe0OulohejZw86U54AaABAg,,comment,1 month ago,"Dari awal saya sudah menduga, pasti hal itu akan menjadi proyek orang2 prabowo",@liliherli3680,FALSE,0,0,FALSE,a2WXt0aW76g,https://www.youtube.com/watch?v=a2WXt0aW76g,3896,Kroni Prabowo dalam Proyek Makan Bergizi Gratis (MBG) |  Bocor Alus Politik
UgxtON3jyDqhOlLaRSN4AaABAg,,comment,1 month ago,saya dari awal proyek mbg ini banyak mengalir dan bocor dimana mana,@rusdianto9233,FALSE,0,0,FALSE,a2WXt0aW76g,https://www.youtube.com/watch?v=a2WXt0aW76g,3896,Kroni Prabowo dalam Proyek Makan Bergizi Gratis (MBG) |  Bocor Alus Politik
UgxZw2uIDaIIM_O7O-N4AaABAg,,comment,1 month ago,"di daerah saya makan gizi gratis nya ayam suir,buahan ada yg tidak layak konsumsi(busuk), memang proyek gratis tanpa usaha banyak. nasi saja kayak masakan nasi warung emperan ,sayuran nya pun gitu...gila benar proyek ini, ayam suir pun tidak nyampe potongan yg besar...duh kasihan anak anak di tipu proyek ini,dan lebih miris nya bnyak anak gak mau makan krna tidak sesuai namanya makan gizi, dan ya makanan itu yg di malan cuma di kumpulin buat jadi makanan ternak/peliharaan..🤔🤔☺️😔😔🙃",@intipceleb8308,FALSE,0,0,FALSE,a2WXt0aW76g,https://www.youtube.com/watch?v=a2WXt0aW76g,3896,Kroni Prabowo dalam Proyek Makan Bergizi Gratis (MBG) |  Bocor Alus Politik
UgyopglhSIZBIpZVN1p4AaABAg,,comment,1 month ago,Bongkar ja bang,@TaufikHidayat-st3ly,FALSE,0,0,FALSE,a2WXt0aW76g,https://www.youtube.com/watch?v=a2WXt0aW76g,3896,Kroni Prabowo dalam Proyek Makan Bergizi Gratis (MBG) |  Bocor Alus Politik
Ugxc_8sFIjqIRtESQy94AaABAg,,comment,1 month ago,Jangan2 media tempe sudah mengajukan proposal ke Prabowo .......tetapi ditolak 😫,@koostadisoorjo8066,FALSE,0,0,FALSE,a2WXt0aW76g,https://www.youtube.com/watch?v=a2WXt0aW76g,3896,Kroni Prabowo dalam Proyek Makan Bergizi Gratis (MBG) |  Bocor Alus Politik
UgxMzr5F_hKwE2GWPZl4AaABAg,,comment,1 month ago,"Program makan bergizi apa di jlnkan di seluru wilaya indonesia ataukah di daerah"" / wilaya"" tertentu ? klu memang merata di semua wilaya ko tidak terasa .. !!!",@baltasartasar5346,FALSE,0,0,FALSE,a2WXt0aW76g,https://www.youtube.com/watch?v=a2WXt0aW76g,3896,Kroni Prabowo dalam Proyek Makan Bergizi Gratis (MBG) |  Bocor Alus Politik
Ugzi51zNQJSYma0eZxR4AaABAg,,comment,1 month ago,Kolusi Korupsi Nepotisme itu sangat wajar kok di NKRI tercinta.🤩🤩🤩,@Ofrie1,FALSE,0,0,FALSE,a2WXt0aW76g,https://www.youtube.com/watch?v=a2WXt0aW76g,3896,Kroni Prabowo dalam Proyek Makan Bergizi Gratis (MBG) |  Bocor Alus Politik
Ugy51kUXD_I9oknfnJ14AaABAg,,comment,1 month ago,"Gak salah lagi ntuh mah !
M akanan berlimpah
B ikin cuan bertambah
G ibran jadi srumingah",@YuriGagarin-n8f,FALSE,0,0,FALSE,a2WXt0aW76g,https://www.youtube.com/watch?v=a2WXt0aW76g,3896,Kroni Prabowo dalam Proyek Makan Bergizi Gratis (MBG) |  Bocor Alus Politik
UgxZHVsw0rNC-CXM4m14AaABAg,,comment,1 month ago,Masasakannya...Muantaffff...!! Kereeee abizzz...!!,@asepcevy4530,FALSE,0,0,FALSE,a2WXt0aW76g,https://www.youtube.com/watch?v=a2WXt0aW76g,3896,Kroni Prabowo dalam Proyek Makan Bergizi Gratis (MBG) |  Bocor Alus Politik
UgzvoQaqqUaqTFYKb8B4AaABAg,,comment,1 month ago,"Penerapan makan gratis seperti di Jepang adalah cara yang efisien dan efektif untuk menghemat subsidi anggaran negara dan menutup celah KKN bahkan memastikan kualitas makanan yang lebih bisa dipertanggung jawabkan. 

Mohon para pakar, praktisi, maupun guru besar manajemen dan ekonomi memberi masukan ke pemerintah.

Terima kasih Tempo.",@planningengineer7459,FALSE,0,0,FALSE,a2WXt0aW76g,https://www.youtube.com/watch?v=a2WXt0aW76g,3896,Kroni Prabowo dalam Proyek Makan Bergizi Gratis (MBG) |  Bocor Alus Politik
Ugyft4ruoihrs0L9i3x4AaABAg,,comment,1 month ago,Mbg hanya untuk yg sekolah negri atau suasta juga?,@cimungpretty1892,FALSE,0,0,FALSE,a2WXt0aW76g,https://www.youtube.com/watch?v=a2WXt0aW76g,3896,Kroni Prabowo dalam Proyek Makan Bergizi Gratis (MBG) |  Bocor Alus Politik
Ugz9TsxrMfpx51MN3mp4AaABAg,,comment,1 month ago,kalo partai yg berkuasa itu partai banteng. apakah tempodotco dan bocorhalus akan tetap mengkritik pemerintah?😂,@ilmanarif8952,FALSE,0,0,FALSE,a2WXt0aW76g,https://www.youtube.com/watch?v=a2WXt0aW76g,3896,Kroni Prabowo dalam Proyek Makan Bergizi Gratis (MBG) |  Bocor Alus Politik
UgzhEMANjtn7tjfQ8xh4AaABAg,,comment,1 month ago,"Tempe sudah mengajukan proposal belum ?
Jawabnya bisa dilihat dari hasil diskusi ini........
Kalau proposal tempo di acc .........hasilnya puja puji",@koostadisoorjo8066,FALSE,0,0,FALSE,a2WXt0aW76g,https://www.youtube.com/watch?v=a2WXt0aW76g,3896,Kroni Prabowo dalam Proyek Makan Bergizi Gratis (MBG) |  Bocor Alus Politik
UgxxE0hR-JQnEMUAIRh4AaABAg,,comment,1 month ago,Ladang korupsi baru,@lestari_abadi3486,FALSE,0,0,FALSE,a2WXt0aW76g,https://www.youtube.com/watch?v=a2WXt0aW76g,3896,Kroni Prabowo dalam Proyek Makan Bergizi Gratis (MBG) |  Bocor Alus Politik
UgxLcvlKrfE39OXgAO94AaABAg,,comment,1 month ago,Apa hubungannya dg anaknya sekolah masak dan pamer masak ya,@chatarinatiny2083,FALSE,0,0,FALSE,a2WXt0aW76g,https://www.youtube.com/watch?v=a2WXt0aW76g,3896,Kroni Prabowo dalam Proyek Makan Bergizi Gratis (MBG) |  Bocor Alus Politik
Ugx0KMXJGOmbLFWfoXF4AaABAg,,comment,1 month ago,"tempodotco, memang kren",@AntakonLK,FALSE,0,0,FALSE,a2WXt0aW76g,https://www.youtube.com/watch?v=a2WXt0aW76g,3896,Kroni Prabowo dalam Proyek Makan Bergizi Gratis (MBG) |  Bocor Alus Politik
UgySW17ApLFWL-KpX_F4AaABAg,,comment,1 month ago,"Untung ada tempo,jadi masak tiap hari, awas keracunan!!!
NKRI sangat membutuhkan tempo agar publik memahami.
🇲🇨👍😇🌷👏",@maksimabetaubun8174,FALSE,0,0,FALSE,a2WXt0aW76g,https://www.youtube.com/watch?v=a2WXt0aW76g,3896,Kroni Prabowo dalam Proyek Makan Bergizi Gratis (MBG) |  Bocor Alus Politik
UgyTw1o6BOxEPLiLd3B4AaABAg,,comment,1 month ago,Oooo...trnyt gituuuu,@jazzbass6542,FALSE,0,0,FALSE,a2WXt0aW76g,https://www.youtube.com/watch?v=a2WXt0aW76g,3896,Kroni Prabowo dalam Proyek Makan Bergizi Gratis (MBG) |  Bocor Alus Politik
UgxT8WGkhoixvbj2Pfl4AaABAg,,comment,1 month ago,Tempo aya tempo euweuh.... 😂,@ReyNanda-i4z,FALSE,0,0,FALSE,a2WXt0aW76g,https://www.youtube.com/watch?v=a2WXt0aW76g,3896,Kroni Prabowo dalam Proyek Makan Bergizi Gratis (MBG) |  Bocor Alus Politik
UgxrwxISBX_lhhVDaql4AaABAg,,comment,1 month ago,"Saya senang banget talkshow ini.. Masyarakat jadi lebih cerdas
Klo mmng ada bukti yang cukup kenapa tdk segera d lapor kan ke aparat 
Misalnya laporan tersebut tdk ada tindakan. Baru d ungkapan d bocor aluuss",@Iwann342,FALSE,0,0,FALSE,a2WXt0aW76g,https://www.youtube.com/watch?v=a2WXt0aW76g,3896,Kroni Prabowo dalam Proyek Makan Bergizi Gratis (MBG) |  Bocor Alus Politik
Ugx3V6SRB-1VqK2KUAl4AaABAg,,comment,1 month ago,"MBG......70 T , buat sekolah gratis /UKT  PT  murah. BAGUS kayaknya.",@susmintosusminto-uh7lk,FALSE,0,0,FALSE,a2WXt0aW76g,https://www.youtube.com/watch?v=a2WXt0aW76g,3896,Kroni Prabowo dalam Proyek Makan Bergizi Gratis (MBG) |  Bocor Alus Politik
UgxgAcWhQKlb6kgSb_N4AaABAg,,comment,1 month ago (edited),"Setiap program kerja itu pasti ada sisi positif dan negatif nya, siapa pun meskipun anies atau ganjar setiap program yg mereka kerjakan pasti ada positif dan negatif nya, kenapa hanya program prabowo yg di cari"" positif dan negatif nya? Ya, karena dia presiden! maka dari itu setiap program kerja harus dikawal betul agar mempersempit peluang terjadinya sisi negatif itu dan memperbesar peluang terjadi sisi positif itu",@hahahihi518,FALSE,0,0,FALSE,a2WXt0aW76g,https://www.youtube.com/watch?v=a2WXt0aW76g,3896,Kroni Prabowo dalam Proyek Makan Bergizi Gratis (MBG) |  Bocor Alus Politik
UgzmbKt6idrZXm_xdHF4AaABAg,,comment,1 month ago,Ternyata Proyek Bergusi Gratis...bagi2 rizky buat KONCO KONCO dgn cara bagi2 proyek dgn YAYASAN....,@johannesleonard,FALSE,0,0,FALSE,a2WXt0aW76g,https://www.youtube.com/watch?v=a2WXt0aW76g,3896,Kroni Prabowo dalam Proyek Makan Bergizi Gratis (MBG) |  Bocor Alus Politik
UgwPqgTooZEokOuLy7Z4AaABAg,,comment,1 month ago (edited),yang saya tahu...MBG ini sifatnya bantuan pemerintah...bukan tender...dan ini bukan oleh PT atau CV... jadi oleh yayasan.... dan mitra dapat pendapatan dari sewa dapur dan fasilitas masak...,@SatriaChannel_08,FALSE,0,0,FALSE,a2WXt0aW76g,https://www.youtube.com/watch?v=a2WXt0aW76g,3896,Kroni Prabowo dalam Proyek Makan Bergizi Gratis (MBG) |  Bocor Alus Politik
UgyHGzsMHLqYHYid44F4AaABAg,,comment,1 month ago,"minimwl katering 

maksimal menteri",@muchlismochamad,FALSE,0,0,FALSE,a2WXt0aW76g,https://www.youtube.com/watch?v=a2WXt0aW76g,3896,Kroni Prabowo dalam Proyek Makan Bergizi Gratis (MBG) |  Bocor Alus Politik
Ugyj8qOUV22I9kBPjH54AaABAg,,comment,1 month ago,Pastilah.....yg bangun dapur umumnya kontraktor besar....,@HermantoWijaya-g3x,FALSE,0,0,FALSE,a2WXt0aW76g,https://www.youtube.com/watch?v=a2WXt0aW76g,3896,Kroni Prabowo dalam Proyek Makan Bergizi Gratis (MBG) |  Bocor Alus Politik
UgyTFIJcMNjrJoMWpsh4AaABAg,,comment,1 month ago,"Bikin kementerian baru, tapi masih pake yayasan, karena jadi tameng itu yayasan, klo salah ya nanti salah yayasannya, sudah niat buruk dari awal, Makan Bancakan Gratis 😂",@d43v11,FALSE,0,0,FALSE,a2WXt0aW76g,https://www.youtube.com/watch?v=a2WXt0aW76g,3896,Kroni Prabowo dalam Proyek Makan Bergizi Gratis (MBG) |  Bocor Alus Politik
UgyM_uYKzgsFtYfgm6J4AaABAg,,comment,1 month ago,"Tempo  oh tempo.... Mau masak apa hr ini hahaha. Goreng apa hari i.   Ukan kritis...tp nyinyir.
Disindir kok ga paham🤣🤣",@mohdjadjuli3139,FALSE,0,0,FALSE,a2WXt0aW76g,https://www.youtube.com/watch?v=a2WXt0aW76g,3896,Kroni Prabowo dalam Proyek Makan Bergizi Gratis (MBG) |  Bocor Alus Politik
UgynhJDr9hBTqzvUMNR4AaABAg,,comment,1 month ago,Di Pekalongan anak saya smpe sekarang blm dpt mkn gratis parah,@TonoSyaputra-w8i,FALSE,0,0,FALSE,a2WXt0aW76g,https://www.youtube.com/watch?v=a2WXt0aW76g,3896,Kroni Prabowo dalam Proyek Makan Bergizi Gratis (MBG) |  Bocor Alus Politik
UgxM_Ir0dfYejk4c7YF4AaABAg,,comment,1 month ago,"Bocor Alus ... Seperti oksigen
Lembut & menyegarkan ❤",@larnondeso9505,FALSE,0,0,FALSE,a2WXt0aW76g,https://www.youtube.com/watch?v=a2WXt0aW76g,3896,Kroni Prabowo dalam Proyek Makan Bergizi Gratis (MBG) |  Bocor Alus Politik
UgyJvZua7hpGA46UJ0p4AaABAg,,comment,1 month ago,"Saya pribadi bersyukur masih ada Media yang independen, dan mencerdaskan bangsa, Tempo adalah media paling terbaik di Indonesia......",@todeng2025,FALSE,0,0,FALSE,a2WXt0aW76g,https://www.youtube.com/watch?v=a2WXt0aW76g,3896,Kroni Prabowo dalam Proyek Makan Bergizi Gratis (MBG) |  Bocor Alus Politik
Ugz9QSRqZJEYtrb6qf94AaABAg,,comment,1 month ago,"letkol yg kekar botak dan Raffi ahmad punya usaha nasi Padang lho.
cuma ngasih tau aja🤭
mana tau mau beli",@PetraRiandra,FALSE,0,0,FALSE,a2WXt0aW76g,https://www.youtube.com/watch?v=a2WXt0aW76g,3896,Kroni Prabowo dalam Proyek Makan Bergizi Gratis (MBG) |  Bocor Alus Politik
Ugw26tTcABvMPa8Fczp4AaABAg,,comment,1 month ago,Dana bos saja..banyak yg bocor. Apalagi mbg. banyak Pejabat cuma mikirin perutnya sendiri. Seperti itulah adanya.😂,@EdiSupriyatno-nk3je,FALSE,0,0,FALSE,a2WXt0aW76g,https://www.youtube.com/watch?v=a2WXt0aW76g,3896,Kroni Prabowo dalam Proyek Makan Bergizi Gratis (MBG) |  Bocor Alus Politik
Ugze_BrGqOLd3okq8Np4AaABAg,,comment,1 month ago,Bukan pemfitnah hanya jokopratikno saja yang tidak punya etika dan moralitas didalam kehidupan berbangsa dan bernegara dengan melegalisasi segala cara demi kekuasaan dan kekayaan,@asriwiratmaja1717,FALSE,0,0,FALSE,a2WXt0aW76g,https://www.youtube.com/watch?v=a2WXt0aW76g,3896,Kroni Prabowo dalam Proyek Makan Bergizi Gratis (MBG) |  Bocor Alus Politik
Ugw-SPpULTOTsggmDul4AaABAg,,comment,1 month ago,"bocor alus  klo masak  kelihatannya  bergizi  tp  klo di makan bikin tubuh berubah menjadi domba yg sangat alus,",@ZainPandi,FALSE,0,0,FALSE,a2WXt0aW76g,https://www.youtube.com/watch?v=a2WXt0aW76g,3896,Kroni Prabowo dalam Proyek Makan Bergizi Gratis (MBG) |  Bocor Alus Politik
UgxLsZNUdc-iO9hJzYV4AaABAg,,comment,1 month ago (edited),"Para penikmat sembako gratis,.. Apakabar ekonomi kritis,.. Gas habis dengan Bahlil tersenyum cengingis,.. Banten digusur laut terkikis,.. Presiden tak mampu nangkis krena lawannya aguan komunis dan jokowi penjoki handal prabowo sang militeris,.. 

Kemenangan jokian yang miris,.. Tabrak hukum diem tak digubris,.. Lagak ngedramatis,.. Dengan pendukung buzzer sipaling nangis,.. Dengan slogan pilpres kejar koruptor sampai antartika,.. Pas jadi malah ngemis2,..

Pidato sipaling tni tegas abis,..  Dengan gagah  mengelagar membakar semangat  agar didata oleh para jurnalistis,..  Sebagai presiden yang Gokil abis,.. Seperti mau mengatakan,.. inilah presiden kalian yang ditunggu tunggu untuk makan gratis,.. Dengan modal pajak rakyat di sikat abis,.. 

Indonesia terang untuk para dinasti politis,.. Indonesia gelap untuk rakyat dompet tipis,..

Indnesia emas untuk para koruptor pejabat pembisnis,.. Indonesia cemas untu rakyat yang kena gusur tipis2,..

Weh,..




Weh",@Ilyasmustaqim,FALSE,0,0,FALSE,a2WXt0aW76g,https://www.youtube.com/watch?v=a2WXt0aW76g,3896,Kroni Prabowo dalam Proyek Makan Bergizi Gratis (MBG) |  Bocor Alus Politik
UgwCPfDoVpdqWWh-0kF4AaABAg,,comment,1 month ago,Orang awampun mengerti MBG itu riskan korupsi tdk mungkin pengelola kerja bakti pasti cari duit,@sudiono5618,FALSE,0,0,FALSE,a2WXt0aW76g,https://www.youtube.com/watch?v=a2WXt0aW76g,3896,Kroni Prabowo dalam Proyek Makan Bergizi Gratis (MBG) |  Bocor Alus Politik
UgzBq6njUJyGa1TRifV4AaABAg,,comment,1 month ago,Gibran dan Jokowi pun dg diam2 mengumpulkan data utk menyandera sang gemoy dkk di masa depan.😂😂😂,@arys9300,FALSE,0,0,FALSE,a2WXt0aW76g,https://www.youtube.com/watch?v=a2WXt0aW76g,3896,Kroni Prabowo dalam Proyek Makan Bergizi Gratis (MBG) |  Bocor Alus Politik
UgyU2nzWpmq5oYsHFkR4AaABAg,,comment,1 month ago,"Kalau aparat jujur, mungkin saat ini Mlyn sudah di jeruji",@ridwanhimawanmpp,FALSE,0,1,FALSE,a2WXt0aW76g,https://www.youtube.com/watch?v=a2WXt0aW76g,3896,Kroni Prabowo dalam Proyek Makan Bergizi Gratis (MBG) |  Bocor Alus Politik
UgzHfvC87rKgDnGQnHh4AaABAg,,comment,1 month ago,Apa sih kriteria sekolah yg dapat proyek MBG ?,@khaeronirony3750,FALSE,0,0,FALSE,a2WXt0aW76g,https://www.youtube.com/watch?v=a2WXt0aW76g,3896,Kroni Prabowo dalam Proyek Makan Bergizi Gratis (MBG) |  Bocor Alus Politik
UgysEcg_0UHxH1MTMql4AaABAg,,comment,1 month ago,MBG saya kira Mall Bali Galery🤣,@mstr87,FALSE,0,0,FALSE,a2WXt0aW76g,https://www.youtube.com/watch?v=a2WXt0aW76g,3896,Kroni Prabowo dalam Proyek Makan Bergizi Gratis (MBG) |  Bocor Alus Politik
UgyKjG9lRopX4pUQvqt4AaABAg,,comment,1 month ago,Jing,@sukrialvaro5966,FALSE,0,0,FALSE,a2WXt0aW76g,https://www.youtube.com/watch?v=a2WXt0aW76g,3896,Kroni Prabowo dalam Proyek Makan Bergizi Gratis (MBG) |  Bocor Alus Politik
UgzEW9xWqetFJkw0j494AaABAg,,comment,1 month ago,Ini kan membuka lapangan kerja kok di permasalahkan,@liputanlombok4282,FALSE,0,0,FALSE,a2WXt0aW76g,https://www.youtube.com/watch?v=a2WXt0aW76g,3896,Kroni Prabowo dalam Proyek Makan Bergizi Gratis (MBG) |  Bocor Alus Politik
Ugw14fKGy4UuZ0KZT854AaABAg,,comment,1 month ago,senyum2 mas pram kalo mau melontarkan pertanyaan bener2 keliatan bgt sarkasnya😂,@nowaycu,FALSE,0,0,FALSE,a2WXt0aW76g,https://www.youtube.com/watch?v=a2WXt0aW76g,3896,Kroni Prabowo dalam Proyek Makan Bergizi Gratis (MBG) |  Bocor Alus Politik
Ugxm69J83Ck2AAybszJ4AaABAg,,comment,1 month ago,jw,@pabottube3405,FALSE,0,0,FALSE,a2WXt0aW76g,https://www.youtube.com/watch?v=a2WXt0aW76g,3896,Kroni Prabowo dalam Proyek Makan Bergizi Gratis (MBG) |  Bocor Alus Politik
UgxvNv5WQV6tIYflGZR4AaABAg,,comment,1 month ago,Pagar laut aja mandek. Rezim bobrok,@hendriwijaya5421,FALSE,0,0,FALSE,a2WXt0aW76g,https://www.youtube.com/watch?v=a2WXt0aW76g,3896,Kroni Prabowo dalam Proyek Makan Bergizi Gratis (MBG) |  Bocor Alus Politik
UgxYeUr5-KjBx-J7Qad4AaABAg,,comment,1 month ago,"MEDIA LAMBE TURAH 
MEDIA NYINYIR 
😏",@lampungBE,FALSE,2,0,FALSE,a2WXt0aW76g,https://www.youtube.com/watch?v=a2WXt0aW76g,3896,Kroni Prabowo dalam Proyek Makan Bergizi Gratis (MBG) |  Bocor Alus Politik
UgyeSPt8ehUoUJ-G9nx4AaABAg,,comment,1 month ago,Era 1998 yok kita satukan era tersebut lembali lagi,@afirmasiistimewachannelku1747,FALSE,0,0,FALSE,a2WXt0aW76g,https://www.youtube.com/watch?v=a2WXt0aW76g,3896,Kroni Prabowo dalam Proyek Makan Bergizi Gratis (MBG) |  Bocor Alus Politik
Ugxq2kNF3UyTGy8fXyR4AaABAg,,comment,1 month ago,Bg bahas ijazah yg lg kisruh...soalnya masyarakat ingin kebenaran yg adil...,@syafaruddinsiregar6768,FALSE,0,0,FALSE,a2WXt0aW76g,https://www.youtube.com/watch?v=a2WXt0aW76g,3896,Kroni Prabowo dalam Proyek Makan Bergizi Gratis (MBG) |  Bocor Alus Politik
UgzIWKox_iroyMCdLu14AaABAg,,comment,1 month ago,Beneeeer PROYEK bukan program😂😂. Tempo enak didenger dan perlu.,@kartijanalghifari7599,FALSE,0,0,FALSE,a2WXt0aW76g,https://www.youtube.com/watch?v=a2WXt0aW76g,3896,Kroni Prabowo dalam Proyek Makan Bergizi Gratis (MBG) |  Bocor Alus Politik
Ugyp8onxj4jaRItJv9N4AaABAg,,comment,1 month ago,"Dari awal progam makan siang gratis,bakalan jadi ajang bisnis,juga korupsi,dan akan susah tepat sasaran,karena klu mau semua anak yg harus dapat,gak bakalan ada dana nya,mending ciptakan lapangan kerja,biar para orang tua bisa dapet penghasilan.",@yuyunarumsari5756,FALSE,0,0,FALSE,a2WXt0aW76g,https://www.youtube.com/watch?v=a2WXt0aW76g,3896,Kroni Prabowo dalam Proyek Makan Bergizi Gratis (MBG) |  Bocor Alus Politik
Ugx4xKpUPoUdOQ6ONBZ4AaABAg,,comment,1 month ago,"PROYEK BAGI BAGI CUAN... SANGAT TIDAK BERMANFAAT,, JIKA PEMERINTAH MEMANG SERIUS DALAM PROGRAM INI,, CUKUP KASIH UANG 150 RIBU PERHARI KE ORANG TUA MURID,  LALU SI IBU MEMASAK DI RUMAH NYA SENDIRI UNTUK ANAK ANAK NYA,, DAN DI AWASI OLEH PIHAK SEKOLAH..... SAYA PIKIR ITU LEBIH TEPAT SASARAN DAN TIDAK ADA CELAH UNTUK PARA TIKUS TIKUS GOT",@jhonathanmccartney9127,FALSE,0,0,FALSE,a2WXt0aW76g,https://www.youtube.com/watch?v=a2WXt0aW76g,3896,Kroni Prabowo dalam Proyek Makan Bergizi Gratis (MBG) |  Bocor Alus Politik
Ugyxozj1DnNWCJH24L94AaABAg,,comment,1 month ago,partai demonstrasi indonesia,@A60N9,FALSE,0,0,FALSE,a2WXt0aW76g,https://www.youtube.com/watch?v=a2WXt0aW76g,3896,Kroni Prabowo dalam Proyek Makan Bergizi Gratis (MBG) |  Bocor Alus Politik
UgwyhrOSKppbDXzleYJ4AaABAg,,comment,1 month ago,ada nda sih sekelas TV nasioanal yg seberani tempo memuat berita..? untuk liput demo yg krtik pemerintah nda berani..,@arfan0793,FALSE,0,0,FALSE,a2WXt0aW76g,https://www.youtube.com/watch?v=a2WXt0aW76g,3896,Kroni Prabowo dalam Proyek Makan Bergizi Gratis (MBG) |  Bocor Alus Politik
Ugw9FJuAgJgnnxje5XJ4AaABAg,,comment,1 month ago,Negara ini miskin krna Uang nya di pakek Prabowo Subianto buat mempersenjatai negara² arab,@DavidAmo-u7x,FALSE,0,0,FALSE,a2WXt0aW76g,https://www.youtube.com/watch?v=a2WXt0aW76g,3896,Kroni Prabowo dalam Proyek Makan Bergizi Gratis (MBG) |  Bocor Alus Politik
Ugx_45F0OWs5mgCo36x4AaABAg,,comment,1 month ago,Kalau ada kompetisi korupsi tingkat dunia insyaallah Indonesia pasti juara 1 dan juara umum nya 😢,@hermance1838,FALSE,0,0,FALSE,a2WXt0aW76g,https://www.youtube.com/watch?v=a2WXt0aW76g,3896,Kroni Prabowo dalam Proyek Makan Bergizi Gratis (MBG) |  Bocor Alus Politik
Ugzvik5FUrQrZTht0vl4AaABAg,,comment,1 month ago,"Yg heran, ada yg bilang bodoh pada profesor pengkritik.. 
Padahal dia yang bodoh
Biasa kroni raja konoha",@bahasadankognisi8480,FALSE,0,0,FALSE,a2WXt0aW76g,https://www.youtube.com/watch?v=a2WXt0aW76g,3896,Kroni Prabowo dalam Proyek Makan Bergizi Gratis (MBG) |  Bocor Alus Politik
Ugz7Wfa4MrKYu36mBdB4AaABAg,,comment,1 month ago,Sekolah anak saya sampe sekarang belum terealisasi kok...parah!!!,@didierdrogba-j8d,FALSE,0,0,FALSE,a2WXt0aW76g,https://www.youtube.com/watch?v=a2WXt0aW76g,3896,Kroni Prabowo dalam Proyek Makan Bergizi Gratis (MBG) |  Bocor Alus Politik
UgxAvLZtoKDz6GGTeul4AaABAg,,comment,1 month ago,"Rezeki hari ini bikin aku makin optimis, cuma di alexis17",@ChristinaMccormick-h6x,FALSE,0,0,FALSE,a2WXt0aW76g,https://www.youtube.com/watch?v=a2WXt0aW76g,3896,Kroni Prabowo dalam Proyek Makan Bergizi Gratis (MBG) |  Bocor Alus Politik
UgyiTR3gs6_bewiqhy94AaABAg,,comment,1 month ago,"Makanan yg sdh dipotong harganya di sana sini dan berulat serta bahan2 yg sdh tak layak. Pantaskah disebut makanan bergizi. Apakah spt itumakanan bergizi anak indonesia. Belum yg mengolah makanan tersebut tak dibayar... Kalau begini bawahan kacau, pemimpinnya pasti kacau",@wandysusilochandra1025,FALSE,0,0,FALSE,a2WXt0aW76g,https://www.youtube.com/watch?v=a2WXt0aW76g,3896,Kroni Prabowo dalam Proyek Makan Bergizi Gratis (MBG) |  Bocor Alus Politik
UgzY_-_wXBzu7T-uGF94AaABAg,,comment,1 month ago,sipaling ADA Di mana2 cok alexis17 hduh,@VictoriaCochran-z9x,FALSE,0,0,FALSE,a2WXt0aW76g,https://www.youtube.com/watch?v=a2WXt0aW76g,3896,Kroni Prabowo dalam Proyek Makan Bergizi Gratis (MBG) |  Bocor Alus Politik
UgwKL-7_yLfI-5Zd_sd4AaABAg,,comment,1 month ago,"terimakasih selalu upload bg, walaupun masih sibukΛ L E X I S 1 7,",@JeffPope-u6f,FALSE,0,0,FALSE,a2WXt0aW76g,https://www.youtube.com/watch?v=a2WXt0aW76g,3896,Kroni Prabowo dalam Proyek Makan Bergizi Gratis (MBG) |  Bocor Alus Politik
UgxYeUr5-KjBx-J7Qad4AaABAg.AHYrWCKlT0NAHZENGH-DJ8,UgxYeUr5-KjBx-J7Qad4AaABAg,reply,1 month ago,😂kok panas?,@nowaycu,FALSE,0,0,FALSE,a2WXt0aW76g,https://www.youtube.com/watch?v=a2WXt0aW76g,3896,Kroni Prabowo dalam Proyek Makan Bergizi Gratis (MBG) |  Bocor Alus Politik
UgxYeUr5-KjBx-J7Qad4AaABAg.AHYrWCKlT0NAHaAlQTLRsN,UgxYeUr5-KjBx-J7Qad4AaABAg,reply,1 month ago,"@nowaycu  lah emang iya ini media nyiyir,media yg gak di ajak masuk ke dalam istana,media antek asing 😂",@lampungBE,FALSE,0,0,FALSE,a2WXt0aW76g,https://www.youtube.com/watch?v=a2WXt0aW76g,3896,Kroni Prabowo dalam Proyek Makan Bergizi Gratis (MBG) |  Bocor Alus Politik
UgxDDUuXoV7zQCdBC7J4AaABAg,,comment,1 month ago,coba deh sekali alexis17 dijamin makmur wkwk,@AlanHudson-s4t,FALSE,0,0,FALSE,a2WXt0aW76g,https://www.youtube.com/watch?v=a2WXt0aW76g,3896,Kroni Prabowo dalam Proyek Makan Bergizi Gratis (MBG) |  Bocor Alus Politik
UgyLOFJfQAEVqkvkrll4AaABAg,,comment,1 month ago,"Salut, ⭐ A L E X I S 1 7 ⭐! selalu on time!",@JuliaRodriguez-i5g,FALSE,0,0,FALSE,a2WXt0aW76g,https://www.youtube.com/watch?v=a2WXt0aW76g,3896,Kroni Prabowo dalam Proyek Makan Bergizi Gratis (MBG) |  Bocor Alus Politik
UgwmH4R7_hxqKA4zq5p4AaABAg,,comment,1 month ago,"Salut, ⭐ A L E X I S 1 7 ⭐! selalu on time!",@TinaSmith-i9x,FALSE,0,0,FALSE,a2WXt0aW76g,https://www.youtube.com/watch?v=a2WXt0aW76g,3896,Kroni Prabowo dalam Proyek Makan Bergizi Gratis (MBG) |  Bocor Alus Politik
UgxmD8bIYd_tdvaY34l4AaABAg,,comment,1 month ago,MBG... Manipulasi Bersama Grup,@irwanpakpahan1975,FALSE,0,0,FALSE,a2WXt0aW76g,https://www.youtube.com/watch?v=a2WXt0aW76g,3896,Kroni Prabowo dalam Proyek Makan Bergizi Gratis (MBG) |  Bocor Alus Politik
UgwVd2zxYgyZq3o96nx4AaABAg,,comment,1 month ago,Halah ngemeng tanpa bukti lu,@yudhirehatta5313,FALSE,0,0,FALSE,a2WXt0aW76g,https://www.youtube.com/watch?v=a2WXt0aW76g,3896,Kroni Prabowo dalam Proyek Makan Bergizi Gratis (MBG) |  Bocor Alus Politik
Ugx4MwEt37RrIFp3pMB4AaABAg,,comment,1 month ago,"Dah gue bilang jutaan kali!! Tu Proyek Dadakan Urgen, Dajjal Korup, Setan Ngemplang!! Mmg didesain utk di KORUP DAJJAL2AN, setan2an, edan2an, gila2an, ancur2an!!! Modus Korup sudah dimulai!!! Boss2 mafioso dah nagih harus disetor !!!",@dennisaints,FALSE,0,0,FALSE,a2WXt0aW76g,https://www.youtube.com/watch?v=a2WXt0aW76g,3896,Kroni Prabowo dalam Proyek Makan Bergizi Gratis (MBG) |  Bocor Alus Politik
UgyZRihE5625nxGetEd4AaABAg,,comment,1 month ago,muloyono 3 priode 🥳,@dananghadsaofficial3437,FALSE,0,0,FALSE,a2WXt0aW76g,https://www.youtube.com/watch?v=a2WXt0aW76g,3896,Kroni Prabowo dalam Proyek Makan Bergizi Gratis (MBG) |  Bocor Alus Politik
Ugx7FmthkzeC88Vpb4B4AaABAg,,comment,1 month ago,"Investigator tempo: topssss. Jaga stamina dan konsistensimu, anak muda. GBU❤",@wiwiekharwiki9923,FALSE,0,0,FALSE,a2WXt0aW76g,https://www.youtube.com/watch?v=a2WXt0aW76g,3896,Kroni Prabowo dalam Proyek Makan Bergizi Gratis (MBG) |  Bocor Alus Politik
UgxvzY561wBHgChFuVt4AaABAg,,comment,1 month ago,"Ternyata bukan sekadar rumor, ⭐ A L E X I S 1 7 ⭐ emang beneran bagus.",@JasonJones-s2i,FALSE,0,0,FALSE,a2WXt0aW76g,https://www.youtube.com/watch?v=a2WXt0aW76g,3896,Kroni Prabowo dalam Proyek Makan Bergizi Gratis (MBG) |  Bocor Alus Politik
UgykQJz8GPmDCDXJRMx4AaABAg,,comment,1 month ago,Proyek mbg lebih kacau lebih baik baru ada kesempatan balik modal atau dikoripsi,@Soegianto-b5q,FALSE,0,0,FALSE,a2WXt0aW76g,https://www.youtube.com/watch?v=a2WXt0aW76g,3896,Kroni Prabowo dalam Proyek Makan Bergizi Gratis (MBG) |  Bocor Alus Politik
Ugyt5_ByrlbpRmolduR4AaABAg,,comment,1 month ago,Hala gak merata,@casperklan,FALSE,0,0,FALSE,a2WXt0aW76g,https://www.youtube.com/watch?v=a2WXt0aW76g,3896,Kroni Prabowo dalam Proyek Makan Bergizi Gratis (MBG) |  Bocor Alus Politik
UgxUbL8GE4QdsBneIml4AaABAg,,comment,1 month ago,mantap ⭐ A L E X I S 1 7 ⭐ selalu di hati,@KristyThomas-k1f,FALSE,0,0,FALSE,a2WXt0aW76g,https://www.youtube.com/watch?v=a2WXt0aW76g,3896,Kroni Prabowo dalam Proyek Makan Bergizi Gratis (MBG) |  Bocor Alus Politik
UgzBE-UraxPt4vrDQel4AaABAg,,comment,1 month ago,Anak buah geirge soros mnjual narasi asumsi pribadi tempe,@danilhaq6518,FALSE,0,0,FALSE,a2WXt0aW76g,https://www.youtube.com/watch?v=a2WXt0aW76g,3896,Kroni Prabowo dalam Proyek Makan Bergizi Gratis (MBG) |  Bocor Alus Politik
Ugx4ibd1E3W3-8wqc6F4AaABAg,,comment,1 month ago (edited),"Terima kasih tim Tempo , yg sdh berjuang demi 🇮🇩  maju. Semoga sukses dan maju terus 🙏",@roysanaruan4467,FALSE,0,1,FALSE,a2WXt0aW76g,https://www.youtube.com/watch?v=a2WXt0aW76g,3896,Kroni Prabowo dalam Proyek Makan Bergizi Gratis (MBG) |  Bocor Alus Politik
UgxXLnD30hC_xIamr4R4AaABAg,,comment,1 month ago,😢😢😢,@sumiaregar1562,FALSE,0,0,FALSE,a2WXt0aW76g,https://www.youtube.com/watch?v=a2WXt0aW76g,3896,Kroni Prabowo dalam Proyek Makan Bergizi Gratis (MBG) |  Bocor Alus Politik
UgyLzyoLTJRGG2041WZ4AaABAg,,comment,1 month ago,"Penikmat uang soros utk mendeskreditkan pemerintah “dibahas” juga dong!??kita perlu mengetahui “wajah” penghianat bangsa ini hanya demi uang?!
Daftar “penghianat” yg berlindung dari profesi menarik juga dibahas , sepakat??????",@kibaltunus8762,FALSE,0,0,FALSE,a2WXt0aW76g,https://www.youtube.com/watch?v=a2WXt0aW76g,3896,Kroni Prabowo dalam Proyek Makan Bergizi Gratis (MBG) |  Bocor Alus Politik
UgxU4aOLXEohjZhFNgx4AaABAg,,comment,1 month ago,BOCOR ALUS TEMPO HARUS TETEP KITA JAGA. JGN SAMPAI ADA YG INTIMIDASI JURNALIS TEMPO. INGAT TEMPO MILIK SEMUA LAPISAN MASYARAKAT.,@MuhammadTohir-j7r,FALSE,0,0,FALSE,a2WXt0aW76g,https://www.youtube.com/watch?v=a2WXt0aW76g,3896,Kroni Prabowo dalam Proyek Makan Bergizi Gratis (MBG) |  Bocor Alus Politik
UgwarRaxQWCr5BjMvHp4AaABAg,,comment,1 month ago,Main ijazah palsu mr M dong Bang Pram,@GatotPamungkas-sn3dw,FALSE,0,0,FALSE,a2WXt0aW76g,https://www.youtube.com/watch?v=a2WXt0aW76g,3896,Kroni Prabowo dalam Proyek Makan Bergizi Gratis (MBG) |  Bocor Alus Politik
UgwaO8jGG1l_Ty9Hkdd4AaABAg,,comment,1 month ago,"Laut kita luas ga perlu beli benih ikan ga perlu beli sentrat/pur bahasa kasarnya tinggal serok ko bingung daging masa ikan ikan kita yg nikmati warga eropa dan jepang andaikan ada alergi ikan laut saya yakin ga sampai 20% bahakan bisa di bawah 10% yg punya alergi dan itu sangat muda di atasi dengan daging peternakan, sayurpun atau buah buahan kalau pemerintah memang niat masih banyak lahan kosong milik negara yg bisa di kelola untuk mencukupi",@saikhudin94,FALSE,0,0,FALSE,a2WXt0aW76g,https://www.youtube.com/watch?v=a2WXt0aW76g,3896,Kroni Prabowo dalam Proyek Makan Bergizi Gratis (MBG) |  Bocor Alus Politik
UgwrYpKoVx1crN3BAbt4AaABAg,,comment,1 month ago,"Sebagai rakyat yang tidak tau politik, apapun namanya selama dijalankan dengan baik ya tidak masalah. 
Jadi sekedar permintaan dari rakyat kalau investigasi cek hasil baik atau tidak,,, Baik ya lanjut, tidak baik ya sampaikan,,",@lensa_cerita,FALSE,0,0,FALSE,a2WXt0aW76g,https://www.youtube.com/watch?v=a2WXt0aW76g,3896,Kroni Prabowo dalam Proyek Makan Bergizi Gratis (MBG) |  Bocor Alus Politik
UgyKJdE0tUZwWUooDDh4AaABAg,,comment,1 month ago,"PRESIDEN PRABOWO. MENAMBAH/MEMPERBANYAK LUBANG-LUBANG KOROPSI.BMG PENGURUSNYA BANYAK DARI ORANG PRESIDEN SENDIRI,LALU DI BERIKAN SAUDARA-SAUDARA TERDEKAT.",@SamSung-mm7nm,FALSE,0,0,FALSE,a2WXt0aW76g,https://www.youtube.com/watch?v=a2WXt0aW76g,3896,Kroni Prabowo dalam Proyek Makan Bergizi Gratis (MBG) |  Bocor Alus Politik
Ugy5IqkaKjrZiPRsz7d4AaABAg,,comment,1 month ago,Indonesia kaya raya tapi rakyatnya kalah makmur sejahtera dari Malaysia.,@aseparifinsenjaya7634,FALSE,0,0,FALSE,a2WXt0aW76g,https://www.youtube.com/watch?v=a2WXt0aW76g,3896,Kroni Prabowo dalam Proyek Makan Bergizi Gratis (MBG) |  Bocor Alus Politik
UgxABezTa6-vG1V668F4AaABAg,,comment,1 month ago,yang penting oke gas oke gas mamam dah tu,@teukuyudhi2754,FALSE,0,0,FALSE,a2WXt0aW76g,https://www.youtube.com/watch?v=a2WXt0aW76g,3896,Kroni Prabowo dalam Proyek Makan Bergizi Gratis (MBG) |  Bocor Alus Politik
UgyIjObfZ1SCPuxhNCx4AaABAg,,comment,1 month ago,Tetap semangat,@rusmantos.e1472,FALSE,0,0,FALSE,a2WXt0aW76g,https://www.youtube.com/watch?v=a2WXt0aW76g,3896,Kroni Prabowo dalam Proyek Makan Bergizi Gratis (MBG) |  Bocor Alus Politik
Ugzd328otZQES6g3NKF4AaABAg,,comment,1 month ago,"Seharusnya, semua yg akan menyediakan makanan bagi khalayak umum, apalagi sekolah, harus diterapkan sistem sertifikat utk food safety. Jadi nggak ada lagi ulat, anak2 yg makan makanan kadaluarsa dan cross contaminated foods. 
Kalau sampai ada yg muntah dan diketemukan ulat dll, harusnya catering tersebut harus bertanggung jawab.",@Aubrey1601,FALSE,0,0,FALSE,a2WXt0aW76g,https://www.youtube.com/watch?v=a2WXt0aW76g,3896,Kroni Prabowo dalam Proyek Makan Bergizi Gratis (MBG) |  Bocor Alus Politik
Ugzv7fUX6nRoBCdL0uh4AaABAg,,comment,1 month ago,Sorry yeee,@novaturhidayat9636,FALSE,0,0,FALSE,a2WXt0aW76g,https://www.youtube.com/watch?v=a2WXt0aW76g,3896,Kroni Prabowo dalam Proyek Makan Bergizi Gratis (MBG) |  Bocor Alus Politik
Ugy6AK5rj_YPJyGY8El4AaABAg,,comment,1 month ago,OMON OMON APA LAGI INI?,@FILSAFAT_FB_ADIJAMENG,FALSE,0,1,FALSE,a2WXt0aW76g,https://www.youtube.com/watch?v=a2WXt0aW76g,3896,Kroni Prabowo dalam Proyek Makan Bergizi Gratis (MBG) |  Bocor Alus Politik
UgwWVU6adjo1VlBbQAl4AaABAg,,comment,1 month ago,Lha iya laah... aji mumpung bagi kroni nya pak prabowo😂😂,@AgusHaryadi-r4b,FALSE,0,0,FALSE,a2WXt0aW76g,https://www.youtube.com/watch?v=a2WXt0aW76g,3896,Kroni Prabowo dalam Proyek Makan Bergizi Gratis (MBG) |  Bocor Alus Politik
UgziDCzpPWZj1hyzvSJ4AaABAg,,comment,1 month ago,Mertua sy jg digandeng project MBG ini.. tp bukan dr prabowo karena kmrn mertua sy caleg dpr ri dr partai ummat..,@darufirenzea,FALSE,0,0,FALSE,a2WXt0aW76g,https://www.youtube.com/watch?v=a2WXt0aW76g,3896,Kroni Prabowo dalam Proyek Makan Bergizi Gratis (MBG) |  Bocor Alus Politik
UgxseGK3eu5NayyAVBZ4AaABAg,,comment,1 month ago,0:45,@chibimarukochan-d6b,FALSE,0,0,FALSE,a2WXt0aW76g,https://www.youtube.com/watch?v=a2WXt0aW76g,3896,Kroni Prabowo dalam Proyek Makan Bergizi Gratis (MBG) |  Bocor Alus Politik
UgyJo7GL5OPwf_y89Ft4AaABAg,,comment,1 month ago,"Hodup Prabowo, oke gas oke gas oke oke oke gas 🔥🔥🔥",@dpanel_id,FALSE,0,0,FALSE,a2WXt0aW76g,https://www.youtube.com/watch?v=a2WXt0aW76g,3896,Kroni Prabowo dalam Proyek Makan Bergizi Gratis (MBG) |  Bocor Alus Politik
UgzbzN7wH36koJW3ncx4AaABAg,,comment,1 month ago,"Broo, mau tanya mengenai CEO tempo itu namanya siapa ?",@djokosulistyo4308,FALSE,0,0,FALSE,a2WXt0aW76g,https://www.youtube.com/watch?v=a2WXt0aW76g,3896,Kroni Prabowo dalam Proyek Makan Bergizi Gratis (MBG) |  Bocor Alus Politik
UgyNKdvhctHRKuGWTy14AaABAg,,comment,1 month ago,"Broo, mau tanya mengenai CEO tempo itu namanya siapa ?",@djokosulistyo4308,FALSE,0,0,FALSE,a2WXt0aW76g,https://www.youtube.com/watch?v=a2WXt0aW76g,3896,Kroni Prabowo dalam Proyek Makan Bergizi Gratis (MBG) |  Bocor Alus Politik
UgyEIhIxp7jO4cq5mNl4AaABAg,,comment,1 month ago,"Anggaran sebesar makan gizi gratis gak di korupsi gak mungkin, gak ada lembaga yg jujur di negara ini bahkan sekelas MK aja bisa di mainkan 😂",@akalsehat4753,FALSE,0,2,FALSE,a2WXt0aW76g,https://www.youtube.com/watch?v=a2WXt0aW76g,3896,Kroni Prabowo dalam Proyek Makan Bergizi Gratis (MBG) |  Bocor Alus Politik
Ugy076WAaCEUAcltx8l4AaABAg,,comment,1 month ago,It’s official. I’ve subscribed Tempo Digital. Yearly subscription! Ini karena penasaran aliran keuntungan MBG ke mana aja. Saya juga mendukung keberanian tempo untuk terus menyediakan jurnalisme berkualitas.,@citrasuaidy4041,FALSE,0,1,FALSE,a2WXt0aW76g,https://www.youtube.com/watch?v=a2WXt0aW76g,3896,Kroni Prabowo dalam Proyek Makan Bergizi Gratis (MBG) |  Bocor Alus Politik
UgydLJ9gpIq-_gxbIet4AaABAg,,comment,1 month ago,mana Icha ?,@retnonartani9515,FALSE,0,0,FALSE,a2WXt0aW76g,https://www.youtube.com/watch?v=a2WXt0aW76g,3896,Kroni Prabowo dalam Proyek Makan Bergizi Gratis (MBG) |  Bocor Alus Politik
UgyfjyccBvZHcBHx0BR4AaABAg,,comment,1 month ago,"Batalkan proyek2 gak guna dan ladang korupsi. MBG, koperasi merah putih, apa lagi ya",@kanalasso,FALSE,0,0,FALSE,a2WXt0aW76g,https://www.youtube.com/watch?v=a2WXt0aW76g,3896,Kroni Prabowo dalam Proyek Makan Bergizi Gratis (MBG) |  Bocor Alus Politik
Ugxi4re9LHr_JwNc6_l4AaABAg,,comment,1 month ago,Kok ini likenya dikit ya kasian bgt nggak kaya ono yang anomali itu 🤭,@maulanaasrofu1768,FALSE,0,0,FALSE,a2WXt0aW76g,https://www.youtube.com/watch?v=a2WXt0aW76g,3896,Kroni Prabowo dalam Proyek Makan Bergizi Gratis (MBG) |  Bocor Alus Politik
UgwcFBSd3EoQtTe7ltZ4AaABAg,,comment,1 month ago,Cuma bisa menikmati yang gratis aja ..God job tempo,@hermanjr6408,FALSE,0,0,FALSE,a2WXt0aW76g,https://www.youtube.com/watch?v=a2WXt0aW76g,3896,Kroni Prabowo dalam Proyek Makan Bergizi Gratis (MBG) |  Bocor Alus Politik
UgyV2XgEn7_yOHZ0BSJ4AaABAg,,comment,1 month ago,MUAK BANGED SAMA HIDUP JOKOWI,@farialgi7923,FALSE,0,0,FALSE,a2WXt0aW76g,https://www.youtube.com/watch?v=a2WXt0aW76g,3896,Kroni Prabowo dalam Proyek Makan Bergizi Gratis (MBG) |  Bocor Alus Politik
UgztSPoG_SPDMRAxAHx4AaABAg,,comment,1 month ago,Kegagalan didepan mata prOgram MBG,@kodratarief6500,FALSE,0,0,FALSE,a2WXt0aW76g,https://www.youtube.com/watch?v=a2WXt0aW76g,3896,Kroni Prabowo dalam Proyek Makan Bergizi Gratis (MBG) |  Bocor Alus Politik
Ugw6XnN_QSQGqedRzzF4AaABAg,,comment,1 month ago,"Projek makan gratis , estet makan kejayaan??????????",@mohdasribinosman4282,FALSE,0,0,FALSE,a2WXt0aW76g,https://www.youtube.com/watch?v=a2WXt0aW76g,3896,Kroni Prabowo dalam Proyek Makan Bergizi Gratis (MBG) |  Bocor Alus Politik
Ugy8J1t7tsbj0WjZzm94AaABAg,,comment,1 month ago,"KLO nyebut MBG mirip mirip MDIF  ya,bedanya MBG dana dari rakyat buat rakyat ,KLO MDIF dana dari soros untuk antek-anteknya,upsy😅😅😅",@BrianOmega-o9l,FALSE,0,0,FALSE,a2WXt0aW76g,https://www.youtube.com/watch?v=a2WXt0aW76g,3896,Kroni Prabowo dalam Proyek Makan Bergizi Gratis (MBG) |  Bocor Alus Politik
UgwmYUq-Ey9-sB1YF154AaABAg,,comment,1 month ago,Hapus aja program MBG jika di rasa tidak bermanfaat dan bisa menjadikan polemik Di negara indonesia,@ratnoratno3580,FALSE,0,0,FALSE,a2WXt0aW76g,https://www.youtube.com/watch?v=a2WXt0aW76g,3896,Kroni Prabowo dalam Proyek Makan Bergizi Gratis (MBG) |  Bocor Alus Politik
UgzTCigKaRp06aAFEA54AaABAg,,comment,1 month ago,Mantul tempo sukses selalu di jlan yang bener😁👍,@LOY41IT45__FARM,FALSE,0,0,FALSE,a2WXt0aW76g,https://www.youtube.com/watch?v=a2WXt0aW76g,3896,Kroni Prabowo dalam Proyek Makan Bergizi Gratis (MBG) |  Bocor Alus Politik
UgyHTqVGCSEarY_o-Fd4AaABAg,,comment,1 month ago,Cuma omonomon dan joget gemoy,@mohtemu7310,FALSE,0,0,FALSE,a2WXt0aW76g,https://www.youtube.com/watch?v=a2WXt0aW76g,3896,Kroni Prabowo dalam Proyek Makan Bergizi Gratis (MBG) |  Bocor Alus Politik
Ugz1z9IK1glCO5EYzcB4AaABAg,,comment,1 month ago,Makan bergiji gratis bentar lagi ada yg ngorupsi. Karena uang ini sangat gedek. Buktikan!,@SuroSuro-x4l,FALSE,0,0,FALSE,a2WXt0aW76g,https://www.youtube.com/watch?v=a2WXt0aW76g,3896,Kroni Prabowo dalam Proyek Makan Bergizi Gratis (MBG) |  Bocor Alus Politik
UgzOFICRAnWNg0_iHIZ4AaABAg,,comment,1 month ago,INI KONTEN TDK BERMUTU,@Suharis-i1y,FALSE,0,0,FALSE,a2WXt0aW76g,https://www.youtube.com/watch?v=a2WXt0aW76g,3896,Kroni Prabowo dalam Proyek Makan Bergizi Gratis (MBG) |  Bocor Alus Politik
UgxzvjfcvdssJC1P9HB4AaABAg,,comment,1 month ago,🇮🇩  Dr Mulai Mulut Busuk Kampanye'e....Gw ud liat Lobang.msk Biggest Coroupsion...cuma bnyk org ga percaya...😱😫🤦🤣🤝🙏,@budcheaprodite8410,FALSE,0,0,FALSE,a2WXt0aW76g,https://www.youtube.com/watch?v=a2WXt0aW76g,3896,Kroni Prabowo dalam Proyek Makan Bergizi Gratis (MBG) |  Bocor Alus Politik
UgxbTmNVvNNfv5Hi1th4AaABAg,,comment,1 month ago,Slm bwt jos soros min. 😂😂,@SetyokoPuryanti,FALSE,0,0,FALSE,a2WXt0aW76g,https://www.youtube.com/watch?v=a2WXt0aW76g,3896,Kroni Prabowo dalam Proyek Makan Bergizi Gratis (MBG) |  Bocor Alus Politik
UgyHprWzvj5iN2vG5Fp4AaABAg,,comment,1 month ago,"Tempo tetap exsis tegas lugas, dan jls.",@oyekmukhlish7982,FALSE,0,0,FALSE,a2WXt0aW76g,https://www.youtube.com/watch?v=a2WXt0aW76g,3896,Kroni Prabowo dalam Proyek Makan Bergizi Gratis (MBG) |  Bocor Alus Politik
Ugy_EznpwbkbD623HLZ4AaABAg,,comment,1 month ago,"Program yg sangat bermasalah. Di tempat sy malah maksain bikin Dapur dgn dana sendiri....
Gak jelasss",@miacehsigli9853,FALSE,0,0,FALSE,a2WXt0aW76g,https://www.youtube.com/watch?v=a2WXt0aW76g,3896,Kroni Prabowo dalam Proyek Makan Bergizi Gratis (MBG) |  Bocor Alus Politik
UgxpcS-Y-dVzg2lvp_p4AaABAg,,comment,1 month ago,Bahaya juga yaa MBG...,@Zakie.Gambonk,FALSE,0,0,FALSE,a2WXt0aW76g,https://www.youtube.com/watch?v=a2WXt0aW76g,3896,Kroni Prabowo dalam Proyek Makan Bergizi Gratis (MBG) |  Bocor Alus Politik
Ugw33brT9AL9EQFxTtt4AaABAg,,comment,1 month ago,"MBG ini gimana kalau dikerjakan oleh hotel dan restoran yang sekarang kolaps karena gak ada even pemerintah, Hotel dan resto sudah disertifikasi, fasilitas sudah mumpuni, memberdayakan banyak tenaga kerja yang sudah mulai jaman covid dulu dirumahkan. apalagi kerjasama dengan petani dan peternak lokal, pasti makmur dech.  Semoga didengar",@hanjayasiaputra7755,FALSE,0,1,FALSE,a2WXt0aW76g,https://www.youtube.com/watch?v=a2WXt0aW76g,3896,Kroni Prabowo dalam Proyek Makan Bergizi Gratis (MBG) |  Bocor Alus Politik
Ugydu0YmsEwLgrC6h8Z4AaABAg,,comment,1 month ago,Baru di Teror kepala Babi aja Tempo sudah panas dingin...😅😅😅😅,@dodywidodo1338,FALSE,0,1,FALSE,a2WXt0aW76g,https://www.youtube.com/watch?v=a2WXt0aW76g,3896,Kroni Prabowo dalam Proyek Makan Bergizi Gratis (MBG) |  Bocor Alus Politik
UgxgVGDAGgKwXs4R8Z94AaABAg,,comment,1 month ago,proyek bancakan para ceboker's,@rajatakurniawan4344,FALSE,0,0,FALSE,a2WXt0aW76g,https://www.youtube.com/watch?v=a2WXt0aW76g,3896,Kroni Prabowo dalam Proyek Makan Bergizi Gratis (MBG) |  Bocor Alus Politik
UgxpSFE81RtcbsUTr7V4AaABAg,,comment,1 month ago,Makan bergizi geratis sampe sekarang ke sekolah di kampung ssya ko belum ada?,@usmanmanokwari,FALSE,0,1,FALSE,a2WXt0aW76g,https://www.youtube.com/watch?v=a2WXt0aW76g,3896,Kroni Prabowo dalam Proyek Makan Bergizi Gratis (MBG) |  Bocor Alus Politik
Ugwkg2SL0ezxByQp2mt4AaABAg,,comment,1 month ago,Tempo pemecah bangsa,@GedeBima-z9t,FALSE,1,0,FALSE,a2WXt0aW76g,https://www.youtube.com/watch?v=a2WXt0aW76g,3896,Kroni Prabowo dalam Proyek Makan Bergizi Gratis (MBG) |  Bocor Alus Politik
UgwmI-vULGg56WCqVcF4AaABAg,,comment,1 month ago,"Dari BGN....sampai ke dapur MBGTerlalu banyak tangan sehingga  harga perporsi cuma sekitar 8 rb rupiah perpirsi, mana ada mkanan bergizi cuma rb... Ini karna banyak dana yg bocor... Siapakah penikmat dana bocor ini????",@sumarnidahlanali9133,FALSE,0,1,FALSE,a2WXt0aW76g,https://www.youtube.com/watch?v=a2WXt0aW76g,3896,Kroni Prabowo dalam Proyek Makan Bergizi Gratis (MBG) |  Bocor Alus Politik
UgxX_kfiwWQOJoeSRzl4AaABAg,,comment,1 month ago,Proyek prabowo makan gratis...,@ismailpodungge6303,FALSE,0,1,FALSE,a2WXt0aW76g,https://www.youtube.com/watch?v=a2WXt0aW76g,3896,Kroni Prabowo dalam Proyek Makan Bergizi Gratis (MBG) |  Bocor Alus Politik
Ugwkg2SL0ezxByQp2mt4AaABAg.AHNDkph5NbKAHNLUdQMK-j,Ugwkg2SL0ezxByQp2mt4AaABAg,reply,1 month ago,Buktinya ap bro?,@mahendrasurolelono9755,FALSE,0,0,FALSE,a2WXt0aW76g,https://www.youtube.com/watch?v=a2WXt0aW76g,3896,Kroni Prabowo dalam Proyek Makan Bergizi Gratis (MBG) |  Bocor Alus Politik
Ugyy5NmaeNT8Jayut0N4AaABAg,,comment,1 month ago,Kami sudah Menduga program makan siang gratis sumber baru korupsi bagi yg punya wewenang mengurusi,@BudiPrayitno-f4s,FALSE,0,0,FALSE,a2WXt0aW76g,https://www.youtube.com/watch?v=a2WXt0aW76g,3896,Kroni Prabowo dalam Proyek Makan Bergizi Gratis (MBG) |  Bocor Alus Politik
UgzzyOigf8ODrdyXRZR4AaABAg,,comment,1 month ago,Kenapa program makan gizi gratis belum terealisasi di kabupaten Blora Jateng???,@bangkitul9225,FALSE,0,1,FALSE,a2WXt0aW76g,https://www.youtube.com/watch?v=a2WXt0aW76g,3896,Kroni Prabowo dalam Proyek Makan Bergizi Gratis (MBG) |  Bocor Alus Politik
UgyLRwvpp4m2wNArLMF4AaABAg,,comment,1 month ago,"Akan kejar koruptor sampe dimanapun ...tp gajah dipelupuk ,ga terlihat..sllu menciptakn celah atau peluang u/ koruptor.",@lukfiche1631,FALSE,0,0,FALSE,a2WXt0aW76g,https://www.youtube.com/watch?v=a2WXt0aW76g,3896,Kroni Prabowo dalam Proyek Makan Bergizi Gratis (MBG) |  Bocor Alus Politik
Ugx2ChiKdYtAHsRE-8x4AaABAg,,comment,1 month ago,Kalian aj dompleng berita 😅buat makan..org lain mikir memberi makan tp kalian cari makan 😅😅😅😅,@subandriyovlog3785,FALSE,0,0,FALSE,a2WXt0aW76g,https://www.youtube.com/watch?v=a2WXt0aW76g,3896,Kroni Prabowo dalam Proyek Makan Bergizi Gratis (MBG) |  Bocor Alus Politik
UgwJw6q0f2EgnVWs2Ql4AaABAg,,comment,1 month ago,"Proyek,habis INI proyek koprasi desa😅",@sufiiahmad9424,FALSE,0,1,FALSE,a2WXt0aW76g,https://www.youtube.com/watch?v=a2WXt0aW76g,3896,Kroni Prabowo dalam Proyek Makan Bergizi Gratis (MBG) |  Bocor Alus Politik
UgwpGlziF-HDd7w2F3l4AaABAg,,comment,1 month ago,"Hati-hati DANANTARA! Kalo sampe dikorupsi dan diselewengkan. RAKYAT WAJIB REVOLUSI SIH! Secara fisik, kalo REVOLUSI mental kayaknya jangan harap! Sudah mendarah daging mental KORUP",@bayuatmaja444,FALSE,0,1,FALSE,a2WXt0aW76g,https://www.youtube.com/watch?v=a2WXt0aW76g,3896,Kroni Prabowo dalam Proyek Makan Bergizi Gratis (MBG) |  Bocor Alus Politik
UgySRP7_5VBi-orMFAR4AaABAg,,comment,1 month ago,"Sudah kuduga. Program pemerintahan apa sih yang ga menjadi ladang CUAN kroni-kroninya. Yang untung sejatinya memang hanya mereka-mereka aja. Rakyat dibebankan pajak gede, hasilnya buat anggaran program pemerintahan, tapi yang menikmati hanya segelintir orang. Menyakitkan!",@bayuatmaja444,FALSE,0,1,FALSE,a2WXt0aW76g,https://www.youtube.com/watch?v=a2WXt0aW76g,3896,Kroni Prabowo dalam Proyek Makan Bergizi Gratis (MBG) |  Bocor Alus Politik
UgyI_s0nrMkkyYJwFIB4AaABAg,,comment,1 month ago,Banyak masyarakat yang berpendidikan tinggi lebih cerdas dari penguasa jadi jangan anggap sepele dengan rakyat,@Duri-q4g,FALSE,0,2,FALSE,a2WXt0aW76g,https://www.youtube.com/watch?v=a2WXt0aW76g,3896,Kroni Prabowo dalam Proyek Makan Bergizi Gratis (MBG) |  Bocor Alus Politik
Ugwk0EpRxKQizVxuN7J4AaABAg,,comment,1 month ago,Disini belum nyampai SD negri.mf.,@UzliFatul-ml3uz,FALSE,0,0,FALSE,a2WXt0aW76g,https://www.youtube.com/watch?v=a2WXt0aW76g,3896,Kroni Prabowo dalam Proyek Makan Bergizi Gratis (MBG) |  Bocor Alus Politik
UgxOseHZlU7G6oHoJzB4AaABAg,,comment,1 month ago,"Ternyata mbg
Akal2an  koropsi  prabowo",@abdulsyukur8150,FALSE,0,1,FALSE,a2WXt0aW76g,https://www.youtube.com/watch?v=a2WXt0aW76g,3896,Kroni Prabowo dalam Proyek Makan Bergizi Gratis (MBG) |  Bocor Alus Politik
UgwXLqt-wshwjHMb3J54AaABAg,,comment,1 month ago,Terlalu “nikmat kah” saweran uang dari soros??? Sampai2 mau “mengandaikan” rasa nasionalisme dgn menebarkan “fitnah” tanpa bukti??????,@kibaltunus8762,FALSE,2,0,FALSE,a2WXt0aW76g,https://www.youtube.com/watch?v=a2WXt0aW76g,3896,Kroni Prabowo dalam Proyek Makan Bergizi Gratis (MBG) |  Bocor Alus Politik
Ugx9QKiOGdzXiSZM01V4AaABAg,,comment,1 month ago,Udah lah jgn koar2 mkn gratis g ada bukti dan kencataan dri mana mkn gratis anak saya blm pernah dapat mkn gratis selama ini mkn bergisi tai kucing.,@veronikazemma5676,FALSE,0,0,FALSE,a2WXt0aW76g,https://www.youtube.com/watch?v=a2WXt0aW76g,3896,Kroni Prabowo dalam Proyek Makan Bergizi Gratis (MBG) |  Bocor Alus Politik
UgzdUfmCTuvfNVROspZ4AaABAg,,comment,1 month ago,"Selalu jadi topik pembahasan,gokil emang A̳̳L̳̳E̳̳X̳̳I̳̳S̳̳1̳̳7̳ .",@AndiAyuningtyas-c5l,FALSE,0,0,FALSE,a2WXt0aW76g,https://www.youtube.com/watch?v=a2WXt0aW76g,3896,Kroni Prabowo dalam Proyek Makan Bergizi Gratis (MBG) |  Bocor Alus Politik
Ugw5mVDMEoYDk7hP9654AaABAg,,comment,1 month ago,"mana bantahan dari meraka yang terlibat ???  , klu ini benar tim bocor alus top banget...  harus dihentikan",@koniciwa8622,FALSE,0,0,FALSE,a2WXt0aW76g,https://www.youtube.com/watch?v=a2WXt0aW76g,3896,Kroni Prabowo dalam Proyek Makan Bergizi Gratis (MBG) |  Bocor Alus Politik
Ugx4euL3BR_8YsWTVNp4AaABAg,,comment,1 month ago,Ujung²nya proyek......siapa yg diuntungkan?,@zaenal673,FALSE,0,0,FALSE,a2WXt0aW76g,https://www.youtube.com/watch?v=a2WXt0aW76g,3896,Kroni Prabowo dalam Proyek Makan Bergizi Gratis (MBG) |  Bocor Alus Politik
UgxcuT7CuUOGLu2dMAZ4AaABAg,,comment,1 month ago,Kalian cuma keren!,@mohamadromdoni4614,FALSE,0,0,FALSE,a2WXt0aW76g,https://www.youtube.com/watch?v=a2WXt0aW76g,3896,Kroni Prabowo dalam Proyek Makan Bergizi Gratis (MBG) |  Bocor Alus Politik
UgwCta0ieIcX2wd3Kd54AaABAg,,comment,1 month ago,"Obrigado por atualizações contínuas. Eu prefiro negociar no mercado de ações, pois é mais lucrativo. Eu ganho uma média de $ 34.500 a cada 2 semanas, embora eu mal negocie.",@MohamedIsmail-s8e,FALSE,2,2,FALSE,a2WXt0aW76g,https://www.youtube.com/watch?v=a2WXt0aW76g,3896,Kroni Prabowo dalam Proyek Makan Bergizi Gratis (MBG) |  Bocor Alus Politik
UgzOtRp1HcXBr144zK14AaABAg,,comment,1 month ago,"Sejahtera desaku, salah tuh sejahtera sakuku kali.....celah mengisi saku dalam setiap proyek...",@zenggleng,FALSE,0,0,FALSE,a2WXt0aW76g,https://www.youtube.com/watch?v=a2WXt0aW76g,3896,Kroni Prabowo dalam Proyek Makan Bergizi Gratis (MBG) |  Bocor Alus Politik
UgwoctSMrdZt4F6Wgc94AaABAg,,comment,1 month ago,MBG SEHARUS DI BERIKAN KEPADA MENENGAH KEBAWAH BIAR LBH EFESENSI DAN HRS DI AWASI KR SANGAT RAWAN DIKORUPSI,@michaellie2871,FALSE,0,0,FALSE,a2WXt0aW76g,https://www.youtube.com/watch?v=a2WXt0aW76g,3896,Kroni Prabowo dalam Proyek Makan Bergizi Gratis (MBG) |  Bocor Alus Politik
UgzjiMdlOPRny2PXgL94AaABAg,,comment,1 month ago (edited),"Kualitas MBG ancur, bnyk keracunan anak-anak sekolah, secara ekonomi, malah bnyak keluar uang utk pengobatan anak-anak tsb, belum keluarga yg harus menjaga, jadi tidak bisa bekerja. Apakah mitra program MBG pnyebab keracunan tidak kena sanksi Secara ekonomi n hukum,  karna kesehatan n nyawa anak-anak keracunan yg dipertaruhkan. How??",@fatin9413,FALSE,0,0,FALSE,a2WXt0aW76g,https://www.youtube.com/watch?v=a2WXt0aW76g,3896,Kroni Prabowo dalam Proyek Makan Bergizi Gratis (MBG) |  Bocor Alus Politik
UgwXLqt-wshwjHMb3J54AaABAg.AHMrKTP0ATRAHNM3tC4Rsq,UgwXLqt-wshwjHMb3J54AaABAg,reply,1 month ago,Buzzeeer 😂😂,@mahendrasurolelono9755,FALSE,0,0,FALSE,a2WXt0aW76g,https://www.youtube.com/watch?v=a2WXt0aW76g,3896,Kroni Prabowo dalam Proyek Makan Bergizi Gratis (MBG) |  Bocor Alus Politik
UgwXLqt-wshwjHMb3J54AaABAg.AHMrKTP0ATRAHPmaW3XVqN,UgwXLqt-wshwjHMb3J54AaABAg,reply,1 month ago,Lebih baik buzzer dibandingkan jadi “antek”/“kacung”/herder kepentingan asing!! Herder asing membuat bangsa ini selalu dijajah! Penghianat2 ini akan membuat bangsa ini bangkrut!!,@kibaltunus8762,FALSE,0,0,FALSE,a2WXt0aW76g,https://www.youtube.com/watch?v=a2WXt0aW76g,3896,Kroni Prabowo dalam Proyek Makan Bergizi Gratis (MBG) |  Bocor Alus Politik
UgwCta0ieIcX2wd3Kd54AaABAg.AHMZdv-O_ZXAHMZrNq9OjV,UgwCta0ieIcX2wd3Kd54AaABAg,reply,1 month ago,"Sou favorecido financeiramente. Obrigado, Jesus. Lucro semanal de US$ 10.200, independentemente de quão ruim a situação econômica esteja.",@Huang-q2g3p,FALSE,0,0,FALSE,a2WXt0aW76g,https://www.youtube.com/watch?v=a2WXt0aW76g,3896,Kroni Prabowo dalam Proyek Makan Bergizi Gratis (MBG) |  Bocor Alus Politik
UgwCta0ieIcX2wd3Kd54AaABAg.AHMZdv-O_ZXAHM_-f_keDQ,UgwCta0ieIcX2wd3Kd54AaABAg,reply,1 month ago,"Como
..? Sou um novato em investimento em criptomoedas, você pode me orientar sobre como você obteve lucro?",@msobiebi3971,FALSE,0,0,FALSE,a2WXt0aW76g,https://www.youtube.com/watch?v=a2WXt0aW76g,3896,Kroni Prabowo dalam Proyek Makan Bergizi Gratis (MBG) |  Bocor Alus Politik
Ugxkef_XMiz8Sc9T6Dl4AaABAg,,comment,1 month ago,Gpp anggaran besar klw buat rakyat daripada ratusan triliun dikorup oknum pejabat tpi ttp program tsb harus dikontrol dg ketat agar tdk ada oknum oknum nakal yg mau main main,@gemichannel3432,FALSE,0,0,FALSE,a2WXt0aW76g,https://www.youtube.com/watch?v=a2WXt0aW76g,3896,Kroni Prabowo dalam Proyek Makan Bergizi Gratis (MBG) |  Bocor Alus Politik
UgzyxwQjxrJxztznUFB4AaABAg,,comment,1 month ago,Isu2 MBG hanya terdengar di kalangan orang2 yg kenal sama petinggi2 partai pendukung prabowo. Bener ini tempo ..apa yg dibicarakan  sesuai yg orang dengar dari cerita2 du kalangan orang yg berduit dan kenal gd kalangan orang partai👍,@rudianto8901,FALSE,0,0,FALSE,a2WXt0aW76g,https://www.youtube.com/watch?v=a2WXt0aW76g,3896,Kroni Prabowo dalam Proyek Makan Bergizi Gratis (MBG) |  Bocor Alus Politik
UgwsuboFWpymTVFSNll4AaABAg,,comment,1 month ago,Manurut sy wajat sich kalau project makan gratis digarap oleh org/pendukung prabowo selama tdk ada kecurangan atau menu yg dihidangkan sesuai dg budget...,@gemichannel3432,FALSE,0,0,FALSE,a2WXt0aW76g,https://www.youtube.com/watch?v=a2WXt0aW76g,3896,Kroni Prabowo dalam Proyek Makan Bergizi Gratis (MBG) |  Bocor Alus Politik
Ugyspvm02aILZR9Am8B4AaABAg,,comment,1 month ago,Proyek penjilat ?,@andipaccoba1269,FALSE,0,0,FALSE,a2WXt0aW76g,https://www.youtube.com/watch?v=a2WXt0aW76g,3896,Kroni Prabowo dalam Proyek Makan Bergizi Gratis (MBG) |  Bocor Alus Politik
UgyJ1shAGKbrlu1eE5d4AaABAg,,comment,1 month ago,Orang orang Gerindra menguasai indonesia.,@thomasaditigatujuh9193,FALSE,0,0,FALSE,a2WXt0aW76g,https://www.youtube.com/watch?v=a2WXt0aW76g,3896,Kroni Prabowo dalam Proyek Makan Bergizi Gratis (MBG) |  Bocor Alus Politik
UgyX6K_aIHayp6m8cRt4AaABAg,,comment,1 month ago,"Haram buat mengikuti tempo😂😂 tempo itu bukan media yg baik, tempo itu media yg popokator",@yensiagustin77,FALSE,0,0,FALSE,a2WXt0aW76g,https://www.youtube.com/watch?v=a2WXt0aW76g,3896,Kroni Prabowo dalam Proyek Makan Bergizi Gratis (MBG) |  Bocor Alus Politik
UgwM7hWEe3Op3SEOnnF4AaABAg,,comment,1 month ago,Tempo 🤡🤡🤡💩💩💩,@yensiagustin77,FALSE,0,0,FALSE,a2WXt0aW76g,https://www.youtube.com/watch?v=a2WXt0aW76g,3896,Kroni Prabowo dalam Proyek Makan Bergizi Gratis (MBG) |  Bocor Alus Politik
UgwsFGXcStrcpU_6uhl4AaABAg,,comment,1 month ago,Media tempo💩💩💩💩💩,@yensiagustin77,FALSE,0,0,FALSE,a2WXt0aW76g,https://www.youtube.com/watch?v=a2WXt0aW76g,3896,Kroni Prabowo dalam Proyek Makan Bergizi Gratis (MBG) |  Bocor Alus Politik
UgzbrPkdR0MSmJvg1Vt4AaABAg,,comment,1 month ago,"Makan Beracun Gratis
Makan Berisik Gratis
Makan Bancakan Garong",@AiboxService,FALSE,0,0,FALSE,a2WXt0aW76g,https://www.youtube.com/watch?v=a2WXt0aW76g,3896,Kroni Prabowo dalam Proyek Makan Bergizi Gratis (MBG) |  Bocor Alus Politik
Ugwf1R6bUrLrMNRIwkl4AaABAg,,comment,1 month ago,"ORANG LUAR TERJEBAK KORUPSI KRN HILAF, KITA DISUSUN RAPI SEJAK AWAL DAN JADI PENGHASILAN TERAP SAMPAI BANGKAI INI TERCIUM",@Ryo-rz6fj,FALSE,0,0,FALSE,a2WXt0aW76g,https://www.youtube.com/watch?v=a2WXt0aW76g,3896,Kroni Prabowo dalam Proyek Makan Bergizi Gratis (MBG) |  Bocor Alus Politik
Ugx3V-blARIrONNY5h14AaABAg,,comment,1 month ago,😮😮😮😮,@habitoverland9444,FALSE,0,0,FALSE,a2WXt0aW76g,https://www.youtube.com/watch?v=a2WXt0aW76g,3896,Kroni Prabowo dalam Proyek Makan Bergizi Gratis (MBG) |  Bocor Alus Politik
UgyrWwz44CiSSninQFx4AaABAg,,comment,1 month ago,4x nyapres bro....habis banyak skrang saatnya balikin modal....mau dikritik masa bodo.....,@YanDOT-s7w,FALSE,0,0,FALSE,a2WXt0aW76g,https://www.youtube.com/watch?v=a2WXt0aW76g,3896,Kroni Prabowo dalam Proyek Makan Bergizi Gratis (MBG) |  Bocor Alus Politik
Ugxc61yI_gAKL6ZEKyt4AaABAg,,comment,1 month ago,Preeet,@rusminigina5043,FALSE,0,0,FALSE,a2WXt0aW76g,https://www.youtube.com/watch?v=a2WXt0aW76g,3896,Kroni Prabowo dalam Proyek Makan Bergizi Gratis (MBG) |  Bocor Alus Politik
UgwoPhaOapAD7u6sGxV4AaABAg,,comment,1 month ago,Tempo berani. Saya aja yang tahu nggak berani ngomong :face-purple-crying:,@sieramedia,FALSE,0,0,FALSE,a2WXt0aW76g,https://www.youtube.com/watch?v=a2WXt0aW76g,3896,Kroni Prabowo dalam Proyek Makan Bergizi Gratis (MBG) |  Bocor Alus Politik
UgwKpi9EZw-vwDBPBbt4AaABAg,,comment,1 month ago,Klu beli majalah tempo di Palembang di mana ya Min. .,@widagdasuharto9086,FALSE,0,0,FALSE,a2WXt0aW76g,https://www.youtube.com/watch?v=a2WXt0aW76g,3896,Kroni Prabowo dalam Proyek Makan Bergizi Gratis (MBG) |  Bocor Alus Politik
UgwxGkr2oWgVsfGyEQF4AaABAg,,comment,1 month ago,"Perhatianku teralihkan serta tertuju pada ""Politik Bocor Alus"", statement yang lucu & unik. Kreatif !",@JevVhelvet,FALSE,0,0,FALSE,a2WXt0aW76g,https://www.youtube.com/watch?v=a2WXt0aW76g,3896,Kroni Prabowo dalam Proyek Makan Bergizi Gratis (MBG) |  Bocor Alus Politik
Ugxl2Y0FiM6GCNHsXWl4AaABAg,,comment,1 month ago,"Indonesia merdeka, tpi yg merdeka cuma para koruptor",@syaifudiin-xn2cl,FALSE,0,0,FALSE,a2WXt0aW76g,https://www.youtube.com/watch?v=a2WXt0aW76g,3896,Kroni Prabowo dalam Proyek Makan Bergizi Gratis (MBG) |  Bocor Alus Politik
UgylaPo4HOoNjp_45ql4AaABAg,,comment,1 month ago,"koncoisme ""ndasmu"" :face-blue-smiling::face-blue-smiling::face-blue-smiling:",@melrkkelrk,FALSE,0,0,FALSE,a2WXt0aW76g,https://www.youtube.com/watch?v=a2WXt0aW76g,3896,Kroni Prabowo dalam Proyek Makan Bergizi Gratis (MBG) |  Bocor Alus Politik
Ugya6o9xGCiRoFb6AIB4AaABAg,,comment,1 month ago,Silahkan kritis..tapi jangan nyinyir... bro,@didikbagio8762,FALSE,0,0,FALSE,a2WXt0aW76g,https://www.youtube.com/watch?v=a2WXt0aW76g,3896,Kroni Prabowo dalam Proyek Makan Bergizi Gratis (MBG) |  Bocor Alus Politik
Ugy5TK_FYQzD6ZL66F94AaABAg,,comment,1 month ago,"Ombak datang batu bersibak......itu real, ketika ada penguasa maka dikanan kiri dan depan belakangnya ikutan mengais rejeki.....halal dan haram urusan belakangan yang penting harus dapat, kan kemarin ikutan jadi penggembira waktu kampanye😅😅😅",@ciptohartono4298,FALSE,0,0,FALSE,a2WXt0aW76g,https://www.youtube.com/watch?v=a2WXt0aW76g,3896,Kroni Prabowo dalam Proyek Makan Bergizi Gratis (MBG) |  Bocor Alus Politik
UgzmSxWegbEw2guV8254AaABAg,,comment,1 month ago,TEMPO DI DUKUNG SAMA YAHUDI AMERIKA,@AliMuhamad-rr8vm,FALSE,0,0,FALSE,a2WXt0aW76g,https://www.youtube.com/watch?v=a2WXt0aW76g,3896,Kroni Prabowo dalam Proyek Makan Bergizi Gratis (MBG) |  Bocor Alus Politik
Ugz8gLhI3SgUjIM69rl4AaABAg,,comment,1 month ago,Dicianjur MAN 1 keracunan makan gratis,@dekriantototo9777,FALSE,0,0,FALSE,a2WXt0aW76g,https://www.youtube.com/watch?v=a2WXt0aW76g,3896,Kroni Prabowo dalam Proyek Makan Bergizi Gratis (MBG) |  Bocor Alus Politik
Ugz1602jKZi5iIoxQ2B4AaABAg,,comment,1 month ago,"Siapa pun presiden nya korupsi itu ngga bakal hilang.ada aja celah buat korupsi.
MBG itu lapak baru",@Improvies,FALSE,0,0,FALSE,a2WXt0aW76g,https://www.youtube.com/watch?v=a2WXt0aW76g,3896,Kroni Prabowo dalam Proyek Makan Bergizi Gratis (MBG) |  Bocor Alus Politik
UgymFNQRCQy7QMpWcWB4AaABAg,,comment,1 month ago,"Contoh Kasus di Kalibata mencerminkan permasalahan dalam pengelolaan program sosial oleh pihak ketiga yang ditunjuk pemerintah. Ketidakjelasan dalam kontrak, perubahan sepihak dalam nilai pembayaran dan kurangnya transparansi dari pihak yayasan Media Berkat Nusantara (MBN) telah merugikan mitra pelaksana di lapangan. Diperlukan evaluasi menyeluruh terhadap mekanisme penyaluran dana dan pengawasan terhadap pelaksanaan program untuk mencegah kejadian serupa dimasa depan.",@panjirahayu-l1i,FALSE,0,0,FALSE,a2WXt0aW76g,https://www.youtube.com/watch?v=a2WXt0aW76g,3896,Kroni Prabowo dalam Proyek Makan Bergizi Gratis (MBG) |  Bocor Alus Politik
Ugyl6-rLDdlIXkv2ICh4AaABAg,,comment,1 month ago,Daripada proyek makan gratis apa gak lebih manfaat buka lahan sawah atao lain  yg lebih baik untuk rakyat yg kurang mampu,@muhammadfaizhafizi2707,FALSE,0,0,FALSE,a2WXt0aW76g,https://www.youtube.com/watch?v=a2WXt0aW76g,3896,Kroni Prabowo dalam Proyek Makan Bergizi Gratis (MBG) |  Bocor Alus Politik
UgxiovQDUO30FsMbufV4AaABAg,,comment,1 month ago,Tempe tempe tempe .... Tempe bosok,@handoyosetyo2037,FALSE,0,0,FALSE,a2WXt0aW76g,https://www.youtube.com/watch?v=a2WXt0aW76g,3896,Kroni Prabowo dalam Proyek Makan Bergizi Gratis (MBG) |  Bocor Alus Politik
UgwYqByNN_STbTNWCg14AaABAg,,comment,1 month ago,Majalah basi ga laku gaada yang bi mau bangkrut,@surotonatir6765,FALSE,0,0,FALSE,a2WXt0aW76g,https://www.youtube.com/watch?v=a2WXt0aW76g,3896,Kroni Prabowo dalam Proyek Makan Bergizi Gratis (MBG) |  Bocor Alus Politik
UgxY_kqqVX5WiNZ83Pt4AaABAg,,comment,1 month ago,Program Eyang yg membuat keluarga besar kenyang.😢😮😢,@Firdauskita,FALSE,0,0,FALSE,a2WXt0aW76g,https://www.youtube.com/watch?v=a2WXt0aW76g,3896,Kroni Prabowo dalam Proyek Makan Bergizi Gratis (MBG) |  Bocor Alus Politik
UgwP30UwzV5kht08aGh4AaABAg,,comment,1 month ago,Penggiringan baca moran yang ga) Ku kuno,@surotonatir6765,FALSE,0,0,FALSE,a2WXt0aW76g,https://www.youtube.com/watch?v=a2WXt0aW76g,3896,Kroni Prabowo dalam Proyek Makan Bergizi Gratis (MBG) |  Bocor Alus Politik
UgxCLN3JU_JVCWXdZAV4AaABAg,,comment,1 month ago,KorN udah pDagadibaca alias. Au bangkrut,@surotonatir6765,FALSE,0,0,FALSE,a2WXt0aW76g,https://www.youtube.com/watch?v=a2WXt0aW76g,3896,Kroni Prabowo dalam Proyek Makan Bergizi Gratis (MBG) |  Bocor Alus Politik
UgyyPkkC7ojTdYLprE94AaABAg,,comment,1 month ago,Koran udah kuno ga laku kalah sama sosmed lebih murah dan terang,@surotonatir6765,FALSE,0,0,FALSE,a2WXt0aW76g,https://www.youtube.com/watch?v=a2WXt0aW76g,3896,Kroni Prabowo dalam Proyek Makan Bergizi Gratis (MBG) |  Bocor Alus Politik
UgzW_seEFoGI7hlhzat4AaABAg,,comment,1 month ago,Propaganda koran yang udah galaku kalah sama sosmed,@surotonatir6765,FALSE,0,0,FALSE,a2WXt0aW76g,https://www.youtube.com/watch?v=a2WXt0aW76g,3896,Kroni Prabowo dalam Proyek Makan Bergizi Gratis (MBG) |  Bocor Alus Politik
UgyriSS6t6yk42m9R1B4AaABAg,,comment,1 month ago,bagi2 duit lewat proyek.,@rudisinaga3861,FALSE,0,0,FALSE,a2WXt0aW76g,https://www.youtube.com/watch?v=a2WXt0aW76g,3896,Kroni Prabowo dalam Proyek Makan Bergizi Gratis (MBG) |  Bocor Alus Politik
UgxnFC2J4228petGzZ54AaABAg,,comment,1 month ago,Tempo trending di x,@pegas_studio,FALSE,0,1,FALSE,a2WXt0aW76g,https://www.youtube.com/watch?v=a2WXt0aW76g,3896,Kroni Prabowo dalam Proyek Makan Bergizi Gratis (MBG) |  Bocor Alus Politik
UgwQSZN5rklzv2bPIWh4AaABAg,,comment,1 month ago,"Sambil nyelam minum AIR MBG  orang padang bilang
Io kan nan di urang 
Lalu kan nan di awak😅😮😢",@burhanNuddin-t6l,FALSE,0,0,FALSE,a2WXt0aW76g,https://www.youtube.com/watch?v=a2WXt0aW76g,3896,Kroni Prabowo dalam Proyek Makan Bergizi Gratis (MBG) |  Bocor Alus Politik
UgyCQ5d2CxTc7KDNuFV4AaABAg,,comment,1 month ago,Itu nama nya AJI MUMPUN,@burhanNuddin-t6l,FALSE,0,0,FALSE,a2WXt0aW76g,https://www.youtube.com/watch?v=a2WXt0aW76g,3896,Kroni Prabowo dalam Proyek Makan Bergizi Gratis (MBG) |  Bocor Alus Politik
UgyaiZNwTTYQjXaOPIF4AaABAg,,comment,1 month ago,media nya goerge soros heee,@BaliTabanan-v4y,FALSE,0,0,FALSE,a2WXt0aW76g,https://www.youtube.com/watch?v=a2WXt0aW76g,3896,Kroni Prabowo dalam Proyek Makan Bergizi Gratis (MBG) |  Bocor Alus Politik
Ugyz2C696NUeSK-tRVB4AaABAg,,comment,1 month ago,Lebih enakan program sekolah gratis di banding makan gtatis,@mahmud7180,FALSE,1,0,FALSE,a2WXt0aW76g,https://www.youtube.com/watch?v=a2WXt0aW76g,3896,Kroni Prabowo dalam Proyek Makan Bergizi Gratis (MBG) |  Bocor Alus Politik
UgzjLrLj2_ailID0n_N4AaABAg,,comment,1 month ago,Semangat terus Tempo❤,@TM-rs8pm,FALSE,0,0,FALSE,a2WXt0aW76g,https://www.youtube.com/watch?v=a2WXt0aW76g,3896,Kroni Prabowo dalam Proyek Makan Bergizi Gratis (MBG) |  Bocor Alus Politik
Ugz_hsqOsQSBcQWkich4AaABAg,,comment,1 month ago,Kritis pemerintah boleh tapi jangan kritik ada korupsi.kasih solusi jangan proyek koropsi melulu.ada kekacoan.kasih dong solusi biar gak koropsi,@DwiKatmo-y7p,FALSE,0,0,FALSE,a2WXt0aW76g,https://www.youtube.com/watch?v=a2WXt0aW76g,3896,Kroni Prabowo dalam Proyek Makan Bergizi Gratis (MBG) |  Bocor Alus Politik
Ugyz2C696NUeSK-tRVB4AaABAg.AHLDQ_v5YvaAHLDUaR7A9y,Ugyz2C696NUeSK-tRVB4AaABAg,reply,1 month ago,Apa iya pas debad dulu bilang makan gratis itu cuma spontan doang kali ya,@mahmud7180,FALSE,0,0,FALSE,a2WXt0aW76g,https://www.youtube.com/watch?v=a2WXt0aW76g,3896,Kroni Prabowo dalam Proyek Makan Bergizi Gratis (MBG) |  Bocor Alus Politik
Ugyp6VGCbIjObpkq-GN4AaABAg,,comment,1 month ago,"Udahlah jadi program (proyek) abal-abal, ditemukan kasus keracunan, adanya pembayaran yang belum dilunasi,, hadeuhhhh,, emang enggak ada yang bener dah",@WhiteShoes24,FALSE,0,0,FALSE,a2WXt0aW76g,https://www.youtube.com/watch?v=a2WXt0aW76g,3896,Kroni Prabowo dalam Proyek Makan Bergizi Gratis (MBG) |  Bocor Alus Politik
UgyK2ZAOTJuX6vXvIft4AaABAg,,comment,1 month ago,"Fungsinya Manusia yg pki lengan pjg merah dan tattoan itu buat apa ya , cm ngmg dikit2 aja terus jawab cm "" bisa dibaca di majalah tempo """,@Gentsukibaikugareji,FALSE,0,0,FALSE,a2WXt0aW76g,https://www.youtube.com/watch?v=a2WXt0aW76g,3896,Kroni Prabowo dalam Proyek Makan Bergizi Gratis (MBG) |  Bocor Alus Politik
UgwDYLP7eUXrjP3Qo494AaABAg,,comment,1 month ago,Kata GRATIS TAK ETIS disematkan pada program makan bergizi kalau dananya dari APBN karena APBN itu dari pajak rakyat sampai 80%😂,@endangsupenasenjaya7324,FALSE,0,0,FALSE,a2WXt0aW76g,https://www.youtube.com/watch?v=a2WXt0aW76g,3896,Kroni Prabowo dalam Proyek Makan Bergizi Gratis (MBG) |  Bocor Alus Politik
Ugz2iukJ8ntyg3fhbcd4AaABAg,,comment,1 month ago,Gk penting mgb..org tuanya kan sudah ngerti..yg jls hambur2 uang rakyat,@rulijati8598,FALSE,0,1,FALSE,a2WXt0aW76g,https://www.youtube.com/watch?v=a2WXt0aW76g,3896,Kroni Prabowo dalam Proyek Makan Bergizi Gratis (MBG) |  Bocor Alus Politik
Ugx9YIXiJ3qxkIG85Rd4AaABAg,,comment,1 month ago,Real faktanya memang begitu.😂,@Kimplus2,FALSE,0,0,FALSE,a2WXt0aW76g,https://www.youtube.com/watch?v=a2WXt0aW76g,3896,Kroni Prabowo dalam Proyek Makan Bergizi Gratis (MBG) |  Bocor Alus Politik
UgyFvwKxWkyIPV7VfKZ4AaABAg,,comment,1 month ago,"Percayalah,,,,selagi dekad klan habaib. ,tidak ada yg beres,,,,,,",@TisaRapina,FALSE,0,0,FALSE,a2WXt0aW76g,https://www.youtube.com/watch?v=a2WXt0aW76g,3896,Kroni Prabowo dalam Proyek Makan Bergizi Gratis (MBG) |  Bocor Alus Politik
Ugy5UYmsFn4xhkl3x4R4AaABAg,,comment,1 month ago,"Yg benar itu cara ,,kdm,,,,,,,sekelas presiden  kalah  sama gubenur,,,,,,,",@TisaRapina,FALSE,0,0,FALSE,a2WXt0aW76g,https://www.youtube.com/watch?v=a2WXt0aW76g,3896,Kroni Prabowo dalam Proyek Makan Bergizi Gratis (MBG) |  Bocor Alus Politik
Ugwm_rlFVODcpQs-fwZ4AaABAg,,comment,1 month ago,Sudah diduga....,@satriakacangan4271,FALSE,0,0,FALSE,a2WXt0aW76g,https://www.youtube.com/watch?v=a2WXt0aW76g,3896,Kroni Prabowo dalam Proyek Makan Bergizi Gratis (MBG) |  Bocor Alus Politik
UgzKo4X0I-ccV7MCtYN4AaABAg,,comment,1 month ago,"Bahas kartu prakerja dong 😂
Bersih gak tuh ? 
Soalnya dari modal yang di terima 
Sampe peserta mendapat modal kerja 
Ada yang janggal 😂😂😂",@naufal2815,FALSE,0,0,FALSE,a2WXt0aW76g,https://www.youtube.com/watch?v=a2WXt0aW76g,3896,Kroni Prabowo dalam Proyek Makan Bergizi Gratis (MBG) |  Bocor Alus Politik
UgwfiSJKDFSksQOGBix4AaABAg,,comment,1 month ago,"Kita sepakat, korupsi di usut,
bagimana infestigasi tempo sendiri teror kepala babi,
masa infestigasi korupsi bisa, ko infestigasi teror kepala babi tidak bisa,
padahal di depan kantor tempo sendiri,
cek dong sisi TV nya,
😂😂😂😂 bocor halus dong,
biar masarakat percaya tempo,",@AdiMarselinus,FALSE,0,0,FALSE,a2WXt0aW76g,https://www.youtube.com/watch?v=a2WXt0aW76g,3896,Kroni Prabowo dalam Proyek Makan Bergizi Gratis (MBG) |  Bocor Alus Politik
UgzZdk3qdbZA9xjOJZB4AaABAg,,comment,1 month ago,Defide et inpera,@NurhadiNurhadi-v9t,FALSE,0,0,FALSE,a2WXt0aW76g,https://www.youtube.com/watch?v=a2WXt0aW76g,3896,Kroni Prabowo dalam Proyek Makan Bergizi Gratis (MBG) |  Bocor Alus Politik
Ugzh8JZjNNu9ZhInjIR4AaABAg,,comment,1 month ago,"mnrut saya nih lho, ya...
program Bocor Alus ini sih ok
temanya berbobot
tp yg sdkit kurg sinkronnya bhw dlm nyaris mgkn seluruh eisod²nya itu kok selalu disertainya dgn ketawa ketiwi, gt?
seakan jd kurg serius penyajiannya
malah bs² sdkit condg menjd ""komedi duduk""
tp... yalah, itu haknya pemilik acara
toch, peserta jg tdk diharuskan utk menontonnya
(tetap ada jempol dr saya)",@hariantotjokro1030,FALSE,0,0,FALSE,a2WXt0aW76g,https://www.youtube.com/watch?v=a2WXt0aW76g,3896,Kroni Prabowo dalam Proyek Makan Bergizi Gratis (MBG) |  Bocor Alus Politik
Ugy9Szn5aT3AHSEa-q14AaABAg,,comment,1 month ago,"Y Allah engkau yg mh tau mn yg baik mn yg jht , tolong km bangsa Indonesia,.  Yg jls Pak Prabowo orng baik,.",@sulastriwijaya631,FALSE,0,0,FALSE,a2WXt0aW76g,https://www.youtube.com/watch?v=a2WXt0aW76g,3896,Kroni Prabowo dalam Proyek Makan Bergizi Gratis (MBG) |  Bocor Alus Politik
UgwK2PM_xL9kE0ibplJ4AaABAg,,comment,1 month ago,Proyek proyek 😂😂,@GONESA,FALSE,0,0,FALSE,a2WXt0aW76g,https://www.youtube.com/watch?v=a2WXt0aW76g,3896,Kroni Prabowo dalam Proyek Makan Bergizi Gratis (MBG) |  Bocor Alus Politik
UgyTQ8w-fnIsgoH84GB4AaABAg,,comment,1 month ago,Semoga channel Pavel 88 sukses dan terus  mengabarkan update ttg perang ISRAEL/AMERIKA VS NEGARA-NEGARA TERORIST..agar teroris  lenyap yg Mengganggu Kedamaian Dunia.,@gillespysimanungkalit2234,FALSE,0,0,FALSE,a2WXt0aW76g,https://www.youtube.com/watch?v=a2WXt0aW76g,3896,Kroni Prabowo dalam Proyek Makan Bergizi Gratis (MBG) |  Bocor Alus Politik
Ugzp-fj0PutPdoI2EpB4AaABAg,,comment,1 month ago,DIKASIH MAKAN TINGGAL MAKAN,@FOXGemee,FALSE,0,1,FALSE,a2WXt0aW76g,https://www.youtube.com/watch?v=a2WXt0aW76g,3896,Kroni Prabowo dalam Proyek Makan Bergizi Gratis (MBG) |  Bocor Alus Politik
Ugw1bpw5hlC1DuGbo6Z4AaABAg,,comment,1 month ago,Hasil masakan tempo selalu pakai bumbu penyedap dlm jumlah banyak. Mungkin takut dagangannya gak laku kalah bersaing dg masakan sebelah yg non msg.,@lukmanhakim1929,FALSE,0,1,FALSE,a2WXt0aW76g,https://www.youtube.com/watch?v=a2WXt0aW76g,3896,Kroni Prabowo dalam Proyek Makan Bergizi Gratis (MBG) |  Bocor Alus Politik
UgxuRrviC43EQi7kZHJ4AaABAg,,comment,1 month ago,"Bang tanyain bang ke yayasan yasayan yg mengelola MBG klo mau bantu program MBG nya presiden Prabowo kaga usah ngambil untung mau serebu kek lima ratus perak kek kaga usah klo bantu bantu aja udah kaga usah ikut ambil ke untungan.. klo pada ngarepin ke untungan mending bubar aja tu yayasan kalo mengharap keuntungan itu namanya mengeksploitasi anak"" dengan dalih mendukung pemerintah.",@paisalpaisal-c1l,FALSE,0,0,FALSE,a2WXt0aW76g,https://www.youtube.com/watch?v=a2WXt0aW76g,3896,Kroni Prabowo dalam Proyek Makan Bergizi Gratis (MBG) |  Bocor Alus Politik
UgyTCe5oh1qmjvzIDm94AaABAg,,comment,1 month ago,"Alah tempe gk ada yg dukung kecuali antek antek jossoros Amerika
Kami GK percaya lagu dg majalah tempe goreng😅😅😅😅",@widdodo3377,FALSE,0,1,FALSE,a2WXt0aW76g,https://www.youtube.com/watch?v=a2WXt0aW76g,3896,Kroni Prabowo dalam Proyek Makan Bergizi Gratis (MBG) |  Bocor Alus Politik
UgyssfB8qHi54GX9OvR4AaABAg,,comment,1 month ago (edited),"Mbg.... Ribet.... Kenapa tdk memberikan Uang lansung kepada ortu anak sekolah.... Diolah sendiri,dana 15 rb... Bisa Nasi bungkus, dg lauk, sayur, nasi n buah.  Minus susu.
Nasi Padang n Warteg dg paaket 13 rb sdah bergizi. Buah 2 rb.",@zunaidahanim4303,FALSE,0,0,FALSE,a2WXt0aW76g,https://www.youtube.com/watch?v=a2WXt0aW76g,3896,Kroni Prabowo dalam Proyek Makan Bergizi Gratis (MBG) |  Bocor Alus Politik
UgwKh0119kj5qsDT3Vx4AaABAg,,comment,1 month ago,"PROYEK MSBG DITENGARAI GAGAL. 
DUIT RP. 71 TR BAIKNYA MODEL BERI PANCANG KE ORANG TUA MURID YANG DIBAWA GARIS KEMISKINAN KOTA DAN DESA.
BUKAN NGASIH IKANNYA. 
TENTUKAN DEFINISI DIBAWAH GARIS KEMISKINAN...",@gunawan6172,FALSE,0,0,FALSE,a2WXt0aW76g,https://www.youtube.com/watch?v=a2WXt0aW76g,3896,Kroni Prabowo dalam Proyek Makan Bergizi Gratis (MBG) |  Bocor Alus Politik
UgyiDmGHGGObLmVxKy14AaABAg,,comment,1 month ago,Mau dapet cuan instan? Ya cuma di ALEXIS⭐17⭐ jawabannya.,@HendraKurniawan-j7g,FALSE,0,0,FALSE,a2WXt0aW76g,https://www.youtube.com/watch?v=a2WXt0aW76g,3896,Kroni Prabowo dalam Proyek Makan Bergizi Gratis (MBG) |  Bocor Alus Politik
UgwIDG9Kx--utdH7bjh4AaABAg,,comment,1 month ago,"Tempo mah suara Amerika yg mau hancurkan NKRI...
JANGAN DIPERCAYA....!!!!@",@undangiskandar2694,FALSE,0,0,FALSE,a2WXt0aW76g,https://www.youtube.com/watch?v=a2WXt0aW76g,3896,Kroni Prabowo dalam Proyek Makan Bergizi Gratis (MBG) |  Bocor Alus Politik
UgzFIYzjVbzkaoYr_Fh4AaABAg,,comment,1 month ago,Prigram untbkroni,@endangbudi6269,FALSE,0,0,FALSE,a2WXt0aW76g,https://www.youtube.com/watch?v=a2WXt0aW76g,3896,Kroni Prabowo dalam Proyek Makan Bergizi Gratis (MBG) |  Bocor Alus Politik
Ugzz7r-4evt1up4o8mN4AaABAg,,comment,1 month ago,ruangan baru BAP😅,@arrumiawis6077,FALSE,0,0,FALSE,a2WXt0aW76g,https://www.youtube.com/watch?v=a2WXt0aW76g,3896,Kroni Prabowo dalam Proyek Makan Bergizi Gratis (MBG) |  Bocor Alus Politik
UgyO4ozfZk9El5RoS2p4AaABAg,,comment,1 month ago,Mbg banyak yang keracunan.,@sukirdjibsc7929,FALSE,0,0,FALSE,a2WXt0aW76g,https://www.youtube.com/watch?v=a2WXt0aW76g,3896,Kroni Prabowo dalam Proyek Makan Bergizi Gratis (MBG) |  Bocor Alus Politik
UgxpF7EFSKhp-rXyDe94AaABAg,,comment,1 month ago,"produk pemerintah mana ada yg lurus bro ?. satu2nya produknya yg sangat sukses ya pajak, bayarnya pasti dananya gak tau kemana..",@endroeffendi4411,FALSE,0,0,FALSE,a2WXt0aW76g,https://www.youtube.com/watch?v=a2WXt0aW76g,3896,Kroni Prabowo dalam Proyek Makan Bergizi Gratis (MBG) |  Bocor Alus Politik
UgwoSiBm5Z-3Q1EVDFx4AaABAg,,comment,1 month ago,Tempo....... Amati.... Awas..... Kritisi....... !!!!!!?????.,@mastrio3707,FALSE,0,0,FALSE,a2WXt0aW76g,https://www.youtube.com/watch?v=a2WXt0aW76g,3896,Kroni Prabowo dalam Proyek Makan Bergizi Gratis (MBG) |  Bocor Alus Politik
Ugzxnl9mgCeMmerThsR4AaABAg,,comment,1 month ago,Tempo Krennn...Omon 2 ketar ketir,@ramsesnababan1071,FALSE,0,0,FALSE,a2WXt0aW76g,https://www.youtube.com/watch?v=a2WXt0aW76g,3896,Kroni Prabowo dalam Proyek Makan Bergizi Gratis (MBG) |  Bocor Alus Politik
Ugyxx3SUXtEX-xfylgh4AaABAg,,comment,1 month ago,BOCOR ALUS LANJUT TERUS... SEMAKIN DI PERBANYAK... SAYA DUKUNG 10000%...❤,@yudhiriswanto1107,FALSE,0,0,FALSE,a2WXt0aW76g,https://www.youtube.com/watch?v=a2WXt0aW76g,3896,Kroni Prabowo dalam Proyek Makan Bergizi Gratis (MBG) |  Bocor Alus Politik
UgxM4iBV8k2RxhHVCU54AaABAg,,comment,1 month ago,😀😃😄😉😆🤑😝🤪😛,@sumidonost6461,FALSE,0,0,FALSE,a2WXt0aW76g,https://www.youtube.com/watch?v=a2WXt0aW76g,3896,Kroni Prabowo dalam Proyek Makan Bergizi Gratis (MBG) |  Bocor Alus Politik
UgwGQt7zg81iz4-5J-V4AaABAg,,comment,1 month ago,"Awaaaaaas  T E M P E.......... 
Tak usah  didengar  cara merusaknya",@SuwignyoSuwignyo-t1r,FALSE,0,0,FALSE,a2WXt0aW76g,https://www.youtube.com/watch?v=a2WXt0aW76g,3896,Kroni Prabowo dalam Proyek Makan Bergizi Gratis (MBG) |  Bocor Alus Politik
UgwBBKe0SLBk3w47cA94AaABAg,,comment,1 month ago,"Sama aja , niat memperkaya diri dan kroni .. nggak ada perbaikan.. lanjutkan Tempo .. buka borok negeri ini",@chlisot77,FALSE,0,0,FALSE,a2WXt0aW76g,https://www.youtube.com/watch?v=a2WXt0aW76g,3896,Kroni Prabowo dalam Proyek Makan Bergizi Gratis (MBG) |  Bocor Alus Politik
UgyRWL13JlKhq6LhPqp4AaABAg,,comment,1 month ago,Soros,@SusiloWardoyo-bo6pf,FALSE,0,0,FALSE,a2WXt0aW76g,https://www.youtube.com/watch?v=a2WXt0aW76g,3896,Kroni Prabowo dalam Proyek Makan Bergizi Gratis (MBG) |  Bocor Alus Politik
UgzW2vrgqWIUYjkFPRh4AaABAg,,comment,1 month ago,Jaukan. Koropsi,@HjHenu,FALSE,0,0,FALSE,a2WXt0aW76g,https://www.youtube.com/watch?v=a2WXt0aW76g,3896,Kroni Prabowo dalam Proyek Makan Bergizi Gratis (MBG) |  Bocor Alus Politik
UgxEf7-QkOTdzsH3PJB4AaABAg,,comment,1 month ago,Bagus❤😂🎉😢😮😅😊,@HjHenu,FALSE,0,0,FALSE,a2WXt0aW76g,https://www.youtube.com/watch?v=a2WXt0aW76g,3896,Kroni Prabowo dalam Proyek Makan Bergizi Gratis (MBG) |  Bocor Alus Politik
UgxRIEorTw-AP8H5Yzd4AaABAg,,comment,1 month ago,engga sia sia aku nemuin ̠✌ 𝑨𝑳𝑬𝑿𝑰𝑺17  ✌】 gamenya terbaik.,@DediSeptiani-x9u,FALSE,0,0,FALSE,a2WXt0aW76g,https://www.youtube.com/watch?v=a2WXt0aW76g,3896,Kroni Prabowo dalam Proyek Makan Bergizi Gratis (MBG) |  Bocor Alus Politik
UgwFH-X-s7hviagyFM54AaABAg,,comment,1 month ago,Bro memasak tiap hari😂😂,@Alfynwendi,FALSE,0,0,FALSE,a2WXt0aW76g,https://www.youtube.com/watch?v=a2WXt0aW76g,3896,Kroni Prabowo dalam Proyek Makan Bergizi Gratis (MBG) |  Bocor Alus Politik
UgzoQPiCxtK11YVg7kt4AaABAg,,comment,1 month ago,Te mpo wakil suara rakyat yang bersih kredibel dan tajam.  Kepaja babi di masak sajikan ke istana,@TuminganJawa,FALSE,0,0,FALSE,a2WXt0aW76g,https://www.youtube.com/watch?v=a2WXt0aW76g,3896,Kroni Prabowo dalam Proyek Makan Bergizi Gratis (MBG) |  Bocor Alus Politik
Ugzn5xYowvBIGRrdvvV4AaABAg,,comment,1 month ago,"Prabowo Gibran itu bukan sosok pemimpin yang baik, mereka hanya ngotot ingin berkuasa tapi tidak bisa bekerja... Resafel Prabowo Gibran✊✊",@emansulaiman2076,FALSE,0,28,FALSE,a2WXt0aW76g,https://www.youtube.com/watch?v=a2WXt0aW76g,3896,Kroni Prabowo dalam Proyek Makan Bergizi Gratis (MBG) |  Bocor Alus Politik
UgzH6bXIPFGL-7sUMyt4AaABAg,,comment,1 month ago,Proyek MBG cuma memberi kesempatan untuk koropsi apalagi MBG gak merata kasian di daerah kami blum ada MBG malah ada yg keracunan,@subandrio5456,FALSE,0,0,FALSE,a2WXt0aW76g,https://www.youtube.com/watch?v=a2WXt0aW76g,3896,Kroni Prabowo dalam Proyek Makan Bergizi Gratis (MBG) |  Bocor Alus Politik
UgxGBGFugidyW1BbBXF4AaABAg,,comment,1 month ago,proses 5 tahun sekali jangan jangan adalah proses gantian merampok uang negara dengan berbagai proyeknya dengan kata2 manis atas nama RAKYAT maknya jadi masyarakat jangan bodo2 banget,@Story_Maker-One,FALSE,0,0,FALSE,a2WXt0aW76g,https://www.youtube.com/watch?v=a2WXt0aW76g,3896,Kroni Prabowo dalam Proyek Makan Bergizi Gratis (MBG) |  Bocor Alus Politik
UgzPH1YfnQn5j3zAHzB4AaABAg,,comment,1 month ago,😂😂😂,@ArsadMaulana-v3t,FALSE,0,0,FALSE,a2WXt0aW76g,https://www.youtube.com/watch?v=a2WXt0aW76g,3896,Kroni Prabowo dalam Proyek Makan Bergizi Gratis (MBG) |  Bocor Alus Politik
UgyRIPctVfOPKsPZj7J4AaABAg,,comment,1 month ago,Saldo sisa sedikit langsung di kasih menang di 𝘼𝙇𝙀𝙓𝙄𝙎17!,@SariPutri-v3f,FALSE,0,0,FALSE,a2WXt0aW76g,https://www.youtube.com/watch?v=a2WXt0aW76g,3896,Kroni Prabowo dalam Proyek Makan Bergizi Gratis (MBG) |  Bocor Alus Politik
Ugw1O-zTawhs6Ki7Gnl4AaABAg,,comment,1 month ago,Bikin program kok gak bermutu Makan Bergzi Gratis anak saya klas 6 skrng kok pernah ada makan gratis.,@PrihantoroPrihantoro-nz7jv,FALSE,0,0,FALSE,a2WXt0aW76g,https://www.youtube.com/watch?v=a2WXt0aW76g,3896,Kroni Prabowo dalam Proyek Makan Bergizi Gratis (MBG) |  Bocor Alus Politik
UgwrfTizKKzYRNcjw4d4AaABAg,,comment,1 month ago,Tempo sekarang termasuk media yang pesimis terhadap masa depan Indonesia,@ariefamiharyanto3568,FALSE,0,0,FALSE,a2WXt0aW76g,https://www.youtube.com/watch?v=a2WXt0aW76g,3896,Kroni Prabowo dalam Proyek Makan Bergizi Gratis (MBG) |  Bocor Alus Politik
Ugw7tQ6nbniswIX78v54AaABAg,,comment,1 month ago,Data jokowi di kpu tiba tiba ilang ngab,@AnamLu950,FALSE,0,0,FALSE,a2WXt0aW76g,https://www.youtube.com/watch?v=a2WXt0aW76g,3896,Kroni Prabowo dalam Proyek Makan Bergizi Gratis (MBG) |  Bocor Alus Politik
UgyeE4HZGJhnM9n0ALZ4AaABAg,,comment,1 month ago,Presiden kami prabowo.yg kami banggakan.,@erdiharmison5729,FALSE,0,0,FALSE,a2WXt0aW76g,https://www.youtube.com/watch?v=a2WXt0aW76g,3896,Kroni Prabowo dalam Proyek Makan Bergizi Gratis (MBG) |  Bocor Alus Politik
Ugzm3d5hi2pU7Z8lPx14AaABAg,,comment,1 month ago,"Di daerah kami harganya nyampai sekiaaannnn tak sesuai dgn aslinya...terlalu banyak potongan,kasihan pak presiden..",@adkom4709,FALSE,0,0,FALSE,a2WXt0aW76g,https://www.youtube.com/watch?v=a2WXt0aW76g,3896,Kroni Prabowo dalam Proyek Makan Bergizi Gratis (MBG) |  Bocor Alus Politik
UgwGm7kmhTU41a6d8QR4AaABAg,,comment,1 month ago,Satu kata mantap,@remiedison7269,FALSE,0,0,FALSE,a2WXt0aW76g,https://www.youtube.com/watch?v=a2WXt0aW76g,3896,Kroni Prabowo dalam Proyek Makan Bergizi Gratis (MBG) |  Bocor Alus Politik
UgzpDoDDL1v7JIZkQjd4AaABAg,,comment,1 month ago,"Anak muda yg berjuang utk negara . Tdk akan pernah pesimis sebelum terbukti , berpikiran jernih d sudut gelap sekalipun .",@RanuNasid,FALSE,0,0,FALSE,a2WXt0aW76g,https://www.youtube.com/watch?v=a2WXt0aW76g,3896,Kroni Prabowo dalam Proyek Makan Bergizi Gratis (MBG) |  Bocor Alus Politik
UgyhCtnITrqKPGrNeXJ4AaABAg,,comment,1 month ago,"Tempo selalu di hati, kritis, lugas, tegas. ❤",@AnselmuspaduAnselmus,FALSE,0,0,FALSE,a2WXt0aW76g,https://www.youtube.com/watch?v=a2WXt0aW76g,3896,Kroni Prabowo dalam Proyek Makan Bergizi Gratis (MBG) |  Bocor Alus Politik
UgxwsUpM-DjNWIScz4l4AaABAg,,comment,1 month ago (edited),Ya Kirain Program Tulus Padahal Program Bulus Hanya Demi Mengenyangkan Kelompoknya Rupanya......!!!!!,@rapi1251,FALSE,0,0,FALSE,a2WXt0aW76g,https://www.youtube.com/watch?v=a2WXt0aW76g,3896,Kroni Prabowo dalam Proyek Makan Bergizi Gratis (MBG) |  Bocor Alus Politik
UgyZw0qa_ebyVSL7ZG94AaABAg,,comment,1 month ago,Syalom maaf. Kalau komen sta tak brapa bagus mengenai proyek makan. Gratis  apa ka tidak. Repot  Dan apakah Bisa kalau. Sekola. Gratis kulia. Gratis  jadi perintah. Hanya bayar sekolah  jadi tidak repot la dapur dapur  lebih. Baik. Sekola. Gratis  tidak repot. Lagi masak jadi uang sekola. ORANG tua masing masing. Belikan. Makan an. Bergisi.,@RianPonglabba-q3b,FALSE,0,0,FALSE,a2WXt0aW76g,https://www.youtube.com/watch?v=a2WXt0aW76g,3896,Kroni Prabowo dalam Proyek Makan Bergizi Gratis (MBG) |  Bocor Alus Politik
UgzQPrLnA-4jseiPvpB4AaABAg,,comment,1 month ago,Program ini dihentikan dlu lbh baik fokus perkuat ekonomi rakyat yg saat ini lg sulit krn perang dagang global jgn krn makan gratis akhirnya rakyat menangis,@Kityycity_25,FALSE,0,0,FALSE,a2WXt0aW76g,https://www.youtube.com/watch?v=a2WXt0aW76g,3896,Kroni Prabowo dalam Proyek Makan Bergizi Gratis (MBG) |  Bocor Alus Politik
UgyqB9w0whqqz8qd5Wd4AaABAg,,comment,1 month ago,Pak Prabowo berikan org2 ini sedikit kecipratan MBG biar ga usah banyak ngoceh.,@Jackson-lx8vu,FALSE,0,0,FALSE,a2WXt0aW76g,https://www.youtube.com/watch?v=a2WXt0aW76g,3896,Kroni Prabowo dalam Proyek Makan Bergizi Gratis (MBG) |  Bocor Alus Politik
UgwZukSUpHwfha_kGGR4AaABAg,,comment,1 month ago,MBG : Mas Bowo Gemoy,@bobimobil5344,FALSE,0,0,FALSE,a2WXt0aW76g,https://www.youtube.com/watch?v=a2WXt0aW76g,3896,Kroni Prabowo dalam Proyek Makan Bergizi Gratis (MBG) |  Bocor Alus Politik
UgytuftTtVVaZCzpmPF4AaABAg,,comment,1 month ago,"Yg mkn bergizi gratis , para koroptor & manusia2 gajah hingga buncit bebas dr jeratan",@Yaminiyamini-c8u,FALSE,0,0,FALSE,a2WXt0aW76g,https://www.youtube.com/watch?v=a2WXt0aW76g,3896,Kroni Prabowo dalam Proyek Makan Bergizi Gratis (MBG) |  Bocor Alus Politik
UgyZ4h1U7bccUqOrZXF4AaABAg,,comment,1 month ago,Kita maunya sekolah gratis pak bkan mkn gratis gk nyambung,@AmyambarwatiAmy,FALSE,0,0,FALSE,a2WXt0aW76g,https://www.youtube.com/watch?v=a2WXt0aW76g,3896,Kroni Prabowo dalam Proyek Makan Bergizi Gratis (MBG) |  Bocor Alus Politik
UgxGyXgQrcyEZRiQt-N4AaABAg,,comment,1 month ago,"Ya benar, ini proyek",@juangsedekah,FALSE,0,0,FALSE,a2WXt0aW76g,https://www.youtube.com/watch?v=a2WXt0aW76g,3896,Kroni Prabowo dalam Proyek Makan Bergizi Gratis (MBG) |  Bocor Alus Politik
UgxNJRNVAnSdADyL7K14AaABAg,,comment,1 month ago,Hanya Allah yg tahu baik buruknya manusia berbuat  sesuatu dan Akherat menanti pertanggungjawabanmu dihadapan Allah. Mari kita berbuat baik tuk bangsa dan negara.,@srimargiastuti5221,FALSE,0,0,FALSE,a2WXt0aW76g,https://www.youtube.com/watch?v=a2WXt0aW76g,3896,Kroni Prabowo dalam Proyek Makan Bergizi Gratis (MBG) |  Bocor Alus Politik
UgxVTxo73mvsYoWu3uB4AaABAg,,comment,1 month ago,"ironinya, kita tahu mereka mencuri secara terang terangan dalam korupsi makan bergizi gratis",@pendekarmalam3012,FALSE,0,0,FALSE,a2WXt0aW76g,https://www.youtube.com/watch?v=a2WXt0aW76g,3896,Kroni Prabowo dalam Proyek Makan Bergizi Gratis (MBG) |  Bocor Alus Politik
UgySzzz4UsQ4zVGZo2t4AaABAg,,comment,1 month ago,Terima kasih tempo,@RanuWardoyo-z7i,FALSE,0,0,FALSE,a2WXt0aW76g,https://www.youtube.com/watch?v=a2WXt0aW76g,3896,Kroni Prabowo dalam Proyek Makan Bergizi Gratis (MBG) |  Bocor Alus Politik
Ugz6WeJlT69gQjW6niB4AaABAg,,comment,1 month ago,Semoga kebenaran segera nyata❤❤❤.,@herlinasimanjuntak5670,FALSE,0,0,FALSE,a2WXt0aW76g,https://www.youtube.com/watch?v=a2WXt0aW76g,3896,Kroni Prabowo dalam Proyek Makan Bergizi Gratis (MBG) |  Bocor Alus Politik
UgxZ2qQHka8z10XaDdt4AaABAg,,comment,1 month ago,Nah sdh mendarah daging model bgini,@suharyati-rb7qh,FALSE,0,0,FALSE,a2WXt0aW76g,https://www.youtube.com/watch?v=a2WXt0aW76g,3896,Kroni Prabowo dalam Proyek Makan Bergizi Gratis (MBG) |  Bocor Alus Politik
UgwP61YzAzYM9bLnTpp4AaABAg,,comment,1 month ago,Soros,@fandiKeumala14-uk5qg,FALSE,0,0,FALSE,a2WXt0aW76g,https://www.youtube.com/watch?v=a2WXt0aW76g,3896,Kroni Prabowo dalam Proyek Makan Bergizi Gratis (MBG) |  Bocor Alus Politik
UgzoSC1xjjpMCraP2ZZ4AaABAg,,comment,1 month ago,Soros,@fandiKeumala14-uk5qg,FALSE,0,0,FALSE,a2WXt0aW76g,https://www.youtube.com/watch?v=a2WXt0aW76g,3896,Kroni Prabowo dalam Proyek Makan Bergizi Gratis (MBG) |  Bocor Alus Politik
UgwjQdoQxKUizx7HmHh4AaABAg,,comment,1 month ago,Soros,@fandiKeumala14-uk5qg,FALSE,0,0,FALSE,a2WXt0aW76g,https://www.youtube.com/watch?v=a2WXt0aW76g,3896,Kroni Prabowo dalam Proyek Makan Bergizi Gratis (MBG) |  Bocor Alus Politik
Ugy6mVOR_edDWwcMhiV4AaABAg,,comment,1 month ago,Soros,@fandiKeumala14-uk5qg,FALSE,0,0,FALSE,a2WXt0aW76g,https://www.youtube.com/watch?v=a2WXt0aW76g,3896,Kroni Prabowo dalam Proyek Makan Bergizi Gratis (MBG) |  Bocor Alus Politik
UgxR2XEXuDJpaK2z2UV4AaABAg,,comment,1 month ago,Soros,@fandiKeumala14-uk5qg,FALSE,0,0,FALSE,a2WXt0aW76g,https://www.youtube.com/watch?v=a2WXt0aW76g,3896,Kroni Prabowo dalam Proyek Makan Bergizi Gratis (MBG) |  Bocor Alus Politik
UgyCziCc-haDn7mOv754AaABAg,,comment,1 month ago,Soros,@fandiKeumala14-uk5qg,FALSE,0,0,FALSE,a2WXt0aW76g,https://www.youtube.com/watch?v=a2WXt0aW76g,3896,Kroni Prabowo dalam Proyek Makan Bergizi Gratis (MBG) |  Bocor Alus Politik
UgwdwTkyC4NAE02wztd4AaABAg,,comment,1 month ago,Soros,@fandiKeumala14-uk5qg,FALSE,0,0,FALSE,a2WXt0aW76g,https://www.youtube.com/watch?v=a2WXt0aW76g,3896,Kroni Prabowo dalam Proyek Makan Bergizi Gratis (MBG) |  Bocor Alus Politik
UgxkO8UlgUeD80SVyXl4AaABAg,,comment,1 month ago,Soros,@fandiKeumala14-uk5qg,FALSE,0,0,FALSE,a2WXt0aW76g,https://www.youtube.com/watch?v=a2WXt0aW76g,3896,Kroni Prabowo dalam Proyek Makan Bergizi Gratis (MBG) |  Bocor Alus Politik
UgwhVN03ziXj-QCQ_JJ4AaABAg,,comment,1 month ago,Soros,@fandiKeumala14-uk5qg,FALSE,0,0,FALSE,a2WXt0aW76g,https://www.youtube.com/watch?v=a2WXt0aW76g,3896,Kroni Prabowo dalam Proyek Makan Bergizi Gratis (MBG) |  Bocor Alus Politik
UgwhOhCScOY-O46SA1h4AaABAg,,comment,1 month ago,Soros,@fandiKeumala14-uk5qg,FALSE,0,0,FALSE,a2WXt0aW76g,https://www.youtube.com/watch?v=a2WXt0aW76g,3896,Kroni Prabowo dalam Proyek Makan Bergizi Gratis (MBG) |  Bocor Alus Politik
UgxXZMjB9Elj09aIDw94AaABAg,,comment,1 month ago,Soros,@fandiKeumala14-uk5qg,FALSE,0,0,FALSE,a2WXt0aW76g,https://www.youtube.com/watch?v=a2WXt0aW76g,3896,Kroni Prabowo dalam Proyek Makan Bergizi Gratis (MBG) |  Bocor Alus Politik
UgxpqyE75U7P91n8yXx4AaABAg,,comment,1 month ago,Soros,@fandiKeumala14-uk5qg,FALSE,0,0,FALSE,a2WXt0aW76g,https://www.youtube.com/watch?v=a2WXt0aW76g,3896,Kroni Prabowo dalam Proyek Makan Bergizi Gratis (MBG) |  Bocor Alus Politik
Ugz6MvQV9jq4IGZ_NWV4AaABAg,,comment,1 month ago,Soros,@fandiKeumala14-uk5qg,FALSE,0,0,FALSE,a2WXt0aW76g,https://www.youtube.com/watch?v=a2WXt0aW76g,3896,Kroni Prabowo dalam Proyek Makan Bergizi Gratis (MBG) |  Bocor Alus Politik
UgyW-Bhti-mGGOPPF5N4AaABAg,,comment,1 month ago,Soros,@fandiKeumala14-uk5qg,FALSE,0,0,FALSE,a2WXt0aW76g,https://www.youtube.com/watch?v=a2WXt0aW76g,3896,Kroni Prabowo dalam Proyek Makan Bergizi Gratis (MBG) |  Bocor Alus Politik
UgzpX8GH-qUKe7PY96d4AaABAg,,comment,1 month ago,Soros,@fandiKeumala14-uk5qg,FALSE,0,0,FALSE,a2WXt0aW76g,https://www.youtube.com/watch?v=a2WXt0aW76g,3896,Kroni Prabowo dalam Proyek Makan Bergizi Gratis (MBG) |  Bocor Alus Politik
UgwHRt4Yd7THh2ZE1iV4AaABAg,,comment,1 month ago,Biasanya banyak iklan judi online nih pada kemana mudah mudahan sudah hilang judol,@royyantohuntu4837,FALSE,0,0,FALSE,a2WXt0aW76g,https://www.youtube.com/watch?v=a2WXt0aW76g,3896,Kroni Prabowo dalam Proyek Makan Bergizi Gratis (MBG) |  Bocor Alus Politik
UgzgIs1hICFjdRyVT-x4AaABAg,,comment,1 month ago,"MBG itu harusnya bukan nasi kotak, harusnya yang di berdayakan itu kantinya biar yang punya kantin juga dapet hasil, ini malah paki nasi kotak, salah konsep boss",@ahmadfaizin4016,FALSE,0,0,FALSE,a2WXt0aW76g,https://www.youtube.com/watch?v=a2WXt0aW76g,3896,Kroni Prabowo dalam Proyek Makan Bergizi Gratis (MBG) |  Bocor Alus Politik
UgwF48Xe7eynYMFV_4x4AaABAg,,comment,1 month ago,"Polanya sudah jelas:
UU TNI: memberdayakan teman-teman agar bisa menjabat tugas sipil.
MBG: Memberdayakan Grup  dilevel berikutnya...
Arahnya kemungkinan besar adalah memperkuat fondasi menuju 2029...   🤣🤪🤣",@abetyoga1080,FALSE,0,0,FALSE,a2WXt0aW76g,https://www.youtube.com/watch?v=a2WXt0aW76g,3896,Kroni Prabowo dalam Proyek Makan Bergizi Gratis (MBG) |  Bocor Alus Politik
UgxpZXAsXrLWA76LkjV4AaABAg,,comment,1 month ago,Mbg ladang empuk korop,@yatminahbantir7547,FALSE,0,0,FALSE,a2WXt0aW76g,https://www.youtube.com/watch?v=a2WXt0aW76g,3896,Kroni Prabowo dalam Proyek Makan Bergizi Gratis (MBG) |  Bocor Alus Politik
UgwJWdApxeSzOUir0px4AaABAg,,comment,1 month ago,"otak korup yang udah mendarah daging memang sulit untuk tidak ngiler ketika melihat uang, hadeuhhhhhh",@ahmadfaizin4016,FALSE,0,0,FALSE,a2WXt0aW76g,https://www.youtube.com/watch?v=a2WXt0aW76g,3896,Kroni Prabowo dalam Proyek Makan Bergizi Gratis (MBG) |  Bocor Alus Politik
UgwHasxQ962b2Sf3G7J4AaABAg,,comment,1 month ago,"2029 gua gk yakin pak Anies bisa maju jadi capres dan menang. Karena orang2 koruptor ini, dari BUMN sampai ke proyek2 Jokowi dan Prabowo yg bnyk ladang basahnya, bisa2 dimiskinkan semua orang2 ini.",@rahmadaldo7070,FALSE,0,0,FALSE,a2WXt0aW76g,https://www.youtube.com/watch?v=a2WXt0aW76g,3896,Kroni Prabowo dalam Proyek Makan Bergizi Gratis (MBG) |  Bocor Alus Politik
UgwR0uS8uk_GW3gHWyJ4AaABAg,,comment,1 month ago,Alhamdulillah semoga Tempo danco bongkar obrolan birocor Alus untuk Publik Indonesia 🙏🇮🇩❤,@ahmadsalamin2977,FALSE,0,0,FALSE,a2WXt0aW76g,https://www.youtube.com/watch?v=a2WXt0aW76g,3896,Kroni Prabowo dalam Proyek Makan Bergizi Gratis (MBG) |  Bocor Alus Politik
Ugy5SepmipzV1OVZhCF4AaABAg,,comment,1 month ago,Korupsi itu dari rakyat sampai pejabat 😂😂😂😂😂,@sugengmts1317,FALSE,0,0,FALSE,a2WXt0aW76g,https://www.youtube.com/watch?v=a2WXt0aW76g,3896,Kroni Prabowo dalam Proyek Makan Bergizi Gratis (MBG) |  Bocor Alus Politik
UgxYGiR9XL5topf-MIZ4AaABAg,,comment,1 month ago,Canel fitnah,@retnowinarti2405,FALSE,0,0,FALSE,a2WXt0aW76g,https://www.youtube.com/watch?v=a2WXt0aW76g,3896,Kroni Prabowo dalam Proyek Makan Bergizi Gratis (MBG) |  Bocor Alus Politik
UgwP3ByCo_Krif1ZWsZ4AaABAg,,comment,1 month ago,kapan ya anak-anakku bisa merasakan...,@aryanto5757,FALSE,0,0,FALSE,a2WXt0aW76g,https://www.youtube.com/watch?v=a2WXt0aW76g,3896,Kroni Prabowo dalam Proyek Makan Bergizi Gratis (MBG) |  Bocor Alus Politik
UgxWK4pyzEyihwBXh5h4AaABAg,,comment,1 month ago,"soros kekiri soros kekanan, la la la la la la la la😅",@faazbimahasenalmuttaqi5660,FALSE,0,0,FALSE,a2WXt0aW76g,https://www.youtube.com/watch?v=a2WXt0aW76g,3896,Kroni Prabowo dalam Proyek Makan Bergizi Gratis (MBG) |  Bocor Alus Politik
UgxI021Lh3nl6_QAeux4AaABAg,,comment,1 month ago,"Tempo media yang di tunggangi asing,,jngan mau di adu domba sama bocor alus,,awalnya q respek,,tapi sekarang gak lgi,,",@taubat28-m9b,FALSE,0,0,FALSE,a2WXt0aW76g,https://www.youtube.com/watch?v=a2WXt0aW76g,3896,Kroni Prabowo dalam Proyek Makan Bergizi Gratis (MBG) |  Bocor Alus Politik
Ugw2JWjb3CXH5xatgyV4AaABAg,,comment,1 month ago,Apakah tempo di  di danai asing   jangan menjadi penghianat bangsa,@huseinm6185,FALSE,1,0,FALSE,a2WXt0aW76g,https://www.youtube.com/watch?v=a2WXt0aW76g,3896,Kroni Prabowo dalam Proyek Makan Bergizi Gratis (MBG) |  Bocor Alus Politik
UgzOM3XaCc5Mi23506l4AaABAg,,comment,1 month ago,😂😂😂,@isye_nonaku17,FALSE,0,0,FALSE,a2WXt0aW76g,https://www.youtube.com/watch?v=a2WXt0aW76g,3896,Kroni Prabowo dalam Proyek Makan Bergizi Gratis (MBG) |  Bocor Alus Politik
UgyFdZhcXEX9_0qquhp4AaABAg,,comment,1 month ago,ga pernah ragu milih situs BULAN4D yang pasti jelas hasil kemenangan nya ga pernah di raguin lagi kualitas situs nya mantap pokonya,@AngelinaPutri-p5k,FALSE,0,0,FALSE,a2WXt0aW76g,https://www.youtube.com/watch?v=a2WXt0aW76g,3896,Kroni Prabowo dalam Proyek Makan Bergizi Gratis (MBG) |  Bocor Alus Politik
UgwOaeHodbgB0A9eZOp4AaABAg,,comment,1 month ago,"Program proyek makan bergizi gratis buat para tim  Sukses ...
Biasalah urusan perut.. akal dan ahlak ga perlu  😇😇",@daudrudy9571,FALSE,0,0,FALSE,a2WXt0aW76g,https://www.youtube.com/watch?v=a2WXt0aW76g,3896,Kroni Prabowo dalam Proyek Makan Bergizi Gratis (MBG) |  Bocor Alus Politik
UgzbRCrRpdeKwZV7c2d4AaABAg,,comment,1 month ago,Kepulauan riau ngreriiiiiii cuy......,@iwane7,FALSE,0,0,FALSE,a2WXt0aW76g,https://www.youtube.com/watch?v=a2WXt0aW76g,3896,Kroni Prabowo dalam Proyek Makan Bergizi Gratis (MBG) |  Bocor Alus Politik
Ugzm2zXrkjy95rge9Ox4AaABAg,,comment,1 month ago,oh ini  Tempe rempo yaa  kritik itu membangun jangan memecah belah,@sutikno8090,FALSE,0,0,FALSE,a2WXt0aW76g,https://www.youtube.com/watch?v=a2WXt0aW76g,3896,Kroni Prabowo dalam Proyek Makan Bergizi Gratis (MBG) |  Bocor Alus Politik
Ugx9vR4fdILIQc7o2px4AaABAg,,comment,1 month ago,"ni negatif thinking aja,ada apa ya",@bambangmargono6632,FALSE,0,0,FALSE,a2WXt0aW76g,https://www.youtube.com/watch?v=a2WXt0aW76g,3896,Kroni Prabowo dalam Proyek Makan Bergizi Gratis (MBG) |  Bocor Alus Politik
UgxT6P6MvpLycNL5het4AaABAg,,comment,1 month ago,dari awal juga sudah mengira bakal dicaplok oleh para pencari cuan,@megakembara,FALSE,0,0,FALSE,a2WXt0aW76g,https://www.youtube.com/watch?v=a2WXt0aW76g,3896,Kroni Prabowo dalam Proyek Makan Bergizi Gratis (MBG) |  Bocor Alus Politik
Ugw2JWjb3CXH5xatgyV4AaABAg.AHHsWbf9JCQAHIPVFDf2nw,Ugw2JWjb3CXH5xatgyV4AaABAg,reply,1 month ago,orang asli bangsa aja mengkhianati negara sendiri kok wkwkwk,@GundulOkke,FALSE,0,0,FALSE,a2WXt0aW76g,https://www.youtube.com/watch?v=a2WXt0aW76g,3896,Kroni Prabowo dalam Proyek Makan Bergizi Gratis (MBG) |  Bocor Alus Politik
UgxDYhBtUbzCYpZv8-h4AaABAg,,comment,1 month ago,gw sekolah di min2 tangsel  mbg nya kadang basi jir lawak ujung nya gapada makan,@cafiea,FALSE,0,0,FALSE,a2WXt0aW76g,https://www.youtube.com/watch?v=a2WXt0aW76g,3896,Kroni Prabowo dalam Proyek Makan Bergizi Gratis (MBG) |  Bocor Alus Politik
UgywKYgVnmsJxyQvwRZ4AaABAg,,comment,1 month ago (edited),Hanya Tempo yg bisa dipercaya...Only Tempo We Trust...media2 lain bagaikan macan ompong...beritanya semua seragam 😅,@Ariwa-x1h,FALSE,0,0,FALSE,a2WXt0aW76g,https://www.youtube.com/watch?v=a2WXt0aW76g,3896,Kroni Prabowo dalam Proyek Makan Bergizi Gratis (MBG) |  Bocor Alus Politik
UgzHX7WrkkmiYH-QrN54AaABAg,,comment,1 month ago,"Hidup tempo.
Kerennn",@gustyYakum,FALSE,0,0,FALSE,a2WXt0aW76g,https://www.youtube.com/watch?v=a2WXt0aW76g,3896,Kroni Prabowo dalam Proyek Makan Bergizi Gratis (MBG) |  Bocor Alus Politik
UgxWFzk8AtjVRy96Axp4AaABAg,,comment,1 month ago,"Pandai pak presiden, ciptakan lowongan kerja DARI KITA UNTUK KITA.",@syams1479,FALSE,0,0,FALSE,a2WXt0aW76g,https://www.youtube.com/watch?v=a2WXt0aW76g,3896,Kroni Prabowo dalam Proyek Makan Bergizi Gratis (MBG) |  Bocor Alus Politik
UgxZi-UPnFsF-aN15Zx4AaABAg,,comment,1 month ago,Sehat sehat jurnalis tempo❤,@aliadisaputra1491,FALSE,0,0,FALSE,a2WXt0aW76g,https://www.youtube.com/watch?v=a2WXt0aW76g,3896,Kroni Prabowo dalam Proyek Makan Bergizi Gratis (MBG) |  Bocor Alus Politik
UgxtKjKZ3QOYVhHyHdJ4AaABAg,,comment,1 month ago,"Tempo makin kemari, makin tidak netral hanya media yg mencari aib pemimpin negri ini, terlihat hanya seperti media pesanan dan adu domba.",@ridhovagaence1549,FALSE,0,0,FALSE,a2WXt0aW76g,https://www.youtube.com/watch?v=a2WXt0aW76g,3896,Kroni Prabowo dalam Proyek Makan Bergizi Gratis (MBG) |  Bocor Alus Politik
UgwblRATxAAUBi5lGBp4AaABAg,,comment,1 month ago,"x ini saya setuju dgn anda min. program bagus, hanya kroni kroni nya ini yg  menghancurkan program itu sendiri. 😂",@rasinggarputriamierat8784,FALSE,0,0,FALSE,a2WXt0aW76g,https://www.youtube.com/watch?v=a2WXt0aW76g,3896,Kroni Prabowo dalam Proyek Makan Bergizi Gratis (MBG) |  Bocor Alus Politik
Ugwukpk-2VdN9eINijZ4AaABAg,,comment,1 month ago,kan program ya ? kok ga di evaluasi ? kok KPK masi join chat aja belum respon ??,@nicolaussuryadharma,FALSE,0,0,FALSE,a2WXt0aW76g,https://www.youtube.com/watch?v=a2WXt0aW76g,3896,Kroni Prabowo dalam Proyek Makan Bergizi Gratis (MBG) |  Bocor Alus Politik
Ugxfa0CLnvTHPv7B_9F4AaABAg,,comment,1 month ago,"Berapa lama lagi, TUHAN, aku berteriak, tetapi tidak Kaudengar, aku berseru kepada-Mu: ""untuk ""membukakan hati Oknum Bareskrim Polri & Oknum JPU Kejaksaan Agung yang telah berlaku zalim"" terhadap korban Kerugian Uang Perkara Robot Trading Net 89, agar mereka dapat ""merasakan iba dan belas kasihan"" terhadap korban Kerugian yg telah menderita (secara ekonomi, sosial, kesehatan dan psikologis) telah 3 tahun .

RESTORATIVE JUSTICE adalah solusinya buat korban Net89. Kami minta aset dan uang yang ditahan pihak penyidik dan jaksa yg berkeras P21, segera dikembalikan . Itu hak kami uang kami. TanganMU yang teracung Tuhan ,bekerja dengan kuasa dan MukjizatMu.

Mengapa Engkau memperlihatkan kepadaku kejahatan, sehingga aku memandang kelaliman? Ya, aniaya dan kekerasan ada di depan mataku; perbantahan dan pertikaian terjadi.
Itulah sebabnya hukum kehilangan kekuatannya dan tidak pernah muncul keadilan, sebab orang fasik mengepung orang benar; itulah sebabnya keadilan muncul terbalik.

Mata-Mu terlalu suci untuk melihat kejahatan dan Engkau tidak dapat memandang kelaliman. Mengapa Engkau memandangi orang-orang yang berbuat khianat itu dan Engkau berdiam diri, apabila orang fasik menelan orang yang lebih benar dari dia?

Bukankah Engkau, ya TUHAN, dari dahulu Allahku, Yang Mahakudus? 
Engkau Allah yang adil dan bertindak menolong kami. Terpuji lah TUHAN Amen Amen Amen",@kartinijoentak8450,FALSE,0,0,FALSE,a2WXt0aW76g,https://www.youtube.com/watch?v=a2WXt0aW76g,3896,Kroni Prabowo dalam Proyek Makan Bergizi Gratis (MBG) |  Bocor Alus Politik
Ugxlvw1LK3AD5VKKbbV4AaABAg,,comment,1 month ago (edited),MBG kreatornya canggih di audit sudah jadi EEk,@tandamata1925,FALSE,0,0,FALSE,a2WXt0aW76g,https://www.youtube.com/watch?v=a2WXt0aW76g,3896,Kroni Prabowo dalam Proyek Makan Bergizi Gratis (MBG) |  Bocor Alus Politik
UgzXCp-YMkDyEclTZJ94AaABAg,,comment,1 month ago,"Ko bisa ketahuan, masalahnya ada juga dugaan di orang Dewan DPR RI dari Kuningan dia yg mengkondisikan proyek gizi ini  dari partai Gerinda, dan dia menawarkan beberapa paket kepihak subkon dengan prosentase komitmen",@icarahmawati2911,FALSE,0,0,FALSE,a2WXt0aW76g,https://www.youtube.com/watch?v=a2WXt0aW76g,3896,Kroni Prabowo dalam Proyek Makan Bergizi Gratis (MBG) |  Bocor Alus Politik
UgxpswTntashjN21WfJ4AaABAg,,comment,1 month ago,"Dari semua vendor MBG yang ada, brapa persen dari orang2 partai pendukung presiden?",@flanirancono4168,FALSE,0,0,FALSE,a2WXt0aW76g,https://www.youtube.com/watch?v=a2WXt0aW76g,3896,Kroni Prabowo dalam Proyek Makan Bergizi Gratis (MBG) |  Bocor Alus Politik
UgyBG5A811ygx1KfHKZ4AaABAg,,comment,1 month ago,Pokoknya tempo yess,@denikaaedenika9457,FALSE,0,0,FALSE,a2WXt0aW76g,https://www.youtube.com/watch?v=a2WXt0aW76g,3896,Kroni Prabowo dalam Proyek Makan Bergizi Gratis (MBG) |  Bocor Alus Politik
UgyZ1GgPftV4mP3E3c94AaABAg,,comment,1 month ago,Gak usah terlalu halus bang kasarin aja,@margan4642,FALSE,0,0,FALSE,a2WXt0aW76g,https://www.youtube.com/watch?v=a2WXt0aW76g,3896,Kroni Prabowo dalam Proyek Makan Bergizi Gratis (MBG) |  Bocor Alus Politik
Ugwj4cz0u8K2mezJSZ54AaABAg,,comment,1 month ago,Media Soros ....,@bagoesbagus,FALSE,0,0,FALSE,a2WXt0aW76g,https://www.youtube.com/watch?v=a2WXt0aW76g,3896,Kroni Prabowo dalam Proyek Makan Bergizi Gratis (MBG) |  Bocor Alus Politik
UgzuWB3Z37cGHLdknsp4AaABAg,,comment,1 month ago,Tolong dibuatkan list penyandang dana dari bocor alus dan tempo group,@rusdirusdi7561,FALSE,0,0,FALSE,a2WXt0aW76g,https://www.youtube.com/watch?v=a2WXt0aW76g,3896,Kroni Prabowo dalam Proyek Makan Bergizi Gratis (MBG) |  Bocor Alus Politik
UgxKjH6MwZLHET0OlIN4AaABAg,,comment,1 month ago,Saya rasa proyek MBG tidak akan berjalan sesuai rencana bila sudah dijadikan proyek...😅,@ldjajadaily5457,FALSE,0,0,FALSE,a2WXt0aW76g,https://www.youtube.com/watch?v=a2WXt0aW76g,3896,Kroni Prabowo dalam Proyek Makan Bergizi Gratis (MBG) |  Bocor Alus Politik
UgwT9sjPzgBoXHuPbgN4AaABAg,,comment,1 month ago,"Kalo MBG bukan cuma bocor alus....tapi bener2 bocor. Sehingga sampai ke anak2 sekolah yg berhak bukan lagi bergizi. Tapi ala kadarnya. Program/Proyek ini memang sudah di prediksi dari awal sebagai ladang subur KORUPSI ( miris negeri kita ini, ada saja jurus dan proyek untuk mengeruk dengan rakus duit negara dengan mengatasnamakan rakyat, anak sekolah dll...dll )",@l.triwibowo5096,FALSE,0,0,FALSE,a2WXt0aW76g,https://www.youtube.com/watch?v=a2WXt0aW76g,3896,Kroni Prabowo dalam Proyek Makan Bergizi Gratis (MBG) |  Bocor Alus Politik
UgxmTxxXzD7S1fDgkn14AaABAg,,comment,1 month ago,betulkab mbg ladang korupsi baru g jauh2 paling danantara ntar jugs sama,@sugirnosugirno2945,FALSE,0,0,FALSE,a2WXt0aW76g,https://www.youtube.com/watch?v=a2WXt0aW76g,3896,Kroni Prabowo dalam Proyek Makan Bergizi Gratis (MBG) |  Bocor Alus Politik
Ugy3I-EbfdRfTICF_0R4AaABAg,,comment,1 month ago,"Proyek Makan Bergizii Gratis, Terbaru di Cianjur Jabar ada Salah satu Sekolah MAN (Madrasyah Aliyah Negeri)& SMP Keracunan hingga 78 Siswa+ Warga /Pemasak JD 178 Orang Keracunan dari Program ""MBG""....!!!😊😊😊",@ahmadraffi9556,FALSE,0,0,FALSE,a2WXt0aW76g,https://www.youtube.com/watch?v=a2WXt0aW76g,3896,Kroni Prabowo dalam Proyek Makan Bergizi Gratis (MBG) |  Bocor Alus Politik
Ugw2iGqdJtX4r6R26ft4AaABAg,,comment,1 month ago,Tanah di sekitar IKN pun udah di kuasai adik prabowo cs ..  silahkan cek & telusuri,@rusmianton6450,FALSE,0,0,FALSE,a2WXt0aW76g,https://www.youtube.com/watch?v=a2WXt0aW76g,3896,Kroni Prabowo dalam Proyek Makan Bergizi Gratis (MBG) |  Bocor Alus Politik
UgwgbltEOKAqfQ5-CI54AaABAg,,comment,1 month ago,Dana yg sehrsnya pendidikan gratis malah dijdkan banjajan lewat makanan gratis. Ni negara negara terbrengsek yg ada dimuka bumi ini apalagi orgnya paling tdk dipercaya bila sdh berurusan dgn cuan pasti dijdjan banjakan.,@mursyidSyid-n1w,FALSE,0,0,FALSE,a2WXt0aW76g,https://www.youtube.com/watch?v=a2WXt0aW76g,3896,Kroni Prabowo dalam Proyek Makan Bergizi Gratis (MBG) |  Bocor Alus Politik
UgxhhcYKJTIYy3AJjGh4AaABAg,,comment,1 month ago,"Nah gini donk tempo, cantumkan / endorse majalah tempo di sope, spya videonya bisa pop up spt premium",@mohonditunggu9187,FALSE,0,0,FALSE,a2WXt0aW76g,https://www.youtube.com/watch?v=a2WXt0aW76g,3896,Kroni Prabowo dalam Proyek Makan Bergizi Gratis (MBG) |  Bocor Alus Politik
UgzXEpmpbV1VaKnExOV4AaABAg,,comment,1 month ago,Kita ucapkan selamat pd rakyat indonesia atas pembodohan lewat makanan.,@mursyidSyid-n1w,FALSE,0,0,FALSE,a2WXt0aW76g,https://www.youtube.com/watch?v=a2WXt0aW76g,3896,Kroni Prabowo dalam Proyek Makan Bergizi Gratis (MBG) |  Bocor Alus Politik
Ugxdd2SnpD40ziktJXh4AaABAg,,comment,1 month ago,Pajak rakyat dirampok. Sama aja rakyat yg biayain para garong itu.,@maubelishop,FALSE,0,0,FALSE,a2WXt0aW76g,https://www.youtube.com/watch?v=a2WXt0aW76g,3896,Kroni Prabowo dalam Proyek Makan Bergizi Gratis (MBG) |  Bocor Alus Politik
Ugwy7pHrYo5RJn9heHJ4AaABAg,,comment,1 month ago,Semoga Allah memberikan keamanan bagi tim TEMPO,@mithaamalina7326,FALSE,0,0,FALSE,a2WXt0aW76g,https://www.youtube.com/watch?v=a2WXt0aW76g,3896,Kroni Prabowo dalam Proyek Makan Bergizi Gratis (MBG) |  Bocor Alus Politik
UgwznDNYL88O0dym5bd4AaABAg,,comment,1 month ago,Nah kan sdh kuprediksi.,@mursyidSyid-n1w,FALSE,0,0,FALSE,a2WXt0aW76g,https://www.youtube.com/watch?v=a2WXt0aW76g,3896,Kroni Prabowo dalam Proyek Makan Bergizi Gratis (MBG) |  Bocor Alus Politik
UgyGwUmCfhd_pkglXrp4AaABAg,,comment,1 month ago,Bancaan orang2 terdekat kekuasaan 😢,@sitiwidyaningrum7383,FALSE,0,0,FALSE,a2WXt0aW76g,https://www.youtube.com/watch?v=a2WXt0aW76g,3896,Kroni Prabowo dalam Proyek Makan Bergizi Gratis (MBG) |  Bocor Alus Politik
Ugz2d-yEluEZ6ge_qBJ4AaABAg,,comment,1 month ago (edited),"SAYA BINGUNG MELIHAT ORANG ORANG PINTAR DI NEGRI INI..SAKING BINGUNG NYA SAYA GAK TAU  PERSIDEN  SIAPA,DAN PARA CERDIKIAWAN YG MANA??
YG SAYA TAKUTKAN KEBEBASAN YG DI BUNGKUS DENGAN DEMOKRASI MALAH JADI PEMICU SUSAHNYA NEGARA UNTUK MELANGKAH  KE NEGARA YG MAJU...",@Denimnus98,FALSE,0,0,FALSE,a2WXt0aW76g,https://www.youtube.com/watch?v=a2WXt0aW76g,3896,Kroni Prabowo dalam Proyek Makan Bergizi Gratis (MBG) |  Bocor Alus Politik
Ugw-Cgms2-bJjfOx0fR4AaABAg,,comment,1 month ago,"Saya pilih Prabowo, tapi untuk MBG ini program yang dipaksakan, dana besar, efektifitas di lapangan diragukan, potensi korupsi sangat besar, lebih baik di batalkan, lanjutkan progran yang lain seperti naikkan gaji guru 2 juta per bulan.",@radhyaqalbas9613,FALSE,0,2,FALSE,a2WXt0aW76g,https://www.youtube.com/watch?v=a2WXt0aW76g,3896,Kroni Prabowo dalam Proyek Makan Bergizi Gratis (MBG) |  Bocor Alus Politik
UgyDl22oabSJeX9YrlZ4AaABAg,,comment,1 month ago,Wajar program hrs dijalankan org² kepercayaan krn banyak penghianat spt orang² tempo yg dibiayai soros lewat yayasan open society.. sebar prasangka buruk tanpa data,@udinmagebo352,FALSE,0,0,FALSE,a2WXt0aW76g,https://www.youtube.com/watch?v=a2WXt0aW76g,3896,Kroni Prabowo dalam Proyek Makan Bergizi Gratis (MBG) |  Bocor Alus Politik
UgzJ89CY5hY_1MzGXp94AaABAg,,comment,1 month ago,GOKILLLLLLLL TEMPOOOOOOOO,@juliuslaksana6055,FALSE,0,0,FALSE,a2WXt0aW76g,https://www.youtube.com/watch?v=a2WXt0aW76g,3896,Kroni Prabowo dalam Proyek Makan Bergizi Gratis (MBG) |  Bocor Alus Politik
UgzUuAPyGjDCxRw_qBJ4AaABAg,,comment,1 month ago,Makan Bergizi Government,@gamenos3815,FALSE,0,1,FALSE,a2WXt0aW76g,https://www.youtube.com/watch?v=a2WXt0aW76g,3896,Kroni Prabowo dalam Proyek Makan Bergizi Gratis (MBG) |  Bocor Alus Politik
UgzypExbKrmoaX8dy4Z4AaABAg,,comment,1 month ago,"Berarti perbaikan gizi yang nyata itu untuk kalangan tertentu , terlihat dari bisnis ompreng bisnis penunjukan  dan itu semua gizi kalangan tertentu sedang rakyat belum terima gizi yang nyata.",@RidwanIrianto,FALSE,0,0,FALSE,a2WXt0aW76g,https://www.youtube.com/watch?v=a2WXt0aW76g,3896,Kroni Prabowo dalam Proyek Makan Bergizi Gratis (MBG) |  Bocor Alus Politik
UgywDO3KH_4aA8oYKkx4AaABAg,,comment,1 month ago,Apa sih yg tdk bisa diembat di negara konoha 😂,@nickwin9252,FALSE,0,0,FALSE,a2WXt0aW76g,https://www.youtube.com/watch?v=a2WXt0aW76g,3896,Kroni Prabowo dalam Proyek Makan Bergizi Gratis (MBG) |  Bocor Alus Politik
UgyClXGLJ8VJmyg0aAp4AaABAg,,comment,1 month ago,"Kok di disini gak ada yg berani turunkan Prabowo, jelas dia adalah X dan kroni paling banyak korup. Sampean Malu karna kemarin milih dia atau gimana nih haha",@MrAniRes-Short,FALSE,0,0,FALSE,a2WXt0aW76g,https://www.youtube.com/watch?v=a2WXt0aW76g,3896,Kroni Prabowo dalam Proyek Makan Bergizi Gratis (MBG) |  Bocor Alus Politik
UgxxngNHrK8IbWX-NgN4AaABAg,,comment,1 month ago,"Sudah kebaca akan ada hal seperti yg dibahas dalam Project MBG, BIDAB JIKA KPK tdk cek dan lihat hal ini. Gak usah kaget.",@agussoejono4761,FALSE,0,0,FALSE,a2WXt0aW76g,https://www.youtube.com/watch?v=a2WXt0aW76g,3896,Kroni Prabowo dalam Proyek Makan Bergizi Gratis (MBG) |  Bocor Alus Politik
UgyQsGnPHXNYwrl66Bd4AaABAg,,comment,1 month ago,"Waduuuuh, begitu ya ??😢😢😢😢",@JhonyAlambara,FALSE,0,0,FALSE,a2WXt0aW76g,https://www.youtube.com/watch?v=a2WXt0aW76g,3896,Kroni Prabowo dalam Proyek Makan Bergizi Gratis (MBG) |  Bocor Alus Politik
UgzRncz__uGjwKMwchF4AaABAg,,comment,1 month ago,Tempe ini sudah dimakan  soros 😂😂😂😂 hati hati ya,@fReeNet820,FALSE,0,0,FALSE,a2WXt0aW76g,https://www.youtube.com/watch?v=a2WXt0aW76g,3896,Kroni Prabowo dalam Proyek Makan Bergizi Gratis (MBG) |  Bocor Alus Politik
UgyutLoDAFrSWPLFUVF4AaABAg,,comment,1 month ago,Adakah hubungan tempo dan soros cari tau gais?,@DarkMagician-d5i,FALSE,0,0,FALSE,a2WXt0aW76g,https://www.youtube.com/watch?v=a2WXt0aW76g,3896,Kroni Prabowo dalam Proyek Makan Bergizi Gratis (MBG) |  Bocor Alus Politik
Ugw5fB900yKoQ6QTlHZ4AaABAg,,comment,1 month ago,Kaciannn deh presenter n narsum....😂,@bobtimisela9605,FALSE,0,0,FALSE,a2WXt0aW76g,https://www.youtube.com/watch?v=a2WXt0aW76g,3896,Kroni Prabowo dalam Proyek Makan Bergizi Gratis (MBG) |  Bocor Alus Politik
UgzlsFgADtlOMSaDjs54AaABAg,,comment,1 month ago,A1 ini 😂😂😂😂,@irawanjuliadi1105,FALSE,0,0,FALSE,a2WXt0aW76g,https://www.youtube.com/watch?v=a2WXt0aW76g,3896,Kroni Prabowo dalam Proyek Makan Bergizi Gratis (MBG) |  Bocor Alus Politik
UgyWUXj3d7rvo3TNWL54AaABAg,,comment,1 month ago,Bubarkan saja MBG kalau ujung2nya korupsi lagi... janjinya waktu kampanye seluruh anak undonesia dapat makan siang gratis...tapi realita di lapangan tidak begitu ada sekolah yg kebagian dan ada yg tidak...piye thow..,@ry4999,FALSE,0,0,FALSE,a2WXt0aW76g,https://www.youtube.com/watch?v=a2WXt0aW76g,3896,Kroni Prabowo dalam Proyek Makan Bergizi Gratis (MBG) |  Bocor Alus Politik
UgzwyYB8kgBqtbw03-d4AaABAg,,comment,1 month ago,"Yuk pak kita revisi programnya, ya memang Stunting ancaman yang menyedihkan bagi keluarga yang hidup di Negara Merdeka, tabi bukan serta merta diberi Makan bergizi gratis yang terpusat, terimakasih media Tempo telah membantu pemerintah melakukan investigasi fakta, semoga pak presiden dan jajarannya dapat menyimak dan introspeksi diri. please lihat media seperti TEMPO sebagai fungsi kontrol yang ideal. 


Program Makan Bergizi Gratis (MBG) sebaiknya dicoba untuk di evaluasi ulang. Anggarannya yang sangat besar, hingga Rp70–100 triliun, justru berisiko tidak efisien dan membuka celah konflik kepentingan.

Solusi yang lebih tepat adalah mengalihkan dana MBG ke program penanganan stunting yang terintegrasi dengan penguatan ekonomi keluarga anak yang terancam stunting.

Pertama, intervensi hanya difokuskan pada kabupaten/kota dengan tingkat stunting tinggi, berdasarkan data yang dikumpulkan dan divalidasi oleh Puskesmas. Puskesmas menjadi garda depan dalam pemetaan kasus, edukasi gizi, dan distribusi suplemen mikro seperti tablet zat besi dan vitamin A.

Kedua, anak-anak yang terancam stunting tetap menerima intervensi langsung berupa suplemen gizi dan edukasi pola makan sehat berbasis bahan lokal murah (seperti kelor, tempe, ikan lokal), melalui Posyandu dan Puskesmas.

Ketiga, keluarga dari anak-anak yang teridentifikasi berisiko stunting mendapatkan dukungan ekonomi melalui pelatihan kerja dan bantuan usaha mikro. Dana yang sebelumnya untuk proyek makanan massal dialihkan untuk membiayai pelatihan keterampilan di Balai Latihan Kerja, bantuan peralatan usaha, atau akses permodalan melalui dinas terkait.

Dengan pendekatan ini, anak diselamatkan melalui gizi langsung, dan keluarganya diperkuat secara ekonomi agar mandiri dalam pemenuhan kebutuhan pangan bergizi. Ini menciptakan efek jangka panjang: bukan hanya sekadar pemberian makanan sesaat, tapi peningkatan kualitas hidup keluarga secara menyeluruh.

Sebagai gambaran kinerja, program ini dapat mendorong:

Penurunan angka stunting hingga 3–5% per tahun di wilayah sasaran prioritas.

Terciptanya minimal 100.000 unit usaha mikro baru di bidang keterampilan produktif rumah tangga.

Pelatihan kerja bagi lebih dari 500.000 orang tua dari keluarga berisiko stunting dalam 3 tahun pertama.

sekian komentar gedabrus saya yang terpaksa saya curhatkan ke AI dan dibantu merangkum untuk dituliskan disini, semoga ada para ahli yang lebih kritis dan taktis yang bisa membenahi kondisi bangsaku.",@FahirHassanFT,FALSE,0,0,FALSE,a2WXt0aW76g,https://www.youtube.com/watch?v=a2WXt0aW76g,3896,Kroni Prabowo dalam Proyek Makan Bergizi Gratis (MBG) |  Bocor Alus Politik
UgyjwHrmKa9QLA4sM0B4AaABAg,,comment,1 month ago,"MAU TANYA TEMPO TLG DONG JELASIN G SOROS ITU SIAPA NYA MEDIA TEMPO ??? 

MAO HANCURIN NKRI YA ???",@Gogo321-i2j,FALSE,0,1,FALSE,a2WXt0aW76g,https://www.youtube.com/watch?v=a2WXt0aW76g,3896,Kroni Prabowo dalam Proyek Makan Bergizi Gratis (MBG) |  Bocor Alus Politik
UgzAWfnQBOo5viyMeb54AaABAg,,comment,1 month ago,"Maju terus tempo, kami rakyat mendukungmu.",@toyodio5048,FALSE,0,0,FALSE,a2WXt0aW76g,https://www.youtube.com/watch?v=a2WXt0aW76g,3896,Kroni Prabowo dalam Proyek Makan Bergizi Gratis (MBG) |  Bocor Alus Politik
UgwMoIQICePn8cN3-PF4AaABAg,,comment,1 month ago,Ayo ke lapak keluarganya letkol.bikin gerah….,@angiez3441,FALSE,0,0,FALSE,a2WXt0aW76g,https://www.youtube.com/watch?v=a2WXt0aW76g,3896,Kroni Prabowo dalam Proyek Makan Bergizi Gratis (MBG) |  Bocor Alus Politik
Ugw3TJaRPvpfM6lJScJ4AaABAg,,comment,1 month ago (edited),"Yang punya yayasan siapa aja tuhhh haha ? 😂 Anggaran 71T, T nya: Tikuss",@boneng073,FALSE,0,0,FALSE,a2WXt0aW76g,https://www.youtube.com/watch?v=a2WXt0aW76g,3896,Kroni Prabowo dalam Proyek Makan Bergizi Gratis (MBG) |  Bocor Alus Politik
Ugyj56pKGm2_po9P4al4AaABAg,,comment,1 month ago,Bali belum kebagian tuh,@luminamentari7269,FALSE,0,0,FALSE,a2WXt0aW76g,https://www.youtube.com/watch?v=a2WXt0aW76g,3896,Kroni Prabowo dalam Proyek Makan Bergizi Gratis (MBG) |  Bocor Alus Politik
UgwrdT08MDdYBS0jBeZ4AaABAg,,comment,1 month ago,pantas saja ini media dikirimi kepala B2 dulu bisa dipercaya sekarang seperti di tunggangi pihak luar,@JejakaTua-b4g,FALSE,0,0,FALSE,a2WXt0aW76g,https://www.youtube.com/watch?v=a2WXt0aW76g,3896,Kroni Prabowo dalam Proyek Makan Bergizi Gratis (MBG) |  Bocor Alus Politik
UgxK3gZHW0BB1cJfDn14AaABAg,,comment,1 month ago,Sdh diduga dan predikisi sejak awal di ceruskan program MBG arahnya pasti biar bisa KKN,@rinaariyani73,FALSE,0,0,FALSE,a2WXt0aW76g,https://www.youtube.com/watch?v=a2WXt0aW76g,3896,Kroni Prabowo dalam Proyek Makan Bergizi Gratis (MBG) |  Bocor Alus Politik
UgxDyEl3g8Ur8ic2dIp4AaABAg,,comment,1 month ago,Bocorin juga soal ijasah palsu jokowi dong,@tandowiratno3565,FALSE,0,0,FALSE,a2WXt0aW76g,https://www.youtube.com/watch?v=a2WXt0aW76g,3896,Kroni Prabowo dalam Proyek Makan Bergizi Gratis (MBG) |  Bocor Alus Politik
UgzjczIvpdzBRdkXrC94AaABAg,,comment,1 month ago,kakek kakek disuruh jadi pemimpin ya begini. '. Di berakin sama lingkarannya... Pain in the ass,@oediensoeroedin292,FALSE,0,0,FALSE,a2WXt0aW76g,https://www.youtube.com/watch?v=a2WXt0aW76g,3896,Kroni Prabowo dalam Proyek Makan Bergizi Gratis (MBG) |  Bocor Alus Politik
Ugz_2-JphZkT5xKILwN4AaABAg,,comment,1 month ago,"jadi rakyat di negeri yang aku lupa namanya ini, nilai rakyat bagi pemerintah ga lebih cuma sekedar komoditas",@A.C.A.B.04,FALSE,0,0,FALSE,a2WXt0aW76g,https://www.youtube.com/watch?v=a2WXt0aW76g,3896,Kroni Prabowo dalam Proyek Makan Bergizi Gratis (MBG) |  Bocor Alus Politik
UgxA6_DA70DcXPzHWUB4AaABAg,,comment,1 month ago,Mau ganti presiden 1000 kali itu cuma casing nya saja yg beda..isi nya cuma sama..janji manis..itu cuma bullshit..fakta di lapangan membuktikan..,@rendytwocool2917,FALSE,0,0,FALSE,a2WXt0aW76g,https://www.youtube.com/watch?v=a2WXt0aW76g,3896,Kroni Prabowo dalam Proyek Makan Bergizi Gratis (MBG) |  Bocor Alus Politik
UgwqFAGv79UadEz-kLN4AaABAg,,comment,1 month ago,Sebenarnya lebih simpel kalau yang menyediakan mbg itu oihak sekolah.,@rochwiyanto825,FALSE,0,0,FALSE,a2WXt0aW76g,https://www.youtube.com/watch?v=a2WXt0aW76g,3896,Kroni Prabowo dalam Proyek Makan Bergizi Gratis (MBG) |  Bocor Alus Politik
Ugxt4lV6CHPzUkg7jBF4AaABAg,,comment,1 month ago,Yang namanya masakan aroma pasti menyengat,@rochwiyanto825,FALSE,0,0,FALSE,a2WXt0aW76g,https://www.youtube.com/watch?v=a2WXt0aW76g,3896,Kroni Prabowo dalam Proyek Makan Bergizi Gratis (MBG) |  Bocor Alus Politik
Ugz_hoRPfpxmeL1ele14AaABAg,,comment,1 month ago,Semangat Tempo untuk menyuarakan kebenaran .,@purnamawati2759,FALSE,0,0,FALSE,a2WXt0aW76g,https://www.youtube.com/watch?v=a2WXt0aW76g,3896,Kroni Prabowo dalam Proyek Makan Bergizi Gratis (MBG) |  Bocor Alus Politik
UgzOAYlptQaUpWskg4F4AaABAg,,comment,1 month ago,Dari awal aku walau hanya rakyat kecil tak percaya program ini.,@zidnimeidatasrip9424,FALSE,0,0,FALSE,a2WXt0aW76g,https://www.youtube.com/watch?v=a2WXt0aW76g,3896,Kroni Prabowo dalam Proyek Makan Bergizi Gratis (MBG) |  Bocor Alus Politik
UgyAZVTKVJgQdYVUBdB4AaABAg,,comment,1 month ago,Ketika durasi 9:15 saya pura-pura kaget aja. 😂,@secondch.8744,FALSE,0,0,FALSE,a2WXt0aW76g,https://www.youtube.com/watch?v=a2WXt0aW76g,3896,Kroni Prabowo dalam Proyek Makan Bergizi Gratis (MBG) |  Bocor Alus Politik
UgzwJ_1CU-lWfDc-KG14AaABAg,,comment,1 month ago,emang harusnya sekolah sih menyediakan dapurnya lebih hemat banyak dan perporsi bisa dinaikkan dari 10rb ke 15rb,@kevraja,FALSE,0,0,FALSE,a2WXt0aW76g,https://www.youtube.com/watch?v=a2WXt0aW76g,3896,Kroni Prabowo dalam Proyek Makan Bergizi Gratis (MBG) |  Bocor Alus Politik
UgxsC6ZHy6IBDqm3nch4AaABAg,,comment,1 month ago,"Roti isi (daging/ayam/coklat/kacang ijo/piscok/dll)+Susu, gwe  rasa cukup gizi dan budget paling murah,daripada jenis masakan",@sandiwoles3525,FALSE,0,0,FALSE,a2WXt0aW76g,https://www.youtube.com/watch?v=a2WXt0aW76g,3896,Kroni Prabowo dalam Proyek Makan Bergizi Gratis (MBG) |  Bocor Alus Politik
Ugzhhomu7mq2DFf_x-l4AaABAg,,comment,1 month ago (edited),"ga heran kan .. knp ngotot ada yg mau program ini harus jalan whatever it take,
sampe potong budget sana sini .......................

sdh ketebak sih,

aniwei .... sehat sehat trs abang abang di Tempo",@reddot2342,FALSE,0,0,FALSE,a2WXt0aW76g,https://www.youtube.com/watch?v=a2WXt0aW76g,3896,Kroni Prabowo dalam Proyek Makan Bergizi Gratis (MBG) |  Bocor Alus Politik
UgwxTXA9rIGObs66Co94AaABAg,,comment,1 month ago,Investigasi dong ttg ijazah palsu,@AkhmadRizali-j5n,FALSE,0,0,FALSE,a2WXt0aW76g,https://www.youtube.com/watch?v=a2WXt0aW76g,3896,Kroni Prabowo dalam Proyek Makan Bergizi Gratis (MBG) |  Bocor Alus Politik
UgxVo0q_dyKRYQnbORl4AaABAg,,comment,1 month ago,"Intinya Proyek gagal soalnya di daerah kami belum ada tuh makan gratis 

Percuma kami dulu pilih si Prabowo ini satu hati",@GheiKamdes,FALSE,0,3,FALSE,a2WXt0aW76g,https://www.youtube.com/watch?v=a2WXt0aW76g,3896,Kroni Prabowo dalam Proyek Makan Bergizi Gratis (MBG) |  Bocor Alus Politik
Ugxwj5arKqheVGIG1uh4AaABAg,,comment,1 month ago,"Mbg itu sangat sulit dilaksanakan dgn benar utk negara sebesar Indonesia ! Bahkan mustahil bisa "" benar dan baik """,@liejoseph2800,FALSE,0,0,FALSE,a2WXt0aW76g,https://www.youtube.com/watch?v=a2WXt0aW76g,3896,Kroni Prabowo dalam Proyek Makan Bergizi Gratis (MBG) |  Bocor Alus Politik
UgyaePWi213aGkJZ3jh4AaABAg,,comment,1 month ago,Cr yg efektif evisien.  Langsung di erikan kepada ortu murit,@suyatnohasan9895,FALSE,0,0,FALSE,a2WXt0aW76g,https://www.youtube.com/watch?v=a2WXt0aW76g,3896,Kroni Prabowo dalam Proyek Makan Bergizi Gratis (MBG) |  Bocor Alus Politik
UgwLjs6kVVUUVqlWpH54AaABAg,,comment,1 month ago,Tempo 👍👍👍,@sugiantosugi3798,FALSE,0,0,FALSE,a2WXt0aW76g,https://www.youtube.com/watch?v=a2WXt0aW76g,3896,Kroni Prabowo dalam Proyek Makan Bergizi Gratis (MBG) |  Bocor Alus Politik
UgzTG3dOT8sBKBaPs794AaABAg,,comment,1 month ago,Dari dulu gua gk suka gerindra partai yang selalu menghalalkan segala cara,@zougaming4703,FALSE,0,0,FALSE,a2WXt0aW76g,https://www.youtube.com/watch?v=a2WXt0aW76g,3896,Kroni Prabowo dalam Proyek Makan Bergizi Gratis (MBG) |  Bocor Alus Politik
UgxhB6IrSpODXCII-kt4AaABAg,,comment,1 month ago,"Kl Tempo mampu bongkar jkw, prediden tetkorupno2 didunia versi lembaga internasional, itu. Tempo jurnalis terberani & bermoral, apapun agamanya. Byby!!!",@GondoSierad,FALSE,0,0,FALSE,a2WXt0aW76g,https://www.youtube.com/watch?v=a2WXt0aW76g,3896,Kroni Prabowo dalam Proyek Makan Bergizi Gratis (MBG) |  Bocor Alus Politik
Ugx4fd9KhPA5khmRJvh4AaABAg,,comment,1 month ago,sedjak mencalonkan PRESIDEN blas ga percaya sama prabowo!!!!!!!,@kangpanjul4755,FALSE,0,0,FALSE,a2WXt0aW76g,https://www.youtube.com/watch?v=a2WXt0aW76g,3896,Kroni Prabowo dalam Proyek Makan Bergizi Gratis (MBG) |  Bocor Alus Politik
UgwIBfz7xwOuNgn_HFR4AaABAg,,comment,1 month ago,"Tolong Bocor Halus (Tempo) bahas dan kupas tuntas rekrutmen Batch 3 yang terkesan tidak transparan dan tidak profesional , sehingga banyak peserta tes yang sangat kecewa dengan hasil yang tidak diumumkan secara terbuka seperti tes cpns atau tes P3K , tahu-tahu cuma menerima pengumuman lulus/tidak lulus saja tampa tahu nilai hasil tes nya
Terimakasih",@jokosupratno1741,FALSE,0,0,FALSE,a2WXt0aW76g,https://www.youtube.com/watch?v=a2WXt0aW76g,3896,Kroni Prabowo dalam Proyek Makan Bergizi Gratis (MBG) |  Bocor Alus Politik
Ugxpww99gGNnVE2wKCZ4AaABAg,,comment,1 month ago,Bentuk dukungan saya terhadap tempo dengan tidak skip iklan,@IbuUstira,FALSE,0,0,FALSE,a2WXt0aW76g,https://www.youtube.com/watch?v=a2WXt0aW76g,3896,Kroni Prabowo dalam Proyek Makan Bergizi Gratis (MBG) |  Bocor Alus Politik
Ugz4cOjw0J8caBfeAzt4AaABAg,,comment,1 month ago,"Keren Tempo, 1 diantara beberapa yang Berani Ungkap semuanya.  Semoga Dibukaan Mata Hati dan Pikiran Para Stakeholder kita bukan untuk ngasih makan circlenya aja.. tapi masy. Indonesia.",@viennafalishamaulidiya6798,FALSE,0,0,FALSE,a2WXt0aW76g,https://www.youtube.com/watch?v=a2WXt0aW76g,3896,Kroni Prabowo dalam Proyek Makan Bergizi Gratis (MBG) |  Bocor Alus Politik
UgwWtQ6RiJ1k1hqN3yp4AaABAg,,comment,1 month ago,"TOLONG KASIHANI ORANG KANTIN, MEREKA UDAH MAIN SANTET2AN, EH DATANG MBG LAGI.",@whoami-gi8ht,FALSE,0,0,FALSE,a2WXt0aW76g,https://www.youtube.com/watch?v=a2WXt0aW76g,3896,Kroni Prabowo dalam Proyek Makan Bergizi Gratis (MBG) |  Bocor Alus Politik
UgwnnT8bRNCGGUgrJ6t4AaABAg,,comment,1 month ago,Hingga saat ini siswa di sekolah daerah kami masih makan sendiri di rumah. di sekolah belum ada MBG.,@setyoprayitno6870,FALSE,0,0,FALSE,a2WXt0aW76g,https://www.youtube.com/watch?v=a2WXt0aW76g,3896,Kroni Prabowo dalam Proyek Makan Bergizi Gratis (MBG) |  Bocor Alus Politik
UgzuC6uq8QdqtO8JkuB4AaABAg,,comment,1 month ago,"Namanya aja Mafia koruptor, masak sekelas intelek tual yempo tdk ngerti kerja silent Mafia.koruptor.mereka bukan pencuri ayam di desa, Maling berdasi.",@GondoSierad,FALSE,0,0,FALSE,a2WXt0aW76g,https://www.youtube.com/watch?v=a2WXt0aW76g,3896,Kroni Prabowo dalam Proyek Makan Bergizi Gratis (MBG) |  Bocor Alus Politik
UgzIVRTSBdw-lBavgCx4AaABAg,,comment,1 month ago,"Yg bongkar rahasia proyek MBG itu diyakini, orang gak jebagian hadilnyolong via proyekitu.",@GondoSierad,FALSE,0,0,FALSE,a2WXt0aW76g,https://www.youtube.com/watch?v=a2WXt0aW76g,3896,Kroni Prabowo dalam Proyek Makan Bergizi Gratis (MBG) |  Bocor Alus Politik
UgznGGq8XuehZC8mquJ4AaABAg,,comment,1 month ago,Semua sibelakang layar!yang turun tangan hubungan keluarga dan seterusnya.sudah tradisi dari republik ini,@HendraDra-cv3ni,FALSE,0,0,FALSE,a2WXt0aW76g,https://www.youtube.com/watch?v=a2WXt0aW76g,3896,Kroni Prabowo dalam Proyek Makan Bergizi Gratis (MBG) |  Bocor Alus Politik
UgyHYLt7sKpawcNBc1h4AaABAg,,comment,1 month ago,"Sblm proyek MBG d umumkan ke publik secara resmi, para kroni dan begundal udah lebih dulu menyiapkan segala persyaratan. Memang mereka ikut mendaftar, tp jelas lolos verifikasi krn lewat jalur fast track😂. Uang negara cuma dinikmatin kroni dan begundal. UMKM? Ndasmu",@murfiharyanto2401,FALSE,0,3,FALSE,a2WXt0aW76g,https://www.youtube.com/watch?v=a2WXt0aW76g,3896,Kroni Prabowo dalam Proyek Makan Bergizi Gratis (MBG) |  Bocor Alus Politik
UgyNWWnO02d3QcoGHw54AaABAg,,comment,1 month ago,"Tempo masih percaya penegak hukum produck
Rezim Mafia Oligatki &Mafia KoruptorMaling berdasi. Akan nyesel sampai kiamat. Byby!!!",@GondoSierad,FALSE,0,0,FALSE,a2WXt0aW76g,https://www.youtube.com/watch?v=a2WXt0aW76g,3896,Kroni Prabowo dalam Proyek Makan Bergizi Gratis (MBG) |  Bocor Alus Politik
UgwbuLTWm-8KNsmTr-t4AaABAg,,comment,1 month ago,Jualan pisang g laku sekarang jualan MBG pasti laku karena yg beli makek uang negara.....Mafia baru,@riaurachmadsukoco7013,FALSE,0,0,FALSE,a2WXt0aW76g,https://www.youtube.com/watch?v=a2WXt0aW76g,3896,Kroni Prabowo dalam Proyek Makan Bergizi Gratis (MBG) |  Bocor Alus Politik
UgyObI5uAmOcc5TfDhp4AaABAg,,comment,1 month ago,"ProgamMBG, itu politis, carmuk, untuk kepentingan
Pemilu mendatang. Tempo harus mencerdaskan anak bangsa. Penjiplak demokrasi ala kolonialis bule Barat  yg sejarang sdg sekarat, terazab kebakaran Angin Tornado
Banjir bandang salju. Yg sebelumnya belum pernah mereka alami, sekarang nereka sdgsekarat
Salam akal sehat. Byby!!!",@GondoSierad,FALSE,0,0,FALSE,a2WXt0aW76g,https://www.youtube.com/watch?v=a2WXt0aW76g,3896,Kroni Prabowo dalam Proyek Makan Bergizi Gratis (MBG) |  Bocor Alus Politik
UgwZvG-VUtiq1hKkG0l4AaABAg,,comment,1 month ago,"konsep pencegahan stuntingnya aja jg udah salah, harusnya kan 1000 hari pertama bayi",@bektigalan,FALSE,0,0,FALSE,a2WXt0aW76g,https://www.youtube.com/watch?v=a2WXt0aW76g,3896,Kroni Prabowo dalam Proyek Makan Bergizi Gratis (MBG) |  Bocor Alus Politik
Ugwqj-RwnqAUqBH7VA54AaABAg,,comment,1 month ago,"ProgramMGB, itukan
Proyek koruptor, modus carnyolong uang rakyat via RAPBN. Bohong dg uang pribadi/gajinya sendiri, wujud beramal. Kata orang desa. Salam akal sehat. Byby!!!",@GondoSierad,FALSE,0,0,FALSE,a2WXt0aW76g,https://www.youtube.com/watch?v=a2WXt0aW76g,3896,Kroni Prabowo dalam Proyek Makan Bergizi Gratis (MBG) |  Bocor Alus Politik
Ugw9fnWq1nesT_PA3q54AaABAg,,comment,1 month ago,"Orba jilid 2
KKN merajalela",@firdaussarah1925,FALSE,0,0,FALSE,a2WXt0aW76g,https://www.youtube.com/watch?v=a2WXt0aW76g,3896,Kroni Prabowo dalam Proyek Makan Bergizi Gratis (MBG) |  Bocor Alus Politik
Ugzfrg8vtC5rmUapajR4AaABAg,,comment,1 month ago,"Terazablah Rezim Mafia Oligarki& Mafia koruptor/maling berdasi, istlah orang desa. & para Anteknya sipil/militer, hingga anak keturunanya. dimanapun mer e ka berada. Salam akal sehat/
WarasByby!!!",@GondoSierad,FALSE,0,0,FALSE,a2WXt0aW76g,https://www.youtube.com/watch?v=a2WXt0aW76g,3896,Kroni Prabowo dalam Proyek Makan Bergizi Gratis (MBG) |  Bocor Alus Politik
UgzU-Xog2M3SUJtXItp4AaABAg,,comment,1 month ago,"Terazablah Rezim Mafia Oligarki& Mafia koruptor/maling berdasi, istlah orang desa. & para Anteknya sipil/militer, hingga anak keturunanya. dimanapun mer e ka berada. Salam akal sehat/
WarasByby!!!",@GondoSierad,FALSE,0,0,FALSE,a2WXt0aW76g,https://www.youtube.com/watch?v=a2WXt0aW76g,3896,Kroni Prabowo dalam Proyek Makan Bergizi Gratis (MBG) |  Bocor Alus Politik
UgyEE9tgp01MKy_5WVZ4AaABAg,,comment,1 month ago,"Tempo belum bongkar kebenaran dugaan, jkwi, presiden terkorup no 2, diduniaversi Lembaga internasionalCCRP. Korusi apa, adahubunganya dg in estor Asing di indonesia;
Freeport, Mobil Oil, dll. Investigasi Kompas harus tdk kalah. dg lembaga internasional itu. Tertuduh, 
Minta bukti/jkwi. Ada hubunganya dg aksi korupsi di pertamina, pt timah, telkom. Perkebunan kelapa sawit dll Salam akal sehat/waras.Byby!!!",@GondoSierad,FALSE,0,0,FALSE,a2WXt0aW76g,https://www.youtube.com/watch?v=a2WXt0aW76g,3896,Kroni Prabowo dalam Proyek Makan Bergizi Gratis (MBG) |  Bocor Alus Politik
UgyC1PYnUD0Rm70QkFh4AaABAg,,comment,1 month ago,"Terlalu ribet sih mnrtku program makan gratis.blm tentu dimakan ma anak2 sd. Ank sy aj kelas 3 mkn masih disuapin, udah gitu makannya lama bngt. Habis dah waktu belajar buat makan.",@NeniYuniarsih-c3f,FALSE,0,0,FALSE,a2WXt0aW76g,https://www.youtube.com/watch?v=a2WXt0aW76g,3896,Kroni Prabowo dalam Proyek Makan Bergizi Gratis (MBG) |  Bocor Alus Politik
UgzjiNfsHpEHmjzPXSd4AaABAg,,comment,1 month ago,Masak teroossss😂😂😂🎉🎉🎉,@kamiliamuashasan4569,FALSE,0,0,FALSE,a2WXt0aW76g,https://www.youtube.com/watch?v=a2WXt0aW76g,3896,Kroni Prabowo dalam Proyek Makan Bergizi Gratis (MBG) |  Bocor Alus Politik
UgzL1wBTsmo6RaoenDR4AaABAg,,comment,1 month ago,"Hapus BGN! Program biar dijalankan sekolah masing2… 
Ga perlu badan baru, birokrasi panjang, pemborosan. Kl mau simpel: minta sekolah yg adakan! Kearifan lokal akan terjamin, rantai birokrasi tdk memanjang, transfer dana lgsg dr negara ke sekolah, pengawasan bs lbh ajeg…",@tipartv,FALSE,2,0,FALSE,a2WXt0aW76g,https://www.youtube.com/watch?v=a2WXt0aW76g,3896,Kroni Prabowo dalam Proyek Makan Bergizi Gratis (MBG) |  Bocor Alus Politik
UgxvKS2m0JjMAny9t-d4AaABAg,,comment,1 month ago,Salah satu lahan,@Aminah05-di7vv,FALSE,0,0,FALSE,a2WXt0aW76g,https://www.youtube.com/watch?v=a2WXt0aW76g,3896,Kroni Prabowo dalam Proyek Makan Bergizi Gratis (MBG) |  Bocor Alus Politik
Ugx00eDAowguIdhqeIx4AaABAg,,comment,1 month ago,"Pokoknya seru kalau ada Tempo, gaspol😂😂",@ChristinaWahyuningsih-fn4xz,FALSE,0,0,FALSE,a2WXt0aW76g,https://www.youtube.com/watch?v=a2WXt0aW76g,3896,Kroni Prabowo dalam Proyek Makan Bergizi Gratis (MBG) |  Bocor Alus Politik
UgynKmNv4zmvaCHJVEZ4AaABAg,,comment,1 month ago,Semua akan jelek kalo kita bertanya kepada yg namae : Tempo 😅😅😅😅😅😅,@rahmasiska3389,FALSE,0,0,FALSE,a2WXt0aW76g,https://www.youtube.com/watch?v=a2WXt0aW76g,3896,Kroni Prabowo dalam Proyek Makan Bergizi Gratis (MBG) |  Bocor Alus Politik
UgxLhu-th1BJep88cz14AaABAg,,comment,1 month ago,Bocor keliling 👍👍👍✌️,@budihastono8267,FALSE,0,0,FALSE,a2WXt0aW76g,https://www.youtube.com/watch?v=a2WXt0aW76g,3896,Kroni Prabowo dalam Proyek Makan Bergizi Gratis (MBG) |  Bocor Alus Politik
Ugyh_8gDkntl6gGmk7Z4AaABAg,,comment,1 month ago,"Semoga bocor alus tetap dijalan yg benar, lurus dan jujur dijalan kebenaran",@pututputut7040,FALSE,0,0,FALSE,a2WXt0aW76g,https://www.youtube.com/watch?v=a2WXt0aW76g,3896,Kroni Prabowo dalam Proyek Makan Bergizi Gratis (MBG) |  Bocor Alus Politik
UgyDZHf6xN6jQ0bzsl14AaABAg,,comment,1 month ago,"Ternyata yg dilapangan harga perporsi itu 7.000 

Dengan harga segitu apakah dibilang layak makan bergizi..,, heran dan anehh",@malikaprinting1410,FALSE,0,0,FALSE,a2WXt0aW76g,https://www.youtube.com/watch?v=a2WXt0aW76g,3896,Kroni Prabowo dalam Proyek Makan Bergizi Gratis (MBG) |  Bocor Alus Politik
Ugyma56D0a_mP8Qy8aJ4AaABAg,,comment,1 month ago,"Jelas lah ,orang parpol dan pendukung baru du subcont ke yayasan ,baru ke pelasana cathering ,ujung2nya pelaksana cathring kebagian sedikit,low budget ,akibatnya makanannya kurang kualitasnya",@inspirasitanparugi,FALSE,0,0,FALSE,a2WXt0aW76g,https://www.youtube.com/watch?v=a2WXt0aW76g,3896,Kroni Prabowo dalam Proyek Makan Bergizi Gratis (MBG) |  Bocor Alus Politik
UgzZpxGg6OKBDcocqmF4AaABAg,,comment,1 month ago,Keracunan massal bakal terjadi (mengeriken),@mawardi0675,FALSE,0,0,FALSE,a2WXt0aW76g,https://www.youtube.com/watch?v=a2WXt0aW76g,3896,Kroni Prabowo dalam Proyek Makan Bergizi Gratis (MBG) |  Bocor Alus Politik
UgzL1wBTsmo6RaoenDR4AaABAg.AHFGgJWM7nnAHHC3CSeWMu,UgzL1wBTsmo6RaoenDR4AaABAg,reply,1 month ago,Sekolah rempong brow. Nanti dituduh korupsi sm orgtua. Pesan aja ke warung2 makan.,@maubelishop,FALSE,0,0,FALSE,a2WXt0aW76g,https://www.youtube.com/watch?v=a2WXt0aW76g,3896,Kroni Prabowo dalam Proyek Makan Bergizi Gratis (MBG) |  Bocor Alus Politik
UgzL1wBTsmo6RaoenDR4AaABAg.AHFGgJWM7nnAHHC8AGaNVQ,UgzL1wBTsmo6RaoenDR4AaABAg,reply,1 month ago,Namanya jg proyek ya hrs ribet biar korupsi 🤣🤣🤣,@maubelishop,FALSE,0,0,FALSE,a2WXt0aW76g,https://www.youtube.com/watch?v=a2WXt0aW76g,3896,Kroni Prabowo dalam Proyek Makan Bergizi Gratis (MBG) |  Bocor Alus Politik
UgwNQiL6rqnENd7Cxp14AaABAg,,comment,1 month ago,Bisanya hanya mengkritik...memang kalian bisa apa utk negara...masalah makan saja kok jadi masalah ..siapapun presiden nya harus didukung.. kalau hidup hanya utk omong2 saja.. itu norak...kalo ada solusi boleh dibanggakan...kalo tdk ada solusi mending bungkam saja mulut kalian,@IC-UC,FALSE,0,0,FALSE,a2WXt0aW76g,https://www.youtube.com/watch?v=a2WXt0aW76g,3896,Kroni Prabowo dalam Proyek Makan Bergizi Gratis (MBG) |  Bocor Alus Politik
UgwXYTIRQiM0xj2H30p4AaABAg,,comment,1 month ago,"Kalau terbukti ada koruptor di program makan bergizi gratis, 
Berarti pelakunya memang betul"" penghianat negara, karena korupsi ditengah"" gencarnya efisiensi anggaran",@muhammarwahid8459,FALSE,0,0,FALSE,a2WXt0aW76g,https://www.youtube.com/watch?v=a2WXt0aW76g,3896,Kroni Prabowo dalam Proyek Makan Bergizi Gratis (MBG) |  Bocor Alus Politik
UgzuDfr-dkI-joAdowp4AaABAg,,comment,1 month ago (edited),"UDAH YG BENER ITU PENDIDIKAN GRATIS..!! Supaya cerdas bangsa ini, org lain udh piknik ke bulan kita msh begini aja.. 😭😭😭",@maharani3193,FALSE,0,0,FALSE,a2WXt0aW76g,https://www.youtube.com/watch?v=a2WXt0aW76g,3896,Kroni Prabowo dalam Proyek Makan Bergizi Gratis (MBG) |  Bocor Alus Politik
UgylebwltfakbFgi_FN4AaABAg,,comment,1 month ago,seperti biasa nara sumber: Trust me bro,@TunyulWismul,FALSE,0,0,FALSE,a2WXt0aW76g,https://www.youtube.com/watch?v=a2WXt0aW76g,3896,Kroni Prabowo dalam Proyek Makan Bergizi Gratis (MBG) |  Bocor Alus Politik
Ugx2pRwP8STdSFZQV094AaABAg,,comment,1 month ago,"Mau ngikut pola di jepang, akan memunculkan masalah baru yang sudah kita ketahui bersama",@enawanfaridkusuma2405,FALSE,0,0,FALSE,a2WXt0aW76g,https://www.youtube.com/watch?v=a2WXt0aW76g,3896,Kroni Prabowo dalam Proyek Makan Bergizi Gratis (MBG) |  Bocor Alus Politik
Ugx0qivjkzIz3u6muVl4AaABAg,,comment,1 month ago,"Tempo sering memasak, cuma kadang hambar dan kadang keasinan sering nya gosong",@iwanagustristiawan9598,FALSE,0,0,FALSE,a2WXt0aW76g,https://www.youtube.com/watch?v=a2WXt0aW76g,3896,Kroni Prabowo dalam Proyek Makan Bergizi Gratis (MBG) |  Bocor Alus Politik
UgzKCAldxdzePBsUjsJ4AaABAg,,comment,1 month ago,"Dana minta nambah terus, menu2 dikotak katik tetus biar murah susu sapi jadi ikan, daging jd daun kelor 😊 wes..angel..angel..wes..😅",@Daisy-bs1on,FALSE,0,0,FALSE,a2WXt0aW76g,https://www.youtube.com/watch?v=a2WXt0aW76g,3896,Kroni Prabowo dalam Proyek Makan Bergizi Gratis (MBG) |  Bocor Alus Politik
UgwuO5c7zxQo87XP7VJ4AaABAg,,comment,1 month ago,Semoga tempo tidak pernah berubah sepanjang masa..🎉,@yanigondodiyoto9335,FALSE,0,0,FALSE,a2WXt0aW76g,https://www.youtube.com/watch?v=a2WXt0aW76g,3896,Kroni Prabowo dalam Proyek Makan Bergizi Gratis (MBG) |  Bocor Alus Politik
UgzNahkfjm32mW6NfdZ4AaABAg,,comment,1 month ago,Bagaimana tanggapan tempo dengan perekrutan SPPI/Sarjana penggerak pembangunan indonesia untuk mengawal program MBG,@liquidpart,FALSE,0,0,FALSE,a2WXt0aW76g,https://www.youtube.com/watch?v=a2WXt0aW76g,3896,Kroni Prabowo dalam Proyek Makan Bergizi Gratis (MBG) |  Bocor Alus Politik
UgwtqMGfZVR90uYwWkl4AaABAg,,comment,1 month ago,"""Dengan anggaran yang mencapai Rp 171 triliun, kita bicara tentang salah satu alokasi dana terbesar dalam sejarah proyek sosial Indonesia. Jika pengawasan lemah, ini bukan cuma proyek makan siang—ini jadi potensi ladang korupsi massal dari mark-up bahan makanan, fiktif dapur, hingga pengadaan alat masak yang nggak nyampe ke lokasi.""

 ""Apa tidak lebih bijak jika anggaran sebesar ini difokuskan untuk pembangunan infrastruktur pendidikan, memperbaiki sekolah rusak, jalan desa yang jadi akses utama ke sekolah, atau bahkan pelatihan gizi untuk ibu dan anak? Karena kalau makan siangnya cuma 'asal jadi', output gizinya juga nggak akan maksimal.""

""Pemerintah harus sadar: rakyat bukan objek, tapi subjek pembangunan. Kalau rakyat sudah mencium ketidakadilan dalam distribusi program, maka legitimasi program ini bisa runtuh. Jangan sampai proyek besar ini jadi proyek bancakan, lalu ditutup dengan alasan 'niatnya baik tapi pengawasan kurang'.""",@AWANSKUNK,FALSE,0,0,FALSE,a2WXt0aW76g,https://www.youtube.com/watch?v=a2WXt0aW76g,3896,Kroni Prabowo dalam Proyek Makan Bergizi Gratis (MBG) |  Bocor Alus Politik
Ugz6R1Zor5gIeFJ8YBx4AaABAg,,comment,1 month ago,"Semangat terus dan konsisten kerja2 BOCOR ALUS TEMPO dalam meningkatkan Profesionalisme dalam menyampaikan jurnalnya dg harapan keperyaan masyarakat makin kuat.
By : Aktivis LSM-GEMAH Kab. Makalengka.",@BangBang-mf3yf,FALSE,0,0,FALSE,a2WXt0aW76g,https://www.youtube.com/watch?v=a2WXt0aW76g,3896,Kroni Prabowo dalam Proyek Makan Bergizi Gratis (MBG) |  Bocor Alus Politik
Ugxg1tlc8RtpnUZMd5x4AaABAg,,comment,1 month ago,Obesitas hanya benalu....,@arionodhanis,FALSE,0,0,FALSE,a2WXt0aW76g,https://www.youtube.com/watch?v=a2WXt0aW76g,3896,Kroni Prabowo dalam Proyek Makan Bergizi Gratis (MBG) |  Bocor Alus Politik
UgzOmdEiFVRB9cghgdZ4AaABAg,,comment,1 month ago,Bener tuh proyek merugikan rakyat bakulan disekitar sekolahan dan tempat2 lainnya yang pada kehilangan pasar menuju tutup usaha ....,@wimbohariyono2390,FALSE,0,0,FALSE,a2WXt0aW76g,https://www.youtube.com/watch?v=a2WXt0aW76g,3896,Kroni Prabowo dalam Proyek Makan Bergizi Gratis (MBG) |  Bocor Alus Politik
Ugx1HNiwkbiT4y2ZN8J4AaABAg,,comment,1 month ago,Kenapa ruangannya beda skr bro?,@dedinugrahakemang722,FALSE,0,0,FALSE,a2WXt0aW76g,https://www.youtube.com/watch?v=a2WXt0aW76g,3896,Kroni Prabowo dalam Proyek Makan Bergizi Gratis (MBG) |  Bocor Alus Politik
Ugx2sUb_tJ26YouEku54AaABAg,,comment,1 month ago,"Proyek MAKAN GIZI SEIMBANG, pembagian GIZI UANG ke pemain, makanya diberilah asupan GIZI GRATIS.  Progam baru, bau masakan KORUPSI 😂😅",@karpos.2nd,FALSE,0,0,FALSE,a2WXt0aW76g,https://www.youtube.com/watch?v=a2WXt0aW76g,3896,Kroni Prabowo dalam Proyek Makan Bergizi Gratis (MBG) |  Bocor Alus Politik
Ugw3o94nKP9zLAejItt4AaABAg,,comment,1 month ago,Bocor alluss oke banget,@mohamadsolih2801,FALSE,0,0,FALSE,a2WXt0aW76g,https://www.youtube.com/watch?v=a2WXt0aW76g,3896,Kroni Prabowo dalam Proyek Makan Bergizi Gratis (MBG) |  Bocor Alus Politik
Ugy4RW7xv7vIdfXxsxJ4AaABAg,,comment,1 month ago,nunggu tempe dibungkus 🤔,@crezeoleman6995,FALSE,0,0,FALSE,a2WXt0aW76g,https://www.youtube.com/watch?v=a2WXt0aW76g,3896,Kroni Prabowo dalam Proyek Makan Bergizi Gratis (MBG) |  Bocor Alus Politik
UgzziAaHdqsej072m2p4AaABAg,,comment,1 month ago,"Sejak awal saya sdh menduga bahwa MBG bakal jd lahan korupsi … lahan yg amat sangat basah sekaleeee … anak2 mereka diberi makan gratis, sementara orang tuanya ga bisa mendapatkan pekerjaan, blm lagi anak2 balita yg blm bersekolah … mau dikasih makan apa?",@bulanmerah4609,FALSE,0,0,FALSE,a2WXt0aW76g,https://www.youtube.com/watch?v=a2WXt0aW76g,3896,Kroni Prabowo dalam Proyek Makan Bergizi Gratis (MBG) |  Bocor Alus Politik
UgxARDZSHHmyDl82jYx4AaABAg,,comment,1 month ago,"Emang proyek kok ini, pinter nih era skrg, melihat kalo masuk proyek infrastruktur dll pasti kena kritik keras krn mega proyek IKN masih pelan jalannya kok bikin proyek baru lagi, kan butuh pemasukkan donk, bikinlah program MBG dan kecabangannya lainnya.... 😅😅😅",@BlaxkMamba.enthusiasts,FALSE,0,0,FALSE,a2WXt0aW76g,https://www.youtube.com/watch?v=a2WXt0aW76g,3896,Kroni Prabowo dalam Proyek Makan Bergizi Gratis (MBG) |  Bocor Alus Politik
UgyaeTjLimfA6_8kCeh4AaABAg,,comment,1 month ago,"Dulu berpikirnya kantin2 sekolah bakal sejahtera karena bisa jadi penyedia makanan, tapi ternyata  sekompleks itu syarat & ketentuannya",@ekofebriyanto8762,FALSE,0,0,FALSE,a2WXt0aW76g,https://www.youtube.com/watch?v=a2WXt0aW76g,3896,Kroni Prabowo dalam Proyek Makan Bergizi Gratis (MBG) |  Bocor Alus Politik
UgyHDEcH6qSjrVD-IGN4AaABAg,,comment,1 month ago,Gak habis pikir sama orang yang lebih mikirin nasib anak koruptor dari pada nasib jutaan anak2 indonesia korban kesadisan koruptor.,@Playingrobot,FALSE,0,0,FALSE,a2WXt0aW76g,https://www.youtube.com/watch?v=a2WXt0aW76g,3896,Kroni Prabowo dalam Proyek Makan Bergizi Gratis (MBG) |  Bocor Alus Politik
UgwHArBvGD_AHhnj6EN4AaABAg,,comment,1 month ago,PEJABAT BUSUK KKN dimulai dari kepala negara ✅,@nobody0050,FALSE,0,0,FALSE,a2WXt0aW76g,https://www.youtube.com/watch?v=a2WXt0aW76g,3896,Kroni Prabowo dalam Proyek Makan Bergizi Gratis (MBG) |  Bocor Alus Politik
UgzUkl9vox5dfgL_A5Z4AaABAg,,comment,1 month ago,"Tampak nya negeri ini tak bisa keluar dari praktik korupsi,,,,apapun programnya pasti dikorupsi",@parmonohadi1417,FALSE,0,0,FALSE,a2WXt0aW76g,https://www.youtube.com/watch?v=a2WXt0aW76g,3896,Kroni Prabowo dalam Proyek Makan Bergizi Gratis (MBG) |  Bocor Alus Politik
UgzAPilAiaZEA-aOeSJ4AaABAg,,comment,1 month ago,Mbg itu yang ngawasi masyarakat langsung uang 10 rb buat beli bahan makanan apa saja ...agak susah di korupsi karena bahan makanan semuanya orang pernah beli,@bangunsejati6835,FALSE,0,0,FALSE,a2WXt0aW76g,https://www.youtube.com/watch?v=a2WXt0aW76g,3896,Kroni Prabowo dalam Proyek Makan Bergizi Gratis (MBG) |  Bocor Alus Politik
UgwqURv1jyay8ttsOXJ4AaABAg,,comment,1 month ago,"M G B , untuk siapa ? Saya pikir hanya membuka ladang korupsi , padahal masih banyak orang yg kelaparan , mending dibagikan pd orang yg membutuhkan , jaminan untuk lansia , dll .",@suryantiyanti162,FALSE,0,0,FALSE,a2WXt0aW76g,https://www.youtube.com/watch?v=a2WXt0aW76g,3896,Kroni Prabowo dalam Proyek Makan Bergizi Gratis (MBG) |  Bocor Alus Politik
Ugw5JGhley8M5TM9SW14AaABAg,,comment,1 month ago,"Infokan terbuka, berapa sekolah dapat MBG ? Jawa dan Luar Jawa ? Sekolah Negeri - Swasta ? Berapa T dihabiskan ? Apa manfaat bagi kita negara kita hingga kini ? Disamping tidak adil, belum menjangkau seluruh sekolah di Papua, Maluku, Maluku Utara, Sulawesi ? Sementara trilyunan rupiah bila dibanhin infrastruktur sekolah di luar pulau jawa akan sangat membantu. Ingat, penerimaan CPNS banyak diisi dari jawa secara proporsional, itu tidak salah karena dijaring secara kompetitif, masalahnya ini diakibatkan sistem pendidikan tidak merata sementara anak2 luar jawa soal makan gizi bukan masalah. Yang jadi masalah kualitas bagaimana pendidikan itu dihasilkan,",@liataza1061,FALSE,0,0,FALSE,a2WXt0aW76g,https://www.youtube.com/watch?v=a2WXt0aW76g,3896,Kroni Prabowo dalam Proyek Makan Bergizi Gratis (MBG) |  Bocor Alus Politik
UgzTWvMH-H1sACa-7Sd4AaABAg,,comment,1 month ago,MBG sangat berpotensi untuk terjadinya korupsi secara masif.,@sigitjokosusilo4977,FALSE,0,0,FALSE,a2WXt0aW76g,https://www.youtube.com/watch?v=a2WXt0aW76g,3896,Kroni Prabowo dalam Proyek Makan Bergizi Gratis (MBG) |  Bocor Alus Politik
UgxJpRuYstWcJqtjEcB4AaABAg,,comment,1 month ago,"gak beda jauh ama pendahulunya judul ajah ""hilirisasi"" padahal kenyataannya cuman ngisi perut2 kawan dan sanak sodaranya",@langitpanglima172,FALSE,0,0,FALSE,a2WXt0aW76g,https://www.youtube.com/watch?v=a2WXt0aW76g,3896,Kroni Prabowo dalam Proyek Makan Bergizi Gratis (MBG) |  Bocor Alus Politik
UgwbOPedkm7_BidPPLZ4AaABAg,,comment,1 month ago,"Program yg udah di kritik sana sini, dan terlalu di paksakan",@rahmat_nrt6618,FALSE,0,0,FALSE,a2WXt0aW76g,https://www.youtube.com/watch?v=a2WXt0aW76g,3896,Kroni Prabowo dalam Proyek Makan Bergizi Gratis (MBG) |  Bocor Alus Politik
UgwYtszkGLOjuT2i0eN4AaABAg,,comment,1 month ago,Hati2 brooo nanti di gruduk sama anak buah Hercules,@eripanaha6895,FALSE,0,0,FALSE,a2WXt0aW76g,https://www.youtube.com/watch?v=a2WXt0aW76g,3896,Kroni Prabowo dalam Proyek Makan Bergizi Gratis (MBG) |  Bocor Alus Politik
UgwMw4P8ziCOUVAPY1l4AaABAg,,comment,1 month ago,Proyek2,@eliftahta-p1j,FALSE,0,0,FALSE,a2WXt0aW76g,https://www.youtube.com/watch?v=a2WXt0aW76g,3896,Kroni Prabowo dalam Proyek Makan Bergizi Gratis (MBG) |  Bocor Alus Politik
UgxLipXW-IDkUrghZRl4AaABAg,,comment,1 month ago,"Bansos dalam bentuk apapun Programnya, supsidi dalam apapun bentuknya, 75% unsur politik dan 100% tindak korupsi terjadi.",@DamliaLia,FALSE,0,0,FALSE,a2WXt0aW76g,https://www.youtube.com/watch?v=a2WXt0aW76g,3896,Kroni Prabowo dalam Proyek Makan Bergizi Gratis (MBG) |  Bocor Alus Politik
Ugy1BT2BPZ6gUf5IaWZ4AaABAg,,comment,1 month ago,"Coba tim investigasi tempo cek ke daerah kami Jawa Timur, Bojonegoro sampai saat ini belum ada apa yg dikatakan makan bergizi gratis itu.",@dwiyuniarti224,FALSE,0,0,FALSE,a2WXt0aW76g,https://www.youtube.com/watch?v=a2WXt0aW76g,3896,Kroni Prabowo dalam Proyek Makan Bergizi Gratis (MBG) |  Bocor Alus Politik
Ugw0bfpnbuhiff30kN14AaABAg,,comment,1 month ago,Byk potongan ga tuh... Proyek cuan,@putuhardikna9213,FALSE,0,0,FALSE,a2WXt0aW76g,https://www.youtube.com/watch?v=a2WXt0aW76g,3896,Kroni Prabowo dalam Proyek Makan Bergizi Gratis (MBG) |  Bocor Alus Politik
UgzIDB3KZGdNtlpKwSx4AaABAg,,comment,1 month ago (edited),Investasi siapa WAKIL PRESIDEN ATAU RAJA JAWA 😂😂😂,@ridwanmahmud-h1t,FALSE,0,0,FALSE,a2WXt0aW76g,https://www.youtube.com/watch?v=a2WXt0aW76g,3896,Kroni Prabowo dalam Proyek Makan Bergizi Gratis (MBG) |  Bocor Alus Politik
UgwT3V5yIHTX5nSjSOF4AaABAg,,comment,1 month ago,Koq kaget kan sdh jelas mrk berkuasa apa yg mereka mau emang ada ygbisa melawan jgn mimpi lah...,@kevinsherly1014,FALSE,0,0,FALSE,a2WXt0aW76g,https://www.youtube.com/watch?v=a2WXt0aW76g,3896,Kroni Prabowo dalam Proyek Makan Bergizi Gratis (MBG) |  Bocor Alus Politik
Ugy6Y1mSkyQjmBYS-cR4AaABAg,,comment,1 month ago,Koq kaget kan sdh jelas mrk berkuasa apa yg mereka mau emang ada ygbisa melawan jgn mimpi lah...,@kevinsherly1014,FALSE,0,0,FALSE,a2WXt0aW76g,https://www.youtube.com/watch?v=a2WXt0aW76g,3896,Kroni Prabowo dalam Proyek Makan Bergizi Gratis (MBG) |  Bocor Alus Politik
UgwI6xuyHWrUwSkguYZ4AaABAg,,comment,1 month ago,Ini usul saya lebih baik pkh atau dana bantuan sosial ya di tingkatkan saja karena itu sudah tetap sasaran,@jacobluluporo604,FALSE,0,0,FALSE,a2WXt0aW76g,https://www.youtube.com/watch?v=a2WXt0aW76g,3896,Kroni Prabowo dalam Proyek Makan Bergizi Gratis (MBG) |  Bocor Alus Politik
UgyNSO4AOjQEys3VJYV4AaABAg,,comment,1 month ago,Terus kapan kita di ntt kusus nya di desa mata aer hingga sekarang ko tdk ada tanda tanda kehidupan makan gratis,@jacobluluporo604,FALSE,0,0,FALSE,a2WXt0aW76g,https://www.youtube.com/watch?v=a2WXt0aW76g,3896,Kroni Prabowo dalam Proyek Makan Bergizi Gratis (MBG) |  Bocor Alus Politik
UgxPTEAnT_G12E4Cdxx4AaABAg,,comment,1 month ago,KRONI KRONI AGEN INTEL MOSSAD YAHUDI GEORGE SOROS ADA DI SINI,@NoorPrayuda-ol4js,FALSE,0,0,FALSE,a2WXt0aW76g,https://www.youtube.com/watch?v=a2WXt0aW76g,3896,Kroni Prabowo dalam Proyek Makan Bergizi Gratis (MBG) |  Bocor Alus Politik
Ugzz-2HneldR5RCZes54AaABAg,,comment,1 month ago,"MBG....? Untuk siapa....?
Sampai saat ini tidak semua sekolah yg dapat MBG tuh...
Menurut saya sih  MBG tidak tepat sasaran dan tidak adil ....",@yulindyahdwimerbawani4202,FALSE,0,0,FALSE,a2WXt0aW76g,https://www.youtube.com/watch?v=a2WXt0aW76g,3896,Kroni Prabowo dalam Proyek Makan Bergizi Gratis (MBG) |  Bocor Alus Politik
UgxOE-QuI-_1EgvnqY94AaABAg,,comment,1 month ago,"Program mbg untuk masa depan anak anak kok diproyekkan, entar sampai di sekolah tinggal tulangnya aja,",@AnwarumarAnwar,FALSE,0,0,FALSE,a2WXt0aW76g,https://www.youtube.com/watch?v=a2WXt0aW76g,3896,Kroni Prabowo dalam Proyek Makan Bergizi Gratis (MBG) |  Bocor Alus Politik
Ugx2l7ZoJpFCfjW6agR4AaABAg,,comment,1 month ago,ia tempeeeee babiiiiii gratiiiiis makaaaan luuu 😁😁😁😁😁😁😁😁,@DanielIngkiriwang,FALSE,0,0,FALSE,a2WXt0aW76g,https://www.youtube.com/watch?v=a2WXt0aW76g,3896,Kroni Prabowo dalam Proyek Makan Bergizi Gratis (MBG) |  Bocor Alus Politik
UgwMIlyKKy5s72zb3aZ4AaABAg,,comment,1 month ago,Selanjutnya tolong dibahas Koperasi Merah Putih Bang🙏,@yudhysantosa7779,FALSE,0,0,FALSE,a2WXt0aW76g,https://www.youtube.com/watch?v=a2WXt0aW76g,3896,Kroni Prabowo dalam Proyek Makan Bergizi Gratis (MBG) |  Bocor Alus Politik
UgxUFjC7bIFlpSln_Et4AaABAg,,comment,1 month ago,Sama aja program bantuan jaman jokowi itu orang2 dri partainya.,@rahmatyulianto7207,FALSE,0,0,FALSE,a2WXt0aW76g,https://www.youtube.com/watch?v=a2WXt0aW76g,3896,Kroni Prabowo dalam Proyek Makan Bergizi Gratis (MBG) |  Bocor Alus Politik
Ugzecr0cioFcMsWeBGd4AaABAg,,comment,1 month ago,"Nikmatin aja masih ada 4,5 tahun lagi",@athabigaming7175,FALSE,0,0,FALSE,a2WXt0aW76g,https://www.youtube.com/watch?v=a2WXt0aW76g,3896,Kroni Prabowo dalam Proyek Makan Bergizi Gratis (MBG) |  Bocor Alus Politik
UgyKslPF6VDF3hBqSC54AaABAg,,comment,1 month ago,bocor bocor bowo 2 sama semua korupssi doyan duit negara,@angkringanjogja7119,FALSE,0,0,FALSE,a2WXt0aW76g,https://www.youtube.com/watch?v=a2WXt0aW76g,3896,Kroni Prabowo dalam Proyek Makan Bergizi Gratis (MBG) |  Bocor Alus Politik
UgwBe2uAGpHw0sk8xCd4AaABAg,,comment,1 month ago,Perlu diaudit proyek makan gratis itu,@HansOfficial-wv2xq,FALSE,0,0,FALSE,a2WXt0aW76g,https://www.youtube.com/watch?v=a2WXt0aW76g,3896,Kroni Prabowo dalam Proyek Makan Bergizi Gratis (MBG) |  Bocor Alus Politik
UgytLsRk_AdQYQUS0Hl4AaABAg,,comment,1 month ago,Yg betul² makan bergizi gratis adalah pempinan pemerentah beserta pejabat negara.,@ImranImran-fv7pd,FALSE,0,0,FALSE,a2WXt0aW76g,https://www.youtube.com/watch?v=a2WXt0aW76g,3896,Kroni Prabowo dalam Proyek Makan Bergizi Gratis (MBG) |  Bocor Alus Politik
UgxwkSiaj0s4iHaN4-d4AaABAg,,comment,1 month ago,media tempe ingin membunuh karakter presiden sekarang. sehingga rakyat benci dan marah. media tempe bukan media tapi corong untuk kepentingan asing . hati hati kawan rapatkan barisan dukung pemerintah yang sah. prabowo bagi asing adalah ancaman sebab kebijakannya sangat nasionalis dan pro rakyat kecil,@harmokonugroho4878,FALSE,0,0,FALSE,a2WXt0aW76g,https://www.youtube.com/watch?v=a2WXt0aW76g,3896,Kroni Prabowo dalam Proyek Makan Bergizi Gratis (MBG) |  Bocor Alus Politik
Ugz2oXDpE8VpLmTYCfl4AaABAg,,comment,1 month ago,❤ tks tim bocor alus ❤,@hestihidup184,FALSE,0,0,FALSE,a2WXt0aW76g,https://www.youtube.com/watch?v=a2WXt0aW76g,3896,Kroni Prabowo dalam Proyek Makan Bergizi Gratis (MBG) |  Bocor Alus Politik
UgxsKUXEmK8GtCI45gV4AaABAg,,comment,1 month ago,"MBG. anak² yg makan nasinya, pejabat yg kenyang dan sehat sejahtera.",@ebed6472,FALSE,0,0,FALSE,a2WXt0aW76g,https://www.youtube.com/watch?v=a2WXt0aW76g,3896,Kroni Prabowo dalam Proyek Makan Bergizi Gratis (MBG) |  Bocor Alus Politik
UgyCyP-IrrGZ1D4O2Vh4AaABAg,,comment,1 month ago,hati hati agen asing. mereka punya dana tak terbatas . kaki tangan mereka banyak . media tempe ...hati hati,@harmokonugroho4878,FALSE,0,0,FALSE,a2WXt0aW76g,https://www.youtube.com/watch?v=a2WXt0aW76g,3896,Kroni Prabowo dalam Proyek Makan Bergizi Gratis (MBG) |  Bocor Alus Politik
UgysvAPD0kM_Sys8Adp4AaABAg,,comment,1 month ago,MBG=Makan Beracun Gratis 😂,@BelimbingSayurAsamSulfat,FALSE,0,1,FALSE,a2WXt0aW76g,https://www.youtube.com/watch?v=a2WXt0aW76g,3896,Kroni Prabowo dalam Proyek Makan Bergizi Gratis (MBG) |  Bocor Alus Politik
UgxeB8hsekfyJ65yVAt4AaABAg,,comment,1 month ago,"G heran, food estate aja nanem singkong tumbuh jagung apalagi cm mbg, tinggal otak atik angka buat dimanipulasi cost. Tujuannya bgs tp eksekusinya buruk. 100T mah mending naikin kualitas pendidik dan fasilitas pendukung siswa.",@tataree85,FALSE,0,0,FALSE,a2WXt0aW76g,https://www.youtube.com/watch?v=a2WXt0aW76g,3896,Kroni Prabowo dalam Proyek Makan Bergizi Gratis (MBG) |  Bocor Alus Politik
Ugx9Dr8ga0sVEyYhkf14AaABAg,,comment,1 month ago,"Nunggu waktu aj,, semua pasti terbuka entah kapan",@SantaWilly-h6i,FALSE,0,1,FALSE,a2WXt0aW76g,https://www.youtube.com/watch?v=a2WXt0aW76g,3896,Kroni Prabowo dalam Proyek Makan Bergizi Gratis (MBG) |  Bocor Alus Politik
Ugx1qCpru-rOeTgRTht4AaABAg,,comment,1 month ago,Di SD NEgeri Karaban Kec.Gabus Kab.PATI Belum Pernah Sama Sekali Dpt Makan Siang Gratis... 😢,@jowo_tulen,FALSE,0,0,FALSE,a2WXt0aW76g,https://www.youtube.com/watch?v=a2WXt0aW76g,3896,Kroni Prabowo dalam Proyek Makan Bergizi Gratis (MBG) |  Bocor Alus Politik
UgwghxLQ_ejUCEfsrLF4AaABAg,,comment,1 month ago,"32:31

1. Pernah baca infografis dan sempat disebut Pak Ganjar dalam debat capres bahwa stunting dan gizi buruk itu mirip tetapi berbeda. Stunting bisa dicegah saat periode sebelum kelahiran dan sekian hari pertama setelah bayi lahir, sedang MBG diberikan saat si anak sudah bersekolah. Maka MBG tidak bisa mengentaskan stunting, MBG hanya bisa mengentaskan gizi buruk. CMIIW kalau ada ahli gizi atau perawat yang paham.
2. Dari kegagalan mengidentifikasi masalah, berarti rencananya tidak matang. (Eksekusinya juga aur-auran).
3. Kalau niatnya baik, Thanos dan Light Yagami juga baik.",@665-9,FALSE,0,0,FALSE,a2WXt0aW76g,https://www.youtube.com/watch?v=a2WXt0aW76g,3896,Kroni Prabowo dalam Proyek Makan Bergizi Gratis (MBG) |  Bocor Alus Politik
UgzdAlOA2zBcWaPuUWR4AaABAg,,comment,1 month ago,Gak ada makan siang gratis. Hari ini Itu bukan hanya pepatah..,@anamuslimchannel6866,FALSE,0,0,FALSE,a2WXt0aW76g,https://www.youtube.com/watch?v=a2WXt0aW76g,3896,Kroni Prabowo dalam Proyek Makan Bergizi Gratis (MBG) |  Bocor Alus Politik
Ugx6DAoHlRgF8jgs07N4AaABAg,,comment,1 month ago,Lanjutkan tempo,@dartomulyono7624,FALSE,0,0,FALSE,a2WXt0aW76g,https://www.youtube.com/watch?v=a2WXt0aW76g,3896,Kroni Prabowo dalam Proyek Makan Bergizi Gratis (MBG) |  Bocor Alus Politik
UgyBi8c0Wkhr06XQgud4AaABAg,,comment,1 month ago (edited),"Dimana ada makan gratis ...
Ada juga ngasih mie 1 bks.",@haerudinyiyis4273,FALSE,0,0,FALSE,a2WXt0aW76g,https://www.youtube.com/watch?v=a2WXt0aW76g,3896,Kroni Prabowo dalam Proyek Makan Bergizi Gratis (MBG) |  Bocor Alus Politik
UgwCC_Xe-oMP7Oy0SsF4AaABAg,,comment,1 month ago,MBG adalah proyek balas budi buat kroni pendukung 02,@hserwan181,FALSE,0,0,FALSE,a2WXt0aW76g,https://www.youtube.com/watch?v=a2WXt0aW76g,3896,Kroni Prabowo dalam Proyek Makan Bergizi Gratis (MBG) |  Bocor Alus Politik
UgwmyhtR-RGdhuOowV14AaABAg,,comment,1 month ago,Lagi Lagi KKN hah,@ginanjarpamungkas8357,FALSE,0,0,FALSE,a2WXt0aW76g,https://www.youtube.com/watch?v=a2WXt0aW76g,3896,Kroni Prabowo dalam Proyek Makan Bergizi Gratis (MBG) |  Bocor Alus Politik
UgzSIwnicnJ6YVsDXTV4AaABAg,,comment,1 month ago,❤,@nafisa1953,FALSE,0,0,FALSE,a2WXt0aW76g,https://www.youtube.com/watch?v=a2WXt0aW76g,3896,Kroni Prabowo dalam Proyek Makan Bergizi Gratis (MBG) |  Bocor Alus Politik
UgwAijijcaXjeP5WRSR4AaABAg,,comment,1 month ago (edited),Budget 71T itu baru sebagian kcl skl kyknya yg dpt proyek mkn gratis 😂 apalagi klo sdh semua ya.. tp hrs kah ada evaluasi dan penelitian ttg adanya peningkatan kualitas pnddkn indonesia atau kualitas SDM nantinya dr PMG ini?,@renirubiyanti7042,FALSE,0,0,FALSE,a2WXt0aW76g,https://www.youtube.com/watch?v=a2WXt0aW76g,3896,Kroni Prabowo dalam Proyek Makan Bergizi Gratis (MBG) |  Bocor Alus Politik
UgzgGEgorCUt5id2S994AaABAg,,comment,1 month ago,"Ini proyek ehhh program sambil menyelam mnum airrr ...
Taukan ... Seperti di bilang tempo...
Bikin program kliatannya populis...tapiiiii
Pelaksanaan nya ...jadi rebutan ordal",@Arzen21,FALSE,0,0,FALSE,a2WXt0aW76g,https://www.youtube.com/watch?v=a2WXt0aW76g,3896,Kroni Prabowo dalam Proyek Makan Bergizi Gratis (MBG) |  Bocor Alus Politik
UgypJtuZngPwjGO3ob54AaABAg,,comment,1 month ago,iya....,@BrilyanRaditya,FALSE,0,0,FALSE,a2WXt0aW76g,https://www.youtube.com/watch?v=a2WXt0aW76g,3896,Kroni Prabowo dalam Proyek Makan Bergizi Gratis (MBG) |  Bocor Alus Politik
Ugz4E-ilTuELuy43Wzx4AaABAg,,comment,1 month ago,Sdh gak ada yg bisa dipercaya. Bagaimana nasib bangsa ini ke depan ya..😢,@Lea-rv9gq,FALSE,0,0,FALSE,a2WXt0aW76g,https://www.youtube.com/watch?v=a2WXt0aW76g,3896,Kroni Prabowo dalam Proyek Makan Bergizi Gratis (MBG) |  Bocor Alus Politik
UgyqS9Lbl4bKNNgB1DZ4AaABAg,,comment,1 month ago,Saadlah bahwa hidup kalian adalah punya Tuhan dan akan kembali pada Tuhan. Kelak akan diminta pertanggungjawabannya,@aria7029,FALSE,0,0,FALSE,a2WXt0aW76g,https://www.youtube.com/watch?v=a2WXt0aW76g,3896,Kroni Prabowo dalam Proyek Makan Bergizi Gratis (MBG) |  Bocor Alus Politik
UgyqCzJnGeqI6m6XTsZ4AaABAg,,comment,1 month ago,Pejabat negara terkorup dan hidup mati kita di tangan mereka,@bettamadesimple9139,FALSE,0,0,FALSE,a2WXt0aW76g,https://www.youtube.com/watch?v=a2WXt0aW76g,3896,Kroni Prabowo dalam Proyek Makan Bergizi Gratis (MBG) |  Bocor Alus Politik
UgzoYrHzl-2VFDLLE1h4AaABAg,,comment,1 month ago,"Evaluasi MBG, tidak gratis dia pakai anggaran APBN. harusnya skala prioritas berikan kepada anak yang benar2 dari keluarga miskin & yg memang ortunya kesulitan memberi makan. realitanya dilapangan banyak makanan yg tidak habisan oleh murid2, akhirnya buat makan ayam. mubadzir karena salah sasaran,",@asn5533,FALSE,0,0,FALSE,a2WXt0aW76g,https://www.youtube.com/watch?v=a2WXt0aW76g,3896,Kroni Prabowo dalam Proyek Makan Bergizi Gratis (MBG) |  Bocor Alus Politik
UgwsufkkI9zYziggVDR4AaABAg,,comment,1 month ago,apapun akan salah dimata tempo,@musicpopuler2117,FALSE,0,0,FALSE,a2WXt0aW76g,https://www.youtube.com/watch?v=a2WXt0aW76g,3896,Kroni Prabowo dalam Proyek Makan Bergizi Gratis (MBG) |  Bocor Alus Politik
UgwpoCXZIINQRN-EkOV4AaABAg,,comment,1 month ago,sejak retreat pun keliatan hahahah,@ganeshbaja1056,FALSE,0,0,FALSE,a2WXt0aW76g,https://www.youtube.com/watch?v=a2WXt0aW76g,3896,Kroni Prabowo dalam Proyek Makan Bergizi Gratis (MBG) |  Bocor Alus Politik
UgzwmngCiS8VpfEGcjh4AaABAg,,comment,1 month ago,Bocor alus datagkan dong nasumbernya . Pertamina kelantuanya. Masak suruh negelitin kalian nongrong?,@arifinjogor4502,FALSE,0,0,FALSE,a2WXt0aW76g,https://www.youtube.com/watch?v=a2WXt0aW76g,3896,Kroni Prabowo dalam Proyek Makan Bergizi Gratis (MBG) |  Bocor Alus Politik
UgzwFTRTg8uBjjbBXQN4AaABAg,,comment,1 month ago (edited),Program MBG ini seharusnya berdampak ekonomi dan edukasi bagi warung-warung sekitar sekolah. Tapi nyatanya program ini terkesan eksklusif,@jrkreaction7461,FALSE,0,0,FALSE,a2WXt0aW76g,https://www.youtube.com/watch?v=a2WXt0aW76g,3896,Kroni Prabowo dalam Proyek Makan Bergizi Gratis (MBG) |  Bocor Alus Politik
UgzArvllSxW9pkqNT5R4AaABAg,,comment,1 month ago,"Sudah ketebak sih yaa akan terjadi seperti ini, namanya juga duit banyak masalah. Juga pasti banyak, karena semuanya pengen dapat untung banyak😅😊",@tutitresnawati7883,FALSE,0,0,FALSE,a2WXt0aW76g,https://www.youtube.com/watch?v=a2WXt0aW76g,3896,Kroni Prabowo dalam Proyek Makan Bergizi Gratis (MBG) |  Bocor Alus Politik
Ugxh3GmH0ejfh3jS6UF4AaABAg,,comment,1 month ago,Jangan kasih kendor Tempo. Terus bersuara.,@wasesasegara77,FALSE,0,0,FALSE,a2WXt0aW76g,https://www.youtube.com/watch?v=a2WXt0aW76g,3896,Kroni Prabowo dalam Proyek Makan Bergizi Gratis (MBG) |  Bocor Alus Politik
UgyMPqN3nuoGfE6oupt4AaABAg,,comment,1 month ago,Buahaha si a1😂😂😂,@richardkaruwal3317,FALSE,0,0,FALSE,a2WXt0aW76g,https://www.youtube.com/watch?v=a2WXt0aW76g,3896,Kroni Prabowo dalam Proyek Makan Bergizi Gratis (MBG) |  Bocor Alus Politik
UgwcIjljCUCaIYX12LZ4AaABAg,,comment,1 month ago,Ooo~~ pantes 0:13 ~~~~,@hellenmelati5980,FALSE,0,0,FALSE,a2WXt0aW76g,https://www.youtube.com/watch?v=a2WXt0aW76g,3896,Kroni Prabowo dalam Proyek Makan Bergizi Gratis (MBG) |  Bocor Alus Politik
UgwFmy0NuNH54wiJVCZ4AaABAg,,comment,1 month ago,Bgini loh. Penyedia MBG atau mitra BADAN GIZI NASIONAL yg tersedia itu kan  hrs punya modal yg sgt besar. Dan wajib lewat lelang dgn persyaratan yg bnyk &tdk main2x. Toh jg dlm penawaran disebut harga dan menu. &itu terbuka secara luas dan transparans. Kritis wajib tp jgn tendensius. Kawal sj. Jika mmg ada sesuatu yg tdk pd tempatnya ya sikat. Tp jika itu jujur dan terbuka jg profesional akui dan apresiasi itu. Jgn dilihat buruk nya doang. Hrs objektif dan adil menyikapi smua itu,@mattomamato,FALSE,0,0,FALSE,a2WXt0aW76g,https://www.youtube.com/watch?v=a2WXt0aW76g,3896,Kroni Prabowo dalam Proyek Makan Bergizi Gratis (MBG) |  Bocor Alus Politik
UgxH3BreOozAc9XBCjl4AaABAg,,comment,1 month ago,"Dari awal juga ga percaya sama proyek makan gratis ini, soalnya banyak tikus 😂",@PosiTalk_ID,FALSE,0,1,FALSE,a2WXt0aW76g,https://www.youtube.com/watch?v=a2WXt0aW76g,3896,Kroni Prabowo dalam Proyek Makan Bergizi Gratis (MBG) |  Bocor Alus Politik
UgwmoQ6a33WTXxfbjXB4AaABAg,,comment,1 month ago,😂😂😂,@cicikurniati3659,FALSE,0,0,FALSE,a2WXt0aW76g,https://www.youtube.com/watch?v=a2WXt0aW76g,3896,Kroni Prabowo dalam Proyek Makan Bergizi Gratis (MBG) |  Bocor Alus Politik
UgypGEZZjgF9_mhgwfF4AaABAg,,comment,1 month ago,Progral terkorup hanja kedok doang mkn gratis. 😊,@ekojiwasraya5678,FALSE,0,0,FALSE,a2WXt0aW76g,https://www.youtube.com/watch?v=a2WXt0aW76g,3896,Kroni Prabowo dalam Proyek Makan Bergizi Gratis (MBG) |  Bocor Alus Politik
UgyPnl7KCmhuUjCZQ7t4AaABAg,,comment,1 month ago,"UMKM akan mustahil bisa ikutan jadi mitra. Sudah sangat jelas penyampaian di atas. untuk menjadi mitra butuh modal awal jutaan bahkan milyaran. Kalo emang beneran mau menghidupkan UMKM, ubah itu aturan dan berikan kepastian pembayaran. Jika perlu pembayaran dilakukan dimuka. Saya bekerja sebagai pengelola katering sekolah lumayan lama, insya allah lebih paham kondisi di lapangan. berikan akses kemudahan mitra itu kepada kami para UMKM, kami pastikan kami berikan makanan yang bergizi dan tentunya menunya disukai anak-anak.",@TimKreatifSTA,FALSE,0,0,FALSE,a2WXt0aW76g,https://www.youtube.com/watch?v=a2WXt0aW76g,3896,Kroni Prabowo dalam Proyek Makan Bergizi Gratis (MBG) |  Bocor Alus Politik
UgyOcHvJSzO_SkPvSqR4AaABAg,,comment,1 month ago,Pemerintah makin kesini makin kesana 😂😂😂,@eltorez,FALSE,0,0,FALSE,a2WXt0aW76g,https://www.youtube.com/watch?v=a2WXt0aW76g,3896,Kroni Prabowo dalam Proyek Makan Bergizi Gratis (MBG) |  Bocor Alus Politik
Ugw3oRRNvCRYsPixekZ4AaABAg,,comment,1 month ago,"Mangkanya rezim sekarang ngotot untuk makanan geratis ,rupanya ladang bancakan 

Kalau memang mau membantu yang kurang gizi seharusnya di bagi secara langsung bukan pukul semua rata tapi di koropsi bisa gendut anggaranya",@sudarminingbtehendropranot215,FALSE,0,0,FALSE,a2WXt0aW76g,https://www.youtube.com/watch?v=a2WXt0aW76g,3896,Kroni Prabowo dalam Proyek Makan Bergizi Gratis (MBG) |  Bocor Alus Politik
UgwDAeuO6Qu8lqXoM394AaABAg,,comment,1 month ago (edited),Hati2 berikutnya proyek danantara itu... bisa habis itu triliyunan uang negara dan rakyat.,@melekpolitik76,FALSE,0,0,FALSE,a2WXt0aW76g,https://www.youtube.com/watch?v=a2WXt0aW76g,3896,Kroni Prabowo dalam Proyek Makan Bergizi Gratis (MBG) |  Bocor Alus Politik
UgwjNINKa3p_6YgtApV4AaABAg,,comment,1 month ago,"Mbg dan rumah gratis tu harusnya buat ngurangi hutang aja bos, program mbg tu kalau serius tu dananya langsung ke ortu murid masing tinggal pemerintah dan warga yg ngawasin... Perumahan gratis lebih baik rusun pakai gratis bergantian, biar bisa bergantian dg yg belum punya rumah lainya..",@Romelansyarif,FALSE,0,0,FALSE,a2WXt0aW76g,https://www.youtube.com/watch?v=a2WXt0aW76g,3896,Kroni Prabowo dalam Proyek Makan Bergizi Gratis (MBG) |  Bocor Alus Politik
UgwfjWd8NS2Q9Y1pmMF4AaABAg,,comment,1 month ago,"Ya memang, siapnya duitnya susah cair😂",@guhhhguhhh,FALSE,0,0,FALSE,a2WXt0aW76g,https://www.youtube.com/watch?v=a2WXt0aW76g,3896,Kroni Prabowo dalam Proyek Makan Bergizi Gratis (MBG) |  Bocor Alus Politik
Ugw8z-qRL8MaGdi2mbJ4AaABAg,,comment,1 month ago,"Pertanyaan dari saya: Yayasan yang dapat ""proyek"" MBG tersebut apakah melalui tender? Nilainya milyaran lho🤫😊",@GONDEZCHANNEL,FALSE,0,0,FALSE,a2WXt0aW76g,https://www.youtube.com/watch?v=a2WXt0aW76g,3896,Kroni Prabowo dalam Proyek Makan Bergizi Gratis (MBG) |  Bocor Alus Politik
UgwZAp-DmZiP_lLVNRl4AaABAg,,comment,1 month ago,"Memang ga terlalu urgent sih proyek MBG ini, lebih better memprioritaskan program pendidikan merata dan gratis bagi seluruh warga Indonesia karena masih banyak ditemukan anak-anak muda yang tidak bisa sekolah karena tidak memiliki biaya.",@Riris_channel,FALSE,0,0,FALSE,a2WXt0aW76g,https://www.youtube.com/watch?v=a2WXt0aW76g,3896,Kroni Prabowo dalam Proyek Makan Bergizi Gratis (MBG) |  Bocor Alus Politik
Ugx3LcRypdzSIXTJAtV4AaABAg,,comment,1 month ago,"masya allah, pekerja tatoan, gondrong bisa di terima di tempo, maju terus tempo",@marexindonesianugie1113,FALSE,0,0,FALSE,a2WXt0aW76g,https://www.youtube.com/watch?v=a2WXt0aW76g,3896,Kroni Prabowo dalam Proyek Makan Bergizi Gratis (MBG) |  Bocor Alus Politik
UgyLsMbdzj5Qx733wiV4AaABAg,,comment,1 month ago,ganti presiden ganti pemain 😂,@fufufafafofo,FALSE,0,0,FALSE,a2WXt0aW76g,https://www.youtube.com/watch?v=a2WXt0aW76g,3896,Kroni Prabowo dalam Proyek Makan Bergizi Gratis (MBG) |  Bocor Alus Politik
UgzecN3jLeqwndsD3hp4AaABAg,,comment,1 month ago (edited),Biar gak ngegosip ikut aja bantu  terlibat coba bikin satu dapur. Kan nanti juga tahu semuanya.,@sethyonketut2069,FALSE,0,0,FALSE,a2WXt0aW76g,https://www.youtube.com/watch?v=a2WXt0aW76g,3896,Kroni Prabowo dalam Proyek Makan Bergizi Gratis (MBG) |  Bocor Alus Politik
Ugzr7Xsa8LawDFPIHdR4AaABAg,,comment,1 month ago,"MBG di skolah anak, basi makanan nya 🫣 dan berbau logam tempat makan.",@iyanmurdi3457,FALSE,0,0,FALSE,a2WXt0aW76g,https://www.youtube.com/watch?v=a2WXt0aW76g,3896,Kroni Prabowo dalam Proyek Makan Bergizi Gratis (MBG) |  Bocor Alus Politik
UgwASh2b2B-MmH_L4ht4AaABAg,,comment,1 month ago,sekarang tempo mulai menerapkan nilai ekonomi ...lama2 jadi tempo berbayar,@tera200488,FALSE,0,0,FALSE,a2WXt0aW76g,https://www.youtube.com/watch?v=a2WXt0aW76g,3896,Kroni Prabowo dalam Proyek Makan Bergizi Gratis (MBG) |  Bocor Alus Politik
Ugwo2szVKaWKeTGj9_t4AaABAg,,comment,1 month ago,"KENAPA TIM NYA BANTU APA YG SALAH UNTUK DUKUNG KELANCARANYA MBG ,? DANA POLES HARUS SEGERA BUAT TEMPO 😂😂😂😂",@BELLANEGRIKU,FALSE,0,0,FALSE,a2WXt0aW76g,https://www.youtube.com/watch?v=a2WXt0aW76g,3896,Kroni Prabowo dalam Proyek Makan Bergizi Gratis (MBG) |  Bocor Alus Politik
UgwjlXxP9MfK5G-rJdd4AaABAg,,comment,1 month ago,"Ya begitulah Negara Kapitalis sekuler yg memisahkan agama dengan Negara, apapun untuk bisnis bahkan seandainya bisa langitpun maunya dipetak petak untuk bisnis.
Ganti dengan sistem Rahmatan lil alamin yaitu Islam.",@arwanputra138,FALSE,0,0,FALSE,a2WXt0aW76g,https://www.youtube.com/watch?v=a2WXt0aW76g,3896,Kroni Prabowo dalam Proyek Makan Bergizi Gratis (MBG) |  Bocor Alus Politik
UgzlX_MviBfBE1AG5k94AaABAg,,comment,1 month ago,"Di daerah saya maka  grati lancar n nirmal tdak ada kendala baik segi kesiapan n pembayaran normal n lancar seperti ngara orang jga,,",@chandradyx9968,FALSE,0,0,FALSE,a2WXt0aW76g,https://www.youtube.com/watch?v=a2WXt0aW76g,3896,Kroni Prabowo dalam Proyek Makan Bergizi Gratis (MBG) |  Bocor Alus Politik
UgwUlQBTlhhXgPbJBj54AaABAg,,comment,1 month ago,"bobrok bener sih negara, herannya masih banyak orang2 miskin yg koar2 mendukung, sehat2 selalu ya team jurnalis tempo",@mohamadrama3133,FALSE,0,0,FALSE,a2WXt0aW76g,https://www.youtube.com/watch?v=a2WXt0aW76g,3896,Kroni Prabowo dalam Proyek Makan Bergizi Gratis (MBG) |  Bocor Alus Politik
Ugw_3is3t7FXVoAgcd14AaABAg,,comment,1 month ago,"Ingat jaman kampanye, mereka banyak yg bilang: makan siang gratis akan memutar roda ekonomi rakyat. Saya tetep tak percaya omongan mereka. Kini, makin tak percaya lagi. Karena kita memang nggak ada harapan, kok.",@sambirejo423,FALSE,0,0,FALSE,a2WXt0aW76g,https://www.youtube.com/watch?v=a2WXt0aW76g,3896,Kroni Prabowo dalam Proyek Makan Bergizi Gratis (MBG) |  Bocor Alus Politik
UgwR3C6Urw0nhKVni5F4AaABAg,,comment,1 month ago,"Dah gak sabar oknum-oknum yang ""lapar"" dikerangkeng. KPK harus gerak cepat, sebelum kerugian Negara semakin besar.",@MrAchmadreza,FALSE,0,4,FALSE,a2WXt0aW76g,https://www.youtube.com/watch?v=a2WXt0aW76g,3896,Kroni Prabowo dalam Proyek Makan Bergizi Gratis (MBG) |  Bocor Alus Politik
UgyDQ5OcmVgJbEmS3Gh4AaABAg,,comment,1 month ago,"Sebenernya produk jurnalis tempo ini invetigasinya valid apa tidak ya, 
Pertanyaannya.
Jika produk junalis tempo salah apakah bisa di gugat?",@sugengsugeng7450,FALSE,0,0,FALSE,a2WXt0aW76g,https://www.youtube.com/watch?v=a2WXt0aW76g,3896,Kroni Prabowo dalam Proyek Makan Bergizi Gratis (MBG) |  Bocor Alus Politik
UgzQ2YNCQhVA4QMcQr14AaABAg,,comment,1 month ago,"makan bergizi belum bayar, rakyat di cekokkin dgn makanan haram,, kasihan pengolah makanan dgn usaha nya kandas belum di bayar emang penipu?Jokowi aja kontraktor jalan tol belum dibayar sama dgn program Prabowo gibran",@bungalaw,FALSE,0,1,FALSE,a2WXt0aW76g,https://www.youtube.com/watch?v=a2WXt0aW76g,3896,Kroni Prabowo dalam Proyek Makan Bergizi Gratis (MBG) |  Bocor Alus Politik
UgzgpFzqmkwOhXUEMRN4AaABAg,,comment,1 month ago,ohh ini channel dari media yang didanai george soros,@backslashlaboratorium8437,FALSE,0,0,FALSE,a2WXt0aW76g,https://www.youtube.com/watch?v=a2WXt0aW76g,3896,Kroni Prabowo dalam Proyek Makan Bergizi Gratis (MBG) |  Bocor Alus Politik
UgzEneVC0_GMqKDfP2h4AaABAg,,comment,1 month ago,"Bang kalo Indonesia tidak bisa menghukum mati bagi barangsiapa yang terbukti mengkorupsi anggaran negara diatas 1 M maka jangan berharap Indonesia Emas bisa tercapai, bisakah membahas hal tsb bang, maju terus tanpa batas untuk Indonesia Emas",@yoyokkrist5486,FALSE,0,0,FALSE,a2WXt0aW76g,https://www.youtube.com/watch?v=a2WXt0aW76g,3896,Kroni Prabowo dalam Proyek Makan Bergizi Gratis (MBG) |  Bocor Alus Politik
UgzEY3dvrETnPp8_f594AaABAg,,comment,1 month ago,"pantesan gak jadi galak sama koruptor, ya kali menjarain diri sendiri dan teman2 nya",@fanmo889,FALSE,0,0,FALSE,a2WXt0aW76g,https://www.youtube.com/watch?v=a2WXt0aW76g,3896,Kroni Prabowo dalam Proyek Makan Bergizi Gratis (MBG) |  Bocor Alus Politik
UgzoTOeTHT4zrx8yD2F4AaABAg,,comment,1 month ago,MBG banyak yang tidak tepat sasaran,@minilistmini,FALSE,0,0,FALSE,a2WXt0aW76g,https://www.youtube.com/watch?v=a2WXt0aW76g,3896,Kroni Prabowo dalam Proyek Makan Bergizi Gratis (MBG) |  Bocor Alus Politik
Ugw2C0kAmoQpPBswjjR4AaABAg,,comment,1 month ago,Masya Allah. Hasil investigasi Tempo sejalan dengan isu yg banyak beredar dimasyarakat. Semoga dilaknat semua pihak yg trlibat dalam proyek MBG. yg akan byk merugikan keuangan negara,@anditawakkal-qc3pf,FALSE,0,0,FALSE,a2WXt0aW76g,https://www.youtube.com/watch?v=a2WXt0aW76g,3896,Kroni Prabowo dalam Proyek Makan Bergizi Gratis (MBG) |  Bocor Alus Politik
Ugx0QeArX1e-TbdnMwh4AaABAg,,comment,1 month ago,Tempo tidak objektif,@minilistmini,FALSE,0,0,FALSE,a2WXt0aW76g,https://www.youtube.com/watch?v=a2WXt0aW76g,3896,Kroni Prabowo dalam Proyek Makan Bergizi Gratis (MBG) |  Bocor Alus Politik
UgwHTBBThhR76r4ARfJ4AaABAg,,comment,1 month ago,"pengen gumoh ga sih, korupsi lagi korupsi lagi",@zenspace8511,FALSE,0,0,FALSE,a2WXt0aW76g,https://www.youtube.com/watch?v=a2WXt0aW76g,3896,Kroni Prabowo dalam Proyek Makan Bergizi Gratis (MBG) |  Bocor Alus Politik
UgwznPCf3dzKUeFd5Et4AaABAg,,comment,1 month ago,"Gak usah makan gratis, waktu pembuatan komponen cadangan itu jg proyek 😂. Macam gak tau akal bulus pejabat aja",@danoehidayat3645,FALSE,0,0,FALSE,a2WXt0aW76g,https://www.youtube.com/watch?v=a2WXt0aW76g,3896,Kroni Prabowo dalam Proyek Makan Bergizi Gratis (MBG) |  Bocor Alus Politik
Ugw_CdbxD76F477kDnZ4AaABAg,,comment,1 month ago,Program MBG Jadi ladang baru bagi para maling berdasi,@kotanusantara9090,FALSE,0,0,FALSE,a2WXt0aW76g,https://www.youtube.com/watch?v=a2WXt0aW76g,3896,Kroni Prabowo dalam Proyek Makan Bergizi Gratis (MBG) |  Bocor Alus Politik
Ugwjc8gugNJBlGbiye14AaABAg,,comment,1 month ago,"Tempo jangan takut, meskipun dikirimi paket kepala setan sekalipun toh ada UU ttg Pers !",@daliwara,FALSE,0,0,FALSE,a2WXt0aW76g,https://www.youtube.com/watch?v=a2WXt0aW76g,3896,Kroni Prabowo dalam Proyek Makan Bergizi Gratis (MBG) |  Bocor Alus Politik
UgwOtr8jXhTY4hPTVS54AaABAg,,comment,1 month ago,"Temp MEMASAK.....? Senggol Dong...?
SPILL HARGA dong Bossss.???? 😁😁😁",@bensegiii7580,FALSE,0,0,FALSE,a2WXt0aW76g,https://www.youtube.com/watch?v=a2WXt0aW76g,3896,Kroni Prabowo dalam Proyek Makan Bergizi Gratis (MBG) |  Bocor Alus Politik
UgyNIXZdckKkwGv4hu14AaABAg,,comment,1 month ago,🙊🙉🙈,@adikrahwana7121,FALSE,0,0,FALSE,a2WXt0aW76g,https://www.youtube.com/watch?v=a2WXt0aW76g,3896,Kroni Prabowo dalam Proyek Makan Bergizi Gratis (MBG) |  Bocor Alus Politik
Ugx-grHFrLo0RnZYf254AaABAg,,comment,1 month ago,I see....,@retnasyamsiah2210,FALSE,0,0,FALSE,a2WXt0aW76g,https://www.youtube.com/watch?v=a2WXt0aW76g,3896,Kroni Prabowo dalam Proyek Makan Bergizi Gratis (MBG) |  Bocor Alus Politik
Ugzp99pYyqf_0xfEoLh4AaABAg,,comment,1 month ago,"Programnya bergizi, uangnya juga enak diembat",@hardijchemix8339,FALSE,0,0,FALSE,a2WXt0aW76g,https://www.youtube.com/watch?v=a2WXt0aW76g,3896,Kroni Prabowo dalam Proyek Makan Bergizi Gratis (MBG) |  Bocor Alus Politik
UgwSQpQOSCnaX-0EtVN4AaABAg,,comment,1 month ago,Dari awal saya meragukan evektifitas dar i program MBG.,@sunartodkt5456,FALSE,0,0,FALSE,a2WXt0aW76g,https://www.youtube.com/watch?v=a2WXt0aW76g,3896,Kroni Prabowo dalam Proyek Makan Bergizi Gratis (MBG) |  Bocor Alus Politik
UgyWAHTq1WugBEJfkrF4AaABAg,,comment,1 month ago,"rakyat indonesia cuma dua, pendukung pemerintah dan anti-pemerintah.
ga ada org yang sok2an di tengah2...

siapapun jadi presiden, logisnya kalo ada proyek apa pun  pasti dikasih ke pendukung pemerintah..
ngapain ngasih ke org yg anti-pemerintah..pasti dirusak proyeknya..",@imnothingyouarebetter,FALSE,0,0,FALSE,a2WXt0aW76g,https://www.youtube.com/watch?v=a2WXt0aW76g,3896,Kroni Prabowo dalam Proyek Makan Bergizi Gratis (MBG) |  Bocor Alus Politik
UgwulwAtyntdI9n-ZYR4AaABAg,,comment,1 month ago,gelaaaappp suraaaaammm,@suryakusumah2252,FALSE,0,0,FALSE,a2WXt0aW76g,https://www.youtube.com/watch?v=a2WXt0aW76g,3896,Kroni Prabowo dalam Proyek Makan Bergizi Gratis (MBG) |  Bocor Alus Politik
Ugw2Q866BEkroLEnDj14AaABAg,,comment,1 month ago,Citra tempo akan di hati rakyat apabila sll menampilkan data yang sdh terverifikasi dan jangan terlalu banyak bumbunya dan zat pewarna yang beracun.,@sunartodkt5456,FALSE,0,0,FALSE,a2WXt0aW76g,https://www.youtube.com/watch?v=a2WXt0aW76g,3896,Kroni Prabowo dalam Proyek Makan Bergizi Gratis (MBG) |  Bocor Alus Politik
UgwJBlbpoPKKApuXWlx4AaABAg,,comment,1 month ago,Memasak tempe😂,@darmakom5643,FALSE,0,0,FALSE,a2WXt0aW76g,https://www.youtube.com/watch?v=a2WXt0aW76g,3896,Kroni Prabowo dalam Proyek Makan Bergizi Gratis (MBG) |  Bocor Alus Politik
UgwI4C7eXVyBTlTj75R4AaABAg,,comment,1 month ago,Bukan hal mengagetkan bos...😁😁😁,@geritonasakti4452,FALSE,0,0,FALSE,a2WXt0aW76g,https://www.youtube.com/watch?v=a2WXt0aW76g,3896,Kroni Prabowo dalam Proyek Makan Bergizi Gratis (MBG) |  Bocor Alus Politik
UgyimY6901UlUXQCpAR4AaABAg,,comment,1 month ago,sudah diduga akan jadi bancakan baru bagi para pendukung penguasa persis seperti proyek food estate yang gagal itu,@boegismustafa995,FALSE,0,0,FALSE,a2WXt0aW76g,https://www.youtube.com/watch?v=a2WXt0aW76g,3896,Kroni Prabowo dalam Proyek Makan Bergizi Gratis (MBG) |  Bocor Alus Politik
UgzxRmWIOJl1eFDPbLJ4AaABAg,,comment,1 month ago,Kami dari kalsel suka ngumpul nyimak bocor alus lanjut mas PRAMONO RAKYAT ada dibarisan tempo.,@RusmadRusmad-i3g,FALSE,0,0,FALSE,a2WXt0aW76g,https://www.youtube.com/watch?v=a2WXt0aW76g,3896,Kroni Prabowo dalam Proyek Makan Bergizi Gratis (MBG) |  Bocor Alus Politik
UgxpUlLux4WpEE4fv6F4AaABAg,,comment,1 month ago,ah tempo.. 😂,@Nad-qy6el,FALSE,0,0,FALSE,a2WXt0aW76g,https://www.youtube.com/watch?v=a2WXt0aW76g,3896,Kroni Prabowo dalam Proyek Makan Bergizi Gratis (MBG) |  Bocor Alus Politik
UgzQMT5c1BiS_1VYjb94AaABAg,,comment,1 month ago,"71T klo dipake utk biaya pendidikan gratis bakal luar biasa, biarlah urusan gizi anak² kami biar kami sbg orang tua yg urus😢",@watifidyawati1714,FALSE,0,0,FALSE,a2WXt0aW76g,https://www.youtube.com/watch?v=a2WXt0aW76g,3896,Kroni Prabowo dalam Proyek Makan Bergizi Gratis (MBG) |  Bocor Alus Politik
UgzE3pIdChV58Z9gXbl4AaABAg,,comment,1 month ago (edited),"Ingat, Bansos Covid aja Di KORUP, jangan pura2 bodoh lah.... semua proyek pasti ada ULAT nya",@JamesDelaighman,FALSE,1,0,FALSE,a2WXt0aW76g,https://www.youtube.com/watch?v=a2WXt0aW76g,3896,Kroni Prabowo dalam Proyek Makan Bergizi Gratis (MBG) |  Bocor Alus Politik
Ugy2P65QYW54f-OlHQZ4AaABAg,,comment,1 month ago,"Sejak awal dicanangkan program MBG saya langsung tertawa. Saya langsung berpikir bagaimana mekanismenya, siapa pelaksananya, bagaimana juknisnya, dsb. Dari situ saya sudah pesimis, apalagi programnya dipaksakan dan terburu2, pasti cuma jadi bahan bancakan, uang gede coooy 😂",@sidiqdjonoe7388,FALSE,0,0,FALSE,a2WXt0aW76g,https://www.youtube.com/watch?v=a2WXt0aW76g,3896,Kroni Prabowo dalam Proyek Makan Bergizi Gratis (MBG) |  Bocor Alus Politik
UgyypfW5un9D4s6JTPp4AaABAg,,comment,1 month ago,"mari rapatkan barisan,sudah waktunya rakyat bersatu rakyat kecil dipungut pajak dengan bahasa halusnya, padahal kita diperas untuk mensejahterakan mereka ya pemerintah,,jelas sekali bahwa musuh rakyat Indonesia adalah pemerintah itu sendiri,,,di Indonesia tidak kekurangan orang pintar dan jujur, mereka hanya disingkirkan oleh pihak yang berkuasa di negeri ini. dari mulai presiden ketua DPR, dan ditambah lagi TNI dimana presiden kita sekarang mantan anggota TNI.jangan harap tragedi 1998 akan terjadi karena dalang dan mafianya adalah mereka.",@single972,FALSE,0,0,FALSE,a2WXt0aW76g,https://www.youtube.com/watch?v=a2WXt0aW76g,3896,Kroni Prabowo dalam Proyek Makan Bergizi Gratis (MBG) |  Bocor Alus Politik
Ugy3ERmf5b-TSZ961xx4AaABAg,,comment,1 month ago,Kapan beliau turun jabatan,@Stevenn89,FALSE,0,0,FALSE,a2WXt0aW76g,https://www.youtube.com/watch?v=a2WXt0aW76g,3896,Kroni Prabowo dalam Proyek Makan Bergizi Gratis (MBG) |  Bocor Alus Politik
UgyV_lQWI9C-BdPhUrd4AaABAg,,comment,1 month ago,Kenapa saya tidak merasa heran?,@gamerparuhwaktu,FALSE,0,0,FALSE,a2WXt0aW76g,https://www.youtube.com/watch?v=a2WXt0aW76g,3896,Kroni Prabowo dalam Proyek Makan Bergizi Gratis (MBG) |  Bocor Alus Politik
Ugzhw4zLsTgdUb7-dnB4AaABAg,,comment,1 month ago (edited),"Sudah sangat bisa diduga bahwa Proyek Makan Bergizi Gratis itu akan demikian... Jangankan PMBG, penanganan COVID-19 yang kategorinya ""bencana"" saja bocor di mana-mana...",@bambangpurnama,FALSE,0,0,FALSE,a2WXt0aW76g,https://www.youtube.com/watch?v=a2WXt0aW76g,3896,Kroni Prabowo dalam Proyek Makan Bergizi Gratis (MBG) |  Bocor Alus Politik
Ugxl4Hi6Q_6JUpDh-Jt4AaABAg,,comment,1 month ago,"M.B.G.
Makan Babi Gratis 😁😆",@Prayetno-n6e,FALSE,0,0,FALSE,a2WXt0aW76g,https://www.youtube.com/watch?v=a2WXt0aW76g,3896,Kroni Prabowo dalam Proyek Makan Bergizi Gratis (MBG) |  Bocor Alus Politik
Ugwa9IsGXZ5lewYqtAF4AaABAg,,comment,1 month ago,Dimana ada program  disitu ada bagi bagi kue😂😂😂,@LONTONGMALAM-m8n,FALSE,0,0,FALSE,a2WXt0aW76g,https://www.youtube.com/watch?v=a2WXt0aW76g,3896,Kroni Prabowo dalam Proyek Makan Bergizi Gratis (MBG) |  Bocor Alus Politik
Ugzqg9m-7GuOjt2cAkV4AaABAg,,comment,1 month ago,"Satuju  brow,, mbg  program   sontoloyo",@wardanii1344,FALSE,0,0,FALSE,a2WXt0aW76g,https://www.youtube.com/watch?v=a2WXt0aW76g,3896,Kroni Prabowo dalam Proyek Makan Bergizi Gratis (MBG) |  Bocor Alus Politik
UgzpX1wjTRtBhuya7-R4AaABAg,,comment,1 month ago,"Media antek asing koar2...,rakyat udh ga buta boss....,lama2 tempe ga laku 😂",@RioRio-f3f,FALSE,0,0,FALSE,a2WXt0aW76g,https://www.youtube.com/watch?v=a2WXt0aW76g,3896,Kroni Prabowo dalam Proyek Makan Bergizi Gratis (MBG) |  Bocor Alus Politik
UgzigU7s4P8767SWLr94AaABAg,,comment,1 month ago,Sarapan dengan suguhan yg sangat kenyang,@andreseptiawan4138,FALSE,0,0,FALSE,a2WXt0aW76g,https://www.youtube.com/watch?v=a2WXt0aW76g,3896,Kroni Prabowo dalam Proyek Makan Bergizi Gratis (MBG) |  Bocor Alus Politik
UgwZd6uc4jBjBmjzGMp4AaABAg,,comment,1 month ago (edited),Itu katering yang terafiliasi dengan kementerian onoh coba diaudit dah,@aryaart8984,FALSE,1,0,FALSE,a2WXt0aW76g,https://www.youtube.com/watch?v=a2WXt0aW76g,3896,Kroni Prabowo dalam Proyek Makan Bergizi Gratis (MBG) |  Bocor Alus Politik
UgzE3pIdChV58Z9gXbl4AaABAg.AHC3pLKKc95AHC4ye9AsnY,UgzE3pIdChV58Z9gXbl4AaABAg,reply,1 month ago,"Makanya udah tau setiap ada proyek nya , jangan gegabah bikin program dengan embel2 menepati janji kampanye akhirnya boncos juga kan,, ini ulat nya baru di awal udah keliatan belom ketengah jalan paham yaw",@deput0305,FALSE,0,0,FALSE,a2WXt0aW76g,https://www.youtube.com/watch?v=a2WXt0aW76g,3896,Kroni Prabowo dalam Proyek Makan Bergizi Gratis (MBG) |  Bocor Alus Politik
UgwZd6uc4jBjBmjzGMp4AaABAg.AHBjRYhNn5PAHBjiKNZbl5,UgwZd6uc4jBjBmjzGMp4AaABAg,reply,1 month ago,"Budget segini, penyajian ada selisih. Sisanya?",@aryaart8984,FALSE,0,0,FALSE,a2WXt0aW76g,https://www.youtube.com/watch?v=a2WXt0aW76g,3896,Kroni Prabowo dalam Proyek Makan Bergizi Gratis (MBG) |  Bocor Alus Politik
UgwZ0Thi9WDnXYaxgtB4AaABAg,,comment,1 month ago,"Не знаю как мне это попалось в рекомендации, но вы очень интересно рассказываете. Привет из Осетии",@Bratishka28,FALSE,0,0,FALSE,a2WXt0aW76g,https://www.youtube.com/watch?v=a2WXt0aW76g,3896,Kroni Prabowo dalam Proyek Makan Bergizi Gratis (MBG) |  Bocor Alus Politik
UgzDi_pNEr0baVud1wZ4AaABAg,,comment,1 month ago,Pentesan penggagas MBG gemoy badannya wkwkwkwk,@YantoToto-e9p,FALSE,0,0,FALSE,a2WXt0aW76g,https://www.youtube.com/watch?v=a2WXt0aW76g,3896,Kroni Prabowo dalam Proyek Makan Bergizi Gratis (MBG) |  Bocor Alus Politik
UgwbpCMqPJ8OCDNUqmZ4AaABAg,,comment,1 month ago,Mudah ditebak,@abizaralfatih232,FALSE,0,0,FALSE,a2WXt0aW76g,https://www.youtube.com/watch?v=a2WXt0aW76g,3896,Kroni Prabowo dalam Proyek Makan Bergizi Gratis (MBG) |  Bocor Alus Politik
Ugw3NepBL5AgdQYJpWZ4AaABAg,,comment,1 month ago,Oke gas...oke gas...hasil 58% yg dukung tuhhh...😂,@denifikri6155,FALSE,0,0,FALSE,a2WXt0aW76g,https://www.youtube.com/watch?v=a2WXt0aW76g,3896,Kroni Prabowo dalam Proyek Makan Bergizi Gratis (MBG) |  Bocor Alus Politik
UgwKS2PSukmcILMeI5J4AaABAg,,comment,1 month ago,"Kalaupun program MBG masih mau diteruskan, ikuti langkah KDM, kasih uang 15rb ke setiap orang tua murid, pengawasanya 100 % seluruh Guru",@pabeja,FALSE,0,0,FALSE,a2WXt0aW76g,https://www.youtube.com/watch?v=a2WXt0aW76g,3896,Kroni Prabowo dalam Proyek Makan Bergizi Gratis (MBG) |  Bocor Alus Politik
Ugxa9L3y5wJBLsOU_Gt4AaABAg,,comment,1 month ago,"Mantap Tempo teruslah menebar berita yg baik,kritik terus pemerntah yg berbau korupsi dan penyelewengan kekuasaan",@teguhindardiyanto8887,FALSE,0,0,FALSE,a2WXt0aW76g,https://www.youtube.com/watch?v=a2WXt0aW76g,3896,Kroni Prabowo dalam Proyek Makan Bergizi Gratis (MBG) |  Bocor Alus Politik
Ugxn6d4zCcmbfGxR1wN4AaABAg,,comment,1 month ago,Hehehehe...udah taulah gemana prabowo. Ya pasti itu sekitaran dia aja yang nikmatin.,@koperdam,FALSE,0,0,FALSE,a2WXt0aW76g,https://www.youtube.com/watch?v=a2WXt0aW76g,3896,Kroni Prabowo dalam Proyek Makan Bergizi Gratis (MBG) |  Bocor Alus Politik
UgxnHmcLPv68eFzeBpl4AaABAg,,comment,1 month ago,anggaran 15rb real blanjanya hanya 8rb ....coba cek,@dbncrew2399,FALSE,0,0,FALSE,a2WXt0aW76g,https://www.youtube.com/watch?v=a2WXt0aW76g,3896,Kroni Prabowo dalam Proyek Makan Bergizi Gratis (MBG) |  Bocor Alus Politik
Ugwu_bMoAdaluJCD-vB4AaABAg,,comment,1 month ago,sapa suruh pilih prabowo😅,@dbncrew2399,FALSE,0,0,FALSE,a2WXt0aW76g,https://www.youtube.com/watch?v=a2WXt0aW76g,3896,Kroni Prabowo dalam Proyek Makan Bergizi Gratis (MBG) |  Bocor Alus Politik
UgzoKyDs0UCnkEaHPPR4AaABAg,,comment,1 month ago,Indahnya negeriku,@GefanKen-v2y,FALSE,0,0,FALSE,a2WXt0aW76g,https://www.youtube.com/watch?v=a2WXt0aW76g,3896,Kroni Prabowo dalam Proyek Makan Bergizi Gratis (MBG) |  Bocor Alus Politik
UgzCA10WvCqIWHV_aUB4AaABAg,,comment,1 month ago,"Prabowo memang hanya jelas UCAPAN-nya, tapi tidak jelas SIKAP-nya. Contoh soal Pagar Laut, omon-omonnya akan mengejar korupsi sampai ke Antartika, tapi di balik Pagar Laut yg sarat dengan SUAP/KORUPSI ga ada tindakan apa2, bahkan sampai sekarang soal Pagar Laut entah begaimana kelanjutannya, sirna begitu saja...",@hermat0502,FALSE,0,0,FALSE,a2WXt0aW76g,https://www.youtube.com/watch?v=a2WXt0aW76g,3896,Kroni Prabowo dalam Proyek Makan Bergizi Gratis (MBG) |  Bocor Alus Politik
UgxS3ps3LoP8qI6qhCp4AaABAg,,comment,1 month ago,Tercengang 😮,@mdv714,FALSE,0,0,FALSE,a2WXt0aW76g,https://www.youtube.com/watch?v=a2WXt0aW76g,3896,Kroni Prabowo dalam Proyek Makan Bergizi Gratis (MBG) |  Bocor Alus Politik
UgyxFzgXgoaxba0Xpyd4AaABAg,,comment,1 month ago,"Saudaraku sebangsa Kita harus hati2 klo ada media asing yg bermain utk memecah belah bangsa 
Mari kita dukung program pemerintah kita yg syah",@utuh81,FALSE,0,0,FALSE,a2WXt0aW76g,https://www.youtube.com/watch?v=a2WXt0aW76g,3896,Kroni Prabowo dalam Proyek Makan Bergizi Gratis (MBG) |  Bocor Alus Politik
UgzDYpOqoBEB7xSjJLd4AaABAg,,comment,1 month ago,Waduhh bahaya hati2 abang2 tempo dilemparin bangke lagi haha,@adityamuhmadagung9160,FALSE,0,0,FALSE,a2WXt0aW76g,https://www.youtube.com/watch?v=a2WXt0aW76g,3896,Kroni Prabowo dalam Proyek Makan Bergizi Gratis (MBG) |  Bocor Alus Politik
UgySTGFN4FO2ODCoke14AaABAg,,comment,1 month ago,Sejauh ini mana program nya makan bergizi buat anak sekolah.  Saya berada di Sumatra Selatan tepat nya muara enim cuma sekali anak sd di sini makan makanan geratis cuma buat dokumentasi aja. Padahal kami gak terlalu plosok juga. Mana janji presiden,@herianaibuarya984,FALSE,0,0,FALSE,a2WXt0aW76g,https://www.youtube.com/watch?v=a2WXt0aW76g,3896,Kroni Prabowo dalam Proyek Makan Bergizi Gratis (MBG) |  Bocor Alus Politik
Ugz0wvihyt_8Qh70T8p4AaABAg,,comment,1 month ago,Dikasih program 1keluarga 1 S1 gak mau malah dibully😀,@roninawi5263,FALSE,0,0,FALSE,a2WXt0aW76g,https://www.youtube.com/watch?v=a2WXt0aW76g,3896,Kroni Prabowo dalam Proyek Makan Bergizi Gratis (MBG) |  Bocor Alus Politik
UgyfuJo7w8kS91zNk614AaABAg,,comment,1 month ago,"proyek duit besar yang dari awal dipaksa lahir disaat korupsi masi menjamur, uda ketebak dari awal bakal jadi ladang cuan ckckck. tidak ada transparansi, sempat dikasi statement penyumbang dana MBG ""hamba Allah"", gibran asbun ngangong sulfat, aduh gabisa disebutin satu satu di sini (baca laporan tempo ada semua)",@phewritto,FALSE,0,0,FALSE,a2WXt0aW76g,https://www.youtube.com/watch?v=a2WXt0aW76g,3896,Kroni Prabowo dalam Proyek Makan Bergizi Gratis (MBG) |  Bocor Alus Politik
Ugz91be2AMzXW0Rny2l4AaABAg,,comment,1 month ago,Kebijakan yang sangat rentan menjadi ladang cuan para pengkhianat.,@cobe2043,FALSE,0,0,FALSE,a2WXt0aW76g,https://www.youtube.com/watch?v=a2WXt0aW76g,3896,Kroni Prabowo dalam Proyek Makan Bergizi Gratis (MBG) |  Bocor Alus Politik
Ugwc4Z0dMd8b6nGrHJl4AaABAg,,comment,1 month ago,"Di Situ Ada ProyekPemerintah.,Di Situ Ada TIKUS",@susiantopotopo,FALSE,0,0,FALSE,a2WXt0aW76g,https://www.youtube.com/watch?v=a2WXt0aW76g,3896,Kroni Prabowo dalam Proyek Makan Bergizi Gratis (MBG) |  Bocor Alus Politik
UgxUcLpBzkly-ZhSU914AaABAg,,comment,1 month ago,Si Raffi non ciab periksa,@semutireng8332,FALSE,0,0,FALSE,a2WXt0aW76g,https://www.youtube.com/watch?v=a2WXt0aW76g,3896,Kroni Prabowo dalam Proyek Makan Bergizi Gratis (MBG) |  Bocor Alus Politik
Ugz3i9dp47mU6_8cUlB4AaABAg,,comment,1 month ago,"Proyek ini jelas pemborosan anggaran pertama menyediakan tanah buat bangun dapur, gedungnya sendiri, belum bayar yg pembuat mkn nya? MBG ini akan masalah. Anaknya blm dpt makan, pemborosannya udh nyata terlihat.",@ENCEPHERYADI,FALSE,0,0,FALSE,a2WXt0aW76g,https://www.youtube.com/watch?v=a2WXt0aW76g,3896,Kroni Prabowo dalam Proyek Makan Bergizi Gratis (MBG) |  Bocor Alus Politik
Ugx8ZwCdsmLOO0VrRdR4AaABAg,,comment,1 month ago,para Kabib harus tes dna,@Opopo.p,FALSE,0,0,FALSE,a2WXt0aW76g,https://www.youtube.com/watch?v=a2WXt0aW76g,3896,Kroni Prabowo dalam Proyek Makan Bergizi Gratis (MBG) |  Bocor Alus Politik
UgxZYgSSpUeovczWXVR4AaABAg,,comment,1 month ago,"Program MBG dari januari sampai saat ini kok belum terelisasi si di tempat saya? 
Cuma jadi OMON OMON tapi di tempatku tdk ada program MBG saya orang jawa tengah kab,banjarnegara desa.punggelan coba cek sini kalau di skolah² ada MBG semenjak di terbitkan MBG",@putragilargilar,FALSE,0,0,FALSE,a2WXt0aW76g,https://www.youtube.com/watch?v=a2WXt0aW76g,3896,Kroni Prabowo dalam Proyek Makan Bergizi Gratis (MBG) |  Bocor Alus Politik
UgwpEbxuzoyiKUu9IcZ4AaABAg,,comment,1 month ago,Klo itu dari saya sendiriau bilang apa,@RudiMadurA-h3s,FALSE,0,0,FALSE,a2WXt0aW76g,https://www.youtube.com/watch?v=a2WXt0aW76g,3896,Kroni Prabowo dalam Proyek Makan Bergizi Gratis (MBG) |  Bocor Alus Politik
UgyNmDkI_upEMI5O_EV4AaABAg,,comment,1 month ago,pret,@LinggaAjeng,FALSE,0,0,FALSE,a2WXt0aW76g,https://www.youtube.com/watch?v=a2WXt0aW76g,3896,Kroni Prabowo dalam Proyek Makan Bergizi Gratis (MBG) |  Bocor Alus Politik
UgyrBPdzrxabWEP25754AaABAg,,comment,1 month ago,Proyek tdk urgent  yg hny menghabiskn anggaran... Ngiras bancakan ksh mkn combe dibawah,@Harjono16,FALSE,0,0,FALSE,a2WXt0aW76g,https://www.youtube.com/watch?v=a2WXt0aW76g,3896,Kroni Prabowo dalam Proyek Makan Bergizi Gratis (MBG) |  Bocor Alus Politik
UgzRPj0ABUZrhKBrvhN4AaABAg,,comment,1 month ago,Kenapa petani sm peternak sptnya tdk terdampak penghasilannya ya,@trisbuntoro2266,FALSE,0,0,FALSE,a2WXt0aW76g,https://www.youtube.com/watch?v=a2WXt0aW76g,3896,Kroni Prabowo dalam Proyek Makan Bergizi Gratis (MBG) |  Bocor Alus Politik
UgysZV4G6ulsPMZ9BKp4AaABAg,,comment,1 month ago,KOMPOR MBLEDHUG,@agungsawolo4918,FALSE,0,0,FALSE,a2WXt0aW76g,https://www.youtube.com/watch?v=a2WXt0aW76g,3896,Kroni Prabowo dalam Proyek Makan Bergizi Gratis (MBG) |  Bocor Alus Politik
UgzGSBkqWIq-GnZb4xJ4AaABAg,,comment,1 month ago,TEMPO DARI DULU JOSS,@silvanderpermana,FALSE,0,0,FALSE,a2WXt0aW76g,https://www.youtube.com/watch?v=a2WXt0aW76g,3896,Kroni Prabowo dalam Proyek Makan Bergizi Gratis (MBG) |  Bocor Alus Politik
UgyBgNLys83Hw7nTpcR4AaABAg,,comment,1 month ago,"Min saran, itukan setiap ditanya misal aaaa jadi gimana tuh pram? Naa baca aj di... 
Gimn di buatkan vedio fullnya cuman khusus pelanggan di youtube misal di lvl 2 baru bisa open tuh konten.",@Dewaflim2231,FALSE,0,0,FALSE,a2WXt0aW76g,https://www.youtube.com/watch?v=a2WXt0aW76g,3896,Kroni Prabowo dalam Proyek Makan Bergizi Gratis (MBG) |  Bocor Alus Politik
Ugwyu7GCwVZa9hXgz-N4AaABAg,,comment,1 month ago,"ORA KAGET 
ORA NGGUMUN
ORA HERAN
DAH KETEBAK, PASTI DUIT-NYA DI GARONG BERJAMAAH...
ASUUU KABEH....
😅😂😅😂😅😂😅😂",@rasputinkw2704,FALSE,0,0,FALSE,a2WXt0aW76g,https://www.youtube.com/watch?v=a2WXt0aW76g,3896,Kroni Prabowo dalam Proyek Makan Bergizi Gratis (MBG) |  Bocor Alus Politik
Ugzyv2ghWbrTc0p438Z4AaABAg,,comment,1 month ago,Udah gak aneh 😂,@endys3800,FALSE,0,0,FALSE,a2WXt0aW76g,https://www.youtube.com/watch?v=a2WXt0aW76g,3896,Kroni Prabowo dalam Proyek Makan Bergizi Gratis (MBG) |  Bocor Alus Politik
UgyRFfCCciEleVhtw_J4AaABAg,,comment,1 month ago,Mantap,@KhanzaliaZakaria,FALSE,0,0,FALSE,a2WXt0aW76g,https://www.youtube.com/watch?v=a2WXt0aW76g,3896,Kroni Prabowo dalam Proyek Makan Bergizi Gratis (MBG) |  Bocor Alus Politik
Ugy0ipe_uV842r73MWV4AaABAg,,comment,1 month ago,Proyek asal2 an mubazir,@hskInii-k7p,FALSE,0,0,FALSE,a2WXt0aW76g,https://www.youtube.com/watch?v=a2WXt0aW76g,3896,Kroni Prabowo dalam Proyek Makan Bergizi Gratis (MBG) |  Bocor Alus Politik
Ugx1_eMTu1Q53bUpFSd4AaABAg,,comment,1 month ago,MAJU TAK GENTAR MEMBELA YG BENAR. GOOD JOB TEMPO,@aepabdurrahman6406,FALSE,0,0,FALSE,a2WXt0aW76g,https://www.youtube.com/watch?v=a2WXt0aW76g,3896,Kroni Prabowo dalam Proyek Makan Bergizi Gratis (MBG) |  Bocor Alus Politik
UgxRLOKYiOLk3wtFhk14AaABAg,,comment,1 month ago,Semua proyek masuk ke yayasan2.. isinya petinggi  & politikus.. margin 20-30%.. baru disubcont lg ke UMKM dgn biaya minimalis.. blom hrs nombokin dulu.. pembayaran molor bs 2-3 bln😢😢,@hz_jkt7889,FALSE,0,0,FALSE,a2WXt0aW76g,https://www.youtube.com/watch?v=a2WXt0aW76g,3896,Kroni Prabowo dalam Proyek Makan Bergizi Gratis (MBG) |  Bocor Alus Politik
Ugwbs955zs-uHT_eLhF4AaABAg,,comment,1 month ago,Di jakarta aja masih banyak yg belum ngerasain MBG... Gimana ituuu??,@fredyrazza,FALSE,0,0,FALSE,a2WXt0aW76g,https://www.youtube.com/watch?v=a2WXt0aW76g,3896,Kroni Prabowo dalam Proyek Makan Bergizi Gratis (MBG) |  Bocor Alus Politik
Ugxzg9RjTcb6QkT7pAt4AaABAg,,comment,1 month ago,Selalu TEMPO DONG,@joglobaru9549,FALSE,0,0,FALSE,a2WXt0aW76g,https://www.youtube.com/watch?v=a2WXt0aW76g,3896,Kroni Prabowo dalam Proyek Makan Bergizi Gratis (MBG) |  Bocor Alus Politik
UgwzTRRepM_eC7xfACd4AaABAg,,comment,1 month ago,Proyek banyak yg diolah dan banyak yg dioleh (didapat) para pejabat ....,@ahmadsofyan845,FALSE,0,0,FALSE,a2WXt0aW76g,https://www.youtube.com/watch?v=a2WXt0aW76g,3896,Kroni Prabowo dalam Proyek Makan Bergizi Gratis (MBG) |  Bocor Alus Politik
UgyZQ7I2p-CywKt1RXF4AaABAg,,comment,1 month ago,Nih sih bkn kebangkitan new orba tp super brutalisme new orba😢😢😢,@idaayunyomanswarni2892,FALSE,0,0,FALSE,a2WXt0aW76g,https://www.youtube.com/watch?v=a2WXt0aW76g,3896,Kroni Prabowo dalam Proyek Makan Bergizi Gratis (MBG) |  Bocor Alus Politik
UgxphCCenOqGiHhAm_x4AaABAg,,comment,1 month ago,Sering nggak tepat analisanya....,@TavipSuseno-dh6jm,FALSE,0,0,FALSE,a2WXt0aW76g,https://www.youtube.com/watch?v=a2WXt0aW76g,3896,Kroni Prabowo dalam Proyek Makan Bergizi Gratis (MBG) |  Bocor Alus Politik
Ugx-CLHdiznEeOEVEmJ4AaABAg,,comment,1 month ago,Program MBG adalah politik balas budi terhadap tim pemenangan mas wowo,@nurulillah-i9p,FALSE,0,0,FALSE,a2WXt0aW76g,https://www.youtube.com/watch?v=a2WXt0aW76g,3896,Kroni Prabowo dalam Proyek Makan Bergizi Gratis (MBG) |  Bocor Alus Politik
Ugwq-CuBmWo6OAxlvAZ4AaABAg,,comment,1 month ago,"Sumpah ngeri....APBN sudah megap megap malah MBG dipaksakan dan yg menikmati katering gede n dekat dgn penguasa....dulu bilangnya  sbg penggerak UMKM skrng koq jauh dari janji n harapan.....
Hanya demi memberi makan 1 X 1 anak2 tapi rela mengorbankan banyak orang tua yg dipecat akibat efisiensi anggaran disemua kementrian",@tonisiswoyo857,FALSE,0,0,FALSE,a2WXt0aW76g,https://www.youtube.com/watch?v=a2WXt0aW76g,3896,Kroni Prabowo dalam Proyek Makan Bergizi Gratis (MBG) |  Bocor Alus Politik
Ugyp8zBwwcpzgNFiAI14AaABAg,,comment,1 month ago,MBG adalah korupsi terselubung yang lucunya dipamerkan secara terang-terangan,@radityaputra2103,FALSE,0,0,FALSE,a2WXt0aW76g,https://www.youtube.com/watch?v=a2WXt0aW76g,3896,Kroni Prabowo dalam Proyek Makan Bergizi Gratis (MBG) |  Bocor Alus Politik
UgytxckIyUjhKs5rtXh4AaABAg,,comment,1 month ago,George soros,@senimanfleksibel,FALSE,0,0,FALSE,a2WXt0aW76g,https://www.youtube.com/watch?v=a2WXt0aW76g,3896,Kroni Prabowo dalam Proyek Makan Bergizi Gratis (MBG) |  Bocor Alus Politik
UgxOOpEUALgavVqJh3h4AaABAg,,comment,1 month ago,Sudah kuduga 😂,@dedesaputro3743,FALSE,0,0,FALSE,a2WXt0aW76g,https://www.youtube.com/watch?v=a2WXt0aW76g,3896,Kroni Prabowo dalam Proyek Makan Bergizi Gratis (MBG) |  Bocor Alus Politik
UgzHvS8ZcK9hiHu4cGZ4AaABAg,,comment,1 month ago,Nah kan. Akhirnya terbongkar. Oleh tim Tempo pula. Keren❤🇲🇨✊✊✊,@hjlulutlulut5044,FALSE,0,0,FALSE,a2WXt0aW76g,https://www.youtube.com/watch?v=a2WXt0aW76g,3896,Kroni Prabowo dalam Proyek Makan Bergizi Gratis (MBG) |  Bocor Alus Politik
UgwmzZg7PBLMe6YuxZ14AaABAg,,comment,1 month ago,"Kalau seperti saya yg sdh tua, tidak akan kaget.
Prabowo itu dulu produknya Soeharto, jadi sama saja. Prabowo mungkin tdk, tetapi kroninya yg pada korupsi.
Hasilnya pasti ikut menikmati.",@heriwahyono585,FALSE,0,0,FALSE,a2WXt0aW76g,https://www.youtube.com/watch?v=a2WXt0aW76g,3896,Kroni Prabowo dalam Proyek Makan Bergizi Gratis (MBG) |  Bocor Alus Politik
UgzKprpL-qYAmMHHrnh4AaABAg,,comment,1 month ago,"makan gratis=ngasih makan gratis jd jangan minta bayaran(siap"" di kemplang)😅😅😅😅😅😅😅😅😅😅",@temonmonte618,FALSE,0,0,FALSE,a2WXt0aW76g,https://www.youtube.com/watch?v=a2WXt0aW76g,3896,Kroni Prabowo dalam Proyek Makan Bergizi Gratis (MBG) |  Bocor Alus Politik
UgxUB22uTEHoVlmKFD14AaABAg,,comment,1 month ago,"Akhirnya kalian main aman hahahahahha ahhahahaha,",@JalaludinIslah,FALSE,0,0,FALSE,a2WXt0aW76g,https://www.youtube.com/watch?v=a2WXt0aW76g,3896,Kroni Prabowo dalam Proyek Makan Bergizi Gratis (MBG) |  Bocor Alus Politik
Ugx6SQnvlKZ5VHr9piJ4AaABAg,,comment,1 month ago,"Yang memaksakan Proyek Sengketa Nasional itu sebenarnya siapa ya....?

Presidennya atau para pendengung-pendengung yang aji mumpung......

🤔🤔🤔",@varsal8970,FALSE,0,0,FALSE,a2WXt0aW76g,https://www.youtube.com/watch?v=a2WXt0aW76g,3896,Kroni Prabowo dalam Proyek Makan Bergizi Gratis (MBG) |  Bocor Alus Politik
UgzZsBcVMzu5foANo214AaABAg,,comment,1 month ago,"Kubu sebelah bikin ""Bocor Kasar"" 😅",@muhammadrudiyarso6341,FALSE,0,0,FALSE,a2WXt0aW76g,https://www.youtube.com/watch?v=a2WXt0aW76g,3896,Kroni Prabowo dalam Proyek Makan Bergizi Gratis (MBG) |  Bocor Alus Politik
Ugz2Rrd73Jelmq4QSK94AaABAg,,comment,1 month ago,Knp semua harus berbentuk yayasan untuk menjadi mintra BGN?,@ichorifqo4892,FALSE,0,0,FALSE,a2WXt0aW76g,https://www.youtube.com/watch?v=a2WXt0aW76g,3896,Kroni Prabowo dalam Proyek Makan Bergizi Gratis (MBG) |  Bocor Alus Politik
UgwO8qDwzK2--EVLIf54AaABAg,,comment,1 month ago,"Program paling blunder dalam janji politik Prabowo - Gibran,kami di Tanah Papua merasa ini produk gagal yang mustahil di laksanakan disana.",@kianalhabib406,FALSE,0,0,FALSE,a2WXt0aW76g,https://www.youtube.com/watch?v=a2WXt0aW76g,3896,Kroni Prabowo dalam Proyek Makan Bergizi Gratis (MBG) |  Bocor Alus Politik
UgxKVA4HIclBer1ONkZ4AaABAg,,comment,1 month ago,Pak Prabowo itu ga malu ka kalo nonton kembali pernyataannya selama kampanye itu dan pernyataannya selama jadi presiden ya?,@ferypora6950,FALSE,0,0,FALSE,a2WXt0aW76g,https://www.youtube.com/watch?v=a2WXt0aW76g,3896,Kroni Prabowo dalam Proyek Makan Bergizi Gratis (MBG) |  Bocor Alus Politik
UgwlKwgCobxVyWlw2CF4AaABAg,,comment,1 month ago,Memasak dengan cara menggoreng ..alus,@samsulsuwaji,FALSE,0,0,FALSE,a2WXt0aW76g,https://www.youtube.com/watch?v=a2WXt0aW76g,3896,Kroni Prabowo dalam Proyek Makan Bergizi Gratis (MBG) |  Bocor Alus Politik
Ugx112akRAKs3mxeP_N4AaABAg,,comment,1 month ago,Food printing money,@dylanismailtv8405,FALSE,0,0,FALSE,a2WXt0aW76g,https://www.youtube.com/watch?v=a2WXt0aW76g,3896,Kroni Prabowo dalam Proyek Makan Bergizi Gratis (MBG) |  Bocor Alus Politik
UgzJ26rxP9k5BVJs4pp4AaABAg,,comment,1 month ago,"Kenapa ngga bikin pilot project dulu, setelah ketemu mekanisme yg baik baru dikembangkan secara masal.",@sugiarthos1734,FALSE,0,0,FALSE,a2WXt0aW76g,https://www.youtube.com/watch?v=a2WXt0aW76g,3896,Kroni Prabowo dalam Proyek Makan Bergizi Gratis (MBG) |  Bocor Alus Politik
UgzK5WEziNEzajNebeV4AaABAg,,comment,1 month ago,"Gua kira:
- rizzing/nyenggol2/nyindir2>>roasting>> cooking>>masak.
Atau
- meramaikan>>mamanas2i keadaan>>mengoreng>>memasak",@mnhusin509,FALSE,0,0,FALSE,a2WXt0aW76g,https://www.youtube.com/watch?v=a2WXt0aW76g,3896,Kroni Prabowo dalam Proyek Makan Bergizi Gratis (MBG) |  Bocor Alus Politik
UgxJ-aaPc3gSjYAU_Cp4AaABAg,,comment,1 month ago,"BAGAIMANA CARA MODAL MEREKA KEMBALI DENGAN KEUNTUNGAN YANG SANGAT BESAR.. 
😂😂😂😂😂",@tutiherlinda8861,FALSE,0,0,FALSE,a2WXt0aW76g,https://www.youtube.com/watch?v=a2WXt0aW76g,3896,Kroni Prabowo dalam Proyek Makan Bergizi Gratis (MBG) |  Bocor Alus Politik
UgyEhqHEPYNjOBdRHKR4AaABAg,,comment,1 month ago,Maen apa kita hari ini?,@positivasi,FALSE,0,0,FALSE,a2WXt0aW76g,https://www.youtube.com/watch?v=a2WXt0aW76g,3896,Kroni Prabowo dalam Proyek Makan Bergizi Gratis (MBG) |  Bocor Alus Politik
Ugyhq8fPaxFxlEDXgRx4AaABAg,,comment,1 month ago,"apakah ini proyek balas budi pak Presiden, jika seperti itu semoga hanya setahun",@alorboy1,FALSE,0,0,FALSE,a2WXt0aW76g,https://www.youtube.com/watch?v=a2WXt0aW76g,3896,Kroni Prabowo dalam Proyek Makan Bergizi Gratis (MBG) |  Bocor Alus Politik
UgxReMHBmPUgq9xhcu54AaABAg,,comment,1 month ago,"Kalo saya ingin menyampaikan sebuah persoalan,  saya harus menghubungi siapa",@BangUdin-f2l,FALSE,0,0,FALSE,a2WXt0aW76g,https://www.youtube.com/watch?v=a2WXt0aW76g,3896,Kroni Prabowo dalam Proyek Makan Bergizi Gratis (MBG) |  Bocor Alus Politik
UgxpsJRPG-zjALCjPAV4AaABAg,,comment,1 month ago,Makan tu pilihanmu No 2,@hasnawatiwati4673,FALSE,0,0,FALSE,a2WXt0aW76g,https://www.youtube.com/watch?v=a2WXt0aW76g,3896,Kroni Prabowo dalam Proyek Makan Bergizi Gratis (MBG) |  Bocor Alus Politik
UgyI33IFvrkyg-_cz6F4AaABAg,,comment,1 month ago,"Sub-Contractor itu harus dilarang sama sekali. Karena, mutu makanan yg akan diterima sama rakyat lebih sedikit bermutu karena sub-contractor2 juga mau untung duit.",@IeKhiamGan,FALSE,0,0,FALSE,a2WXt0aW76g,https://www.youtube.com/watch?v=a2WXt0aW76g,3896,Kroni Prabowo dalam Proyek Makan Bergizi Gratis (MBG) |  Bocor Alus Politik
UgxITqgfk9osQEsRzsF4AaABAg,,comment,1 month ago,30:41🤨,@greentea7132,FALSE,0,0,FALSE,a2WXt0aW76g,https://www.youtube.com/watch?v=a2WXt0aW76g,3896,Kroni Prabowo dalam Proyek Makan Bergizi Gratis (MBG) |  Bocor Alus Politik
UgzfaOMXDcaWKjfBxOR4AaABAg,,comment,1 month ago,"sebenarnya proyek mbg gausah di realisasikan kalu hanya ""omon omon"" semata,",@indirahannania,FALSE,0,0,FALSE,a2WXt0aW76g,https://www.youtube.com/watch?v=a2WXt0aW76g,3896,Kroni Prabowo dalam Proyek Makan Bergizi Gratis (MBG) |  Bocor Alus Politik
Ugx8hKA8sZQ6vG21_zl4AaABAg,,comment,1 month ago,Kasihan kantin di sekolah2 yg dipunyai Ibu2 miskin dgn modal kecil2an.,@diniislamiati382,FALSE,0,0,FALSE,a2WXt0aW76g,https://www.youtube.com/watch?v=a2WXt0aW76g,3896,Kroni Prabowo dalam Proyek Makan Bergizi Gratis (MBG) |  Bocor Alus Politik
UgyX-DwHSpDX2JvHFxB4AaABAg,,comment,1 month ago,Majalah Tempo versi cetak dimana mendapatkan nya ya?,@aguspramono8747,FALSE,0,0,FALSE,a2WXt0aW76g,https://www.youtube.com/watch?v=a2WXt0aW76g,3896,Kroni Prabowo dalam Proyek Makan Bergizi Gratis (MBG) |  Bocor Alus Politik
UgzCdUSMiG2sHbbh1lF4AaABAg,,comment,1 month ago,"Lagian ko gw heran ya cuman program makan doang aja birokrasinya ribet bangett, padahal simpelnya cuman bikin makanan buat di sekolahan doang astaga..",@bangkitaryansyah5990,FALSE,0,0,FALSE,a2WXt0aW76g,https://www.youtube.com/watch?v=a2WXt0aW76g,3896,Kroni Prabowo dalam Proyek Makan Bergizi Gratis (MBG) |  Bocor Alus Politik
Ugy4Fy8kCwKV-lSskMl4AaABAg,,comment,1 month ago,Rusak negeri ini karena bangsatnya pejabat koruptor,@KepoinAi,FALSE,0,0,FALSE,a2WXt0aW76g,https://www.youtube.com/watch?v=a2WXt0aW76g,3896,Kroni Prabowo dalam Proyek Makan Bergizi Gratis (MBG) |  Bocor Alus Politik
Ugx0x5CyBZ5UnvuZzyJ4AaABAg,,comment,1 month ago (edited),Trus ttg menu para siswa tdk boleh memfoto atau mempublis di media apapun.🤔,@DwiYanto-g8k,FALSE,0,0,FALSE,a2WXt0aW76g,https://www.youtube.com/watch?v=a2WXt0aW76g,3896,Kroni Prabowo dalam Proyek Makan Bergizi Gratis (MBG) |  Bocor Alus Politik
UgwBJXeNZMAY-nWCUYx4AaABAg,,comment,1 month ago,Ngasi makan kagak. Kritik muluuu 😂😂😂,@EkoBowo-p9h,FALSE,2,0,FALSE,a2WXt0aW76g,https://www.youtube.com/watch?v=a2WXt0aW76g,3896,Kroni Prabowo dalam Proyek Makan Bergizi Gratis (MBG) |  Bocor Alus Politik
UgyrImmrngvxzZdymFV4AaABAg,,comment,1 month ago,Klo boleh berpendapat dari awal ide gagasan makan gratis ini susah dicerna pikiran,@spancerblack8074,FALSE,0,0,FALSE,a2WXt0aW76g,https://www.youtube.com/watch?v=a2WXt0aW76g,3896,Kroni Prabowo dalam Proyek Makan Bergizi Gratis (MBG) |  Bocor Alus Politik
UgzXJmeZdonRbBb05IB4AaABAg,,comment,1 month ago,Hidup tempo,@karetaangin6871,FALSE,0,1,FALSE,a2WXt0aW76g,https://www.youtube.com/watch?v=a2WXt0aW76g,3896,Kroni Prabowo dalam Proyek Makan Bergizi Gratis (MBG) |  Bocor Alus Politik
UgzBofi-q0OHnY63WpR4AaABAg,,comment,1 month ago,Semoga TEMPO - BOCOR ALUS tetap menyiarkan TEMUAN nya walaupun selalu mendapatkan TANTANGAN dan TEKANAN...MAJU terus dan jangan BERHENTI.,@pima5519,FALSE,0,0,FALSE,a2WXt0aW76g,https://www.youtube.com/watch?v=a2WXt0aW76g,3896,Kroni Prabowo dalam Proyek Makan Bergizi Gratis (MBG) |  Bocor Alus Politik
Ugwpgxk8gSCgE9uQ7wx4AaABAg,,comment,1 month ago,Sdh diduga proyek2 pemerintah pasti yg menikmati pasti yg deket kekuasaan,@sutikno5006,FALSE,0,0,FALSE,a2WXt0aW76g,https://www.youtube.com/watch?v=a2WXt0aW76g,3896,Kroni Prabowo dalam Proyek Makan Bergizi Gratis (MBG) |  Bocor Alus Politik
UgyhbjLT8XngxyucIuB4AaABAg,,comment,1 month ago (edited),Ya kan prabowo liat contohnya pas bansos pilpres kemaren... Doi liat si joko dapet banyak dari proyek bansos.. nah dicontohlah sama muridnya donk.. kepengen juga kan cuan cuannnnnn,@Basud62,FALSE,0,1,FALSE,a2WXt0aW76g,https://www.youtube.com/watch?v=a2WXt0aW76g,3896,Kroni Prabowo dalam Proyek Makan Bergizi Gratis (MBG) |  Bocor Alus Politik
Ugz043L55QYgJb0TwVF4AaABAg,,comment,1 month ago,"SUDAH SAYA DUGA SEJAK AWAL...
SESUATU YANG DIMULAI DGN TERGESA² PASTI HAAILNYA KURANG BAIKI",@syaifulrachman2424,FALSE,0,0,FALSE,a2WXt0aW76g,https://www.youtube.com/watch?v=a2WXt0aW76g,3896,Kroni Prabowo dalam Proyek Makan Bergizi Gratis (MBG) |  Bocor Alus Politik
Ugy6YaX7ikvZKmVLVUl4AaABAg,,comment,1 month ago,Apa jadinya negara ini tanpa Tempo,@simplemarryman5305,FALSE,0,0,FALSE,a2WXt0aW76g,https://www.youtube.com/watch?v=a2WXt0aW76g,3896,Kroni Prabowo dalam Proyek Makan Bergizi Gratis (MBG) |  Bocor Alus Politik
UgwBJXeNZMAY-nWCUYx4AaABAg.AHAMWaowKtBAHAMeRW3uE2,UgwBJXeNZMAY-nWCUYx4AaABAg,reply,1 month ago,Gak boleh dikritik???,@septiliaratna8660,FALSE,0,0,FALSE,a2WXt0aW76g,https://www.youtube.com/watch?v=a2WXt0aW76g,3896,Kroni Prabowo dalam Proyek Makan Bergizi Gratis (MBG) |  Bocor Alus Politik
UgwBJXeNZMAY-nWCUYx4AaABAg.AHAMWaowKtBAHAOSaN7SsQ,UgwBJXeNZMAY-nWCUYx4AaABAg,reply,1 month ago,"yeee kocak, orang itu uangnya dari pajak rakyat, dah pasti ada andil semua rakyat (termasuk yg kritik) buat modalin itu program 🤣",@robbyjayadi9182,FALSE,0,0,FALSE,a2WXt0aW76g,https://www.youtube.com/watch?v=a2WXt0aW76g,3896,Kroni Prabowo dalam Proyek Makan Bergizi Gratis (MBG) |  Bocor Alus Politik
Ugwgggyq4w539jmtedR4AaABAg,,comment,1 month ago,"Kalau masih aja ada mahluk yg mengkorup MKG,memang gerak ALLAH, 
TAPI yg mengikuti gretek hati perilaku korup itu adalah mahluk tercela itu sendiri,semoga bertobat,",@Pecintapakubumi,FALSE,0,0,FALSE,a2WXt0aW76g,https://www.youtube.com/watch?v=a2WXt0aW76g,3896,Kroni Prabowo dalam Proyek Makan Bergizi Gratis (MBG) |  Bocor Alus Politik
UgxJqNWneiCrMZXGD9B4AaABAg,,comment,1 month ago,Emang kalian ga aneh semenjak kampanye dia koar2 MBG? Dr cmn ide aja udah absurd,@prastyodwiutomo5637,FALSE,0,0,FALSE,a2WXt0aW76g,https://www.youtube.com/watch?v=a2WXt0aW76g,3896,Kroni Prabowo dalam Proyek Makan Bergizi Gratis (MBG) |  Bocor Alus Politik
UgzIbhEhjg6lNT9wF1V4AaABAg,,comment,1 month ago,Saya  salut  dg kumentar Tempo . kaluk emang detik2nya ada bocoran tentang makan bergisi gratis cuman untuk ajang koropsi  Tlng kritik selalu. Biar gk makin hancur Negara ini 🙏🙏,@pakyaji9844,FALSE,0,0,FALSE,a2WXt0aW76g,https://www.youtube.com/watch?v=a2WXt0aW76g,3896,Kroni Prabowo dalam Proyek Makan Bergizi Gratis (MBG) |  Bocor Alus Politik
Ugz0X-Q_tJuzqDokISx4AaABAg,,comment,1 month ago,"jangan jauh-jauh ke ANTARTIKA bos, ada di sebelah noh",@jayadwipa,FALSE,0,0,FALSE,a2WXt0aW76g,https://www.youtube.com/watch?v=a2WXt0aW76g,3896,Kroni Prabowo dalam Proyek Makan Bergizi Gratis (MBG) |  Bocor Alus Politik
Ugx9crhjGaD_TLR_cFB4AaABAg,,comment,1 month ago (edited),"Susah ya negara kita.. Apa apa di korupsi, pungli ..siapapun presidennya, apapun programnya.. Kapan majunya kalau begini terus..",@mpanjidinihari9757,FALSE,0,0,FALSE,a2WXt0aW76g,https://www.youtube.com/watch?v=a2WXt0aW76g,3896,Kroni Prabowo dalam Proyek Makan Bergizi Gratis (MBG) |  Bocor Alus Politik
Ugz7RgsNyN7Kkr7vTd54AaABAg,,comment,1 month ago,"Alhamdulillah.. terimakasih Pak Prabowo, program MBG telah meningkatkan gizi anak2...

Anaknya kawan2 bapak",@ashfaabid1897,FALSE,0,4,FALSE,a2WXt0aW76g,https://www.youtube.com/watch?v=a2WXt0aW76g,3896,Kroni Prabowo dalam Proyek Makan Bergizi Gratis (MBG) |  Bocor Alus Politik
UgyZycH8Tk_AkcszQMZ4AaABAg,,comment,1 month ago,Kami jg sangat berterima kasih kepada tempo atas konten yang berani kritis dengan terukur tanpa keluar rel jurnalistik.,@Reality-News,FALSE,0,0,FALSE,a2WXt0aW76g,https://www.youtube.com/watch?v=a2WXt0aW76g,3896,Kroni Prabowo dalam Proyek Makan Bergizi Gratis (MBG) |  Bocor Alus Politik
Ugxc4uFd87K4fhUMVo94AaABAg,,comment,1 month ago,"ProyeMakan Bergizi Gratis ( Bayar dengan APBN ) bukan gratis, cara korupsi dengan metode baru",@napoleonpanjaitan5086,FALSE,0,0,FALSE,a2WXt0aW76g,https://www.youtube.com/watch?v=a2WXt0aW76g,3896,Kroni Prabowo dalam Proyek Makan Bergizi Gratis (MBG) |  Bocor Alus Politik
Ugz-pfvVlu8DrFXROGx4AaABAg,,comment,1 month ago,Memang tempo paling akurat beritanya. 👍👍👍👍👍👍👍,@SaprudinUdin-m4m,FALSE,0,0,FALSE,a2WXt0aW76g,https://www.youtube.com/watch?v=a2WXt0aW76g,3896,Kroni Prabowo dalam Proyek Makan Bergizi Gratis (MBG) |  Bocor Alus Politik
UgwdgvRG2u7Job2Ac7Z4AaABAg,,comment,1 month ago,Mantaf,@kanaldemokrasi,FALSE,0,0,FALSE,a2WXt0aW76g,https://www.youtube.com/watch?v=a2WXt0aW76g,3896,Kroni Prabowo dalam Proyek Makan Bergizi Gratis (MBG) |  Bocor Alus Politik
UgzNQUYd36H_MyXLJjN4AaABAg,,comment,1 month ago,Btul iti Proyek Makan Gratis krn dijadikan sarana utk memperkaya kroni2 pemerintah,@popangs_friends,FALSE,0,0,FALSE,a2WXt0aW76g,https://www.youtube.com/watch?v=a2WXt0aW76g,3896,Kroni Prabowo dalam Proyek Makan Bergizi Gratis (MBG) |  Bocor Alus Politik
UgxUr4-PSm134umWoFN4AaABAg,,comment,1 month ago,Setelah jaman sukarno dan suharto semakin kesini sdh semakin nyata klu presiden itu kebijakan2 nya atas nana rakyat tpi didlmnya hanya utk memperkaya kroni2nya.,@popangs_friends,FALSE,0,0,FALSE,a2WXt0aW76g,https://www.youtube.com/watch?v=a2WXt0aW76g,3896,Kroni Prabowo dalam Proyek Makan Bergizi Gratis (MBG) |  Bocor Alus Politik
UgwLJYTD_pWGkyU4fUx4AaABAg,,comment,1 month ago,"Presiden Prabowo wajib tampak dalam penampilan harus Gemuk nggak boleh tampak kurus seperti orang cacingan !!!
terus Presiden Prabowo gemuk  kemudian 250juta  tetapi rakyatnya kurus cacingan ! apa kata dunia !!! 
setuju Proyek Makan Bergizi Gratis (MBG) wajib dilaksanakan
tiji tibeh mati siji mati kabeh
rusji rusbeh kurus siji kurus kabeh
mukji mukbeh gemuk siji gemuk kabeh 
he he he he",@teguhutomo2300,FALSE,0,0,FALSE,a2WXt0aW76g,https://www.youtube.com/watch?v=a2WXt0aW76g,3896,Kroni Prabowo dalam Proyek Makan Bergizi Gratis (MBG) |  Bocor Alus Politik
UgwBq_maM6pZLYy6ukt4AaABAg,,comment,1 month ago,Njirr 😂,@andidwipurnama9678,FALSE,0,0,FALSE,a2WXt0aW76g,https://www.youtube.com/watch?v=a2WXt0aW76g,3896,Kroni Prabowo dalam Proyek Makan Bergizi Gratis (MBG) |  Bocor Alus Politik
UgwnVkYjDXowmN9Ebt94AaABAg,,comment,1 month ago,Parah sih program MBG,@Jalan.Kehidupan..,FALSE,0,0,FALSE,a2WXt0aW76g,https://www.youtube.com/watch?v=a2WXt0aW76g,3896,Kroni Prabowo dalam Proyek Makan Bergizi Gratis (MBG) |  Bocor Alus Politik
Ugzb0euyHb24PDJtVOZ4AaABAg,,comment,1 month ago,Nyesel gak lu pada pilih 02😅,@Aris_Aenun_Official,FALSE,0,0,FALSE,a2WXt0aW76g,https://www.youtube.com/watch?v=a2WXt0aW76g,3896,Kroni Prabowo dalam Proyek Makan Bergizi Gratis (MBG) |  Bocor Alus Politik
UgzNic_11Z39SO6UKjl4AaABAg,,comment,1 month ago,"bravo, tempo! semoga tetap kosisten menjadi jurnalis independen dan berintegritas...",@revaldohidayat,FALSE,0,2,FALSE,a2WXt0aW76g,https://www.youtube.com/watch?v=a2WXt0aW76g,3896,Kroni Prabowo dalam Proyek Makan Bergizi Gratis (MBG) |  Bocor Alus Politik
UgxMT_nWjfMiNg1GehZ4AaABAg,,comment,1 month ago,Sudah kuduga,@LUQMANHARIS-g6q,FALSE,0,0,FALSE,a2WXt0aW76g,https://www.youtube.com/watch?v=a2WXt0aW76g,3896,Kroni Prabowo dalam Proyek Makan Bergizi Gratis (MBG) |  Bocor Alus Politik
UgxAXmrSODThz_b_xat4AaABAg,,comment,1 month ago,Menyalaaa ABANGKU,@nunonugraha636,FALSE,0,0,FALSE,a2WXt0aW76g,https://www.youtube.com/watch?v=a2WXt0aW76g,3896,Kroni Prabowo dalam Proyek Makan Bergizi Gratis (MBG) |  Bocor Alus Politik
UgwRAS8WRcbk8iuyNHx4AaABAg,,comment,1 month ago (edited),sayangnya Indonesia dapet bekas tentaranya modelan Prabowo. Isinya kroni2 militernya yang begitu juga. Omon-omon doang plus tangannya celamitan ngambilin duit rakyat lewat proyek2 pemerintah. Coba dapetnya modelan Ibrahim Traore.,@guntingrumput1314,FALSE,0,0,FALSE,a2WXt0aW76g,https://www.youtube.com/watch?v=a2WXt0aW76g,3896,Kroni Prabowo dalam Proyek Makan Bergizi Gratis (MBG) |  Bocor Alus Politik
Ugy7uNuuuuFaW4uhVWJ4AaABAg,,comment,1 month ago,"PROYEK MBG, PROYEK TUK MBERI PEKERJAAN WAPRES..",@kakungakung1745,FALSE,0,0,FALSE,a2WXt0aW76g,https://www.youtube.com/watch?v=a2WXt0aW76g,3896,Kroni Prabowo dalam Proyek Makan Bergizi Gratis (MBG) |  Bocor Alus Politik
Ugy4AMwyJLnKBvnjQ3J4AaABAg,,comment,1 month ago,proyek 3jt rumah,@indrapujiwiyatno,FALSE,0,0,FALSE,a2WXt0aW76g,https://www.youtube.com/watch?v=a2WXt0aW76g,3896,Kroni Prabowo dalam Proyek Makan Bergizi Gratis (MBG) |  Bocor Alus Politik
Ugwi-Jo3-bPrpWnwHTZ4AaABAg,,comment,1 month ago,Di sekolah anak saya juga belom pernah dapet😂😂😂,@sendaljepit666,FALSE,0,0,FALSE,a2WXt0aW76g,https://www.youtube.com/watch?v=a2WXt0aW76g,3896,Kroni Prabowo dalam Proyek Makan Bergizi Gratis (MBG) |  Bocor Alus Politik
Ugyr6XpfHPTo2UyL0-V4AaABAg,,comment,1 month ago,"Semangat utk TEMPO , jngn lelah berjuang , terus suarakan kebenaran dan kritik kpd penguasa  , sudah ku duga MBG ladang korupsi",@nunungfarida5704,FALSE,0,0,FALSE,a2WXt0aW76g,https://www.youtube.com/watch?v=a2WXt0aW76g,3896,Kroni Prabowo dalam Proyek Makan Bergizi Gratis (MBG) |  Bocor Alus Politik
UgwWRU4pKbo4NO3R-NV4AaABAg,,comment,1 month ago,"PROYEK MakanSiangGratis
tidak tepat sasaran, kadang Basi,tidak merata..
LEBIH BAIK,SUBSIDI SEMBAKO MURAH bisa digunakan untuk SELURUH RAKYAT bisa beli bahan makan TERJANGKAU (Beras,telur,ayam dll)",@IndahPurwandari-z4d,FALSE,0,1,FALSE,a2WXt0aW76g,https://www.youtube.com/watch?v=a2WXt0aW76g,3896,Kroni Prabowo dalam Proyek Makan Bergizi Gratis (MBG) |  Bocor Alus Politik
UgwQvTQzBe4H0kTynXt4AaABAg,,comment,1 month ago,"Ketika sebuah bangsa tidak malu lg korupsi, tunggulah kehancurannya saja.",@irwanfauzi3062,FALSE,0,0,FALSE,a2WXt0aW76g,https://www.youtube.com/watch?v=a2WXt0aW76g,3896,Kroni Prabowo dalam Proyek Makan Bergizi Gratis (MBG) |  Bocor Alus Politik
Ugyqvt_Xv1m0mnzG70V4AaABAg,,comment,1 month ago,"Smg Presiden, istana dan kabinet mengikuti kanal ini , sy pribadi warga Sulawesi pun mengakui bhw obrolan ini ""fakta"" , semangat 💪🏼💪🏼🇮🇩🇮🇩🔥🔥buat tim investigasi Tempo Media , sy rakyat dan anak bangsa  Indonesia  mendukung dan perduli terhadap fakta-fakta yg tabu di bicarakan oleh rakyat kecil 🙏🏼",@realikafamily7532,FALSE,0,0,FALSE,a2WXt0aW76g,https://www.youtube.com/watch?v=a2WXt0aW76g,3896,Kroni Prabowo dalam Proyek Makan Bergizi Gratis (MBG) |  Bocor Alus Politik
UgyNqohEOcaTvWrOyGh4AaABAg,,comment,1 month ago,"Apakah masih percaya atas program-program penguasa untuk kesejahteraan rakyat, 100% yakin hanya buat para penjilat nya, keluarga dan kroninya, perampokan mengunakan tipu muslihat yg melibatkan penguasa dan anggota terhormat yg mengemis suara dr rakyat",@cemalcemol,FALSE,0,0,FALSE,a2WXt0aW76g,https://www.youtube.com/watch?v=a2WXt0aW76g,3896,Kroni Prabowo dalam Proyek Makan Bergizi Gratis (MBG) |  Bocor Alus Politik
UgxH1cZnt8Y1ks9fILp4AaABAg,,comment,1 month ago,"Sudah diduga, program-program nya, hanya buat bancaan sebagai balas budi ke penjilat nya, duit rakyat dirampok buat kepentingan nya untuk berkuasa..",@cemalcemol,FALSE,0,0,FALSE,a2WXt0aW76g,https://www.youtube.com/watch?v=a2WXt0aW76g,3896,Kroni Prabowo dalam Proyek Makan Bergizi Gratis (MBG) |  Bocor Alus Politik
UgywsuJh05Q6-ebFeqR4AaABAg,,comment,1 month ago,penasaran platform nya apa nih,@galuhp1,FALSE,0,0,FALSE,a2WXt0aW76g,https://www.youtube.com/watch?v=a2WXt0aW76g,3896,Kroni Prabowo dalam Proyek Makan Bergizi Gratis (MBG) |  Bocor Alus Politik
UgwmNZaKG5mFeG-kaXJ4AaABAg,,comment,1 month ago,"Realistis, mereka yg berkeringat untk Prabowo Gibran. 
Pointnya jgn sampai ada korupsi disitu",@birealfonstv,FALSE,0,1,FALSE,a2WXt0aW76g,https://www.youtube.com/watch?v=a2WXt0aW76g,3896,Kroni Prabowo dalam Proyek Makan Bergizi Gratis (MBG) |  Bocor Alus Politik
UgwRRZAu2Xr4dxNrHtl4AaABAg,,comment,1 month ago,Klau mitra2 Ama aja bohong yang kaya Semkin kaya yang miskin semakin miskin. Kembali ke masa orde baru lagi.,@wulandariwulandari7748,FALSE,0,0,FALSE,a2WXt0aW76g,https://www.youtube.com/watch?v=a2WXt0aW76g,3896,Kroni Prabowo dalam Proyek Makan Bergizi Gratis (MBG) |  Bocor Alus Politik
Ugx8oBzg71U-P2eWixV4AaABAg,,comment,1 month ago,"Gni aja, seandainya besok PILPRES, milihnya kya yg kmrin lg ga ???. Salah kita2 juga..

Kita ? Lu aja kali 😂",@PutraDesign_99,FALSE,0,0,FALSE,a2WXt0aW76g,https://www.youtube.com/watch?v=a2WXt0aW76g,3896,Kroni Prabowo dalam Proyek Makan Bergizi Gratis (MBG) |  Bocor Alus Politik
UgxVs6lXOCnoQH-WOHJ4AaABAg,,comment,1 month ago,"Dari awal penikmatnya adalah yg berduit, coba nyontoh PMT AS spt jaman pak harto, yg menikmati adalah warga sekitar srkolah",@hartantohartanto6485,FALSE,0,0,FALSE,a2WXt0aW76g,https://www.youtube.com/watch?v=a2WXt0aW76g,3896,Kroni Prabowo dalam Proyek Makan Bergizi Gratis (MBG) |  Bocor Alus Politik
UgypsZzehweie86KQLl4AaABAg,,comment,1 month ago,Kenapa nggak membudidayakan masyarakat setempat untuk mengelola MBG.,@wulandariwulandari7748,FALSE,0,0,FALSE,a2WXt0aW76g,https://www.youtube.com/watch?v=a2WXt0aW76g,3896,Kroni Prabowo dalam Proyek Makan Bergizi Gratis (MBG) |  Bocor Alus Politik
UgybOz9ykafYAKckR3N4AaABAg,,comment,1 month ago,"Abg yg baru ini suaranya cocok untuk podcast, wkwkk",@ekookta662,FALSE,0,0,FALSE,a2WXt0aW76g,https://www.youtube.com/watch?v=a2WXt0aW76g,3896,Kroni Prabowo dalam Proyek Makan Bergizi Gratis (MBG) |  Bocor Alus Politik
UgwGQVICoT4seVONvqF4AaABAg,,comment,1 month ago,Maju trus tempo....aq bpenikmat informasi Bocor Alus,@ansoryusman2681,FALSE,0,0,FALSE,a2WXt0aW76g,https://www.youtube.com/watch?v=a2WXt0aW76g,3896,Kroni Prabowo dalam Proyek Makan Bergizi Gratis (MBG) |  Bocor Alus Politik
Ugy59uJIunmsn7M5KEV4AaABAg,,comment,1 month ago,Coba tempo infestigasi keterangan sekjen pdip yg mengatakan pilpres 2024 itu  01 yg menang,@harryjr1031,FALSE,0,0,FALSE,a2WXt0aW76g,https://www.youtube.com/watch?v=a2WXt0aW76g,3896,Kroni Prabowo dalam Proyek Makan Bergizi Gratis (MBG) |  Bocor Alus Politik
UgyoT2E1k__Tcz0TNaZ4AaABAg,,comment,1 month ago,"P presiden, di program makan gratis apakah tidak membuka peluang korupsi baru? Tolong di evaluasi. Indonesia biar  makmur.
Indonesia sebenar kaya. Tapi apbn banyak yang disimpangkan oleh oknom demi pribadi atau golongan/kelompok. Toloooong pak presiden rakyatmu. Rakyat kecilmu agar menikmati nikmatnya hidup. Maaf ya.",@HartoKakung-j4n,FALSE,0,0,FALSE,a2WXt0aW76g,https://www.youtube.com/watch?v=a2WXt0aW76g,3896,Kroni Prabowo dalam Proyek Makan Bergizi Gratis (MBG) |  Bocor Alus Politik
UgwYGlPLm7HCyH9iRWJ4AaABAg,,comment,1 month ago,"Sebaiknya generasi kita jangan dididik dengan hal2 yg gratis. Jadi moralnya jangan moral gratisan. Karena kita ini sudah sangat krisis moral, mari kita bangun moral kit jngan seneng klu dpt gratisan",@wulandariwulandari7748,FALSE,0,0,FALSE,a2WXt0aW76g,https://www.youtube.com/watch?v=a2WXt0aW76g,3896,Kroni Prabowo dalam Proyek Makan Bergizi Gratis (MBG) |  Bocor Alus Politik
UgzHia2EMS1Q4izjpzt4AaABAg,,comment,1 month ago,mantap,@daryudinas5489,FALSE,0,1,FALSE,a2WXt0aW76g,https://www.youtube.com/watch?v=a2WXt0aW76g,3896,Kroni Prabowo dalam Proyek Makan Bergizi Gratis (MBG) |  Bocor Alus Politik
UgxepGKZ5zS8Ikeyizx4AaABAg,,comment,1 month ago,mantaap,@daryudinas5489,FALSE,0,1,FALSE,a2WXt0aW76g,https://www.youtube.com/watch?v=a2WXt0aW76g,3896,Kroni Prabowo dalam Proyek Makan Bergizi Gratis (MBG) |  Bocor Alus Politik
UgzMKT-3nnnsAJgUn_d4AaABAg,,comment,1 month ago (edited),Tinggal TEMPO yg bisa kami percaya dari semua media. Lanjutkan perlawanan terhadap kedholiman dan kezaliman para penikmat kekuasaan.,@abdulazis-hp1cu,FALSE,0,0,FALSE,a2WXt0aW76g,https://www.youtube.com/watch?v=a2WXt0aW76g,3896,Kroni Prabowo dalam Proyek Makan Bergizi Gratis (MBG) |  Bocor Alus Politik
UgxDoc5aQ4ML6jgtjxJ4AaABAg,,comment,1 month ago,"Banyak ""TIKUS"" ya di Indonesia 😮",@layarjadul5983,FALSE,0,0,FALSE,a2WXt0aW76g,https://www.youtube.com/watch?v=a2WXt0aW76g,3896,Kroni Prabowo dalam Proyek Makan Bergizi Gratis (MBG) |  Bocor Alus Politik
UgzftAW54mSRGQukOCV4AaABAg,,comment,1 month ago,Sekolahan daerah saya sampe sekarang belum ada mbg...terus dananya kemana...dasar program ngga masuk akal...,@ranggas927,FALSE,0,0,FALSE,a2WXt0aW76g,https://www.youtube.com/watch?v=a2WXt0aW76g,3896,Kroni Prabowo dalam Proyek Makan Bergizi Gratis (MBG) |  Bocor Alus Politik
UgxIwgZn83GqVOruw4R4AaABAg,,comment,1 month ago,"Mbok yao program makan gratis dihapus saja. Tempo dulu siswa tidak pernah diberi makan dari pemerintah ya orang tua bisa memberi makan kepada anaknya, dan bisa sekolah.",@HartoKakung-j4n,FALSE,0,0,FALSE,a2WXt0aW76g,https://www.youtube.com/watch?v=a2WXt0aW76g,3896,Kroni Prabowo dalam Proyek Makan Bergizi Gratis (MBG) |  Bocor Alus Politik
UgzbZdJ9y-Yqsn7SyuF4AaABAg,,comment,1 month ago,"Ha...ha hilang perkara 8 terpidana cirebon
Hore...hore",@HartoKakung-j4n,FALSE,0,0,FALSE,a2WXt0aW76g,https://www.youtube.com/watch?v=a2WXt0aW76g,3896,Kroni Prabowo dalam Proyek Makan Bergizi Gratis (MBG) |  Bocor Alus Politik
Ugy4HY_DYcIhJxXseY94AaABAg,,comment,1 month ago,Bapak Cahyadi tau ga tuh ada MBG yang bikin keracunan anak? masih mau bilang tolol ke anak anak? 🤣,@wlasale,FALSE,0,0,FALSE,a2WXt0aW76g,https://www.youtube.com/watch?v=a2WXt0aW76g,3896,Kroni Prabowo dalam Proyek Makan Bergizi Gratis (MBG) |  Bocor Alus Politik
UgwG20zHApzOHWb0AAt4AaABAg,,comment,1 month ago,"salah satu korban dari mbg ini adalah mitra, sodara gw jadi mitra boncos 500 jt belum diganti belum lagi karena di awal sop gak jelas ada permintaan mendadak renovasi dapur dan tempat makan harus stainless keluar duit lagi tuh, karena itu karyawan mitra sodara gw blm dapet gaji penuh karena kekurangan dana",@frakeit,FALSE,0,1,FALSE,a2WXt0aW76g,https://www.youtube.com/watch?v=a2WXt0aW76g,3896,Kroni Prabowo dalam Proyek Makan Bergizi Gratis (MBG) |  Bocor Alus Politik
UgwOdGJ7UyUirGKFWZZ4AaABAg,,comment,1 month ago,Ya Allah lindungi kami dari pemimpin pemimpin yang dzolim,@sriminarni6270,FALSE,0,0,FALSE,a2WXt0aW76g,https://www.youtube.com/watch?v=a2WXt0aW76g,3896,Kroni Prabowo dalam Proyek Makan Bergizi Gratis (MBG) |  Bocor Alus Politik
UgwAS9aLKsPJ8v5JL2Z4AaABAg,,comment,1 month ago,ᴅɪᴍᴀɴᴀ ᴀᴅᴀ ʙᴀɴɢᴋᴀɪ ᴅɪ sɪᴛᴜ ᴘᴜʟᴀ ᴀᴅᴀ ᴋᴇʀᴜᴍᴜɴᴀɴ ʟᴀʟᴀᴛ,@sulthanalfaris1160,FALSE,0,0,FALSE,a2WXt0aW76g,https://www.youtube.com/watch?v=a2WXt0aW76g,3896,Kroni Prabowo dalam Proyek Makan Bergizi Gratis (MBG) |  Bocor Alus Politik
UgyPehDRnB2Dw4m1C2x4AaABAg,,comment,1 month ago,"Proyek ga tuh 😮, proyek bancakanlah",@Nonamulya322,FALSE,0,0,FALSE,a2WXt0aW76g,https://www.youtube.com/watch?v=a2WXt0aW76g,3896,Kroni Prabowo dalam Proyek Makan Bergizi Gratis (MBG) |  Bocor Alus Politik
UgwH79YD6bJ2aXep4OV4AaABAg,,comment,1 month ago,"Bocor alus ini sebenarnya sedang beriklan, kalau pingin tau ya beli donk, gitu kan ?",@AcidYoungPF3,FALSE,0,1,FALSE,a2WXt0aW76g,https://www.youtube.com/watch?v=a2WXt0aW76g,3896,Kroni Prabowo dalam Proyek Makan Bergizi Gratis (MBG) |  Bocor Alus Politik
UgwNh-YuO-gJtVKXpJp4AaABAg,,comment,1 month ago,😂😂😂 gak bahaya ta.. lanjutkan tempo maju tak gentar 🎉🎉,@qa2familychannel582,FALSE,0,0,FALSE,a2WXt0aW76g,https://www.youtube.com/watch?v=a2WXt0aW76g,3896,Kroni Prabowo dalam Proyek Makan Bergizi Gratis (MBG) |  Bocor Alus Politik
UgxM0M256nIDEH7T1id4AaABAg,,comment,1 month ago,"Sudah dibayangkan sejak proyek ini digaungkan saat kampanye. Akhirnya terbukti kan????
Haddeeuuhhhh.... RI nggak punya duit tapi tetap dipaksakan...🤨🤦",@scorpito,FALSE,0,0,FALSE,a2WXt0aW76g,https://www.youtube.com/watch?v=a2WXt0aW76g,3896,Kroni Prabowo dalam Proyek Makan Bergizi Gratis (MBG) |  Bocor Alus Politik
Ugx0CigT-QgzNW6BLRh4AaABAg,,comment,1 month ago,BANCAKAN LAGI NEHHHHH,@aku_senang,FALSE,0,0,FALSE,a2WXt0aW76g,https://www.youtube.com/watch?v=a2WXt0aW76g,3896,Kroni Prabowo dalam Proyek Makan Bergizi Gratis (MBG) |  Bocor Alus Politik
UgwHFx0QSJaI8QRWb4N4AaABAg,,comment,1 month ago,Abdi mah Mendukung pisaaan atuh kang pram ....,@fantautama8330,FALSE,0,0,FALSE,a2WXt0aW76g,https://www.youtube.com/watch?v=a2WXt0aW76g,3896,Kroni Prabowo dalam Proyek Makan Bergizi Gratis (MBG) |  Bocor Alus Politik
Ugx6A41Nq-BTi_6aQsZ4AaABAg,,comment,1 month ago,"knapa rakyat pendukung 02 dulu kok pada diem sih? melihat sudah banyak kebijakan lawak dan kocak itu. dan yg gg milih 02 tolong dong lebih gertak lagi ke pemerintah, apalagi influencer atau artis artis yg paham politik",@rane182,FALSE,0,0,FALSE,a2WXt0aW76g,https://www.youtube.com/watch?v=a2WXt0aW76g,3896,Kroni Prabowo dalam Proyek Makan Bergizi Gratis (MBG) |  Bocor Alus Politik
UgykuJ-7A68FMlT1e7F4AaABAg,,comment,1 month ago,Majalah tempe,@pradhikabilqisti1883,FALSE,0,0,FALSE,a2WXt0aW76g,https://www.youtube.com/watch?v=a2WXt0aW76g,3896,Kroni Prabowo dalam Proyek Makan Bergizi Gratis (MBG) |  Bocor Alus Politik
UgxGYAvgUeFxgfXnIX14AaABAg,,comment,1 month ago,Gak ada yang ngalahin gimana jahatnya pemerintah indo ke rakyatnya di dunia ini... kereeeen juaraaa,@akj8697,FALSE,0,0,FALSE,a2WXt0aW76g,https://www.youtube.com/watch?v=a2WXt0aW76g,3896,Kroni Prabowo dalam Proyek Makan Bergizi Gratis (MBG) |  Bocor Alus Politik
Ugx0fvRj4YGT1WOlKfl4AaABAg,,comment,1 month ago,Nasib barisan sakit hati kalah pilpres 😂😃,@hasannudin5933,FALSE,0,0,FALSE,a2WXt0aW76g,https://www.youtube.com/watch?v=a2WXt0aW76g,3896,Kroni Prabowo dalam Proyek Makan Bergizi Gratis (MBG) |  Bocor Alus Politik
Ugxn64P4VglRuaSoFWF4AaABAg,,comment,1 month ago,bilang aja Iri hati 😂😃,@hasannudin5933,FALSE,0,0,FALSE,a2WXt0aW76g,https://www.youtube.com/watch?v=a2WXt0aW76g,3896,Kroni Prabowo dalam Proyek Makan Bergizi Gratis (MBG) |  Bocor Alus Politik
Ugw4X6xMQUoolzi0zOt4AaABAg,,comment,1 month ago,seperti jargon kampanye BOCOR BOCOR BOCOR,@okkydwi4550,FALSE,0,0,FALSE,a2WXt0aW76g,https://www.youtube.com/watch?v=a2WXt0aW76g,3896,Kroni Prabowo dalam Proyek Makan Bergizi Gratis (MBG) |  Bocor Alus Politik
UgyyeXLp9hyu5HhfMrp4AaABAg,,comment,1 month ago,"Kali ini saya kecewa dengan tempo. Kenapa bahasannya mengenai ""orang terdekat""?
Bukannya suhu jokowi sudah memberikan contoh paling luar biasa dengan menyodorkan anaknya? Ahh...barang basi kok dibahas🙄",@imamahmawaddah1674,FALSE,0,0,FALSE,a2WXt0aW76g,https://www.youtube.com/watch?v=a2WXt0aW76g,3896,Kroni Prabowo dalam Proyek Makan Bergizi Gratis (MBG) |  Bocor Alus Politik
UgwDpZDJveSOkldwkFh4AaABAg,,comment,1 month ago,"Memang sdh prediksi krn belum ada perencanaan  yg matang , data awal spt apa sehingga bisa evaluasi, untuk menilai keberhasilan, hrs uji coba bbrp  daerah  dg target usia yg jelas bgmn persiapan  dan pelaksanaanya dan evaluasi bbrp tahun, bukan uji coba cuma 1 -  2 bulan di daerah tertentu dan dikunjungi pejabat,hslnys baik 2 secara kuantitatif  tapi kualitas sulit dievakuasi. Proyek ini hanya sekedar memenuhi janji kampanye yg ujug2 . Bgmn pelaksanaan di bawah, apalagi sampai ada koprasi merah putih, = hilirisasi  korupsi tepatnya KKN seluruh Indonesia 😥😭🥱",@dewisangawati5336,FALSE,0,0,FALSE,a2WXt0aW76g,https://www.youtube.com/watch?v=a2WXt0aW76g,3896,Kroni Prabowo dalam Proyek Makan Bergizi Gratis (MBG) |  Bocor Alus Politik
UgyBrQSk_QYmpWfMcXx4AaABAg,,comment,1 month ago,"Anak2 Indonesia bayak yang pintar..,, pintar nipu duit rakyat",@DendiMustofa-s6s,FALSE,0,0,FALSE,a2WXt0aW76g,https://www.youtube.com/watch?v=a2WXt0aW76g,3896,Kroni Prabowo dalam Proyek Makan Bergizi Gratis (MBG) |  Bocor Alus Politik
UgwMRXBKoTVfRd6bgn14AaABAg,,comment,1 month ago,Konoha ohh konoha 😂😂😂,@willygunawan9679,FALSE,0,0,FALSE,a2WXt0aW76g,https://www.youtube.com/watch?v=a2WXt0aW76g,3896,Kroni Prabowo dalam Proyek Makan Bergizi Gratis (MBG) |  Bocor Alus Politik
UgzI6qQladng8o3g0_F4AaABAg,,comment,1 month ago,Kan sama si hasan b itu disuruh masak,@ajengnurkunaenzah5070,FALSE,0,0,FALSE,a2WXt0aW76g,https://www.youtube.com/watch?v=a2WXt0aW76g,3896,Kroni Prabowo dalam Proyek Makan Bergizi Gratis (MBG) |  Bocor Alus Politik
UgznV-s4-oYimD18e4h4AaABAg,,comment,1 month ago,"Yang nekat main di MBG ya gila, kecuali ""orang dekat"".

Banyak yang ga di bayar cuy.",@drextrey,FALSE,0,0,FALSE,a2WXt0aW76g,https://www.youtube.com/watch?v=a2WXt0aW76g,3896,Kroni Prabowo dalam Proyek Makan Bergizi Gratis (MBG) |  Bocor Alus Politik
UgxhH2icucHK7gkLb3R4AaABAg,,comment,1 month ago,"Progam yg tidak bermanfaat untuk rakyat, malah menguntungkan para kroninya",@Salma-ct6cb,FALSE,0,0,FALSE,a2WXt0aW76g,https://www.youtube.com/watch?v=a2WXt0aW76g,3896,Kroni Prabowo dalam Proyek Makan Bergizi Gratis (MBG) |  Bocor Alus Politik
UgyrGZtV06Dn5kb4F9t4AaABAg,,comment,1 month ago,"Gak kaget lagi, cape banget yaAllah",@우지-d9h,FALSE,0,0,FALSE,a2WXt0aW76g,https://www.youtube.com/watch?v=a2WXt0aW76g,3896,Kroni Prabowo dalam Proyek Makan Bergizi Gratis (MBG) |  Bocor Alus Politik
Ugye0txXGBN6jOvNMV54AaABAg,,comment,1 month ago,Sejak awal sudah bisa ditebak kalau MBG ini sangat-sangat amat rawan korupsi.  Gak perlu jadi orang cerdas untuk tau proyek itu mudah dikorupsi.,@KacangRebus-b3h,FALSE,0,0,FALSE,a2WXt0aW76g,https://www.youtube.com/watch?v=a2WXt0aW76g,3896,Kroni Prabowo dalam Proyek Makan Bergizi Gratis (MBG) |  Bocor Alus Politik
UgzhFtCjiWQo_iyFELl4AaABAg,,comment,1 month ago,"Bentar lagi hilang/di takedown gak sih ni video ???? 
Ngeri 
Salut sama keberanian TEMPO 
:elbowcough:",@dioyanuarsyah,FALSE,0,0,FALSE,a2WXt0aW76g,https://www.youtube.com/watch?v=a2WXt0aW76g,3896,Kroni Prabowo dalam Proyek Makan Bergizi Gratis (MBG) |  Bocor Alus Politik
UgzT00cU2uWikT8qTw94AaABAg,,comment,1 month ago,"apan gua udah bilang MGG pasti sarang korupsi baru ,klw dipertahankan berarti ada apa2nya",@agussuhendar9677,FALSE,0,0,FALSE,a2WXt0aW76g,https://www.youtube.com/watch?v=a2WXt0aW76g,3896,Kroni Prabowo dalam Proyek Makan Bergizi Gratis (MBG) |  Bocor Alus Politik
UgwFHadj_n3atGPLShd4AaABAg,,comment,1 month ago,"Masalah sudah mengakar .Banyak pihak yg terlibat,
China udah buat teknologi mutakhir 
Konoha masi gini gini aja .
Politik konoha 💩",@Gemstone-l7n,FALSE,0,0,FALSE,a2WXt0aW76g,https://www.youtube.com/watch?v=a2WXt0aW76g,3896,Kroni Prabowo dalam Proyek Makan Bergizi Gratis (MBG) |  Bocor Alus Politik
UgyyQlOfGeZ9WH4Sjz14AaABAg,,comment,1 month ago,Relawan tapi dibayar 😂,@robirukmana5406,FALSE,0,0,FALSE,a2WXt0aW76g,https://www.youtube.com/watch?v=a2WXt0aW76g,3896,Kroni Prabowo dalam Proyek Makan Bergizi Gratis (MBG) |  Bocor Alus Politik
Ugz46RJtLqSDDr33mbB4AaABAg,,comment,1 month ago,Pasti bung potensi korup bs d ipastikan dikot sama daging dikampung sama tlr putih di bumbuin,@AsetZcc,FALSE,0,0,FALSE,a2WXt0aW76g,https://www.youtube.com/watch?v=a2WXt0aW76g,3896,Kroni Prabowo dalam Proyek Makan Bergizi Gratis (MBG) |  Bocor Alus Politik
UgyazXrIfvN67QJX62x4AaABAg,,comment,1 month ago,"""Tapi ada nggak sih aroma korupsi dalam program ini?""

YA MASA NGGAK ADA, MAS PRAM 😁😁😁😁😁😁😁",@meidianmedia4469,FALSE,0,0,FALSE,a2WXt0aW76g,https://www.youtube.com/watch?v=a2WXt0aW76g,3896,Kroni Prabowo dalam Proyek Makan Bergizi Gratis (MBG) |  Bocor Alus Politik
UgwWRc4N8sqVukkLmQV4AaABAg,,comment,1 month ago,😍😍😍😍😍😍,@nurasiyah4287,FALSE,0,0,FALSE,a2WXt0aW76g,https://www.youtube.com/watch?v=a2WXt0aW76g,3896,Kroni Prabowo dalam Proyek Makan Bergizi Gratis (MBG) |  Bocor Alus Politik
Ugxyaejd3LHhSxh3Ted4AaABAg,,comment,1 month ago,2030 indonesia bubar jd ya,@lutfhymaulana,FALSE,0,0,FALSE,a2WXt0aW76g,https://www.youtube.com/watch?v=a2WXt0aW76g,3896,Kroni Prabowo dalam Proyek Makan Bergizi Gratis (MBG) |  Bocor Alus Politik
Ugy1BrLL4ZdK9dfspV14AaABAg,,comment,1 month ago,Koperasi koperasian itu juga aromanya akan seperti ini. Aneh aja koperasi di bawah kemenko yang bukan bidangnya. Rezim omon-omon emang.,@FakhruArrazi,FALSE,0,0,FALSE,a2WXt0aW76g,https://www.youtube.com/watch?v=a2WXt0aW76g,3896,Kroni Prabowo dalam Proyek Makan Bergizi Gratis (MBG) |  Bocor Alus Politik
Ugx8ebHd156xQT1j_UF4AaABAg,,comment,1 month ago,Satu kabupaten baru 3 sekolahan yg di uji coba tapi beritanya glowing.proyek raja omon omon,@sheengatbindharma,FALSE,0,0,FALSE,a2WXt0aW76g,https://www.youtube.com/watch?v=a2WXt0aW76g,3896,Kroni Prabowo dalam Proyek Makan Bergizi Gratis (MBG) |  Bocor Alus Politik
UgzF5uNMGxIuaEnW9ut4AaABAg,,comment,1 month ago,Kami bersama Tempo ❤,@septianmahathir2841,FALSE,0,0,FALSE,a2WXt0aW76g,https://www.youtube.com/watch?v=a2WXt0aW76g,3896,Kroni Prabowo dalam Proyek Makan Bergizi Gratis (MBG) |  Bocor Alus Politik
UgzedBak0lFECd_TjM54AaABAg,,comment,1 month ago,"sudah sudah Tempo, banyak pihak yang sudah meyakinkan saya untuk mengejek MBG buat mini proyek 17 agustusan.
Yang pengen saya tau sih itu kan ada kasus MBG makanan busuk + belatung itu kan? apa lagi suek aja atau gimana tuh?",@hoshi314,FALSE,0,0,FALSE,a2WXt0aW76g,https://www.youtube.com/watch?v=a2WXt0aW76g,3896,Kroni Prabowo dalam Proyek Makan Bergizi Gratis (MBG) |  Bocor Alus Politik
UgxGNN6dBIWfCm7WOyl4AaABAg,,comment,1 month ago,"Pembuatan konstruksi dapur umum saja, dengar dengar 30% untuk oknum. Gimana mau maju negara ini..",@Ryan-wv2ow,FALSE,0,0,FALSE,a2WXt0aW76g,https://www.youtube.com/watch?v=a2WXt0aW76g,3896,Kroni Prabowo dalam Proyek Makan Bergizi Gratis (MBG) |  Bocor Alus Politik
Ugw0WpiV0An7PjNDrAd4AaABAg,,comment,1 month ago,MBG oh MBG yg bergizi itu ehem2 nya 😊,@antihchia8248,FALSE,0,0,FALSE,a2WXt0aW76g,https://www.youtube.com/watch?v=a2WXt0aW76g,3896,Kroni Prabowo dalam Proyek Makan Bergizi Gratis (MBG) |  Bocor Alus Politik
Ugyn3jnD4fXyoS7408l4AaABAg,,comment,1 month ago,Bennix setiap nonton bocor alus langsung kejang-kejang kali ya wkwkwk,@KousakaMayumi,FALSE,0,0,FALSE,a2WXt0aW76g,https://www.youtube.com/watch?v=a2WXt0aW76g,3896,Kroni Prabowo dalam Proyek Makan Bergizi Gratis (MBG) |  Bocor Alus Politik
UgyyPVAAblFY_3snlo94AaABAg,,comment,1 month ago,"Ahok benar , jika serius program utk stanting, cukup atur keuangannya dgn memberikan uangnya KPD ortu   KPD anak yg mestinya mendapatkan MBG ini, jadi TDK akan ada penyimpangan thd duit negara. Tinggal mendata anak yg mestinya berhak mendapatkannya. 😅",@imadesuyatna1955,FALSE,0,0,FALSE,a2WXt0aW76g,https://www.youtube.com/watch?v=a2WXt0aW76g,3896,Kroni Prabowo dalam Proyek Makan Bergizi Gratis (MBG) |  Bocor Alus Politik
Ugy0KRNLDIJBkWqAkgF4AaABAg,,comment,1 month ago,Mantap mas bowo ente Atur lah gimana baiknya 😂,@PAKDHEKREATIFCHANNEL,FALSE,0,0,FALSE,a2WXt0aW76g,https://www.youtube.com/watch?v=a2WXt0aW76g,3896,Kroni Prabowo dalam Proyek Makan Bergizi Gratis (MBG) |  Bocor Alus Politik
UgxA89VXH3wORaDv2354AaABAg,,comment,1 month ago,"setuju dg pendpt tempo. di situasi spt skrg ini, manfaat MBG tdk akan signifikan, tp di sisi lain justru hanya akan menambah peluang terjadinya fitnah dan kecemburuan.",@mrklan1,FALSE,0,0,FALSE,a2WXt0aW76g,https://www.youtube.com/watch?v=a2WXt0aW76g,3896,Kroni Prabowo dalam Proyek Makan Bergizi Gratis (MBG) |  Bocor Alus Politik
UgzSbL1TsxrgKMSzbER4AaABAg,,comment,1 month ago,"❤❤kroni bocor alus adalah PARA BARISAN SAKIT HATI

YG TAK PERNAH BERHENTI MENGADU DOMBA karena suatu kekalahan..",@HermanRashif,FALSE,0,1,FALSE,a2WXt0aW76g,https://www.youtube.com/watch?v=a2WXt0aW76g,3896,Kroni Prabowo dalam Proyek Makan Bergizi Gratis (MBG) |  Bocor Alus Politik
Ugxs1tE5jgTk-Fp1vRZ4AaABAg,,comment,1 month ago,"Maklum aja, pilpres busuk pasti menghasilkan rezim yg busuk pula.... itu aja point nya",@DeaCell-ot4rr,FALSE,0,0,FALSE,a2WXt0aW76g,https://www.youtube.com/watch?v=a2WXt0aW76g,3896,Kroni Prabowo dalam Proyek Makan Bergizi Gratis (MBG) |  Bocor Alus Politik
UgyNwCImmchplGfIW-p4AaABAg,,comment,1 month ago,WOWO DAN WIWI SAMA SAJA !!!,@runnerWH,FALSE,0,0,FALSE,a2WXt0aW76g,https://www.youtube.com/watch?v=a2WXt0aW76g,3896,Kroni Prabowo dalam Proyek Makan Bergizi Gratis (MBG) |  Bocor Alus Politik
Ugxysh41qfQjt3ruLfB4AaABAg,,comment,1 month ago,Setelah makan kepala babi kayaknya tempo agak kekenyangan hingga berkurang bocoranya,@SutrisnoWibowo-e4p,FALSE,0,0,FALSE,a2WXt0aW76g,https://www.youtube.com/watch?v=a2WXt0aW76g,3896,Kroni Prabowo dalam Proyek Makan Bergizi Gratis (MBG) |  Bocor Alus Politik
UgwKablag4QQqxvqsSN4AaABAg,,comment,1 month ago,Meledakkkkkkk🎉🎉🎉🎉🎉,@korneliuskristianto8549,FALSE,0,0,FALSE,a2WXt0aW76g,https://www.youtube.com/watch?v=a2WXt0aW76g,3896,Kroni Prabowo dalam Proyek Makan Bergizi Gratis (MBG) |  Bocor Alus Politik
UgwXKmef9XTIxhHRwMt4AaABAg,,comment,1 month ago,"Klo masih pakai sistem partai politik seperti saat ini siapapun presiden nya pasti banyak koruptor karena memang biaya politik mahal, dan semua partai yg ingin masuk pemerintahan yg diincar proyek, bullsh*t klo partai rebutan jd menteri utk mensejahterakan bangsa bla..bla..mereka cuma mengincar jabatan utk privilege dan dpt jatah ""kue apbn"" Dan parahnya para pengusaha yg dulu jd sapi perah pejabat skrg berlomba ingin jd pejabat biar bisa langsung dpt jatah proyek dan ga jadi sapi perah lagi 😂😂",@hisyambajabier2047,FALSE,0,0,FALSE,a2WXt0aW76g,https://www.youtube.com/watch?v=a2WXt0aW76g,3896,Kroni Prabowo dalam Proyek Makan Bergizi Gratis (MBG) |  Bocor Alus Politik
UgwMlWs44o9x97VGjLt4AaABAg,,comment,1 month ago,plg tidak saya sukses mengirim anak saya semua sekolah dan bekerja d LN cukup orang tua nya yg tersiksa d sini,@duniadalamberita5724,FALSE,0,0,FALSE,a2WXt0aW76g,https://www.youtube.com/watch?v=a2WXt0aW76g,3896,Kroni Prabowo dalam Proyek Makan Bergizi Gratis (MBG) |  Bocor Alus Politik
Ugz7mEt_DQKjHXeWtMV4AaABAg,,comment,1 month ago,"MBG Adalah produk yg tidak efektif,hanya sebagai lahan korupsi buat orang dilinkaran penguasa...",@tovanovan8156,FALSE,0,0,FALSE,a2WXt0aW76g,https://www.youtube.com/watch?v=a2WXt0aW76g,3896,Kroni Prabowo dalam Proyek Makan Bergizi Gratis (MBG) |  Bocor Alus Politik
UgxJ0dkaZ2TIJGje7LZ4AaABAg,,comment,1 month ago,Kan sudah diduga dari awal,@RobertSiregar-b5r,FALSE,0,0,FALSE,a2WXt0aW76g,https://www.youtube.com/watch?v=a2WXt0aW76g,3896,Kroni Prabowo dalam Proyek Makan Bergizi Gratis (MBG) |  Bocor Alus Politik
UgxVs8tnhkj5np-DZA94AaABAg,,comment,1 month ago,"kalau pemerintah serius beri MBG, langsug transfer dananya ke orang tua murid, dijamin tidak ada kebocoran 100% sampai kemuridnya....",@HeroEs-k3o,FALSE,0,0,FALSE,a2WXt0aW76g,https://www.youtube.com/watch?v=a2WXt0aW76g,3896,Kroni Prabowo dalam Proyek Makan Bergizi Gratis (MBG) |  Bocor Alus Politik
UgyWLrkjkHlw67J7NFF4AaABAg,,comment,1 month ago,Pak prabowo gemoyyy🤏🏻☺ 👍🏻☺👏🏻😎🤗,@GNClass17,FALSE,0,0,FALSE,a2WXt0aW76g,https://www.youtube.com/watch?v=a2WXt0aW76g,3896,Kroni Prabowo dalam Proyek Makan Bergizi Gratis (MBG) |  Bocor Alus Politik
UgzD0N-7XVlF8c7nTbd4AaABAg,,comment,1 month ago,Apakah MBG akan masuk klasemen ?,@abdulrozak6187,FALSE,0,0,FALSE,a2WXt0aW76g,https://www.youtube.com/watch?v=a2WXt0aW76g,3896,Kroni Prabowo dalam Proyek Makan Bergizi Gratis (MBG) |  Bocor Alus Politik
Ugzfc78tFfsNWetDXIV4AaABAg,,comment,1 month ago,Cokro tv paling sebel tempo khususnya bocor alus,@Moristar-fq5wf,FALSE,0,0,FALSE,a2WXt0aW76g,https://www.youtube.com/watch?v=a2WXt0aW76g,3896,Kroni Prabowo dalam Proyek Makan Bergizi Gratis (MBG) |  Bocor Alus Politik
UgwZ_S3SgET6y3Ga2Wp4AaABAg,,comment,1 month ago,Bisa² ScribD diblokir kemkominfo kalau bocor² gini 🤣,@SeaArters,FALSE,0,0,FALSE,a2WXt0aW76g,https://www.youtube.com/watch?v=a2WXt0aW76g,3896,Kroni Prabowo dalam Proyek Makan Bergizi Gratis (MBG) |  Bocor Alus Politik
UgxARIJBzsykWM49C_d4AaABAg,,comment,1 month ago,"penasaran itu sumber terbukanya apa, scribd bukan?😅",@fhpratiwi5022,FALSE,0,0,FALSE,a2WXt0aW76g,https://www.youtube.com/watch?v=a2WXt0aW76g,3896,Kroni Prabowo dalam Proyek Makan Bergizi Gratis (MBG) |  Bocor Alus Politik
UgyMBp5CAyuQFh5gXjZ4AaABAg,,comment,1 month ago,"Program MBG.., mata rantainya banyak terkait dgn   kegiatan RAKYAT,  contoh: satu product saja misalnya buah, satu jenis buah terkait dgn memajukan kebun, karyawan kebun.., karyawan transfortasi, para pekerja pencari sumber2 buah, penampung buah &  karyawan nya.., bahan makanan dapur yg banyak terkait dgn petani & peternak. Karyawan masak, karyawan cuci ompreng , transfortasi angkut ompreng..dll.., cek saja lapangan.., jgn hanya menurut pikiran yg sempit saja..! ..tapi aku suka tempo..😘",@afiellian5480,FALSE,0,0,FALSE,a2WXt0aW76g,https://www.youtube.com/watch?v=a2WXt0aW76g,3896,Kroni Prabowo dalam Proyek Makan Bergizi Gratis (MBG) |  Bocor Alus Politik
UgzHhwp-pNkohIt9LmB4AaABAg,,comment,1 month ago,"gw udah kira ini bakalan jadi proyek, makanya gw ga pernah setuju mngenai ini. MBG itu cuma nyairin duit negara ke kroninya Prabowo.

Next bahas matahari kembar lebih detail dong, kan kmarin polisi2 itu main ke Solo tuh, trus PRabowo legalkan RUU TNI, kyknya Matahari Kembar itu juga sama kyk Polisi VS TNI. ahaha,, dagelan semua di Indonesia.",@tatzkyrezasetiawan6458,FALSE,0,0,FALSE,a2WXt0aW76g,https://www.youtube.com/watch?v=a2WXt0aW76g,3896,Kroni Prabowo dalam Proyek Makan Bergizi Gratis (MBG) |  Bocor Alus Politik
UgxCe_3W4TjsisyVUxd4AaABAg,,comment,1 month ago,W  A L A O.  MENGALAMI.  KENDALA. TRIK.    PELAKSANA. MASAK. SIAP. SAJI. B E L U M.  DIBAYAR.  ADA. APA. DISINI. ?????????,@BapakSunarto-h4n,FALSE,0,0,FALSE,a2WXt0aW76g,https://www.youtube.com/watch?v=a2WXt0aW76g,3896,Kroni Prabowo dalam Proyek Makan Bergizi Gratis (MBG) |  Bocor Alus Politik
UgywfTXjsjZeuZqFz0p4AaABAg,,comment,1 month ago,Proyek ... KKN 😅,@Arkhan-k7k,FALSE,0,0,FALSE,a2WXt0aW76g,https://www.youtube.com/watch?v=a2WXt0aW76g,3896,Kroni Prabowo dalam Proyek Makan Bergizi Gratis (MBG) |  Bocor Alus Politik
UgzTF5s0IO4EGDVeLCF4AaABAg,,comment,1 month ago,Tempo keren,@Erni-q5s,FALSE,0,0,FALSE,a2WXt0aW76g,https://www.youtube.com/watch?v=a2WXt0aW76g,3896,Kroni Prabowo dalam Proyek Makan Bergizi Gratis (MBG) |  Bocor Alus Politik
UgwDdlMsEp-KdFjJthp4AaABAg,,comment,1 month ago,Era paling awur-awuran dalam menghamburkan uang negara!!,@StrongMania-x7s,FALSE,0,0,FALSE,a2WXt0aW76g,https://www.youtube.com/watch?v=a2WXt0aW76g,3896,Kroni Prabowo dalam Proyek Makan Bergizi Gratis (MBG) |  Bocor Alus Politik
UgxrcitAvvYII9GxpAJ4AaABAg,,comment,1 month ago,"Tempo keren,teruskan menyuarakan kebenaran",@jalaludinjalal64,FALSE,0,0,FALSE,a2WXt0aW76g,https://www.youtube.com/watch?v=a2WXt0aW76g,3896,Kroni Prabowo dalam Proyek Makan Bergizi Gratis (MBG) |  Bocor Alus Politik
UgwDxaJJF3y0e2pnyTh4AaABAg,,comment,1 month ago,KKN berjaya,@quintarinauniaty5419,FALSE,0,1,FALSE,a2WXt0aW76g,https://www.youtube.com/watch?v=a2WXt0aW76g,3896,Kroni Prabowo dalam Proyek Makan Bergizi Gratis (MBG) |  Bocor Alus Politik
Ugy2LysxEkoocwP5eyZ4AaABAg,,comment,1 month ago,mang Mental Maling....😂🎉🎉,@dytaa8100,FALSE,0,0,FALSE,a2WXt0aW76g,https://www.youtube.com/watch?v=a2WXt0aW76g,3896,Kroni Prabowo dalam Proyek Makan Bergizi Gratis (MBG) |  Bocor Alus Politik
UgxX-_p8x5XA24IWjKF4AaABAg,,comment,1 month ago,Waktu jadi menhan pun mau beli pesawat besar besaran dgn harga yg mahal.,@vanessawilliam9570,FALSE,0,0,FALSE,a2WXt0aW76g,https://www.youtube.com/watch?v=a2WXt0aW76g,3896,Kroni Prabowo dalam Proyek Makan Bergizi Gratis (MBG) |  Bocor Alus Politik
UgzDx11JsexOpzDhldZ4AaABAg,,comment,1 month ago,Kasihan orang miskin / tak mampu tak dapat mengikuti makan bergizi gratis karena tak bisa sekolah !!!!!,@darmaputra6747,FALSE,0,1,FALSE,a2WXt0aW76g,https://www.youtube.com/watch?v=a2WXt0aW76g,3896,Kroni Prabowo dalam Proyek Makan Bergizi Gratis (MBG) |  Bocor Alus Politik
UgyD0_V2phDLZp-p7id4AaABAg,,comment,1 month ago,MBG membesarkan tinja sekolah gratis mencerdaskan generasi bangsa🎉,@Tikno-cq1eg,FALSE,0,0,FALSE,a2WXt0aW76g,https://www.youtube.com/watch?v=a2WXt0aW76g,3896,Kroni Prabowo dalam Proyek Makan Bergizi Gratis (MBG) |  Bocor Alus Politik
Ugw1B1W_qLElaypS3SN4AaABAg,,comment,1 month ago,Emang kacau Indonesia di cabik cabik,@RaditPrafas,FALSE,0,0,FALSE,a2WXt0aW76g,https://www.youtube.com/watch?v=a2WXt0aW76g,3896,Kroni Prabowo dalam Proyek Makan Bergizi Gratis (MBG) |  Bocor Alus Politik
Ugy4bzI4KcWzKub8e-N4AaABAg,,comment,1 month ago,Maju terus bangsaku... selalu leading dalam hal KORUPSI,@prathamamirror,FALSE,0,0,FALSE,a2WXt0aW76g,https://www.youtube.com/watch?v=a2WXt0aW76g,3896,Kroni Prabowo dalam Proyek Makan Bergizi Gratis (MBG) |  Bocor Alus Politik
UgxO8ouUXJLg5S0M6HZ4AaABAg,,comment,1 month ago,Makanan bergizi gratis sangat sangat rawan kurubsi dari awal program itu digulirkan dan cepat betul direalisasikan karena penuh kepentingan hampir sama dngan UUD TNI.,@Yantobalikpapan123,FALSE,0,0,FALSE,a2WXt0aW76g,https://www.youtube.com/watch?v=a2WXt0aW76g,3896,Kroni Prabowo dalam Proyek Makan Bergizi Gratis (MBG) |  Bocor Alus Politik
UgxTnK0cJ7OR8nBN6094AaABAg,,comment,1 month ago,Proyek makan bergizi gratis…😅😂😅😂😅😂😅,@umaradhirakhman9730,FALSE,0,0,FALSE,a2WXt0aW76g,https://www.youtube.com/watch?v=a2WXt0aW76g,3896,Kroni Prabowo dalam Proyek Makan Bergizi Gratis (MBG) |  Bocor Alus Politik
UgzKY6BfTnQ99uf2H854AaABAg,,comment,1 month ago,Yukk yang udah jelas cuman di 【✌ 𝑨𝑳𝑬𝑿𝑰𝑺17  ✌】.,@AhmadSanjaya-e4t,FALSE,0,0,FALSE,a2WXt0aW76g,https://www.youtube.com/watch?v=a2WXt0aW76g,3896,Kroni Prabowo dalam Proyek Makan Bergizi Gratis (MBG) |  Bocor Alus Politik
UgzDA9Sl-sermXsgY114AaABAg,,comment,1 month ago,"Saya menyaksikan betul, untuk menjadi Mitra perlu dana Miliaran rupiah. Dan gak gampang dengan persiapan yg begitu singkat. Perlu banyak koneksi untuk menyiapkan semuanya.",@jasapengirimanbarangsuraba9668,FALSE,0,0,FALSE,a2WXt0aW76g,https://www.youtube.com/watch?v=a2WXt0aW76g,3896,Kroni Prabowo dalam Proyek Makan Bergizi Gratis (MBG) |  Bocor Alus Politik
UgwEK0x76UxIejVeypl4AaABAg,,comment,1 month ago,Menjadi Mitra pun gak gampang kok. Mereka harus menyiapkan segalanya dengan modal sendiri bukan uang yayasan atau dari Negara.,@jasapengirimanbarangsuraba9668,FALSE,0,0,FALSE,a2WXt0aW76g,https://www.youtube.com/watch?v=a2WXt0aW76g,3896,Kroni Prabowo dalam Proyek Makan Bergizi Gratis (MBG) |  Bocor Alus Politik
UgyhS4C9yClxz72k19l4AaABAg,,comment,1 month ago,"semoga media yg jujur seperti tempo selalu dilindungi Allah swt,.,",@apeltiga6887,FALSE,0,0,FALSE,a2WXt0aW76g,https://www.youtube.com/watch?v=a2WXt0aW76g,3896,Kroni Prabowo dalam Proyek Makan Bergizi Gratis (MBG) |  Bocor Alus Politik
Ugx8bFH_DuR0Ez7Zaxh4AaABAg,,comment,1 month ago,Setidaknya program ini lebih transparan daripada program2 lainnya. Paling yg bisa berpotensi bermain hanya Yayasan dan yg mitra. Klo memang mereka bermain kan bisa di audit sama BPK dan KPK. Apalagi di setiap Mitra ada kok pegawai BGN yg selalu menyoroti setiap dapur.,@jasapengirimanbarangsuraba9668,FALSE,0,0,FALSE,a2WXt0aW76g,https://www.youtube.com/watch?v=a2WXt0aW76g,3896,Kroni Prabowo dalam Proyek Makan Bergizi Gratis (MBG) |  Bocor Alus Politik
Ugw3p3bUpQZl9tXHAt54AaABAg,,comment,1 month ago,Mmg kita² butuh info yg benar & jujur  juga amanah,@andhykasriandono1193,FALSE,0,0,FALSE,a2WXt0aW76g,https://www.youtube.com/watch?v=a2WXt0aW76g,3896,Kroni Prabowo dalam Proyek Makan Bergizi Gratis (MBG) |  Bocor Alus Politik
UgwqrunXJUwxQx1R5yd4AaABAg,,comment,1 month ago,Keren,@kantongkresek3261,FALSE,0,0,FALSE,a2WXt0aW76g,https://www.youtube.com/watch?v=a2WXt0aW76g,3896,Kroni Prabowo dalam Proyek Makan Bergizi Gratis (MBG) |  Bocor Alus Politik
UgxChpzAEGw5Uvp3o7J4AaABAg,,comment,1 month ago,"AS melarang kebijakan hilirisasi tambang, Indonesia harus mau mengexport bauxite, timah, nikel dll dlm bentuk biji tambang mentah. Aturan makanan halal, dibatalkan, kebijakan pembagian minyak mentah dll diubah dll.

Tuntutan AS, sdh menyerang kedaulatan Indonesia dan mau menjajah ekonomi Indonesia.

Presiden Prabowo jangan cuma : "" Yes Sir, Yes Sir, Yes Sir"" ke Trump.
Sumpah jabatan presiden Prabowo, selain menjalankan hukum dg selurus-lurusnya juga harus melindungi rakyat dan tanah air Indonesia.",@Dudung2045,FALSE,0,0,FALSE,a2WXt0aW76g,https://www.youtube.com/watch?v=a2WXt0aW76g,3896,Kroni Prabowo dalam Proyek Makan Bergizi Gratis (MBG) |  Bocor Alus Politik
UgxcmSNtx1DR9EdWMQp4AaABAg,,comment,1 month ago,Makan omon omon gratis😂😂,@pikiran_waras,FALSE,0,1,FALSE,a2WXt0aW76g,https://www.youtube.com/watch?v=a2WXt0aW76g,3896,Kroni Prabowo dalam Proyek Makan Bergizi Gratis (MBG) |  Bocor Alus Politik
UgyQ92ACf-Ks3GMCdch4AaABAg,,comment,1 month ago,Di Indo semua program pemerintah tidak terlepas untuk kepentingan pribadi/ kelompok bukan demi kepentingan rakyat,@stephanusarianto2419,FALSE,0,0,FALSE,a2WXt0aW76g,https://www.youtube.com/watch?v=a2WXt0aW76g,3896,Kroni Prabowo dalam Proyek Makan Bergizi Gratis (MBG) |  Bocor Alus Politik
UgwgzexqX31qQ8RjkiJ4AaABAg,,comment,1 month ago,"Teruslah mkn uang haram walau itu jatah untuk rakyat proyek mkn siang itu untuk siapa ,,?",@elita6787,FALSE,0,0,FALSE,a2WXt0aW76g,https://www.youtube.com/watch?v=a2WXt0aW76g,3896,Kroni Prabowo dalam Proyek Makan Bergizi Gratis (MBG) |  Bocor Alus Politik
UgxGCwUA8lpVaQtMj_14AaABAg,,comment,1 month ago,Awalnya ga yakin disebut media soros... Makin kesini beritanya...,@SetanRooster,FALSE,0,0,FALSE,a2WXt0aW76g,https://www.youtube.com/watch?v=a2WXt0aW76g,3896,Kroni Prabowo dalam Proyek Makan Bergizi Gratis (MBG) |  Bocor Alus Politik
Ugy72N8d19sqzeufw514AaABAg,,comment,1 month ago,"Kalau ga salah pak Prabowo pernah ngomong negara lain mau mencontoh MBG ini, negara mana aja tuh?",@indratastawidhana9005,FALSE,0,0,FALSE,a2WXt0aW76g,https://www.youtube.com/watch?v=a2WXt0aW76g,3896,Kroni Prabowo dalam Proyek Makan Bergizi Gratis (MBG) |  Bocor Alus Politik
UgyFN9Wk0235GI_nzL54AaABAg,,comment,1 month ago,sadikin urus psm aja ga becus boro boro mau ikut urusan ginian😂😢,@MaekiCoffee,FALSE,0,0,FALSE,a2WXt0aW76g,https://www.youtube.com/watch?v=a2WXt0aW76g,3896,Kroni Prabowo dalam Proyek Makan Bergizi Gratis (MBG) |  Bocor Alus Politik
UgxNAv2mQxpe0KohjBZ4AaABAg,,comment,1 month ago,Propaganda,@leobae9015,FALSE,0,0,FALSE,a2WXt0aW76g,https://www.youtube.com/watch?v=a2WXt0aW76g,3896,Kroni Prabowo dalam Proyek Makan Bergizi Gratis (MBG) |  Bocor Alus Politik
UgxeQgV9W4CKti_Tprl4AaABAg,,comment,1 month ago,Tempo selalu anti pmrintah beritanya pmrintah itu negative trs bela siapa,@Ade-qw5eh,FALSE,0,0,FALSE,a2WXt0aW76g,https://www.youtube.com/watch?v=a2WXt0aW76g,3896,Kroni Prabowo dalam Proyek Makan Bergizi Gratis (MBG) |  Bocor Alus Politik
Ugxafipq4Dl-1sO0nRB4AaABAg,,comment,1 month ago,usaha itu boleh asal tdk korupsi.. iri aja kalian,@emon6609,FALSE,0,0,FALSE,a2WXt0aW76g,https://www.youtube.com/watch?v=a2WXt0aW76g,3896,Kroni Prabowo dalam Proyek Makan Bergizi Gratis (MBG) |  Bocor Alus Politik
UgwFQZPBsFBsVWRpM_h4AaABAg,,comment,1 month ago,"Saya hanya bs mendoakan,semoga para jurnalis tempo senantiasa dlm lindungaNYA,Aamin",@mbaktkwsingapore75,FALSE,1,167,FALSE,a2WXt0aW76g,https://www.youtube.com/watch?v=a2WXt0aW76g,3896,Kroni Prabowo dalam Proyek Makan Bergizi Gratis (MBG) |  Bocor Alus Politik
UgwomPsrjAdDlsttJGR4AaABAg,,comment,1 month ago,Pantesan di teror. Apa lagi di teror dgn dedengkot nya😅😅😅. KPK aja di ulti 😂,@BudiKusuma-p7e,FALSE,0,0,FALSE,a2WXt0aW76g,https://www.youtube.com/watch?v=a2WXt0aW76g,3896,Kroni Prabowo dalam Proyek Makan Bergizi Gratis (MBG) |  Bocor Alus Politik
UgwFQZPBsFBsVWRpM_h4AaABAg.AH95yho5U-BAHt_Uw1jRn9,UgwFQZPBsFBsVWRpM_h4AaABAg,reply,1 month ago,"Tempo itu anteknya George Soros,coba elu liat perusahaan yang jadi investor nya,",@AMVRUMORS,FALSE,0,1,FALSE,a2WXt0aW76g,https://www.youtube.com/watch?v=a2WXt0aW76g,3896,Kroni Prabowo dalam Proyek Makan Bergizi Gratis (MBG) |  Bocor Alus Politik
Ugxn2Q_CVNaJUe2diyl4AaABAg,,comment,1 month ago,"Parah bener Rezim Pak Gemoy ini,,

Padahal masyarakat udh optimis sama Rezim Pak Gemoy.
Dikira bawa angin segar nyatanya bawa angin beliung",@YosephPrasetia,FALSE,0,0,FALSE,a2WXt0aW76g,https://www.youtube.com/watch?v=a2WXt0aW76g,3896,Kroni Prabowo dalam Proyek Makan Bergizi Gratis (MBG) |  Bocor Alus Politik
UgzccUtpI7s6GEoSV-d4AaABAg,,comment,1 month ago,"Bukan prediksi Gusdur yg menyatakan jk Prabowo adlh org yg jujur(kala itu), tp percalah kendaraan yg paling disukai setan adlh harta, tahta, syahwat.
Siapapun bs tergoda dg 3 hal tsbt, semoga sj beliau dpt hidayah",@Riezal_Alhaq,FALSE,0,1,FALSE,a2WXt0aW76g,https://www.youtube.com/watch?v=a2WXt0aW76g,3896,Kroni Prabowo dalam Proyek Makan Bergizi Gratis (MBG) |  Bocor Alus Politik
Ugx8odQkU8HrE265DU54AaABAg,,comment,1 month ago,Jos lagi proyek koperasi merah putih....proyek buat Budi ari,@muhammadjundhanghifary8464,FALSE,0,0,FALSE,a2WXt0aW76g,https://www.youtube.com/watch?v=a2WXt0aW76g,3896,Kroni Prabowo dalam Proyek Makan Bergizi Gratis (MBG) |  Bocor Alus Politik
UgylWAhD8UyJjEtC2rJ4AaABAg,,comment,1 month ago,🤣🤣🤣,@dekaqurniawan3305,FALSE,0,0,FALSE,a2WXt0aW76g,https://www.youtube.com/watch?v=a2WXt0aW76g,3896,Kroni Prabowo dalam Proyek Makan Bergizi Gratis (MBG) |  Bocor Alus Politik
UgyQNG5YXK87Odi9pbZ4AaABAg,,comment,1 month ago,"Apa sih yang tidak di korupsi di konoha??? 
Dana al-quran jadi bancakan korupsi, apalagi cuma makan gratis🤭",@bayuaditya3715,FALSE,0,0,FALSE,a2WXt0aW76g,https://www.youtube.com/watch?v=a2WXt0aW76g,3896,Kroni Prabowo dalam Proyek Makan Bergizi Gratis (MBG) |  Bocor Alus Politik
Ugwsh48NuqzhGpLkn5J4AaABAg,,comment,1 month ago,Tata ulang semua yg salah kalau indonesia mau mencapai negara maju/emas yg di pakai WNI2 emas dong secara Daya saing & Kepribadian,@motivasihidup5768,FALSE,0,0,FALSE,a2WXt0aW76g,https://www.youtube.com/watch?v=a2WXt0aW76g,3896,Kroni Prabowo dalam Proyek Makan Bergizi Gratis (MBG) |  Bocor Alus Politik
UgxnRVChUkzWGJoiPNl4AaABAg,,comment,1 month ago,😂😂😂anggaran makan gratis ngeri2 sedap.,@roundttank4004,FALSE,0,0,FALSE,a2WXt0aW76g,https://www.youtube.com/watch?v=a2WXt0aW76g,3896,Kroni Prabowo dalam Proyek Makan Bergizi Gratis (MBG) |  Bocor Alus Politik
UgyrV22U0lz-yYADsrh4AaABAg,,comment,1 month ago,Ingat  menteri kelautan bibit lopster. 😂😂😂😂😂,@IwanTanjung-j3e,FALSE,0,0,FALSE,a2WXt0aW76g,https://www.youtube.com/watch?v=a2WXt0aW76g,3896,Kroni Prabowo dalam Proyek Makan Bergizi Gratis (MBG) |  Bocor Alus Politik
UgyDsLc_edrey7Jh6_54AaABAg,,comment,1 month ago,Orba jilid 2 😂😂 KKN akal2an,@narendraprabangsa5823,FALSE,0,1,FALSE,a2WXt0aW76g,https://www.youtube.com/watch?v=a2WXt0aW76g,3896,Kroni Prabowo dalam Proyek Makan Bergizi Gratis (MBG) |  Bocor Alus Politik
UgzUVC7aXFQxYrNVny14AaABAg,,comment,1 month ago (edited),"NANGKANYA MEMANG SANGAT BESAR DAN SEGAR NAMUN SETELAH DI SUNAT SUNAT YG SAMPAI DI LAPANGAN HANYA TINGGAL BIJI DAN KULITNYA SHG SI MITRA HANYA MAMPU MENYEDIAKAN MENU SEADANYA, SEKITAR SEHARGA DIBAWAH 10.000.",@afterdawn-n1s,FALSE,0,1,FALSE,a2WXt0aW76g,https://www.youtube.com/watch?v=a2WXt0aW76g,3896,Kroni Prabowo dalam Proyek Makan Bergizi Gratis (MBG) |  Bocor Alus Politik
Ugx4ItcsHHlgT4Q2jJJ4AaABAg,,comment,1 month ago,bayangin orang orang inibuat pribadi aja gajinya setara dirut palagi rame2 nganu nya,@HamadL.R.Irfan7,FALSE,0,0,FALSE,a2WXt0aW76g,https://www.youtube.com/watch?v=a2WXt0aW76g,3896,Kroni Prabowo dalam Proyek Makan Bergizi Gratis (MBG) |  Bocor Alus Politik
Ugx973d_3m1TU1vqNPR4AaABAg,,comment,1 month ago,"Di duga Di Indonesia itu udah ibarat kata ""dimana ada proyek,di situlah lahan duit (ko12up51)""
Just opini,sapa tau kalian punya opini beda boleh diskusi d bwh guys",@rhgaming7456,FALSE,0,1,FALSE,a2WXt0aW76g,https://www.youtube.com/watch?v=a2WXt0aW76g,3896,Kroni Prabowo dalam Proyek Makan Bergizi Gratis (MBG) |  Bocor Alus Politik
UgxGc36lDWH5iHB9Rw54AaABAg,,comment,1 month ago,PROYEK MAKANAN BERGIZI GRATIS BANYAK MENIMBULKAN HAL YANG NEGATIF DI DALAM PERJALANANNYA LEBIH BAIK IBU DARI SISWA TERSEBUT DIKASIH BULANAN SENILAI SETIAP PORSINYA BERHARGA BERAPA KALI 25 HARI ITU LEBIH BAIK,@bamswhw5347,FALSE,0,0,FALSE,a2WXt0aW76g,https://www.youtube.com/watch?v=a2WXt0aW76g,3896,Kroni Prabowo dalam Proyek Makan Bergizi Gratis (MBG) |  Bocor Alus Politik
Ugy6lQo_kxAV3AWxO5N4AaABAg,,comment,1 month ago,"Wkwkw orang"" disini ga ada yg merasakan lapar saat sekolah apa ya waktu kecil ?",@DimasPanji-i4d,FALSE,0,0,FALSE,a2WXt0aW76g,https://www.youtube.com/watch?v=a2WXt0aW76g,3896,Kroni Prabowo dalam Proyek Makan Bergizi Gratis (MBG) |  Bocor Alus Politik
UgwbB8iR8bllcNsRVaR4AaABAg,,comment,1 month ago (edited),"Program MBG ternyata adalah program yang jelas menjelaskan bahwa Di Negara ini Praktek Diskriminasi dilakukan Negara terhadap Rakyat, lebih khusus terhadap Rakyat di ujung -ujung Negeri lebih khusus di Kabupaten Maluku Barat Daya Provinsi Maluku ( perbatasan Negara)... 
Knpa dibilang demikian????? Karena sampai hari ini bulan April 2025 , jatah makan belum dirasakan oleh Anak2 di wilayah ini .... 
Pertanyaannya:
1. Apakah Dana 71 Triliun itu bukan hak - hak Anak yg hari ini hanya menjadi Penonton terhadap saudara -saudara mereka yg sudah merasakan makan bergizi gratis ini????
2.. Apakah Wilayah ini tidak termasuk wilayah prioritas makan Bergizi Gratis??? Apa alasannya??
3. Apakah program ini hanya diberikan/ dijalankan didaerah yg punya penduduk yg padat ??? Karena tidak ada pertimbangan dukungan politik bagi Penguasa saat ini ??????
Untuk Pernyataan ini saya bersedia menyajikan bukti terhadap apa yg telah disampaikan..,..",@4PuteraChanel,FALSE,3,7,FALSE,a2WXt0aW76g,https://www.youtube.com/watch?v=a2WXt0aW76g,3896,Kroni Prabowo dalam Proyek Makan Bergizi Gratis (MBG) |  Bocor Alus Politik
Ugy3_3MrbWeThEmy9ix4AaABAg,,comment,1 month ago,"SELAMAT DATANG DI :
-NEGERI JUTAAN KORUPTOR
-LIGA KORUPSI NASIONAL

-",@andidunga-r6f,FALSE,0,0,FALSE,a2WXt0aW76g,https://www.youtube.com/watch?v=a2WXt0aW76g,3896,Kroni Prabowo dalam Proyek Makan Bergizi Gratis (MBG) |  Bocor Alus Politik
Ugx6CN6x-3_9VxPB7-J4AaABAg,,comment,1 month ago,"Bali Hadir... 
Ayoo.. Kita dukung Media Tempo bersuara kebenaran, 
Viral kan., 😊",@agusdarmayudha6875,FALSE,0,0,FALSE,a2WXt0aW76g,https://www.youtube.com/watch?v=a2WXt0aW76g,3896,Kroni Prabowo dalam Proyek Makan Bergizi Gratis (MBG) |  Bocor Alus Politik
UgxfUY9wUcuVxX7Yr294AaABAg,,comment,1 month ago,11-12 dengan food estate lah 🤣🤣🤣😂😂😂,@kangocoytea6215,FALSE,0,0,FALSE,a2WXt0aW76g,https://www.youtube.com/watch?v=a2WXt0aW76g,3896,Kroni Prabowo dalam Proyek Makan Bergizi Gratis (MBG) |  Bocor Alus Politik
UgzphQSud-tX1fxnOZJ4AaABAg,,comment,1 month ago,Pantesan ngebet banget program ini dijalankan walau kondisi Indonesia menyedihkan seperti ini.,@RandomGuy-h3g,FALSE,0,0,FALSE,a2WXt0aW76g,https://www.youtube.com/watch?v=a2WXt0aW76g,3896,Kroni Prabowo dalam Proyek Makan Bergizi Gratis (MBG) |  Bocor Alus Politik
UgwsptdoBP5pHTp0WhF4AaABAg,,comment,1 month ago,h,@SantriNUsantaraChannel,FALSE,0,0,FALSE,a2WXt0aW76g,https://www.youtube.com/watch?v=a2WXt0aW76g,3896,Kroni Prabowo dalam Proyek Makan Bergizi Gratis (MBG) |  Bocor Alus Politik
UgwbB8iR8bllcNsRVaR4AaABAg.AH8mZKS3awNAHE5uMqXQQb,UgwbB8iR8bllcNsRVaR4AaABAg,reply,1 month ago,bahkan di kota klaten jawa tengah saja belum bung,@snsvhitam6594,FALSE,0,1,FALSE,a2WXt0aW76g,https://www.youtube.com/watch?v=a2WXt0aW76g,3896,Kroni Prabowo dalam Proyek Makan Bergizi Gratis (MBG) |  Bocor Alus Politik
UgwbB8iR8bllcNsRVaR4AaABAg.AH8mZKS3awNAHKvXJ1Jv98,UgwbB8iR8bllcNsRVaR4AaABAg,reply,1 month ago,"Bang,jakarta aja belum semua dapat",@goriorio712,FALSE,0,1,FALSE,a2WXt0aW76g,https://www.youtube.com/watch?v=a2WXt0aW76g,3896,Kroni Prabowo dalam Proyek Makan Bergizi Gratis (MBG) |  Bocor Alus Politik
UgwbB8iR8bllcNsRVaR4AaABAg.AH8mZKS3awNAHb0Ou1GTur,UgwbB8iR8bllcNsRVaR4AaABAg,reply,1 month ago,"Saya urun jawaban tapi pasti TDK semua benar sebatas yg saya tahu dan rasakan,saya jg pelaku calon mitra BGN yg hanya nyiapakan SARANA .sedang kan pengelolaan oleh yayasan yg terpisah dari Kewenagan pemilik SARANA.. jadi ..betul pertanyaan bagus,dikeluhkan banyak pihak tapi tak ada yg mencuat..tahun 2925 target penerimaan manfaat di target 9 juta dalam JUKNIS nya ada paparan tsb,namun juknis itu TDK tersesoailisakan kpd masarakat..dgn anggaran rencana 71 T. 2025 itu targetnya 9 JT penerima manfaat.prabowo ingin 2925 terlayani 80 jta penerima manfaat,maka dilakukan percepatan.oleh Krn nya terjadi pergeseran besar dalam susunan rencana awal yg di muat dalam JUKNIS, tapii percepatan TDK mudah.Contoh... Krn sarjana sbg kepala DAPUR (SPPG) TDK mencukupi kebutuhan krn masih dalam proses rekruitmen dan Diklat dan perlu waktu berbulan bulan,jumlah nya tak sepadan dgn jumlah dapur yg sdah dibangun maka ada perlambatan realisasi operasional dapur...yg kadang hal itu jadi hal yg menakutkan buat calon mitra yg minat...takut gagal, resiko biayanya besar bagi mitra swasta.keinginan Prabowo untuk bisa Klir 80 jta itu pun tak akan terwujud di 2025....sangat tidak mungkin untuk bisa dalam satu tahun terlayani semua 80 jutaan..tidak mungkin... teori dan kesiapan anggaran jg dipertanyakan....Ahir nya yaaa terliat ketidak Adilan bagi penerima manfaat..(anak didik)
Penunjang percepatan diantaranya.. sosialisasi trsparan terkait menjadi CALON MITRA BGN..oleh yg kompeten.
Respon positif pemerintah daerah ( respon aktif)jangan NARASI.
Kesadaran pengusaha lokal untuk membantu program MBG... sejatinya ada unsur BISNIS yg menguntungkan...hanya blom di ketahui secara detil oleh pengusaha lokal.penyebabnya bisa disengaja (dimonopoli)bisa saja tak kepedulian pengusaha.",@pawitwahyuutami4451,FALSE,0,0,FALSE,a2WXt0aW76g,https://www.youtube.com/watch?v=a2WXt0aW76g,3896,Kroni Prabowo dalam Proyek Makan Bergizi Gratis (MBG) |  Bocor Alus Politik
Ugwl18rVKAmCzLUBAAl4AaABAg,,comment,1 month ago,"PSN, Proyek Strategis Nepotisme  😁",@saidmachdar1918,FALSE,0,0,FALSE,a2WXt0aW76g,https://www.youtube.com/watch?v=a2WXt0aW76g,3896,Kroni Prabowo dalam Proyek Makan Bergizi Gratis (MBG) |  Bocor Alus Politik
Ugw8AdPfqtdfdU6WW9R4AaABAg,,comment,1 month ago,"Di daerah saya kebanyakan yg mengelola orang anggota partai pendukung Prabowo, yg secara kemampuan mereka gak pernah ngerjain yg namanya catering.",@munawar0574,FALSE,0,0,FALSE,a2WXt0aW76g,https://www.youtube.com/watch?v=a2WXt0aW76g,3896,Kroni Prabowo dalam Proyek Makan Bergizi Gratis (MBG) |  Bocor Alus Politik
UgzJkaX9QebIXFEwF8l4AaABAg,,comment,1 month ago,"prabowo orang yg tahu balas budi,semua pendukung dan buzer kebagian semua",@lowstake,FALSE,0,0,FALSE,a2WXt0aW76g,https://www.youtube.com/watch?v=a2WXt0aW76g,3896,Kroni Prabowo dalam Proyek Makan Bergizi Gratis (MBG) |  Bocor Alus Politik
UgzHnJD51GAP4nopqSZ4AaABAg,,comment,1 month ago,"Mantap tempo, siapapun nanti pemimpin nya, harus terus jadi penyeimbang jangan sampai kebawa arus.... 😊😊",@RekiRuslian,FALSE,0,0,FALSE,a2WXt0aW76g,https://www.youtube.com/watch?v=a2WXt0aW76g,3896,Kroni Prabowo dalam Proyek Makan Bergizi Gratis (MBG) |  Bocor Alus Politik
UgzAbE2Xn1OcUEXtild4AaABAg,,comment,1 month ago,"Yang anaknya belum tersentuk proyek makan bergizi gratis,komentar ya..",@emynaardha2094,FALSE,0,0,FALSE,a2WXt0aW76g,https://www.youtube.com/watch?v=a2WXt0aW76g,3896,Kroni Prabowo dalam Proyek Makan Bergizi Gratis (MBG) |  Bocor Alus Politik
Ugy0C6a1X-_EUxZTTnB4AaABAg,,comment,1 month ago,"Yang terpenting makanan.bergizi harus.sampai.pada anak anak sekolah, jika dilatation korupsi yg harus dilibas dengan hukum yg berat. Kasihan dong orang tidak mampu gak bisa makan malam yg makan koruptor.",@mibsambahanan2525,FALSE,0,0,FALSE,a2WXt0aW76g,https://www.youtube.com/watch?v=a2WXt0aW76g,3896,Kroni Prabowo dalam Proyek Makan Bergizi Gratis (MBG) |  Bocor Alus Politik
UgyQPH6-mI6EpY_6YjV4AaABAg,,comment,1 month ago (edited),"Kalo mbg ini ada 3 org anak bersaudara yang sekolahnya sama, maka diselingi ya kadang si a dapet dan 2nya kaga dan seterusnya, masalahnya ponakan saya seperti itu di sekolahnya.",@adamsetioardi6556,FALSE,0,0,FALSE,a2WXt0aW76g,https://www.youtube.com/watch?v=a2WXt0aW76g,3896,Kroni Prabowo dalam Proyek Makan Bergizi Gratis (MBG) |  Bocor Alus Politik
UgwHKyx7zFDP4q4BZQR4AaABAg,,comment,1 month ago,"Ngliat negarawan ngibing, mencibir,dan berkata kasar itu.seperti melihat sebuah kehancuran indonesia di depan mata.",@sayangibumi3573,FALSE,0,0,FALSE,a2WXt0aW76g,https://www.youtube.com/watch?v=a2WXt0aW76g,3896,Kroni Prabowo dalam Proyek Makan Bergizi Gratis (MBG) |  Bocor Alus Politik
UgyfbCsk1Pb9Hg5ZoW94AaABAg,,comment,1 month ago,"Jadi ingat Dakap, AMP, dst.....masa mertua 😃",@fransiskuspehantukan3092,FALSE,0,0,FALSE,a2WXt0aW76g,https://www.youtube.com/watch?v=a2WXt0aW76g,3896,Kroni Prabowo dalam Proyek Makan Bergizi Gratis (MBG) |  Bocor Alus Politik
UgxsAO6ay9MiJHsRy5F4AaABAg,,comment,1 month ago,Korupsi teruss pantang mundurrr,@TroniHarris,FALSE,0,0,FALSE,a2WXt0aW76g,https://www.youtube.com/watch?v=a2WXt0aW76g,3896,Kroni Prabowo dalam Proyek Makan Bergizi Gratis (MBG) |  Bocor Alus Politik
UgyUuAzciW76ZR9uxS14AaABAg,,comment,1 month ago,Hancur 😂,@hotmahitasiringoringo5713,FALSE,0,0,FALSE,a2WXt0aW76g,https://www.youtube.com/watch?v=a2WXt0aW76g,3896,Kroni Prabowo dalam Proyek Makan Bergizi Gratis (MBG) |  Bocor Alus Politik
UgxGIsqVD3zy-VldVIV4AaABAg,,comment,1 month ago,"Enggak lama lagi negara ini akan hancur lebur berantakan gara gara Proyek MBG dan PSN yang entah apa gunanya...
Belum lagi korupsi dan kolusi yang gila gilaan yang dilakukan oleh Mulyono dan konco konconya ysng hanya untuk ambisi kelompoknya.",@Edelweiss7140,FALSE,0,0,FALSE,a2WXt0aW76g,https://www.youtube.com/watch?v=a2WXt0aW76g,3896,Kroni Prabowo dalam Proyek Makan Bergizi Gratis (MBG) |  Bocor Alus Politik
UgzFyksC3gOFiJFeRWd4AaABAg,,comment,1 month ago,Mau salah takut comment,@mahardikahasan9684,FALSE,0,0,FALSE,a2WXt0aW76g,https://www.youtube.com/watch?v=a2WXt0aW76g,3896,Kroni Prabowo dalam Proyek Makan Bergizi Gratis (MBG) |  Bocor Alus Politik
Ugy0Rn7BROo5iWL6KuR4AaABAg,,comment,1 month ago,"Iya lah anggaran 71 Triliun😂, berbau bau militer BPK mana berani audit 🤭",@boneng073,FALSE,0,0,FALSE,a2WXt0aW76g,https://www.youtube.com/watch?v=a2WXt0aW76g,3896,Kroni Prabowo dalam Proyek Makan Bergizi Gratis (MBG) |  Bocor Alus Politik
UgyBdMI8DHMcQaibYzF4AaABAg,,comment,1 month ago,"Ayo dong tempo, telusuri kasus yang ngaku lulusan yujiem dan skandal di guritanya",@meiyatojanto917,FALSE,0,0,FALSE,a2WXt0aW76g,https://www.youtube.com/watch?v=a2WXt0aW76g,3896,Kroni Prabowo dalam Proyek Makan Bergizi Gratis (MBG) |  Bocor Alus Politik
UgzCJp-jfB7loE0GrAp4AaABAg,,comment,1 month ago,Masih ada jurnalis yang berkualitas untuk negeri ini,@RentalMotorQanitaPekanbaru,FALSE,0,0,FALSE,a2WXt0aW76g,https://www.youtube.com/watch?v=a2WXt0aW76g,3896,Kroni Prabowo dalam Proyek Makan Bergizi Gratis (MBG) |  Bocor Alus Politik
UgyrFDAVwWSn5eSbmIx4AaABAg,,comment,1 month ago,anak sy 3 sd satu smp yg berbeda dua ga ada sampe sekarang nerima makan gratis di sekolah nya,@dedegozalichanel3564,FALSE,0,0,FALSE,a2WXt0aW76g,https://www.youtube.com/watch?v=a2WXt0aW76g,3896,Kroni Prabowo dalam Proyek Makan Bergizi Gratis (MBG) |  Bocor Alus Politik
UgyuDKCpP4MS3oVsD6N4AaABAg,,comment,1 month ago,Hanya media tempo yg kritis patut kita banggakan....kalo nazwa shihab ke laut aja skr ini,@PTsan-b2g,FALSE,0,0,FALSE,a2WXt0aW76g,https://www.youtube.com/watch?v=a2WXt0aW76g,3896,Kroni Prabowo dalam Proyek Makan Bergizi Gratis (MBG) |  Bocor Alus Politik
UgyOPog9uUrr6nG8aql4AaABAg,,comment,1 month ago,"Sayang banget 70T? padahal cuma 11,2 T udah bisa tu 280 jt rakyat dapet kesehatan gratis",@azkawalkingstory6181,FALSE,0,0,FALSE,a2WXt0aW76g,https://www.youtube.com/watch?v=a2WXt0aW76g,3896,Kroni Prabowo dalam Proyek Makan Bergizi Gratis (MBG) |  Bocor Alus Politik
UgxQNrvXIZHBqN_QoGx4AaABAg,,comment,1 month ago,Saya selalau menunggu masak2 an dari bocor alus,@muh_khaeruddin,FALSE,0,0,FALSE,a2WXt0aW76g,https://www.youtube.com/watch?v=a2WXt0aW76g,3896,Kroni Prabowo dalam Proyek Makan Bergizi Gratis (MBG) |  Bocor Alus Politik
UgwzF5fpG_3LOw59BcN4AaABAg,,comment,1 month ago,"Menyelesaikan persoalan stunting semestinya dari persoalan hulu, tidak ada pekerjaan atau rendahnya pendapatan orang tua siswa. Jika orang tuang siswa bekerja, mereka akan memberikan makanan yang layak untuk anak-anaknya. MBG seperti ini mengatasi masalah dari hilir, pragmatis dan berpotensi salah sasaran.",@kahfimedia,FALSE,0,0,FALSE,a2WXt0aW76g,https://www.youtube.com/watch?v=a2WXt0aW76g,3896,Kroni Prabowo dalam Proyek Makan Bergizi Gratis (MBG) |  Bocor Alus Politik
UgwdB8ap5iyPFgxQqVV4AaABAg,,comment,1 month ago (edited),"IKN dan MBG , mau dilanjut perlu dana besar dari APBN sehingga membengkak kalau ga cukup ya ngutang  , mau  dibatalkan takut ingkar janji dan buang buang anggaran 

~Dilema buah simalakama
dimakan bapak mati ga dimakan ibu mati",@naufalalghifari3660,FALSE,0,2,FALSE,a2WXt0aW76g,https://www.youtube.com/watch?v=a2WXt0aW76g,3896,Kroni Prabowo dalam Proyek Makan Bergizi Gratis (MBG) |  Bocor Alus Politik
Ugw9XNjvtU2W_2CTBEV4AaABAg,,comment,1 month ago,100% Dukung Tempo sampai pemerintahan sudah ke arah waras dan tobat..,@luthzvi,FALSE,0,0,FALSE,a2WXt0aW76g,https://www.youtube.com/watch?v=a2WXt0aW76g,3896,Kroni Prabowo dalam Proyek Makan Bergizi Gratis (MBG) |  Bocor Alus Politik
Ugzu9uQy9zDoCZqESjx4AaABAg,,comment,1 month ago,Geregetan Kalau ngomongin program makan gratis.  Ini program yg secara logika sederhana aja Udah bisa dibilang absurd. 😠,@DallyRaddja,FALSE,0,0,FALSE,a2WXt0aW76g,https://www.youtube.com/watch?v=a2WXt0aW76g,3896,Kroni Prabowo dalam Proyek Makan Bergizi Gratis (MBG) |  Bocor Alus Politik
UgxRl3ve0cyDA_v71kJ4AaABAg,,comment,1 month ago,MBG. Makan Berbisnis Gratis,@luthzvi,FALSE,0,0,FALSE,a2WXt0aW76g,https://www.youtube.com/watch?v=a2WXt0aW76g,3896,Kroni Prabowo dalam Proyek Makan Bergizi Gratis (MBG) |  Bocor Alus Politik
UgxjlxPWPQygXNv9PvV4AaABAg,,comment,1 month ago,Oh tempe dikirim kepala deui ribut deh,@sitirohani7223,FALSE,0,0,FALSE,a2WXt0aW76g,https://www.youtube.com/watch?v=a2WXt0aW76g,3896,Kroni Prabowo dalam Proyek Makan Bergizi Gratis (MBG) |  Bocor Alus Politik
Ugz9VPsS-3mbPMLb6Zt4AaABAg,,comment,1 month ago,"MBG=Mitra Bancakan Gemoy,,,nih proyek buat cariin duit buat timses gemoy 😂😂😂",@yanzoeamurwabhumi8422,FALSE,0,0,FALSE,a2WXt0aW76g,https://www.youtube.com/watch?v=a2WXt0aW76g,3896,Kroni Prabowo dalam Proyek Makan Bergizi Gratis (MBG) |  Bocor Alus Politik
UgyybonxQxUue5eKpBV4AaABAg,,comment,1 month ago,CiLi Peri ikut nimbrung gak ya…??,@suswahyuni8809,FALSE,0,0,FALSE,a2WXt0aW76g,https://www.youtube.com/watch?v=a2WXt0aW76g,3896,Kroni Prabowo dalam Proyek Makan Bergizi Gratis (MBG) |  Bocor Alus Politik
UgzUdDiemZ01ia7XARt4AaABAg,,comment,1 month ago (edited),"Banyak mudaratnya daripada manfaatnya,
KKN main halus",@heripurnomo2907,FALSE,0,0,FALSE,a2WXt0aW76g,https://www.youtube.com/watch?v=a2WXt0aW76g,3896,Kroni Prabowo dalam Proyek Makan Bergizi Gratis (MBG) |  Bocor Alus Politik
UgzHdr0EWvT9OxqJ8U94AaABAg,,comment,1 month ago,"Tempo tak Lekang oleh waktu...
👍👍👍",@zainagek1985,FALSE,0,1,FALSE,a2WXt0aW76g,https://www.youtube.com/watch?v=a2WXt0aW76g,3896,Kroni Prabowo dalam Proyek Makan Bergizi Gratis (MBG) |  Bocor Alus Politik
Ugzu4GTg2y6zdbLkzid4AaABAg,,comment,1 month ago,Benci terus kapan maju nya negara ini😂😂😂😂,@arifrahman1362,FALSE,0,2,FALSE,a2WXt0aW76g,https://www.youtube.com/watch?v=a2WXt0aW76g,3896,Kroni Prabowo dalam Proyek Makan Bergizi Gratis (MBG) |  Bocor Alus Politik
UgyD2O5jgGZve-oGOUZ4AaABAg,,comment,1 month ago,skalanya diperkecil. investasinya terlalu besar. klo skala kecil justru lebih mendukung umkm,@dkapermana,FALSE,0,2,FALSE,a2WXt0aW76g,https://www.youtube.com/watch?v=a2WXt0aW76g,3896,Kroni Prabowo dalam Proyek Makan Bergizi Gratis (MBG) |  Bocor Alus Politik
UgwiGVJsaPC88KQEkyR4AaABAg,,comment,1 month ago,Masih adakah MBG itu ??? 😂😂😂😂,@bendalangka1821,FALSE,0,1,FALSE,a2WXt0aW76g,https://www.youtube.com/watch?v=a2WXt0aW76g,3896,Kroni Prabowo dalam Proyek Makan Bergizi Gratis (MBG) |  Bocor Alus Politik
UgxS2sNPJCBuq8lB7ux4AaABAg,,comment,1 month ago,Itu presenter barunya masih gugup ya? Anyway selalu puas dg hasil investigasi Tempo yg bisa mengedukasi masyarakat. Semoga semakin banyak masyarakat kelas C dan D yang paham berita beginian.,@ristanadirani6837,FALSE,0,0,FALSE,a2WXt0aW76g,https://www.youtube.com/watch?v=a2WXt0aW76g,3896,Kroni Prabowo dalam Proyek Makan Bergizi Gratis (MBG) |  Bocor Alus Politik
UgxMHW3akEnPjI52wcp4AaABAg,,comment,1 month ago,INI KAN PROGRAM BERKELANJUTAN....ARTINYA KELANJUTAN DARI PROGRAM JOKOWI DLAM CARA KERJANYA....YAITU KEUNTUNGAN SETIAP PROGRAM UNTUK KRONI........,@ropikropik4830,FALSE,0,0,FALSE,a2WXt0aW76g,https://www.youtube.com/watch?v=a2WXt0aW76g,3896,Kroni Prabowo dalam Proyek Makan Bergizi Gratis (MBG) |  Bocor Alus Politik
UgwZs0HPW82lthEIu854AaABAg,,comment,1 month ago,"Mantap Tempo👍 kami mendukungmu..

Buat Pejabat yg korupsi , yg memakan uang rakyat, ingat kalian akan kena batunya suatu saat",@aryatiwidyasari516,FALSE,0,0,FALSE,a2WXt0aW76g,https://www.youtube.com/watch?v=a2WXt0aW76g,3896,Kroni Prabowo dalam Proyek Makan Bergizi Gratis (MBG) |  Bocor Alus Politik
Ugxd4_kwRAGomh_EArt4AaABAg,,comment,1 month ago,"Banyak program dan proyek, banyak lahan korupsi baru..",@giralby,FALSE,0,0,FALSE,a2WXt0aW76g,https://www.youtube.com/watch?v=a2WXt0aW76g,3896,Kroni Prabowo dalam Proyek Makan Bergizi Gratis (MBG) |  Bocor Alus Politik
UgyMY3RWVz2x3Ei1Hyd4AaABAg,,comment,1 month ago,Koar2 udah terlalu lama tp blm ada yg tertarik utk melakban mulutnya dg proyek n uang,@AanDedySetiawan,FALSE,0,0,FALSE,a2WXt0aW76g,https://www.youtube.com/watch?v=a2WXt0aW76g,3896,Kroni Prabowo dalam Proyek Makan Bergizi Gratis (MBG) |  Bocor Alus Politik
UgySEvS0mjOvu_gKrsd4AaABAg,,comment,1 month ago,"Prabu Senter 08.. artinya PRABowo sUbianto..Senter > Penuntun atau penunjuk, 08 > Presiden ke 8..😂😂😂",@GendroSupriyadi,FALSE,0,0,FALSE,a2WXt0aW76g,https://www.youtube.com/watch?v=a2WXt0aW76g,3896,Kroni Prabowo dalam Proyek Makan Bergizi Gratis (MBG) |  Bocor Alus Politik
UgxYxw9sqAFXXg4bXmF4AaABAg,,comment,1 month ago,"Kita tidak benci Indonesia, alam negri ini sangat cantik dan juga kaya. Kita hanya butuh management lain",@John-m1b7l,FALSE,0,17,FALSE,a2WXt0aW76g,https://www.youtube.com/watch?v=a2WXt0aW76g,3896,Kroni Prabowo dalam Proyek Makan Bergizi Gratis (MBG) |  Bocor Alus Politik
UgwnNTxmYnZerpdFJw94AaABAg,,comment,1 month ago,"Program prabowo program serampangan contoh MBG,bumdes,sekarang ada koprasi desa merah putih dll,ini akan menjadi lumbung bancakan  bagi orang orang prabowo,,,😛",@Hermanto-n2i,FALSE,0,0,FALSE,a2WXt0aW76g,https://www.youtube.com/watch?v=a2WXt0aW76g,3896,Kroni Prabowo dalam Proyek Makan Bergizi Gratis (MBG) |  Bocor Alus Politik
UgwaTuDwnzTtRNvS6XV4AaABAg,,comment,1 month ago,"Program prabowo program serampangan contoh MBG,bumdes,sekarang ada koprasi desa merah putih dll,ini akan menjadi lumbung bancakan  bagi orang orang prabowo,,,😛",@Hermanto-n2i,FALSE,0,0,FALSE,a2WXt0aW76g,https://www.youtube.com/watch?v=a2WXt0aW76g,3896,Kroni Prabowo dalam Proyek Makan Bergizi Gratis (MBG) |  Bocor Alus Politik
UgwlYOy7mwZfYTAMJR14AaABAg,,comment,1 month ago,"Intinya kalau prabowo apagi gibran ga di lengserkan negri ini akan trjadi gelap beneran,,,🤪",@Hermanto-n2i,FALSE,0,0,FALSE,a2WXt0aW76g,https://www.youtube.com/watch?v=a2WXt0aW76g,3896,Kroni Prabowo dalam Proyek Makan Bergizi Gratis (MBG) |  Bocor Alus Politik
UgwHaie9t9U4bRP3IoV4AaABAg,,comment,1 month ago,Emang program MBG itu hanya jadi bancakan orang prabowo,@Hermanto-n2i,FALSE,0,0,FALSE,a2WXt0aW76g,https://www.youtube.com/watch?v=a2WXt0aW76g,3896,Kroni Prabowo dalam Proyek Makan Bergizi Gratis (MBG) |  Bocor Alus Politik
UgyZSqpbGDDCxXl79dB4AaABAg,,comment,1 month ago,"Makan Korupsi Gratis...
Tiap pergantian pemerintahan pasti ada aja proyek yang di ada adain..
Buat keruk duit negara..
Engga heran bangsa ini kaga maju..
Orang di pikiran pejabat nya cuma uang kekuasaan dan syahwat nya dia doang",@WarMachine-u1f,FALSE,0,0,FALSE,a2WXt0aW76g,https://www.youtube.com/watch?v=a2WXt0aW76g,3896,Kroni Prabowo dalam Proyek Makan Bergizi Gratis (MBG) |  Bocor Alus Politik
UgzkLAS9seFa8ESkbOF4AaABAg,,comment,1 month ago,"Wajar, sejak debat pilpres, apapun masalahnya, solusinya adalah MBG😂😂😂😂",@rzofficial111,FALSE,0,0,FALSE,a2WXt0aW76g,https://www.youtube.com/watch?v=a2WXt0aW76g,3896,Kroni Prabowo dalam Proyek Makan Bergizi Gratis (MBG) |  Bocor Alus Politik
UgwpNjdj-zo51k4MERx4AaABAg,,comment,1 month ago,"Mbg, blt, sembako murah hanya politik licik memiskinkan rakyat, agar bisa di panen saat pemilu. Negara dan kekayaannya hanya milik penguasa dan kroninya.",@syarifalida2713,FALSE,0,0,FALSE,a2WXt0aW76g,https://www.youtube.com/watch?v=a2WXt0aW76g,3896,Kroni Prabowo dalam Proyek Makan Bergizi Gratis (MBG) |  Bocor Alus Politik
Ugx5P8PYDldb2maUn4N4AaABAg,,comment,1 month ago,Happy bancakan 😍,@agungcahyaji2999,FALSE,0,0,FALSE,a2WXt0aW76g,https://www.youtube.com/watch?v=a2WXt0aW76g,3896,Kroni Prabowo dalam Proyek Makan Bergizi Gratis (MBG) |  Bocor Alus Politik
UgzslntbCF0keMij2ox4AaABAg,,comment,1 month ago,Saya rasa lbh bk di beri uang saja. 1 bulan sx di  serahkan org tua wali murid.,@srimamikmamik5547,FALSE,0,0,FALSE,a2WXt0aW76g,https://www.youtube.com/watch?v=a2WXt0aW76g,3896,Kroni Prabowo dalam Proyek Makan Bergizi Gratis (MBG) |  Bocor Alus Politik
Ugxra8n8Wjncpqp_pAZ4AaABAg,,comment,1 month ago,"Dari dulu kami angkatan 98 paham bahwa penyakit bangsa ini cuma 3: Korupsi, Kolusi, Nepotisme. That's why Reformasi terjadi waktu itu !!!",@Josss-l7v,FALSE,0,31,FALSE,a2WXt0aW76g,https://www.youtube.com/watch?v=a2WXt0aW76g,3896,Kroni Prabowo dalam Proyek Makan Bergizi Gratis (MBG) |  Bocor Alus Politik
Ugwt_fENidkhc-EWr594AaABAg,,comment,1 month ago,"Di Merauke saja, cuma 7 sekolah yang pernah di uji coba MBG. Itupun beberapa sekolah-sekolah elite, Dandim saat dikonfirmasi, soal bagaimana perkembangan MBG dan dapur cuma jawab, saya cuma koordinator 😅😂",@KoranInvestigasi,FALSE,0,0,FALSE,a2WXt0aW76g,https://www.youtube.com/watch?v=a2WXt0aW76g,3896,Kroni Prabowo dalam Proyek Makan Bergizi Gratis (MBG) |  Bocor Alus Politik
UgyMPvJukWACudL-IV54AaABAg,,comment,1 month ago,"Prabowo presiden omon""",@rikardoalbertusrajagukguk5603,FALSE,0,0,FALSE,a2WXt0aW76g,https://www.youtube.com/watch?v=a2WXt0aW76g,3896,Kroni Prabowo dalam Proyek Makan Bergizi Gratis (MBG) |  Bocor Alus Politik
UgzRdy0QD1UCEMjI2ld4AaABAg,,comment,1 month ago,30:42 coba gedein volume. Kayak ada suara aneh,@BaitulQuran123,FALSE,0,0,FALSE,a2WXt0aW76g,https://www.youtube.com/watch?v=a2WXt0aW76g,3896,Kroni Prabowo dalam Proyek Makan Bergizi Gratis (MBG) |  Bocor Alus Politik
UgwGoTqYmTYSOnc8Ibh4AaABAg,,comment,1 month ago,setuju ini bukan program tapi proyek pengejar rente,@romigunawan-d6w,FALSE,0,0,FALSE,a2WXt0aW76g,https://www.youtube.com/watch?v=a2WXt0aW76g,3896,Kroni Prabowo dalam Proyek Makan Bergizi Gratis (MBG) |  Bocor Alus Politik
UgytXD5wvTWjavGbOK94AaABAg,,comment,1 month ago,"Tapi regulasi yg mengatur proyek MBG sampai sekarang belum ada bang. 
Bila ada, boleh di share bang❤",@harianjajaya7784,FALSE,0,0,FALSE,a2WXt0aW76g,https://www.youtube.com/watch?v=a2WXt0aW76g,3896,Kroni Prabowo dalam Proyek Makan Bergizi Gratis (MBG) |  Bocor Alus Politik
Ugw5x4QCTzih5OX85R14AaABAg,,comment,1 month ago,Untuk media ini tolong proyek MBG kok gak bisa merata klo memang gak cukup dananya bubarkan aja,@subandrio5456,FALSE,0,0,FALSE,a2WXt0aW76g,https://www.youtube.com/watch?v=a2WXt0aW76g,3896,Kroni Prabowo dalam Proyek Makan Bergizi Gratis (MBG) |  Bocor Alus Politik
UgwArk7Ta_ZeEkXgowl4AaABAg,,comment,1 month ago,program pemerintah apapun selagi korup si tdk di brantas  rasanya sulit rakyat bs makmur terbukti,@tsaniahanifa9502,FALSE,0,0,FALSE,a2WXt0aW76g,https://www.youtube.com/watch?v=a2WXt0aW76g,3896,Kroni Prabowo dalam Proyek Makan Bergizi Gratis (MBG) |  Bocor Alus Politik
UgyI-IEbqe5LyRhD_vJ4AaABAg,,comment,1 month ago,"mau ada orang yang bilang tempo bayaran soros lah, bayaran asing lah, tapi yang disampaikan tempo ini memang fakta kok. sebagai badan jurnalistik yang harus menyampaikan fakta dengan transparansi, tempo sudah sering melakukannya, bahkan sejak zaman orba.",@kodokzuma-l4n,FALSE,0,10,FALSE,a2WXt0aW76g,https://www.youtube.com/watch?v=a2WXt0aW76g,3896,Kroni Prabowo dalam Proyek Makan Bergizi Gratis (MBG) |  Bocor Alus Politik
UgwrkbzXBrR-tqtdQ5d4AaABAg,,comment,1 month ago,masih ada proyek sekolah rakyat,@indraliswidiana6530,FALSE,0,0,FALSE,a2WXt0aW76g,https://www.youtube.com/watch?v=a2WXt0aW76g,3896,Kroni Prabowo dalam Proyek Makan Bergizi Gratis (MBG) |  Bocor Alus Politik
Ugwx_Wa7V-SmhhwAXKV4AaABAg,,comment,1 month ago,iya lah..emang rakus tuh kroni bowo..komut Pertamina aja bisa loh dijabat orang yang tanggung jawab kematian kanjuruhan,@buupyboopy9306,FALSE,0,0,FALSE,a2WXt0aW76g,https://www.youtube.com/watch?v=a2WXt0aW76g,3896,Kroni Prabowo dalam Proyek Makan Bergizi Gratis (MBG) |  Bocor Alus Politik
UgwFrS4JF3HxdBJLXqh4AaABAg,,comment,1 month ago,Kita masih dijajah koruptor,@komangsatriasa1507,FALSE,0,0,FALSE,a2WXt0aW76g,https://www.youtube.com/watch?v=a2WXt0aW76g,3896,Kroni Prabowo dalam Proyek Makan Bergizi Gratis (MBG) |  Bocor Alus Politik
Ugz-zcLGK9Si_oOIAzd4AaABAg,,comment,1 month ago,"Seru paparan dari tempo kali ini,yang membahas makan gizi gratis,memalukan ini rakyat hanya jadi alasan.",@oissoegeng5040,FALSE,0,1,FALSE,a2WXt0aW76g,https://www.youtube.com/watch?v=a2WXt0aW76g,3896,Kroni Prabowo dalam Proyek Makan Bergizi Gratis (MBG) |  Bocor Alus Politik
Ugyr3lREx9Ei_qdQnKt4AaABAg,,comment,1 month ago,"aneh sama kelompok2 yang menamakan diri mereka ""relawan"". jgn pake istilah ""relawan"" lah, Relawan kok minta jabatan/posisi, akhh",@aku6000,FALSE,0,0,FALSE,a2WXt0aW76g,https://www.youtube.com/watch?v=a2WXt0aW76g,3896,Kroni Prabowo dalam Proyek Makan Bergizi Gratis (MBG) |  Bocor Alus Politik
UgxqXxTVHsBnlo4updV4AaABAg,,comment,1 month ago,Calon Mega Korupsi baru,@Fauzanmd95,FALSE,0,0,FALSE,a2WXt0aW76g,https://www.youtube.com/watch?v=a2WXt0aW76g,3896,Kroni Prabowo dalam Proyek Makan Bergizi Gratis (MBG) |  Bocor Alus Politik
Ugy_-caiwtpdL0ePnu14AaABAg,,comment,1 month ago,Semoga sehat selalu keluarga tempo,@lylysophie7163,FALSE,0,3,FALSE,a2WXt0aW76g,https://www.youtube.com/watch?v=a2WXt0aW76g,3896,Kroni Prabowo dalam Proyek Makan Bergizi Gratis (MBG) |  Bocor Alus Politik
Ugy-inX9fW_GfJsrLVZ4AaABAg,,comment,1 month ago,"AGAR INVENTIGASI YANG SUNGGUH SUNGGUH DIJALANKAN  SALING DUKUNG MENDUKUNG YANG SANGAT MEMPRIHATIKAN HIDUP KAMI RAKYAT MISKIN YANG SANGAT MENDERITA DARI KAMI UMAD TUHAN YANG SENGSARA. Bukan proyek ya, ini program pemerintah.,kasihan kami rakyat miskin yang terhina.",@YohanesGainaDara,FALSE,0,0,FALSE,a2WXt0aW76g,https://www.youtube.com/watch?v=a2WXt0aW76g,3896,Kroni Prabowo dalam Proyek Makan Bergizi Gratis (MBG) |  Bocor Alus Politik
UgxpDzOwTV4oB3KRHm94AaABAg,,comment,1 month ago,"MAAF YA BUKAN  KARENA MASALAH  DUKUNG MENDUKUNG KEPADA PRESIDEN PRABOWO SEHINGGA MAKAN GISI GRATIS ADA, ITU BUKAN, INI BUKAN PROYEK MENURUT KAMI RAKYAT MIISKIN INI ADALAH PROGRAM PEMERINTAH UNTUK ANAK SISWA SISWi KAMI RAKYAT MISKIN. DISINI KAMI RAKYAT MISKIN USULKAN BISA SATUKAN PRESEPSI POSTIF DEMI PEMERATAAN HIDUP BAGI KAMI RAKYAT MISKIN.",@YohanesGainaDara,FALSE,0,0,FALSE,a2WXt0aW76g,https://www.youtube.com/watch?v=a2WXt0aW76g,3896,Kroni Prabowo dalam Proyek Makan Bergizi Gratis (MBG) |  Bocor Alus Politik
UgxbNV957el0OvxGWA54AaABAg,,comment,1 month ago,Karna pejabat kita gila duit.,@SaefulFulloh-w3s,FALSE,0,0,FALSE,a2WXt0aW76g,https://www.youtube.com/watch?v=a2WXt0aW76g,3896,Kroni Prabowo dalam Proyek Makan Bergizi Gratis (MBG) |  Bocor Alus Politik
UgxAm5qigcx1TMbH77Z4AaABAg,,comment,1 month ago,Menyala tempo🔥🔥🔥🔥,@ryuishigawa890,FALSE,0,0,FALSE,a2WXt0aW76g,https://www.youtube.com/watch?v=a2WXt0aW76g,3896,Kroni Prabowo dalam Proyek Makan Bergizi Gratis (MBG) |  Bocor Alus Politik
UgySyWrKx5Mr7-9tETd4AaABAg,,comment,1 month ago,"Pemilihan diksi Dari program, jd project langsung menimbulan efek fyp 😂😂",@GoalGetter90,FALSE,0,0,FALSE,a2WXt0aW76g,https://www.youtube.com/watch?v=a2WXt0aW76g,3896,Kroni Prabowo dalam Proyek Makan Bergizi Gratis (MBG) |  Bocor Alus Politik
Ugxc4lZVjBPtS9Tf2gN4AaABAg,,comment,1 month ago,Yayasan itu alat korupsi dan pencucian uang era orba,@alifputra9204,FALSE,0,0,FALSE,a2WXt0aW76g,https://www.youtube.com/watch?v=a2WXt0aW76g,3896,Kroni Prabowo dalam Proyek Makan Bergizi Gratis (MBG) |  Bocor Alus Politik
Ugx0OM_-5MgN9UAsHLF4AaABAg,,comment,1 month ago,"ngeri..semakin kaya manusia itu semakin serakah dinegeri ini, tak adalagi perbedaan halal dan haram, ada kesempatan sikat.",@garuda.indonesia,FALSE,0,1,FALSE,a2WXt0aW76g,https://www.youtube.com/watch?v=a2WXt0aW76g,3896,Kroni Prabowo dalam Proyek Makan Bergizi Gratis (MBG) |  Bocor Alus Politik
UgwGMvXS_oWUUG1EKz14AaABAg,,comment,1 month ago,Proyek makan hratis hanya buat bancakan para pendukung prabowo banyaknya manusia tak ber moral selagi ada proyek sibuk cari untung semua maunya duduk manis dapat uang banyak susah berantas korup kalok banyak partai hanya berlomba lomba cari jabatan demi mensejahterakan diri sendiri lebih baik partai yg hanya penikmat jabatan lebih baik bubarkan saja,@mokhidkhan6002,FALSE,0,0,FALSE,a2WXt0aW76g,https://www.youtube.com/watch?v=a2WXt0aW76g,3896,Kroni Prabowo dalam Proyek Makan Bergizi Gratis (MBG) |  Bocor Alus Politik
UgzN-xu7SIIpPy8kFct4AaABAg,,comment,1 month ago,Tempo selalu masak bagus,@benyanyaan-uy8bh,FALSE,0,0,FALSE,a2WXt0aW76g,https://www.youtube.com/watch?v=a2WXt0aW76g,3896,Kroni Prabowo dalam Proyek Makan Bergizi Gratis (MBG) |  Bocor Alus Politik
Ugw_Inaw8SEH5MpbQPJ4AaABAg,,comment,1 month ago,"Mgkin sj,. proses pengadaan penyedia utk prog Mbg ini, pakai Perpres khusus yg dicetuskan bang Dasco (si belut licin) yg paling lihai nyari lubang utk amankan kepentingan..😊😊",@jbjb3421,FALSE,0,0,FALSE,a2WXt0aW76g,https://www.youtube.com/watch?v=a2WXt0aW76g,3896,Kroni Prabowo dalam Proyek Makan Bergizi Gratis (MBG) |  Bocor Alus Politik
Ugzrrhfz0iJWHsa7PQF4AaABAg,,comment,1 month ago,"Apapun di negeri, bukanlah program tapi jadi proyek.",@kitingful,FALSE,0,0,FALSE,a2WXt0aW76g,https://www.youtube.com/watch?v=a2WXt0aW76g,3896,Kroni Prabowo dalam Proyek Makan Bergizi Gratis (MBG) |  Bocor Alus Politik
Ugx3iCaUcmFK_3QXcPh4AaABAg,,comment,1 month ago,"Sebenernya kita punya uangnya, cuma ga disalurkan dg baik dan banyak tikusnya. Mau sampe kapan yaa kayak gini?",@Cham_archam,FALSE,0,0,FALSE,a2WXt0aW76g,https://www.youtube.com/watch?v=a2WXt0aW76g,3896,Kroni Prabowo dalam Proyek Makan Bergizi Gratis (MBG) |  Bocor Alus Politik
UgwSD1cEBieIlqjxvsx4AaABAg,,comment,1 month ago,Makan siang Gratis = lahan KKN baru,@nasruddinumar1472,FALSE,0,0,FALSE,a2WXt0aW76g,https://www.youtube.com/watch?v=a2WXt0aW76g,3896,Kroni Prabowo dalam Proyek Makan Bergizi Gratis (MBG) |  Bocor Alus Politik
UgzQfT4YkxUC0geSnaF4AaABAg,,comment,1 month ago,"menurutku wajar , karena jika dikelola oleh oposisi bisa jadi di sabotase😡",@sannylastboys5689,FALSE,0,0,FALSE,a2WXt0aW76g,https://www.youtube.com/watch?v=a2WXt0aW76g,3896,Kroni Prabowo dalam Proyek Makan Bergizi Gratis (MBG) |  Bocor Alus Politik
Ugyn5PrjUsJVpyJc8zd4AaABAg,,comment,1 month ago,"Salam sehat dan dilindungi Tuhan selalu saudara2ku..
Tetaplah berani mensuarakan kemaksiatan para penyelenggara negara yg korup dan suka berlindung d bawah sayap kekuasaan...😊😊😊",@jbjb3421,FALSE,0,0,FALSE,a2WXt0aW76g,https://www.youtube.com/watch?v=a2WXt0aW76g,3896,Kroni Prabowo dalam Proyek Makan Bergizi Gratis (MBG) |  Bocor Alus Politik
UgwpjNXMqZUwwc7w2G54AaABAg,,comment,1 month ago,"Makan siang gratis sebaiknya diberikan oleh sekolah agar lebih sehat,mudah dan llancar. Sebab jika makan siang gratis dianggap proyek bisa timbul masalah ini itu.",@Paenoo,FALSE,0,0,FALSE,a2WXt0aW76g,https://www.youtube.com/watch?v=a2WXt0aW76g,3896,Kroni Prabowo dalam Proyek Makan Bergizi Gratis (MBG) |  Bocor Alus Politik
UgxJp_uLUiVewW4qwzV4AaABAg,,comment,1 month ago,Warbiasaahhh bagi baginyaa,@dinapuspita6066,FALSE,0,0,FALSE,a2WXt0aW76g,https://www.youtube.com/watch?v=a2WXt0aW76g,3896,Kroni Prabowo dalam Proyek Makan Bergizi Gratis (MBG) |  Bocor Alus Politik
Ugwb1QKKprQ4K6lgeQx4AaABAg,,comment,1 month ago,"Kasihan kantin sekolah. Udah punya tempat, pengalaman, dan akses bahn baku. Tinggal nambah karyawan dan porsi. Tiba-tiba lahannya diambil orang yang lebih kuat. Mau mengadu ke siapa bingung karena cuma rakyat kecil.",@AkbarRochimM,FALSE,0,0,FALSE,a2WXt0aW76g,https://www.youtube.com/watch?v=a2WXt0aW76g,3896,Kroni Prabowo dalam Proyek Makan Bergizi Gratis (MBG) |  Bocor Alus Politik
UgxcsPeBf4fkTLoAK0B4AaABAg,,comment,1 month ago,Proyek untuk perwira di daerah,@citraexplore7603,FALSE,0,0,FALSE,a2WXt0aW76g,https://www.youtube.com/watch?v=a2WXt0aW76g,3896,Kroni Prabowo dalam Proyek Makan Bergizi Gratis (MBG) |  Bocor Alus Politik
UgxJ63hcoMxMbFH3rgB4AaABAg,,comment,1 month ago,"bergizi darimana  ?.  
anggaran 10 ribu untuk 1 porsi makan + minum,  sekaligus ongkos kirim ke sekolahan.
di kampung saya beli nasi pecel + telur saja 12 ribu per bungkus. 
bagimana dengan dengan kota-kota besar...",@nonothsp931,FALSE,0,0,FALSE,a2WXt0aW76g,https://www.youtube.com/watch?v=a2WXt0aW76g,3896,Kroni Prabowo dalam Proyek Makan Bergizi Gratis (MBG) |  Bocor Alus Politik
UgzjjNYIOR-egm89kgF4AaABAg,,comment,1 month ago,Ini kayak ngobrol di kedai kopi aja...,@hendriantoaritonang3703,FALSE,0,0,FALSE,a2WXt0aW76g,https://www.youtube.com/watch?v=a2WXt0aW76g,3896,Kroni Prabowo dalam Proyek Makan Bergizi Gratis (MBG) |  Bocor Alus Politik
UgzVLh9j-itN46RxLwJ4AaABAg,,comment,1 month ago,"Kenapa..ya..pemerintah memilih cara mencerdaskan rakyat dgn cara yg ber belit².  Di bagikan saja KPD rakyat dana  dan pelaksanaan nya di awasi .., dgn digitalisasi. 
KLO MMG benar  mau memberi mkn KPD rakyat dgn sehat, knp bnyk bahan mkn an  yg beredar yg tercemar dgn zat² ber bahaya,  pengawet, pewarna, dan mkn yg salah proses di masyarakat/pasar di biarkan saja sudah lama ...,SPT tidak ada pengawasan dr pihak pemerintah.",@ratnairawati5439,FALSE,0,0,FALSE,a2WXt0aW76g,https://www.youtube.com/watch?v=a2WXt0aW76g,3896,Kroni Prabowo dalam Proyek Makan Bergizi Gratis (MBG) |  Bocor Alus Politik
UgxkVP4Zo0gMCLTc-uB4AaABAg,,comment,1 month ago,Terus berjuang jgn takut👍🏻,@azzammurichanel9002,FALSE,0,0,FALSE,a2WXt0aW76g,https://www.youtube.com/watch?v=a2WXt0aW76g,3896,Kroni Prabowo dalam Proyek Makan Bergizi Gratis (MBG) |  Bocor Alus Politik
Ugz94I391OH-3kRGQ2R4AaABAg,,comment,1 month ago (edited),"Makanya ada pernyataan mengedepankan kemanusian untuk tidak menghukum berat koruptor dan mengasihani keluarga koruptor agar tidak dirampas asetnya.

Ketemu juga jawabannya",@RadenKianGanteng,FALSE,0,0,FALSE,a2WXt0aW76g,https://www.youtube.com/watch?v=a2WXt0aW76g,3896,Kroni Prabowo dalam Proyek Makan Bergizi Gratis (MBG) |  Bocor Alus Politik
UgxJnTfVmE3lRsKj4sF4AaABAg,,comment,1 month ago,Memang sdh tradisi apapun pemerintah pusat mempunyai progam pasti di korupsi. Misalkan pemerintah pusat mengeluarkan anggaran makan gratis 1porsi Rp 15000an nantinya sampai yg berhak penerimanya bisa di 1porsinya bukan lagi Rp 15000an tetapi di bawahnya,@sandir5860,FALSE,0,0,FALSE,a2WXt0aW76g,https://www.youtube.com/watch?v=a2WXt0aW76g,3896,Kroni Prabowo dalam Proyek Makan Bergizi Gratis (MBG) |  Bocor Alus Politik
UgxonKMcGVQtjwvjmcN4AaABAg,,comment,1 month ago,Siap2 tempo dikirim makan siang,@sumatranfreeman1411,FALSE,0,0,FALSE,a2WXt0aW76g,https://www.youtube.com/watch?v=a2WXt0aW76g,3896,Kroni Prabowo dalam Proyek Makan Bergizi Gratis (MBG) |  Bocor Alus Politik
UgzsBf2YSUdYzXf67tt4AaABAg,,comment,1 month ago,Gue pasti dukung tempo hanagn takut ama rezim buka sekalian bro,@agussuprianto1750,FALSE,0,0,FALSE,a2WXt0aW76g,https://www.youtube.com/watch?v=a2WXt0aW76g,3896,Kroni Prabowo dalam Proyek Makan Bergizi Gratis (MBG) |  Bocor Alus Politik
Ugw-NQ4QVy7P-x7rsfJ4AaABAg,,comment,1 month ago,"Kalau kiri udah bergerak ngeri repot dah, klau kanan gampang tinggal labelin radicul beres",@tanguyaung2467,FALSE,0,0,FALSE,a2WXt0aW76g,https://www.youtube.com/watch?v=a2WXt0aW76g,3896,Kroni Prabowo dalam Proyek Makan Bergizi Gratis (MBG) |  Bocor Alus Politik
UgxEl9imvc_r56KhwM94AaABAg,,comment,1 month ago,Dah di rancang kok makan gratis tuk proyek gemuk pendukung nya.,@DasqMakyu,FALSE,0,0,FALSE,a2WXt0aW76g,https://www.youtube.com/watch?v=a2WXt0aW76g,3896,Kroni Prabowo dalam Proyek Makan Bergizi Gratis (MBG) |  Bocor Alus Politik
UgxoB2LHCIknhCaNxat4AaABAg,,comment,1 month ago,"Mbg program bagus sayang eksekusinya tdk cerdas . Harusnya dg dana besar yg diaejahterakan keluarga dulu. Keluarga sejahtera, makanpun akan bergizi, nampaknya ada oknum yg mencari manfaat dr program mbg itu😮",@dediekadibrata2156,FALSE,0,0,FALSE,a2WXt0aW76g,https://www.youtube.com/watch?v=a2WXt0aW76g,3896,Kroni Prabowo dalam Proyek Makan Bergizi Gratis (MBG) |  Bocor Alus Politik
UgxFaTPO-kJnq1VC1354AaABAg,,comment,1 month ago,"Ini yang aku suka dari masakan Tempo, bikin enak dinikmati.",@NagekeoFormos79,FALSE,0,0,FALSE,a2WXt0aW76g,https://www.youtube.com/watch?v=a2WXt0aW76g,3896,Kroni Prabowo dalam Proyek Makan Bergizi Gratis (MBG) |  Bocor Alus Politik
UgyAUo_KyjaU_gD3QIB4AaABAg,,comment,1 month ago,"benar yg dpt mbg orang yg dukung prabowo,semarang disekolah smkn 1  tdk dapat,padahal byk keluarga miskin",@abdulmanaf4306,FALSE,0,0,FALSE,a2WXt0aW76g,https://www.youtube.com/watch?v=a2WXt0aW76g,3896,Kroni Prabowo dalam Proyek Makan Bergizi Gratis (MBG) |  Bocor Alus Politik
Ugzy-0cqJLyNWTIxxsd4AaABAg,,comment,1 month ago,Kami bersamaan TEMPO,@syamsunardi8206,FALSE,0,0,FALSE,a2WXt0aW76g,https://www.youtube.com/watch?v=a2WXt0aW76g,3896,Kroni Prabowo dalam Proyek Makan Bergizi Gratis (MBG) |  Bocor Alus Politik
Ugwz9442jZr184u3r-14AaABAg,,comment,1 month ago,Sudah Dari DuLu Mas Pram Aku Komen di FNN.Bahwa Itu Proyek CuaN..😂😂😂👍🤭,@Suviasuffi,FALSE,0,0,FALSE,a2WXt0aW76g,https://www.youtube.com/watch?v=a2WXt0aW76g,3896,Kroni Prabowo dalam Proyek Makan Bergizi Gratis (MBG) |  Bocor Alus Politik
UgzHMAoJVe7pp5ySYaV4AaABAg,,comment,1 month ago,"Kapan perampasan tanah, tambang dsita jera agar rakyat kaya. Yutub mualaf F dll",@AbdulRojali-r9t,FALSE,0,0,FALSE,a2WXt0aW76g,https://www.youtube.com/watch?v=a2WXt0aW76g,3896,Kroni Prabowo dalam Proyek Makan Bergizi Gratis (MBG) |  Bocor Alus Politik
UgwzJQFnLORsK_5CGTl4AaABAg,,comment,1 month ago,TOLONGLAH AGAR TEMPO MENGINVESTIKASI APAKAH IJAZAH JKW ASLI ATAU TDK. HANYA TEMPO YG BISA MEMASTIKAN ITU DGN INVESTIKASI YG SELALU KEREN.,@armandogreatest9027,FALSE,17,77,FALSE,a2WXt0aW76g,https://www.youtube.com/watch?v=a2WXt0aW76g,3896,Kroni Prabowo dalam Proyek Makan Bergizi Gratis (MBG) |  Bocor Alus Politik
UgziWmRktOFVQyEC3XF4AaABAg,,comment,1 month ago,"Tempo tlng infestigasi juga permainan pengadaan baki (food tray) yg buat MBG !!!!, terjadi Skandal permainan harga yg luar biasa oleh kroni2 om wowok!!🤑🤑🤑Tempo !! Kelihatan kelewatan mengupas ini!, harga baki tsb antara Rp 55 rb - Rp 75 rb/pcs😢😢dan dibutuhkan ratusan juta pcs!!! BAYANGIN GA UANG NYA , sedangkan impor dari china cuma Rp 40 rb lebih dikit!!!🤑Ini pasti Skandal Mega Proyek!!!!",@damai4766,FALSE,0,0,FALSE,a2WXt0aW76g,https://www.youtube.com/watch?v=a2WXt0aW76g,3896,Kroni Prabowo dalam Proyek Makan Bergizi Gratis (MBG) |  Bocor Alus Politik
Ugxhq7Ey-IU6OZ4Z4Ed4AaABAg,,comment,1 month ago,"wowo pas pelantikan: anti koncoisme :face-orange-frowning:
wowo pas jadi presiden: hidup koncoisme :face-blue-smiling:",@mars-chan717,FALSE,0,0,FALSE,a2WXt0aW76g,https://www.youtube.com/watch?v=a2WXt0aW76g,3896,Kroni Prabowo dalam Proyek Makan Bergizi Gratis (MBG) |  Bocor Alus Politik
UgyZ2x3iIsBMsAWE8il4AaABAg,,comment,1 month ago,Setuju bangit “PROYEK MGB’!!,@mukhlisrachman3908,FALSE,0,0,FALSE,a2WXt0aW76g,https://www.youtube.com/watch?v=a2WXt0aW76g,3896,Kroni Prabowo dalam Proyek Makan Bergizi Gratis (MBG) |  Bocor Alus Politik
UgwA4dBOkQcPNpi8DZV4AaABAg,,comment,1 month ago,"roda baru mulai, udah jahannam....
ngk ada yg bener memang presiden di konoho.",@mukaromfathurrahman,FALSE,0,0,FALSE,a2WXt0aW76g,https://www.youtube.com/watch?v=a2WXt0aW76g,3896,Kroni Prabowo dalam Proyek Makan Bergizi Gratis (MBG) |  Bocor Alus Politik
UgzlmRc0ES-YDZO3EGZ4AaABAg,,comment,1 month ago,Terima kasih.,@muhammadichsannazim5694,FALSE,0,87,FALSE,a2WXt0aW76g,https://www.youtube.com/watch?v=a2WXt0aW76g,3896,Kroni Prabowo dalam Proyek Makan Bergizi Gratis (MBG) |  Bocor Alus Politik
UgwNyy6zwwlzT0Van5d4AaABAg,,comment,1 month ago,"Sdh dari awal diprediksi  kalo program mbg pasti 1000 persen ada dana yg dikorupsi.. terbukti..
Semuanya kok mesti ada yg di korupsi ya...parah parahhh",@turisina7760,FALSE,0,0,FALSE,a2WXt0aW76g,https://www.youtube.com/watch?v=a2WXt0aW76g,3896,Kroni Prabowo dalam Proyek Makan Bergizi Gratis (MBG) |  Bocor Alus Politik
UgwLpuEFIAXGQ7hj-794AaABAg,,comment,1 month ago,salah satu proyek koruptor  ya itu buat program2 yg bisa di korupsi. dan gk ada manfaatnya buat kemakmuran rakyat..hanya kemakmuran buat para pejabat..hidup koruptor,@sambokadal,FALSE,0,0,FALSE,a2WXt0aW76g,https://www.youtube.com/watch?v=a2WXt0aW76g,3896,Kroni Prabowo dalam Proyek Makan Bergizi Gratis (MBG) |  Bocor Alus Politik
Ugxhs8PSdLrkU0JTKZt4AaABAg,,comment,1 month ago,"""Satyam Eva jayate""",@hasanmukmin27,FALSE,0,2,FALSE,a2WXt0aW76g,https://www.youtube.com/watch?v=a2WXt0aW76g,3896,Kroni Prabowo dalam Proyek Makan Bergizi Gratis (MBG) |  Bocor Alus Politik
UgwSnphDJLjrZIZpXIN4AaABAg,,comment,1 month ago,Sukses utk sekelompoknya,@jeliteung,FALSE,0,0,FALSE,a2WXt0aW76g,https://www.youtube.com/watch?v=a2WXt0aW76g,3896,Kroni Prabowo dalam Proyek Makan Bergizi Gratis (MBG) |  Bocor Alus Politik
UgzDRkuEGFPU44y0u5R4AaABAg,,comment,1 month ago,kita dukung kak,@yohanahioe9979,FALSE,0,0,FALSE,a2WXt0aW76g,https://www.youtube.com/watch?v=a2WXt0aW76g,3896,Kroni Prabowo dalam Proyek Makan Bergizi Gratis (MBG) |  Bocor Alus Politik
Ugx9vJooUgJA8jy55Yl4AaABAg,,comment,1 month ago,Salut tempo idealis menyuarakan kebenaran,@karjani289,FALSE,0,0,FALSE,a2WXt0aW76g,https://www.youtube.com/watch?v=a2WXt0aW76g,3896,Kroni Prabowo dalam Proyek Makan Bergizi Gratis (MBG) |  Bocor Alus Politik
UgywmcgFnGEvPANl2bp4AaABAg,,comment,1 month ago,MBG itu  mamang proyek cuma diperhalus dgn istilah program.,@norbertusuweubun4590,FALSE,0,0,FALSE,a2WXt0aW76g,https://www.youtube.com/watch?v=a2WXt0aW76g,3896,Kroni Prabowo dalam Proyek Makan Bergizi Gratis (MBG) |  Bocor Alus Politik
UgxwI7VzzDo3YTP3G7d4AaABAg,,comment,1 month ago,Gua dari 2014 pilih prabowo dan sampe kpanpun🤪,@oneghost4454,FALSE,1,0,FALSE,a2WXt0aW76g,https://www.youtube.com/watch?v=a2WXt0aW76g,3896,Kroni Prabowo dalam Proyek Makan Bergizi Gratis (MBG) |  Bocor Alus Politik
UgycS91hbVysfrBbWLZ4AaABAg,,comment,1 month ago,Lanjutkan rekan2 tempo..   .berjuang untuk bongkar pola2 licik para koruptor yg dikoordinasi parpol.,@sunyakub7181,FALSE,0,0,FALSE,a2WXt0aW76g,https://www.youtube.com/watch?v=a2WXt0aW76g,3896,Kroni Prabowo dalam Proyek Makan Bergizi Gratis (MBG) |  Bocor Alus Politik
UgwbHhgTrUoav8Thw-B4AaABAg,,comment,1 month ago,💯💯💯💯💯💯💯,@primatajenius28,FALSE,0,0,FALSE,a2WXt0aW76g,https://www.youtube.com/watch?v=a2WXt0aW76g,3896,Kroni Prabowo dalam Proyek Makan Bergizi Gratis (MBG) |  Bocor Alus Politik
Ugzx9ugwGcMCQjDj5b14AaABAg,,comment,1 month ago,👍👍👍👍👍👍👍,@primatajenius28,FALSE,0,0,FALSE,a2WXt0aW76g,https://www.youtube.com/watch?v=a2WXt0aW76g,3896,Kroni Prabowo dalam Proyek Makan Bergizi Gratis (MBG) |  Bocor Alus Politik
UgyEqeZ53__-UbI_Tp14AaABAg,,comment,1 month ago,"1. Gaji pegawai telat dibayarkan dari Desember sampai Maret
2. Pemerintah menjalin kemitraan dengan Yayasan bermodal besar, yang artinya kegiatan ini pastinya berpotensi dikapitalisasi, akhirnya bahan baku dapur disuplay dari pemodal besar pula untuk menekan ongkos produksi bukan dari UMKM setempat. Profit kebanyakan dinikmati oleh kalangan elit tanpa menjadi katalisator penggerak arus ekonomi daerah kelas menengah ke bawah.",@ethnanahmad5675,FALSE,1,20,FALSE,a2WXt0aW76g,https://www.youtube.com/watch?v=a2WXt0aW76g,3896,Kroni Prabowo dalam Proyek Makan Bergizi Gratis (MBG) |  Bocor Alus Politik
UgzEBVu5OkjT7m4Aj4V4AaABAg,,comment,1 month ago,31:08 😂,@lologkgkgk,FALSE,0,0,FALSE,a2WXt0aW76g,https://www.youtube.com/watch?v=a2WXt0aW76g,3896,Kroni Prabowo dalam Proyek Makan Bergizi Gratis (MBG) |  Bocor Alus Politik
UgzJsW_RECoBO1SX32R4AaABAg,,comment,1 month ago,"Sementara negara lain seperti China terus berinovasi dengan teknologi AI dan mobil listrik nya, Vietnam dengan kebijakan yg pro investasi, Indonesia selalu menemukan cara cara paling inovatif untuk terus melestarikan budaya korupsi, menyala negeri aing 😢",@ipangswastika6630,FALSE,0,0,FALSE,a2WXt0aW76g,https://www.youtube.com/watch?v=a2WXt0aW76g,3896,Kroni Prabowo dalam Proyek Makan Bergizi Gratis (MBG) |  Bocor Alus Politik
UgwzJQFnLORsK_5CGTl4AaABAg.AH7vdPO2Vn3AH8SgmZPAPM,UgwzJQFnLORsK_5CGTl4AaABAg,reply,1 month ago,"Itu ijasahnya asli, wartawan Tempo sudah tahu itu",@filosofishinchan6304,FALSE,0,3,FALSE,a2WXt0aW76g,https://www.youtube.com/watch?v=a2WXt0aW76g,3896,Kroni Prabowo dalam Proyek Makan Bergizi Gratis (MBG) |  Bocor Alus Politik
UgwzJQFnLORsK_5CGTl4AaABAg.AH7vdPO2Vn3AH8divL5rv_,UgwzJQFnLORsK_5CGTl4AaABAg,reply,1 month ago, @filosofishinchan6304 dimana beritanya bang?,@Zydan99,FALSE,0,0,FALSE,a2WXt0aW76g,https://www.youtube.com/watch?v=a2WXt0aW76g,3896,Kroni Prabowo dalam Proyek Makan Bergizi Gratis (MBG) |  Bocor Alus Politik
UgwzJQFnLORsK_5CGTl4AaABAg.AH7vdPO2Vn3AH8vCK8U7TT,UgwzJQFnLORsK_5CGTl4AaABAg,reply,1 month ago,"😂😂😂,,yg msh penasaran.",@roundttank4004,FALSE,0,1,FALSE,a2WXt0aW76g,https://www.youtube.com/watch?v=a2WXt0aW76g,3896,Kroni Prabowo dalam Proyek Makan Bergizi Gratis (MBG) |  Bocor Alus Politik
UgwzJQFnLORsK_5CGTl4AaABAg.AH7vdPO2Vn3AH9Qe6LnY4c,UgwzJQFnLORsK_5CGTl4AaABAg,reply,1 month ago,"​ @filosofishinchan6304 emang asli banget 300%, mungkin foto nya saja ya yg ga asli? Sama skripsinya?,bahkan beliau lulus 2 bidang 2 gelar Drs dan Ir pasti hebat",@titinsubarti4789,FALSE,0,3,FALSE,a2WXt0aW76g,https://www.youtube.com/watch?v=a2WXt0aW76g,3896,Kroni Prabowo dalam Proyek Makan Bergizi Gratis (MBG) |  Bocor Alus Politik
UgwzJQFnLORsK_5CGTl4AaABAg.AH7vdPO2Vn3AH9XUydjXUV,UgwzJQFnLORsK_5CGTl4AaABAg,reply,1 month ago,Haha lha terus kenapa? Syarat jadi presiden juga bukan sarjana kan...udah ga jadi presiden juga. Ngadi-adi aja kurang kerjaan. Fokus aja ma berita dan kejadian yang penting​ @titinsubarti4789 ,@tumactijun,FALSE,0,0,FALSE,a2WXt0aW76g,https://www.youtube.com/watch?v=a2WXt0aW76g,3896,Kroni Prabowo dalam Proyek Makan Bergizi Gratis (MBG) |  Bocor Alus Politik
UgwzJQFnLORsK_5CGTl4AaABAg.AH7vdPO2Vn3AHAAfABs4Ag,UgwzJQFnLORsK_5CGTl4AaABAg,reply,1 month ago,"@titinsubarti4789  fair2an aja, bukan bela Jokowi, foto diragukan gara2 pakai kacamata? Itu banyak ijasah pakai kacamata. Drs dan insinyur bukan dua gelar berbeda, itu gelar yang sama, kenapa Drs karena peraturannya di masa itu sebutan S-1 itu drs, silahkan perbanyak literasi, memang banyak SDM Indo belum kuliah di tahun 80an, jadi tidak paham",@filosofishinchan6304,FALSE,0,2,FALSE,a2WXt0aW76g,https://www.youtube.com/watch?v=a2WXt0aW76g,3896,Kroni Prabowo dalam Proyek Makan Bergizi Gratis (MBG) |  Bocor Alus Politik
UgwzJQFnLORsK_5CGTl4AaABAg.AH7vdPO2Vn3AHBIy88PmBo,UgwzJQFnLORsK_5CGTl4AaABAg,reply,1 month ago,"Betul sekali, proyek bukan program",@anaandriaz9363,FALSE,0,0,FALSE,a2WXt0aW76g,https://www.youtube.com/watch?v=a2WXt0aW76g,3896,Kroni Prabowo dalam Proyek Makan Bergizi Gratis (MBG) |  Bocor Alus Politik
UgwzJQFnLORsK_5CGTl4AaABAg.AH7vdPO2Vn3AHDYP5HbsoL,UgwzJQFnLORsK_5CGTl4AaABAg,reply,1 month ago,"Fair aja, masalah yang diungkit sama gelandangan politik IMEAN RICE ini gak penting. UGM sudah memastikan itu asli.",@gustusidhiswara5949,FALSE,0,0,FALSE,a2WXt0aW76g,https://www.youtube.com/watch?v=a2WXt0aW76g,3896,Kroni Prabowo dalam Proyek Makan Bergizi Gratis (MBG) |  Bocor Alus Politik
UgwzJQFnLORsK_5CGTl4AaABAg.AH7vdPO2Vn3AHDq9IEqESh,UgwzJQFnLORsK_5CGTl4AaABAg,reply,1 month ago,"Usut keterlibatan kasus kkn Mulyono yg Laen lebih asik daripada sekedar ijazah...
Sprti skdar pengalihan isu ajjh itu ijazah.",@AdnanMuntz,FALSE,0,0,FALSE,a2WXt0aW76g,https://www.youtube.com/watch?v=a2WXt0aW76g,3896,Kroni Prabowo dalam Proyek Makan Bergizi Gratis (MBG) |  Bocor Alus Politik
UgwzJQFnLORsK_5CGTl4AaABAg.AH7vdPO2Vn3AHDw7kNsWd0,UgwzJQFnLORsK_5CGTl4AaABAg,reply,1 month ago,"@AdnanMuntz  betul, orang sering remehin Mulyono, jago strategi dan jebak, fokusnya ke ijasah yang realitasnya itu asli, dan bakal banyak orang kena pidana dari geng lawan dan masyarakat lupa KKN si Mulyono",@filosofishinchan6304,FALSE,0,0,FALSE,a2WXt0aW76g,https://www.youtube.com/watch?v=a2WXt0aW76g,3896,Kroni Prabowo dalam Proyek Makan Bergizi Gratis (MBG) |  Bocor Alus Politik
UgwzJQFnLORsK_5CGTl4AaABAg.AH7vdPO2Vn3AHW7H5pNLnp,UgwzJQFnLORsK_5CGTl4AaABAg,reply,1 month ago,Tempe kali…,@rabintchannel8533,FALSE,0,0,FALSE,a2WXt0aW76g,https://www.youtube.com/watch?v=a2WXt0aW76g,3896,Kroni Prabowo dalam Proyek Makan Bergizi Gratis (MBG) |  Bocor Alus Politik
UgwzJQFnLORsK_5CGTl4AaABAg.AH7vdPO2Vn3AIYr4C0Y_VA,UgwzJQFnLORsK_5CGTl4AaABAg,reply,2 weeks ago,"​ @titinsubarti4789 Saya ngga tahu soal Ijasah Jokowi. Tapi di tahun 80an, ada perdebatan soal gelar drs dan Ir. Akhirnya diperbolehkan jurusan2 non engineering (di ITB, MIPA) menggunakan gelar drs ataupun Ir.",@SluggerKostya,FALSE,0,0,FALSE,a2WXt0aW76g,https://www.youtube.com/watch?v=a2WXt0aW76g,3896,Kroni Prabowo dalam Proyek Makan Bergizi Gratis (MBG) |  Bocor Alus Politik
UgwzJQFnLORsK_5CGTl4AaABAg.AH7vdPO2Vn3AI_JYH99quX,UgwzJQFnLORsK_5CGTl4AaABAg,reply,2 weeks ago,​ @filosofishinchan6304 anda pasti Dosen S3 atau bahkan profesor literasi segufang lah ya? HAVARD apa OXFORD?,@titinsubarti4789,FALSE,0,0,FALSE,a2WXt0aW76g,https://www.youtube.com/watch?v=a2WXt0aW76g,3896,Kroni Prabowo dalam Proyek Makan Bergizi Gratis (MBG) |  Bocor Alus Politik
UgwzJQFnLORsK_5CGTl4AaABAg.AH7vdPO2Vn3AI_xndo-F8Q,UgwzJQFnLORsK_5CGTl4AaABAg,reply,2 weeks ago,"​ @titinsubarti4789 ya, tidak salah, sedang PhD di luar negeri, belum profesor 😊",@filosofishinchan6304,FALSE,0,0,FALSE,a2WXt0aW76g,https://www.youtube.com/watch?v=a2WXt0aW76g,3896,Kroni Prabowo dalam Proyek Makan Bergizi Gratis (MBG) |  Bocor Alus Politik
UgwzJQFnLORsK_5CGTl4AaABAg.AH7vdPO2Vn3AIa7QfSVMUt,UgwzJQFnLORsK_5CGTl4AaABAg,reply,2 weeks ago,"​ @filosofishinchan6304 sy kan art, duluan phd apa profesor ya? Sy cjma tau sd smp sma",@titinsubarti4789,FALSE,0,0,FALSE,a2WXt0aW76g,https://www.youtube.com/watch?v=a2WXt0aW76g,3896,Kroni Prabowo dalam Proyek Makan Bergizi Gratis (MBG) |  Bocor Alus Politik
UgwzJQFnLORsK_5CGTl4AaABAg.AH7vdPO2Vn3AIa7vmRM74a,UgwzJQFnLORsK_5CGTl4AaABAg,reply,2 weeks ago,"​ @SluggerKostya dulu drs ya drs insinyur baru2 serelahnya sarjana teknik sarjana ekonomi tau saya yaa, drs dan ir beda jauuuuuhhh pasti kuliah 2 jurusan itu namanya orang cerdas, kalau Fifi fofo kukiahnya 5 jurusan keliat cerdasnya iq 195",@titinsubarti4789,FALSE,0,0,FALSE,a2WXt0aW76g,https://www.youtube.com/watch?v=a2WXt0aW76g,3896,Kroni Prabowo dalam Proyek Makan Bergizi Gratis (MBG) |  Bocor Alus Politik
UgwzJQFnLORsK_5CGTl4AaABAg.AH7vdPO2Vn3AIa8lj9MCUc,UgwzJQFnLORsK_5CGTl4AaABAg,reply,2 weeks ago,​ @titinsubarti4789 kasus kita (angkatan 80an) di ITB dulu begitu. Sarjana MIPA tdk mau dapat drs. Sarjana pertanian spt nya sama. Diperbolehkan pakai Ir akhirnya. Ngga tahu UGM.,@SluggerKostya,FALSE,0,0,FALSE,a2WXt0aW76g,https://www.youtube.com/watch?v=a2WXt0aW76g,3896,Kroni Prabowo dalam Proyek Makan Bergizi Gratis (MBG) |  Bocor Alus Politik
UgxwI7VzzDo3YTP3G7d4AaABAg.AH7pIvaYXRWAH7qsndnZof,UgxwI7VzzDo3YTP3G7d4AaABAg,reply,1 month ago,"Gapapa, ga semua harus pinter kok",@aliridho8761,FALSE,0,0,FALSE,a2WXt0aW76g,https://www.youtube.com/watch?v=a2WXt0aW76g,3896,Kroni Prabowo dalam Proyek Makan Bergizi Gratis (MBG) |  Bocor Alus Politik
UgyEqeZ53__-UbI_Tp14AaABAg.AH7o9cX87_hAHHBYIiWTk1,UgyEqeZ53__-UbI_Tp14AaABAg,reply,1 month ago,sudah sangat terbaca sejak awal muncul wacana,@rafaelmaleakhilumbanbatu9873,FALSE,0,3,FALSE,a2WXt0aW76g,https://www.youtube.com/watch?v=a2WXt0aW76g,3896,Kroni Prabowo dalam Proyek Makan Bergizi Gratis (MBG) |  Bocor Alus Politik
UgwYYzX8WLAHZp44Dj14AaABAg,,comment,1 month ago,"Prabowo , mertuanya saja dikhianati apalagi cuma rakyat",@kanaeofficial4338,FALSE,0,0,FALSE,a2WXt0aW76g,https://www.youtube.com/watch?v=a2WXt0aW76g,3896,Kroni Prabowo dalam Proyek Makan Bergizi Gratis (MBG) |  Bocor Alus Politik
UgzWec6_hT3nURCtlNp4AaABAg,,comment,1 month ago (edited),"Memang butuh modal besar, mengingat persyaratan yang diberikan. Tidak mungkin bisa dilakukan oleh usaha kecil atau ibu2 rumah tangga... Meskipun dengan modal 100 atau 200 juta tidak mungkin bisa lolos kualifikasi.",@Chava132,FALSE,0,0,FALSE,a2WXt0aW76g,https://www.youtube.com/watch?v=a2WXt0aW76g,3896,Kroni Prabowo dalam Proyek Makan Bergizi Gratis (MBG) |  Bocor Alus Politik
UgwM491jAtnC8yHOjax4AaABAg,,comment,1 month ago,Trima kasih tempo. Penelusuran tempo lebih memperkuat lagi kecurigaan masyarakat ttg proyek Bancakan ini. Ini proyek perampok uang negara,@christianpeter7825,FALSE,0,0,FALSE,a2WXt0aW76g,https://www.youtube.com/watch?v=a2WXt0aW76g,3896,Kroni Prabowo dalam Proyek Makan Bergizi Gratis (MBG) |  Bocor Alus Politik
UgyF8YHGOKRxiHb1v4l4AaABAg,,comment,1 month ago,"Beginilah jadinya kalau kepemimpinan sipil, dipimpin dengan cara militer (komando). 

Kalau pimpinannya paham persoalan, ya tidak terlalu bermasalah, tapi kalau dia tidak begitu paham, perintah yang bersyifat komando itu bisa jadi persoalan.",@nolipservice,FALSE,0,0,FALSE,a2WXt0aW76g,https://www.youtube.com/watch?v=a2WXt0aW76g,3896,Kroni Prabowo dalam Proyek Makan Bergizi Gratis (MBG) |  Bocor Alus Politik
UgxoFLJYyDo-h5ZJrj54AaABAg,,comment,1 month ago,Makan gratis yang sebenarnya tidak GRATIS...😅,@BudiPratama-i7d,FALSE,0,0,FALSE,a2WXt0aW76g,https://www.youtube.com/watch?v=a2WXt0aW76g,3896,Kroni Prabowo dalam Proyek Makan Bergizi Gratis (MBG) |  Bocor Alus Politik
Ugxy7AQb3JVZcL48HnV4AaABAg,,comment,1 month ago (edited),"Knp mesti ada pembentukan yayasan? Knp enggak ikut cara singapore menangani sumbangan pemerintah menggulunturkan bantuan pd rakyatnya per PKK. Satiap keluarga  mendapat 
$ 900 /pkk dgn kos belanja tidak melebihi $1800 / bulan /individu. Jadi kalo ada individu mdpt gaji melebihi $1800 / Bulan individu tidak layak dpt bantuan. Dgn cara ini tpt sasaran. Jadi ortu akan dpt bantuan dan anak2 sekolahan juga dpt. Pada yg telah bekerja melebihi $1800 tidak layak.",@ABC-zz8qc,FALSE,0,0,FALSE,a2WXt0aW76g,https://www.youtube.com/watch?v=a2WXt0aW76g,3896,Kroni Prabowo dalam Proyek Makan Bergizi Gratis (MBG) |  Bocor Alus Politik
UgwDPOY8aiYFg9J_-4x4AaABAg,,comment,1 month ago,Wajar siy. Secara udah 3 kali kalah pilpres gak kebayang udah berapa triliun duit abis buat modal kampanye. Begitu menang pemilu wajib ngeruk duit lewat proyek2 dan program2 biar balik modal atau bahkan untung besar.,@tndewandono,FALSE,0,0,FALSE,a2WXt0aW76g,https://www.youtube.com/watch?v=a2WXt0aW76g,3896,Kroni Prabowo dalam Proyek Makan Bergizi Gratis (MBG) |  Bocor Alus Politik
UgzZQYqiGK0coj7zRB14AaABAg,,comment,1 month ago,"Memang daripada proyek ini mendingan pemerintah mengalihkan dananya buat ""Beasiswa Kuliah Gratis Rakyat Miskin"" 🙏",@masabaru8276,FALSE,0,0,FALSE,a2WXt0aW76g,https://www.youtube.com/watch?v=a2WXt0aW76g,3896,Kroni Prabowo dalam Proyek Makan Bergizi Gratis (MBG) |  Bocor Alus Politik
UgwAdA76LjBDjH9zDU54AaABAg,,comment,1 month ago,Cara jualan media ya gini. Kalo emang media ini tau banyak korupsi kenapa ngga di laporkan saja. Ngga ada power atau penakut!? Bukti kan dong 🤣🤣,@robbyferdian4076,FALSE,0,0,FALSE,a2WXt0aW76g,https://www.youtube.com/watch?v=a2WXt0aW76g,3896,Kroni Prabowo dalam Proyek Makan Bergizi Gratis (MBG) |  Bocor Alus Politik
UgyANwGNhSUw7aQ1Pvh4AaABAg,,comment,1 month ago,"Dari pengalaman saya, ditawarin jadi mitra:
1. Biaya at cost 10.000
2. Operasional 5.000 (harus setor ke pihak yayasan 2ribu sampe 2,500
Aje gile yang capek dapur mereka ongkang ongkang kaki dapetnya bisa sama.
Saran saya jgn buru buru ikutan program ini.
Kalau perkembangan nya mentok pasti Prabowo rubah caranya",@Mystrugglepoint,FALSE,0,1,FALSE,a2WXt0aW76g,https://www.youtube.com/watch?v=a2WXt0aW76g,3896,Kroni Prabowo dalam Proyek Makan Bergizi Gratis (MBG) |  Bocor Alus Politik
UgyxeeZVC3G-bNytKap4AaABAg,,comment,1 month ago,Nahhhh.. Aaa sudahlah 😅😅😮,@TrisnoSutrisnoBabe,FALSE,0,0,FALSE,a2WXt0aW76g,https://www.youtube.com/watch?v=a2WXt0aW76g,3896,Kroni Prabowo dalam Proyek Makan Bergizi Gratis (MBG) |  Bocor Alus Politik
UgxmmkG1fZIrSbJLaS54AaABAg,,comment,1 month ago,Gak laku 😂😂😂,@IrmaSulistiana-r6g,FALSE,0,0,FALSE,a2WXt0aW76g,https://www.youtube.com/watch?v=a2WXt0aW76g,3896,Kroni Prabowo dalam Proyek Makan Bergizi Gratis (MBG) |  Bocor Alus Politik
UgzWBv100qnxWwSnTrt4AaABAg,,comment,1 month ago,NEGARA INI SUDAH BENAR2 TIDAK TERTOLONG 😂,@AkbarDuatujuh,FALSE,0,0,FALSE,a2WXt0aW76g,https://www.youtube.com/watch?v=a2WXt0aW76g,3896,Kroni Prabowo dalam Proyek Makan Bergizi Gratis (MBG) |  Bocor Alus Politik
UgxYB4IQuQcoCYOzmIB4AaABAg,,comment,1 month ago,pasti dapet datanya diplatformnya scribd ya :D,@rezapahlevi9245,FALSE,0,0,FALSE,a2WXt0aW76g,https://www.youtube.com/watch?v=a2WXt0aW76g,3896,Kroni Prabowo dalam Proyek Makan Bergizi Gratis (MBG) |  Bocor Alus Politik
UgwrFumbeQaJIFPTZ3x4AaABAg,,comment,1 month ago,"Ini baru MBG, blm yg namanya Sekolah Rakyat, Koperasi merah Putih, Danantara...",@pramcorphis300,FALSE,0,1,FALSE,a2WXt0aW76g,https://www.youtube.com/watch?v=a2WXt0aW76g,3896,Kroni Prabowo dalam Proyek Makan Bergizi Gratis (MBG) |  Bocor Alus Politik
Ugwa9Lkc7DMC3VgasAx4AaABAg,,comment,1 month ago,"Dari awal programnya diluncurkan MBG,sy sudah curiga ini program abal2,justru ladang korupsi,program buang2 anggaran,hrsnya pendidikan yg dimajukan Krn sesuai UUD,ini malah mkn yg mau diurus,kacau,kayaknya pemerintah sengaja TDK majukan pendidikan agar dipelihara buat program 5 tahunan pilpres supaya diguyur dgn uang & bansos,inilah cara2 penjajah",@YopiTumanan-g9y,FALSE,0,0,FALSE,a2WXt0aW76g,https://www.youtube.com/watch?v=a2WXt0aW76g,3896,Kroni Prabowo dalam Proyek Makan Bergizi Gratis (MBG) |  Bocor Alus Politik
UgwzzMIN88P3EY3xoGB4AaABAg,,comment,1 month ago,Semua ada masanya ... Masanya keciduk ya pasti keciduk jd buat para pejabat sekarang ati2 5 - 6 th ke depan nasib kelean belum tentu seenak  sekarang,@iwanpapae690,FALSE,0,0,FALSE,a2WXt0aW76g,https://www.youtube.com/watch?v=a2WXt0aW76g,3896,Kroni Prabowo dalam Proyek Makan Bergizi Gratis (MBG) |  Bocor Alus Politik
UgyJCpxHq-0DTvOvMFJ4AaABAg,,comment,1 month ago,Tempo lagi lagi memasak,@leoananda246,FALSE,0,0,FALSE,a2WXt0aW76g,https://www.youtube.com/watch?v=a2WXt0aW76g,3896,Kroni Prabowo dalam Proyek Makan Bergizi Gratis (MBG) |  Bocor Alus Politik
UgyMi6lmdeU9CP15hTl4AaABAg,,comment,1 month ago,"MBG mulu jadi andalan, tpi aku gk pernah tau dmna sih yg dpt MBG, di tempat kerja aku gk pernah lihat dan denger klo anak sekolah dpt MBG, dikampung 3 anak saya juga gk pernah dpt juga.",@zaenalrnb136,FALSE,0,0,FALSE,a2WXt0aW76g,https://www.youtube.com/watch?v=a2WXt0aW76g,3896,Kroni Prabowo dalam Proyek Makan Bergizi Gratis (MBG) |  Bocor Alus Politik
UgzNpR-Xnv9kz5q2zuB4AaABAg,,comment,1 month ago,Horeee MBG sumber korupsi baruu.... lumayan buat ngumpulin duit untuk pilpres 2029,@pancasilankri946,FALSE,0,0,FALSE,a2WXt0aW76g,https://www.youtube.com/watch?v=a2WXt0aW76g,3896,Kroni Prabowo dalam Proyek Makan Bergizi Gratis (MBG) |  Bocor Alus Politik
UgwFC8qjupHdRNq53vV4AaABAg,,comment,1 month ago,"Teknik tinggi sih ini cara korup nya, BGN tunjuk yayasan, yayasan tersebut memotong harga per porsi ke mitra catering di lapangan yang punya modal, nantinya yayasan tersebut cashback ke BGN, dan BGN tentu saja harus setor lagi kepada....siklus setan",@TheManicsound,FALSE,0,0,FALSE,a2WXt0aW76g,https://www.youtube.com/watch?v=a2WXt0aW76g,3896,Kroni Prabowo dalam Proyek Makan Bergizi Gratis (MBG) |  Bocor Alus Politik
UgzvWaqfl5KvWD-AcLF4AaABAg,,comment,1 month ago,Mengapa tempo tidak bsa dibuka beritanya dihp saya.,@broalirepairhomeservis,FALSE,0,0,FALSE,a2WXt0aW76g,https://www.youtube.com/watch?v=a2WXt0aW76g,3896,Kroni Prabowo dalam Proyek Makan Bergizi Gratis (MBG) |  Bocor Alus Politik
UgzusHxH7c8m4Zmmm354AaABAg,,comment,1 month ago,"MBG hanya kedok , asli nya bagi bagi jatah bagi pendukung omon omon",@sandiadin5260,FALSE,0,0,FALSE,a2WXt0aW76g,https://www.youtube.com/watch?v=a2WXt0aW76g,3896,Kroni Prabowo dalam Proyek Makan Bergizi Gratis (MBG) |  Bocor Alus Politik
UgwbYnXkvM3t_U9_PmV4AaABAg,,comment,1 month ago,"Media yang selalu kritis, 👍",@Faujankarim01,FALSE,0,0,FALSE,a2WXt0aW76g,https://www.youtube.com/watch?v=a2WXt0aW76g,3896,Kroni Prabowo dalam Proyek Makan Bergizi Gratis (MBG) |  Bocor Alus Politik
UgzATUy9BwIBDx8ZJFF4AaABAg,,comment,1 month ago,YAYASAN sebuah trik baru daLam segi KORUPSI,@jefrymusabani,FALSE,0,0,FALSE,a2WXt0aW76g,https://www.youtube.com/watch?v=a2WXt0aW76g,3896,Kroni Prabowo dalam Proyek Makan Bergizi Gratis (MBG) |  Bocor Alus Politik
UgyejSWKLnmjWZGEn9B4AaABAg,,comment,1 month ago,"Dari 10 rebu trs dipangkas lagi 2 ribu,MBG jd 8 ribu 😂😂😂.
8 ribu perak makan paan jnkk..
Bener kata mr ompong,mbg lahan basah buat para tikus",@Meowjikan-c5w,FALSE,0,0,FALSE,a2WXt0aW76g,https://www.youtube.com/watch?v=a2WXt0aW76g,3896,Kroni Prabowo dalam Proyek Makan Bergizi Gratis (MBG) |  Bocor Alus Politik
UgyTTAc8Zfou6AiRBnp4AaABAg,,comment,1 month ago,emang cuman main di 💙𝕐 𝕌 𝕂     𝟞     𝟡 🎉🎉🎉🎉💗💗💗💗 kasih yang terbaik dan terpercaya buat dapetin lebih,@HabibnRizieqKetuaFPI,FALSE,0,116,FALSE,a2WXt0aW76g,https://www.youtube.com/watch?v=a2WXt0aW76g,3896,Kroni Prabowo dalam Proyek Makan Bergizi Gratis (MBG) |  Bocor Alus Politik
UgyIZ7AsaaGFr-Oak714AaABAg,,comment,1 month ago,"Gak ada efektif nya program MBG , hanya akal akalan untuk cari jalan merampok uang rakyat ,  anak sekolah buat senjata biar kelihatan di mata rakyat , MBG tidak ada bedanya sama pondok pesantren ,  untuk mencari donatur di berbagai itansi pemerintah dan orang orang kaya di sekitarnya  ,  untuk  biaya kehidupan anak anak pon pes ,  bukanya anak didiknya  pada gemuk malah semakin kuru badannya , yang gemuk malah pimpinan pon pes dan pengasuhnya pada kaya raya , melimpah hartanya ,  modus ini sudah tidak relevan lagi ,  ya ada MBG , ada Sekolah rakyat , ada lagi  anak anak Gasa akan di pindah di negara kita ini ,  entar apa lagi modus modus yang akan muncul lagi biar bisa di rampok uang negara ini dengan akal licik para kyai , ustat , dan ulama yang duduk di kursi pemerintahan alias pejabat negara , para kiyai pada munafik , nyolong atau maling kalau gak ketahuan hasilnya halal ,  makanya sekarang cari kesempatan dengan aji mumpung jadi pejabat negara .",@Kamtocahndeso-d7t,FALSE,0,0,FALSE,a2WXt0aW76g,https://www.youtube.com/watch?v=a2WXt0aW76g,3896,Kroni Prabowo dalam Proyek Makan Bergizi Gratis (MBG) |  Bocor Alus Politik
UgzC-8hLmQCRXfoOaJt4AaABAg,,comment,1 month ago,Hm kenapa proyek besar jadi ladang para tikus😂,@BeritaNegara-i7y,FALSE,0,0,FALSE,a2WXt0aW76g,https://www.youtube.com/watch?v=a2WXt0aW76g,3896,Kroni Prabowo dalam Proyek Makan Bergizi Gratis (MBG) |  Bocor Alus Politik
UgxdzTNx1OqTw-Tc8UN4AaABAg,,comment,1 month ago,"Kami senang dengan tempo apalagi bocor Alus, suka banget",@ntv923,FALSE,0,0,FALSE,a2WXt0aW76g,https://www.youtube.com/watch?v=a2WXt0aW76g,3896,Kroni Prabowo dalam Proyek Makan Bergizi Gratis (MBG) |  Bocor Alus Politik
Ugwnd0pFSfzPqyWGhC14AaABAg,,comment,1 month ago,"Baguslah pelaksana proyek mendapatkan kenikmatan dari makanan gratis tsb, harus dapat dong. Jahat banget kalau sampai tidak dapat. Bocor alus kok bepikir nya negatip, ngiri ....ni ... ye. Anda harus tau awalnya bernama program tetapi pelaksanaannya dinamakan proyek² dan baguslah kalau relawan dan orang terdekat terlibat masih wajar bahkan yg tidak mendukung Prabowo pun dibolehkan membantu. Tidak masalahkan. Visi menyerap tenaga pengangguran telah dilakukan dan berjalan baik.",@sentotdj6215,FALSE,0,0,FALSE,a2WXt0aW76g,https://www.youtube.com/watch?v=a2WXt0aW76g,3896,Kroni Prabowo dalam Proyek Makan Bergizi Gratis (MBG) |  Bocor Alus Politik
UgwBXFXuwkqR3M3wyDt4AaABAg,,comment,1 month ago,"Gak milih 02, tapi udah dari awal tau nih proyek bakal korupsi gede.

Orang gak jelas step2 prosedurnya butuh ahli nutrisi, penyedia makanan, dapur masaknya itu pun tiap hari beda masakannya, tiap daerah beda2 dan gak semua daerah ada bahan makanannya",@fajartirta4934,FALSE,0,0,FALSE,a2WXt0aW76g,https://www.youtube.com/watch?v=a2WXt0aW76g,3896,Kroni Prabowo dalam Proyek Makan Bergizi Gratis (MBG) |  Bocor Alus Politik
Ugydp3skG_O5_aWLdZF4AaABAg,,comment,1 month ago,Haaretz versi indo,@Wakilpresidensaturnus,FALSE,0,0,FALSE,a2WXt0aW76g,https://www.youtube.com/watch?v=a2WXt0aW76g,3896,Kroni Prabowo dalam Proyek Makan Bergizi Gratis (MBG) |  Bocor Alus Politik
Ugy8kl59hx4sS6ldFrN4AaABAg,,comment,1 month ago,Salah satu bagi2 hasil,@fitriningsih2396,FALSE,0,0,FALSE,a2WXt0aW76g,https://www.youtube.com/watch?v=a2WXt0aW76g,3896,Kroni Prabowo dalam Proyek Makan Bergizi Gratis (MBG) |  Bocor Alus Politik
UgyEpeaMSxEPsgcBGcl4AaABAg,,comment,1 month ago,"Saya tinggal di salah satu kecamatan di kabupaten lebak, banten, dekat dari ibu kota tidak ada proyek MBG.",@sepetakkebun2497,FALSE,0,0,FALSE,a2WXt0aW76g,https://www.youtube.com/watch?v=a2WXt0aW76g,3896,Kroni Prabowo dalam Proyek Makan Bergizi Gratis (MBG) |  Bocor Alus Politik
UgzIPWWLuFc0_CZZ_MV4AaABAg,,comment,1 month ago,GIBRAN PUNYA CATERING DAN RAFFI AHMAD TIBA2 BIKIN PERUSAHAAN CATERING WKWK,@rahmat-un4od,FALSE,0,0,FALSE,a2WXt0aW76g,https://www.youtube.com/watch?v=a2WXt0aW76g,3896,Kroni Prabowo dalam Proyek Makan Bergizi Gratis (MBG) |  Bocor Alus Politik
Ugxm1ICHkJBtf2KxsB54AaABAg,,comment,1 month ago,Apapun yang di kabari tempo saya pribadi ga pernah percaya  sih😅,@Shootonsightz,FALSE,0,0,FALSE,a2WXt0aW76g,https://www.youtube.com/watch?v=a2WXt0aW76g,3896,Kroni Prabowo dalam Proyek Makan Bergizi Gratis (MBG) |  Bocor Alus Politik
UgyLFwj8-l6LEGepjjF4AaABAg,,comment,1 month ago,"DI jepang sebenarnya penyediaan makanan dilakukan oleh VENDOR. Dapur sekolah ini mendapatkan makanan dari VENDOR ini. Beberapa perusahaan Jepang di bidang ini meminta kami untuk mensuplai tenaga kerja dari Indonesia. Bukan berarti dapur ini dikelola sekolah namun: 
VENDOR--> dapur (dipilah2 ) --> disajikan oleh piket siswa

Dulu kenapa ada program ini, karena setelah kalah perang dunia2 banyak orang tidak bisa makan. Sehingga makan di sekolah ini menjadi ""trigger"" anak2 jepang untuk bersekolah. Ngga usah belajar gmn2 gpp yang penting bisa makan di sekolah. 

Masalah memang banyak namun pain poin ini perlu diselesaikan",@irijarbee6186,FALSE,2,34,FALSE,a2WXt0aW76g,https://www.youtube.com/watch?v=a2WXt0aW76g,3896,Kroni Prabowo dalam Proyek Makan Bergizi Gratis (MBG) |  Bocor Alus Politik
UgyujhpJZMq51axPbZJ4AaABAg,,comment,1 month ago,tempo Gasss tancaapp mantaap,@TbnKota,FALSE,0,0,FALSE,a2WXt0aW76g,https://www.youtube.com/watch?v=a2WXt0aW76g,3896,Kroni Prabowo dalam Proyek Makan Bergizi Gratis (MBG) |  Bocor Alus Politik
UgyP1a_-VInJ3IDmIWF4AaABAg,,comment,1 month ago,"Ko Masih ada dan blm sadar juga ya warga rw0058 , habis pikir waduuuuh",@bolabingkeng,FALSE,0,0,FALSE,a2WXt0aW76g,https://www.youtube.com/watch?v=a2WXt0aW76g,3896,Kroni Prabowo dalam Proyek Makan Bergizi Gratis (MBG) |  Bocor Alus Politik
UgyLFwj8-l6LEGepjjF4AaABAg.AH7c8dM7CAhAHAYxWQEwbH,UgyLFwj8-l6LEGepjjF4AaABAg,reply,1 month ago,"Wah menarik ini, untuk info loker bisa didapat dari mana ya?",@malamhari_,FALSE,0,0,FALSE,a2WXt0aW76g,https://www.youtube.com/watch?v=a2WXt0aW76g,3896,Kroni Prabowo dalam Proyek Makan Bergizi Gratis (MBG) |  Bocor Alus Politik
UgyLFwj8-l6LEGepjjF4AaABAg.AH7c8dM7CAhAHVq8LTJkVl,UgyLFwj8-l6LEGepjjF4AaABAg,reply,1 month ago,"Hmm, untuk daerah 3T harusnya bisa dipraktikkan cara seperti ini, sekalian total melihat kebutuhan siswa & keluarga nya",@piusdwisetyo7231,FALSE,0,0,FALSE,a2WXt0aW76g,https://www.youtube.com/watch?v=a2WXt0aW76g,3896,Kroni Prabowo dalam Proyek Makan Bergizi Gratis (MBG) |  Bocor Alus Politik
UgydmBg1CVwAS91FwtR4AaABAg,,comment,1 month ago,Mantapzzzz,@victoryproduction2702,FALSE,0,0,FALSE,a2WXt0aW76g,https://www.youtube.com/watch?v=a2WXt0aW76g,3896,Kroni Prabowo dalam Proyek Makan Bergizi Gratis (MBG) |  Bocor Alus Politik
UgwH8ZCi-Hl6OGnI5TZ4AaABAg,,comment,1 month ago,Awas jgn sampai dpt kiriman kepala buaya atau kepala yg lain,@tagorsianturi6781,FALSE,0,0,FALSE,a2WXt0aW76g,https://www.youtube.com/watch?v=a2WXt0aW76g,3896,Kroni Prabowo dalam Proyek Makan Bergizi Gratis (MBG) |  Bocor Alus Politik
Ugwej99rP_g9SH0wSj94AaABAg,,comment,1 month ago,"ini mah bukan bocor alus lagi, kempes langsung ban nya 🤣🤣🤣🤣",@aviasindo,FALSE,0,0,FALSE,a2WXt0aW76g,https://www.youtube.com/watch?v=a2WXt0aW76g,3896,Kroni Prabowo dalam Proyek Makan Bergizi Gratis (MBG) |  Bocor Alus Politik
UgzlNC-iCekn1AUNdkN4AaABAg,,comment,1 month ago,"😒.. Gak ""boleh"" banyak omong bagi penikmat atau yg menerima program makan bergizi  gretongan..

🤔.. walau secara cocoklogi masa iya seeh dg budget 15rb/porsi dapet makan bergizi yg melewati banyak tahap hingga penyajian di atas meja kelas...

🙄.. walau tetap yg menerima aliran-tranfers uang  untuk mewujudkan program di maksud.. PASTI lebih dahulu terpenuhi kebutuhan gizi di setiap jadwal makannya...

😐",@kaprios1709,FALSE,0,0,FALSE,a2WXt0aW76g,https://www.youtube.com/watch?v=a2WXt0aW76g,3896,Kroni Prabowo dalam Proyek Makan Bergizi Gratis (MBG) |  Bocor Alus Politik
Ugx6eeuaKgm4XKCs9c94AaABAg,,comment,1 month ago,"Hi Tempo, great piece of work as always! Sedikit saran, jangan lengah hingga akhirnya meneruskan komunikasi misleading yang diprakarsai oleh Prabowo. Mencegah stunting tepatnya bukan dari makan siang gratis anak usia sekolah, tapi harus dimulai dari perbaikan gizi sejak kehamilan. MBG lebih masuk akal untuk mengentaskan gizi buruk.",@puridewayani612,FALSE,0,0,FALSE,a2WXt0aW76g,https://www.youtube.com/watch?v=a2WXt0aW76g,3896,Kroni Prabowo dalam Proyek Makan Bergizi Gratis (MBG) |  Bocor Alus Politik
UgwUYsEulQCPLIZmdDJ4AaABAg,,comment,1 month ago,Tak perlu bubarkan aja pakwo,@Beritaanakparet,FALSE,0,0,FALSE,a2WXt0aW76g,https://www.youtube.com/watch?v=a2WXt0aW76g,3896,Kroni Prabowo dalam Proyek Makan Bergizi Gratis (MBG) |  Bocor Alus Politik
UgzXmHIvAKIH62EpPtp4AaABAg,,comment,1 month ago,"Nah itulah karena terbuai dengan janji-janji yg melangit tanpa pijakan...
Belum lagi janji yg menggebu-gebu dari si fufufa mengenai akan membuka jutaan lapangan kerja...
Hayo kita tagih janji2 mereka ini....",@opoae9733,FALSE,0,0,FALSE,a2WXt0aW76g,https://www.youtube.com/watch?v=a2WXt0aW76g,3896,Kroni Prabowo dalam Proyek Makan Bergizi Gratis (MBG) |  Bocor Alus Politik
Ugyr8mT4RgZXz7MmhrF4AaABAg,,comment,1 month ago,🔥🔥🔥,@misbakhululum1550,FALSE,0,0,FALSE,a2WXt0aW76g,https://www.youtube.com/watch?v=a2WXt0aW76g,3896,Kroni Prabowo dalam Proyek Makan Bergizi Gratis (MBG) |  Bocor Alus Politik
UgzDWh62e_v0uxNfXwx4AaABAg,,comment,1 month ago,Podcast omon2 narasumber gak jelas hanya berdasarkan nasrasi2 dan asumsi tanpa fakta😂😂😂 sekali2 menghadirkan dong narasumber yg jelas 😂😂😂 ya gak bakalan bisa lah 😂😂😂 kan modal asumsi doang😂😂😂,@ombrinwiko2206,FALSE,0,0,FALSE,a2WXt0aW76g,https://www.youtube.com/watch?v=a2WXt0aW76g,3896,Kroni Prabowo dalam Proyek Makan Bergizi Gratis (MBG) |  Bocor Alus Politik
UgwqMJRlrnH5cOwTNxl4AaABAg,,comment,1 month ago,"Pemberantasan korupsi ❌
Peluang korupsi baru ✅",@misslilyrics9561,FALSE,0,0,FALSE,a2WXt0aW76g,https://www.youtube.com/watch?v=a2WXt0aW76g,3896,Kroni Prabowo dalam Proyek Makan Bergizi Gratis (MBG) |  Bocor Alus Politik
UgwAGdwwUXDZTqyXNuZ4AaABAg,,comment,1 month ago,Tolong Tempo bikin T V seperti TV yg lain,@alimr16,FALSE,0,0,FALSE,a2WXt0aW76g,https://www.youtube.com/watch?v=a2WXt0aW76g,3896,Kroni Prabowo dalam Proyek Makan Bergizi Gratis (MBG) |  Bocor Alus Politik
UgyYtBssgDTiXTdHlkZ4AaABAg,,comment,1 month ago,"Ya nga kagetlah memang mrk akan berpesta pora, slmt menikmati warga 58",@florensiuslinus8188,FALSE,0,0,FALSE,a2WXt0aW76g,https://www.youtube.com/watch?v=a2WXt0aW76g,3896,Kroni Prabowo dalam Proyek Makan Bergizi Gratis (MBG) |  Bocor Alus Politik
UgxfeBIZfMbqWXjxY0V4AaABAg,,comment,1 month ago,Program ruwet gys,@SutrisnoSubagja,FALSE,0,0,FALSE,a2WXt0aW76g,https://www.youtube.com/watch?v=a2WXt0aW76g,3896,Kroni Prabowo dalam Proyek Makan Bergizi Gratis (MBG) |  Bocor Alus Politik
Ugx4JYngUYQMVHp9W5p4AaABAg,,comment,1 month ago,"Coba kasihkan aja ke pensiunan jdi pesang0n biar beres sstu msl dsripd memberi lg peluang korupsi  g mungkin g di korp ya memperkaya lg orang dekat "" nya",@SutrisnoSubagja,FALSE,0,0,FALSE,a2WXt0aW76g,https://www.youtube.com/watch?v=a2WXt0aW76g,3896,Kroni Prabowo dalam Proyek Makan Bergizi Gratis (MBG) |  Bocor Alus Politik
Ugxqy2fEKjyRJWz3PBx4AaABAg,,comment,1 month ago,Jika yg menang pdipeh ya pasti begitu juga.,@miganzulmi2978,FALSE,0,0,FALSE,a2WXt0aW76g,https://www.youtube.com/watch?v=a2WXt0aW76g,3896,Kroni Prabowo dalam Proyek Makan Bergizi Gratis (MBG) |  Bocor Alus Politik
Ugx0uHqJCFmGyxzua294AaABAg,,comment,1 month ago,Sudah puluhan dapur tutup karena tidak di bayar oleh yaya❤an . Memang luar binasa konoha ini soal duiittttt,@hhendry77,FALSE,0,0,FALSE,a2WXt0aW76g,https://www.youtube.com/watch?v=a2WXt0aW76g,3896,Kroni Prabowo dalam Proyek Makan Bergizi Gratis (MBG) |  Bocor Alus Politik
UgzdwnLoKU9ih1B8ujd4AaABAg,,comment,1 month ago,Ini pasti dapet file dari Scribd yah? Wkwkwk,@Bulelengman,FALSE,0,0,FALSE,a2WXt0aW76g,https://www.youtube.com/watch?v=a2WXt0aW76g,3896,Kroni Prabowo dalam Proyek Makan Bergizi Gratis (MBG) |  Bocor Alus Politik
UgzPG_FM-yfR6ar-9Ll4AaABAg,,comment,1 month ago,"Seharusnya untuk efisiensi ... BGN menstransfer langsung dana ke kantin sekolah ... agar tidak ada perantara yg potensi mengurangi harga dan mutu menu ... selain itu menu lebih hangat dan lebih enak sesuai minat anak, karena baru dibuat dan menu bervariasi",@BUMRT,FALSE,0,0,FALSE,a2WXt0aW76g,https://www.youtube.com/watch?v=a2WXt0aW76g,3896,Kroni Prabowo dalam Proyek Makan Bergizi Gratis (MBG) |  Bocor Alus Politik
Ugzu1FwxDt2OjVq-Pct4AaABAg,,comment,1 month ago,Berita korupsi proyek IKNnya mana nih?,@Staliniumalmoskowi,FALSE,0,0,FALSE,a2WXt0aW76g,https://www.youtube.com/watch?v=a2WXt0aW76g,3896,Kroni Prabowo dalam Proyek Makan Bergizi Gratis (MBG) |  Bocor Alus Politik
UgwTyWrb7Ztb0W6bC1p4AaABAg,,comment,1 month ago,Sediiih....,@ilahmursilah2775,FALSE,0,0,FALSE,a2WXt0aW76g,https://www.youtube.com/watch?v=a2WXt0aW76g,3896,Kroni Prabowo dalam Proyek Makan Bergizi Gratis (MBG) |  Bocor Alus Politik
UgyVzHVZ0dFjt18wqxF4AaABAg,,comment,1 month ago,Emang sih. Program ini sepertinya sangat terlalu di paksakan. Seolah2 ada udang di balik rempeyek. Mungkin karena duitnya gede yang di gelontorin tiap hari dari kas negara. Saking gedenya bisa2 ada yang gaji buta tiap hari nih dari program MBG ini 😃😃,@erikosustia664,FALSE,0,0,FALSE,a2WXt0aW76g,https://www.youtube.com/watch?v=a2WXt0aW76g,3896,Kroni Prabowo dalam Proyek Makan Bergizi Gratis (MBG) |  Bocor Alus Politik
UgxziMIYpzyV9FAA5dZ4AaABAg,,comment,1 month ago,11 12 mulyono prabowo,@rabiyulawaluddin2076,FALSE,0,0,FALSE,a2WXt0aW76g,https://www.youtube.com/watch?v=a2WXt0aW76g,3896,Kroni Prabowo dalam Proyek Makan Bergizi Gratis (MBG) |  Bocor Alus Politik
UgyjEP37vYM-8zWgxnl4AaABAg,,comment,1 month ago,"Para pejabat negara kita dan birokrasinya sebagian besar memiliki naluri bisnis yang kuat, yang berorientasi profit. Sehingga pada setiap program kegiatan pemerintah, sejak dari perencanaan anggaran sudah berhitung berapa profit yang bisa diraihnya. Dalam pelaksanaan program/kegiatan, profit seringkali sudah diambil duluan sebelum kegiatan selesai dilaksanakan!",@Adilnusantara,FALSE,1,0,FALSE,a2WXt0aW76g,https://www.youtube.com/watch?v=a2WXt0aW76g,3896,Kroni Prabowo dalam Proyek Makan Bergizi Gratis (MBG) |  Bocor Alus Politik
Ugy4QxmjmUTq3lXyodt4AaABAg,,comment,1 month ago,"Bocor alus, channel pemersatu bangsa versi halal..",@emanuelodi5737,FALSE,0,0,FALSE,a2WXt0aW76g,https://www.youtube.com/watch?v=a2WXt0aW76g,3896,Kroni Prabowo dalam Proyek Makan Bergizi Gratis (MBG) |  Bocor Alus Politik
Ugzd4oIpgp7mHqr1Tqh4AaABAg,,comment,1 month ago (edited),"Saya mahasiswa di korsel, bahagia sekali dg program sarapan subsidi (seharga 1000KRW setara 12k IDR) bagi mahasiswa. 

Sistem pendanaannya 1000 won dari mahasiswa, 2000 won subsidi oleh pemerintah, sisanya oleh kampus. Dibentuk badan khusus (Ombudsman Sarapan 1000 won) yang berlaku sebagai pengawas utama program ini. Jadi ada lembaga masyarakat khusus yang mengawas alih2 sistem sentralis seperti BGN di Indonesia.

Sebenarnya program ini muncul untuk meningkatkan konsumsi beras di korea yang mulai menurun di kalangan muda karena perubahan budaya kuliner agar ada pasar tetap bagi pertanian gabah korea. Tapi fokusnya mulai berubah menjadi penyediaan makanan murah bagi mahasiswa dg budget biaya hidup yang keciilmakanya yang dahulu harga 2000won dipotong lagi menjadi 1000 won mulai 2023 yang selisih itu dibiayai oleh pemerintah kota/daerah. 

Di kampus saya ditunjuk tender untuk program ini sekaligus sebagai kantin umum. Sistemnya pukul 8-9.30 pagi sarapan 1000 won, dan seterusnya untuk kantin biasa dengan harga 7000 won yang tentunya memiliki menu yang berbeda. Menunya setiap hari berbeda, umumnya 2 jenis nasi (nasi hitam&putih), 1 menu protein (babi/ayam/daging proses), cabbage kimchi, 1 menu sayur segar, salad lettuce, dan sup hangat dengan sistem makan all you can eat

dapur sangat higenis (standar dapur korea memang tinggi) dan dapur harus lolos HACCP dengan sertifikat yang selalu diperbarui",@Chris-qf8wr,FALSE,0,0,FALSE,a2WXt0aW76g,https://www.youtube.com/watch?v=a2WXt0aW76g,3896,Kroni Prabowo dalam Proyek Makan Bergizi Gratis (MBG) |  Bocor Alus Politik
UgxV_44QVGMF1CapmqF4AaABAg,,comment,1 month ago,"Jangankan proyek makan, dana kitab suci dan perhajian aja dikorupsi.",@andriy1958,FALSE,0,0,FALSE,a2WXt0aW76g,https://www.youtube.com/watch?v=a2WXt0aW76g,3896,Kroni Prabowo dalam Proyek Makan Bergizi Gratis (MBG) |  Bocor Alus Politik
Ugyd3hoFkHs8hU1uPPt4AaABAg,,comment,1 month ago,"Ini udah ngga bocor Alus lagi ya,,,  mantab 😂",@suwandi6178,FALSE,0,0,FALSE,a2WXt0aW76g,https://www.youtube.com/watch?v=a2WXt0aW76g,3896,Kroni Prabowo dalam Proyek Makan Bergizi Gratis (MBG) |  Bocor Alus Politik
Ugxbry3UKfBUsh2MCxR4AaABAg,,comment,1 month ago,"Saran saya, jangan pernah berhenti menggali informasi dari menonton BAP saja. Lebih baik dikulik secara utuh di tulisan mereka di produk digital tempo. Jadi kita nerima informasi bisa utuh.....",@sulezescariot12,FALSE,0,0,FALSE,a2WXt0aW76g,https://www.youtube.com/watch?v=a2WXt0aW76g,3896,Kroni Prabowo dalam Proyek Makan Bergizi Gratis (MBG) |  Bocor Alus Politik
Ugx2SK0O20_Ay3oPeqF4AaABAg,,comment,1 month ago,Proyek Gerindra,@czaga06,FALSE,0,0,FALSE,a2WXt0aW76g,https://www.youtube.com/watch?v=a2WXt0aW76g,3896,Kroni Prabowo dalam Proyek Makan Bergizi Gratis (MBG) |  Bocor Alus Politik
UgxNHsL3M8qmUYjPuTR4AaABAg,,comment,1 month ago,Ikut ditunjukin ijabsah di solo kemarin kaga ni tempo?,@ExMe-ij3im,FALSE,0,0,FALSE,a2WXt0aW76g,https://www.youtube.com/watch?v=a2WXt0aW76g,3896,Kroni Prabowo dalam Proyek Makan Bergizi Gratis (MBG) |  Bocor Alus Politik
UgzFpdKigrCHN4MyvuN4AaABAg,,comment,1 month ago,Aku bocor halus tapi u 7:48 sahakan netral salah seiranf fans ku adalah Pran tapi belakangan ikut2 demo yang belum pasti kebenarannya sayang sekali Pran,@hasanjanitra3852,FALSE,0,0,FALSE,a2WXt0aW76g,https://www.youtube.com/watch?v=a2WXt0aW76g,3896,Kroni Prabowo dalam Proyek Makan Bergizi Gratis (MBG) |  Bocor Alus Politik
UgzGlyEjZje59k9dQD54AaABAg,,comment,1 month ago,Sebetulnya wartawan yang indenpenden janganlah ikut2 Demo supaya kelihatannya Netral,@hasanjanitra3852,FALSE,0,0,FALSE,a2WXt0aW76g,https://www.youtube.com/watch?v=a2WXt0aW76g,3896,Kroni Prabowo dalam Proyek Makan Bergizi Gratis (MBG) |  Bocor Alus Politik
Ugyd5M4nNOQIPcYP2-V4AaABAg,,comment,1 month ago,Tetap mengungkap kebenaran....bravo tempo ❤,@sumantinuralia778,FALSE,0,0,FALSE,a2WXt0aW76g,https://www.youtube.com/watch?v=a2WXt0aW76g,3896,Kroni Prabowo dalam Proyek Makan Bergizi Gratis (MBG) |  Bocor Alus Politik
UgypEJCMDr8ZJ8-vijp4AaABAg,,comment,1 month ago,"Sepakat dengan Uncle Pram bahwa harus ada evaluasi program MBG ini. Pembiayaannya lumayan besar sampai puluhan T jika tak ada pengawasan ketat dan evaluasi yang mendalam bukan tak mungkin yang bertambah ""gizinya"" justru para ""koruptor"" karena adanya lahan basah. 
Semagat memasak, Tempo. Pastikan bahan2 masakannya tetap berkualitas dan kaya nilai gizi untuk merawat akal sehat masyarakat Indonesia.",@autumnrain779,FALSE,0,9,FALSE,a2WXt0aW76g,https://www.youtube.com/watch?v=a2WXt0aW76g,3896,Kroni Prabowo dalam Proyek Makan Bergizi Gratis (MBG) |  Bocor Alus Politik
UgzSkscPddNiv7Fa3TF4AaABAg,,comment,1 month ago,Hanya bisa bilang terimakasih tim tempo,@Itschelaa,FALSE,0,0,FALSE,a2WXt0aW76g,https://www.youtube.com/watch?v=a2WXt0aW76g,3896,Kroni Prabowo dalam Proyek Makan Bergizi Gratis (MBG) |  Bocor Alus Politik
UgxKfmg7Noqcy_8BNQd4AaABAg,,comment,1 month ago,Dapet duit berapa dari soros,@usmankusuma7890,FALSE,0,0,FALSE,a2WXt0aW76g,https://www.youtube.com/watch?v=a2WXt0aW76g,3896,Kroni Prabowo dalam Proyek Makan Bergizi Gratis (MBG) |  Bocor Alus Politik
Ugz6jUlt3gnxTGMzGdV4AaABAg,,comment,1 month ago,"Dari awal mah ""proyek"" ini udah fishy",@rientaniar,FALSE,0,0,FALSE,a2WXt0aW76g,https://www.youtube.com/watch?v=a2WXt0aW76g,3896,Kroni Prabowo dalam Proyek Makan Bergizi Gratis (MBG) |  Bocor Alus Politik
UgzIQNWFmZkYt6ammod4AaABAg,,comment,1 month ago,"Sebetulnya banyak orang tua murid da terlalu mengharapkan program makan b g yg penting pendidikan gratis toh anak"" Sdh di ksh sarapan di rumah",@mashurimashuri1981,FALSE,0,0,FALSE,a2WXt0aW76g,https://www.youtube.com/watch?v=a2WXt0aW76g,3896,Kroni Prabowo dalam Proyek Makan Bergizi Gratis (MBG) |  Bocor Alus Politik
UgzPE4pWeDChCXmEdKF4AaABAg,,comment,1 month ago,Menyala tempo🎉,@candela5695,FALSE,0,0,FALSE,a2WXt0aW76g,https://www.youtube.com/watch?v=a2WXt0aW76g,3896,Kroni Prabowo dalam Proyek Makan Bergizi Gratis (MBG) |  Bocor Alus Politik
UgzCv9_z-RCdo5lmgCB4AaABAg,,comment,1 month ago,"cara pemerintah meperkaya the gang prabowo family 😂😂😂😂😂mantap,korup secara halus jdi ga ketahuan,josss wowo memang  generasi 98  ygbaru bangun lgi 😅😅😅😅😅😅yuk makin agresif",@tanisotaniso3951,FALSE,0,0,FALSE,a2WXt0aW76g,https://www.youtube.com/watch?v=a2WXt0aW76g,3896,Kroni Prabowo dalam Proyek Makan Bergizi Gratis (MBG) |  Bocor Alus Politik
UgyjEP37vYM-8zWgxnl4AaABAg.AH7UNXQo-ZXAH7d8fzhrJa,UgyjEP37vYM-8zWgxnl4AaABAg,reply,1 month ago,"Ini lah orang indo yg watak nya masih orang jaman belanda , korupsi yg tk pernah habis...buda belanda ini sidah terlalu lama hingga mengakar pada orang kita...",@mochammadirchamniiqbal3735,FALSE,0,0,FALSE,a2WXt0aW76g,https://www.youtube.com/watch?v=a2WXt0aW76g,3896,Kroni Prabowo dalam Proyek Makan Bergizi Gratis (MBG) |  Bocor Alus Politik
UgwDAn_D6Xs-MBob4sh4AaABAg,,comment,1 month ago,"Pembagian/distribusi MBG suka2 mereka, ga jelas sekolah mana yg dibagi, dan kapan dibagi. Kalopun ada sekolah yg ga kebagian trus mau ngadu sama siapaaaaaa ????",@antihoax4808,FALSE,0,0,FALSE,a2WXt0aW76g,https://www.youtube.com/watch?v=a2WXt0aW76g,3896,Kroni Prabowo dalam Proyek Makan Bergizi Gratis (MBG) |  Bocor Alus Politik
Ugyt_QOqxwQ85kDXtW14AaABAg,,comment,1 month ago,❤nice,@milanyazidzidan11,FALSE,0,0,FALSE,a2WXt0aW76g,https://www.youtube.com/watch?v=a2WXt0aW76g,3896,Kroni Prabowo dalam Proyek Makan Bergizi Gratis (MBG) |  Bocor Alus Politik
Ugxca7PDHljJGhSGap14AaABAg,,comment,1 month ago,"Lahan Korupsi lagi gaes, Prabowo mulyono satu paket",@jokosetyono8197,FALSE,0,0,FALSE,a2WXt0aW76g,https://www.youtube.com/watch?v=a2WXt0aW76g,3896,Kroni Prabowo dalam Proyek Makan Bergizi Gratis (MBG) |  Bocor Alus Politik
UgwJdzzxJ7bHP-AIYHN4AaABAg,,comment,1 month ago,"paling tepat seperti kata Ahok: uang'nya langsung ke orangtua murid, dijamin tdk ada korupsi ..",@MuhammadNoor-kf5oy,FALSE,0,0,FALSE,a2WXt0aW76g,https://www.youtube.com/watch?v=a2WXt0aW76g,3896,Kroni Prabowo dalam Proyek Makan Bergizi Gratis (MBG) |  Bocor Alus Politik
UgwLkqsJ6DQdObGkN3t4AaABAg,,comment,1 month ago,ga heran sih gaes,@rikhiibrahim5135,FALSE,0,0,FALSE,a2WXt0aW76g,https://www.youtube.com/watch?v=a2WXt0aW76g,3896,Kroni Prabowo dalam Proyek Makan Bergizi Gratis (MBG) |  Bocor Alus Politik
UgxJbugxsqG76DDhsAV4AaABAg,,comment,1 month ago,"Sbagai pernah yg milih ganjar, y move on sih ketika prabowo menang. 

Berdoa semakin baik, 
Tpi mlah beberapa bulan ini koq ekonomi malah menurun",@stevendaniel8466,FALSE,0,0,FALSE,a2WXt0aW76g,https://www.youtube.com/watch?v=a2WXt0aW76g,3896,Kroni Prabowo dalam Proyek Makan Bergizi Gratis (MBG) |  Bocor Alus Politik
Ugz-CSY9SRZo3_RZVCV4AaABAg,,comment,1 month ago,Pidato berapi api kinerja nol besar...omon om....on.,@dwiyunita7412,FALSE,0,0,FALSE,a2WXt0aW76g,https://www.youtube.com/watch?v=a2WXt0aW76g,3896,Kroni Prabowo dalam Proyek Makan Bergizi Gratis (MBG) |  Bocor Alus Politik
UgyK6T8Hfdindcm3q8t4AaABAg,,comment,1 month ago,"Di SDN 01 Cikahuripan Klapanunggal cilengsi bogor
Baru 1 hri doang makan gratis ya,selebihnya gak ada kejelasan Lgi.
Saya berpikir ini di korupsi",@ArdanSyabila,FALSE,0,0,FALSE,a2WXt0aW76g,https://www.youtube.com/watch?v=a2WXt0aW76g,3896,Kroni Prabowo dalam Proyek Makan Bergizi Gratis (MBG) |  Bocor Alus Politik
UgwfO2tkGZ8gQzsIeHZ4AaABAg,,comment,1 month ago (edited),"Jika mau Efisien....hitung tambahan gizi untuk anak SD, SMP,SMA berapa per porsi/ persiwa dlm.rupiah,
Kirim/ transfer ke ibu ibu anak tersebut, agar dimasak ibunya sendiri dan hanya warga yg tidak mampu saja yg diberi.
Hal.ini agar Uang negara tidak boros di satu program, tetap diawasi ahli gizi.",@agussuparmono-j8q,FALSE,0,0,FALSE,a2WXt0aW76g,https://www.youtube.com/watch?v=a2WXt0aW76g,3896,Kroni Prabowo dalam Proyek Makan Bergizi Gratis (MBG) |  Bocor Alus Politik
UgyR_jMEiRwRAW4TMeB4AaABAg,,comment,1 month ago,Pendukung 02 apa gk pernah lihat bginian yaa,@wafiealdora666-ff5kg,FALSE,0,0,FALSE,a2WXt0aW76g,https://www.youtube.com/watch?v=a2WXt0aW76g,3896,Kroni Prabowo dalam Proyek Makan Bergizi Gratis (MBG) |  Bocor Alus Politik
Ugxs46avp88DophEhiZ4AaABAg,,comment,1 month ago,"Sebenernya polanya sama saja dgn orba.., 
Dulu proyeknya melalui Bulog, terkenal nya dulu Bulog ladang cuannya orde baru disampin Pertamina.. sekarang ganti proyek MBG.
Ada lagi nanti koperasi merah putih. Dulu KUD.. Kita lihat aja nanti.., sebenernya sebagai rakyat sakit hati dgn kelakuan rezim sekarang..tapi sebagai rakyat bisa apa? Ikut demo, nanti diculik..
Memang harapan nya cuma pada kaum elit dan mahasiswa dan media seperti Bocor Alus ini.
Bravo Bocor Alus.👍👍👍",@wahyukusumanegara5495,FALSE,0,0,FALSE,a2WXt0aW76g,https://www.youtube.com/watch?v=a2WXt0aW76g,3896,Kroni Prabowo dalam Proyek Makan Bergizi Gratis (MBG) |  Bocor Alus Politik
Ugxlv7meNnrFcbs_Y7h4AaABAg,,comment,1 month ago,MBG itu proyek korupsi utk Pilpres dan Pileg 2029,@satrialangit2116,FALSE,0,0,FALSE,a2WXt0aW76g,https://www.youtube.com/watch?v=a2WXt0aW76g,3896,Kroni Prabowo dalam Proyek Makan Bergizi Gratis (MBG) |  Bocor Alus Politik
UgwkD2nK0KTvW1XB_o54AaABAg,,comment,1 month ago,"studionya beda yah, lebih suka studio yg sebelumnya 😁",@muhammadzubair4263,FALSE,0,0,FALSE,a2WXt0aW76g,https://www.youtube.com/watch?v=a2WXt0aW76g,3896,Kroni Prabowo dalam Proyek Makan Bergizi Gratis (MBG) |  Bocor Alus Politik
UgylQCXQdEuwPpDaMB14AaABAg,,comment,1 month ago,"Konsekuensi logis bila sekarang fokus mengawasi dan mengkritisi kinerja prabowo, karena sebelumnya rakyat masih fokus mengkritisi jokowi, tetapi setelah prabowo secara tampak melindungi bahkan mengatakan hidup jokowi maka sekarang rakyat fokus mengkritisi kinerja prabowo.
Sebenarnya wajar bila pemerintah memberikan proyek kepada pendukungnya asal sesuai aturan dan sesuai batas kewajaran.",@TheLostShore,FALSE,0,0,FALSE,a2WXt0aW76g,https://www.youtube.com/watch?v=a2WXt0aW76g,3896,Kroni Prabowo dalam Proyek Makan Bergizi Gratis (MBG) |  Bocor Alus Politik
UgyYr07wyAoSvSddxZR4AaABAg,,comment,1 month ago,🔥🔥🔥,@telur_ramen,FALSE,0,1,FALSE,a2WXt0aW76g,https://www.youtube.com/watch?v=a2WXt0aW76g,3896,Kroni Prabowo dalam Proyek Makan Bergizi Gratis (MBG) |  Bocor Alus Politik
Ugytc_z6o-t6bsrO7fp4AaABAg,,comment,1 month ago,"Nah kan apa gw kata, emang MBG ini bisnis partai, ladang korupsi gede",@Soekmanaa,FALSE,0,0,FALSE,a2WXt0aW76g,https://www.youtube.com/watch?v=a2WXt0aW76g,3896,Kroni Prabowo dalam Proyek Makan Bergizi Gratis (MBG) |  Bocor Alus Politik
Ugy_YHF5NK1UmJsazvh4AaABAg,,comment,1 month ago,R O Y A L 3 7 8 JADI TUKANG GIFT AWAY,@apaukevin,FALSE,0,0,FALSE,a2WXt0aW76g,https://www.youtube.com/watch?v=a2WXt0aW76g,3896,Kroni Prabowo dalam Proyek Makan Bergizi Gratis (MBG) |  Bocor Alus Politik
UgyqfSZcm_Vt-1orUil4AaABAg,,comment,1 month ago,Coba cek seleksi kepala dapur deh. Ga bener😂,@rickydiswantoro7108,FALSE,0,0,FALSE,a2WXt0aW76g,https://www.youtube.com/watch?v=a2WXt0aW76g,3896,Kroni Prabowo dalam Proyek Makan Bergizi Gratis (MBG) |  Bocor Alus Politik
Ugxuk0BDVQwq6HyGbiV4AaABAg,,comment,1 month ago,pendukung prabowo utk MBG spy bisa kontrol jg,@babyv6054,FALSE,0,0,FALSE,a2WXt0aW76g,https://www.youtube.com/watch?v=a2WXt0aW76g,3896,Kroni Prabowo dalam Proyek Makan Bergizi Gratis (MBG) |  Bocor Alus Politik
UgwUYIODGy65P3Dyz594AaABAg,,comment,1 month ago,Siapapun presidennya korupsi tetap budayanya..... juara,@ign.MHasan,FALSE,0,0,FALSE,a2WXt0aW76g,https://www.youtube.com/watch?v=a2WXt0aW76g,3896,Kroni Prabowo dalam Proyek Makan Bergizi Gratis (MBG) |  Bocor Alus Politik
UgwiRwACgInM4-A2Xa54AaABAg,,comment,1 month ago,Itu yg jelas menggarong uang rakyat berkedok makan siang gratis. Korupsi gaya baru.,@HariYunianto-d7f,FALSE,0,0,FALSE,a2WXt0aW76g,https://www.youtube.com/watch?v=a2WXt0aW76g,3896,Kroni Prabowo dalam Proyek Makan Bergizi Gratis (MBG) |  Bocor Alus Politik
UgwSiJDUlk9UE3gjFBt4AaABAg,,comment,1 month ago,10rb kok mau makan bergizi...pakai badan gizi nasional lagi....mau makan apaaa 10rb bisa bergizi,@sodikinmlg,FALSE,0,0,FALSE,a2WXt0aW76g,https://www.youtube.com/watch?v=a2WXt0aW76g,3896,Kroni Prabowo dalam Proyek Makan Bergizi Gratis (MBG) |  Bocor Alus Politik
UgxGWvb6skZxfvWUopV4AaABAg,,comment,1 month ago,"Tempo jurnalistic hebat2,rakyat gk tau jdi tau,,info2 bagus ,,!!!! Tempo si berani dan kredible",@rajakecil2363,FALSE,0,0,FALSE,a2WXt0aW76g,https://www.youtube.com/watch?v=a2WXt0aW76g,3896,Kroni Prabowo dalam Proyek Makan Bergizi Gratis (MBG) |  Bocor Alus Politik
Ugwll4EAfBmM3CPyivV4AaABAg,,comment,1 month ago,Proyek Makan gratis buat para pejabat..aassuuuuuuuu,@dodimaryadiVlog,FALSE,0,0,FALSE,a2WXt0aW76g,https://www.youtube.com/watch?v=a2WXt0aW76g,3896,Kroni Prabowo dalam Proyek Makan Bergizi Gratis (MBG) |  Bocor Alus Politik
UgzLcOwfremQBCso3Fp4AaABAg,,comment,1 month ago,"Bener banget proyek itu kebanyakan yang dapet orang terdekat Prabowo,di daerah saya ada dapur MBG dan yang punya itu TNI 😂",@aa-ev7if,FALSE,0,0,FALSE,a2WXt0aW76g,https://www.youtube.com/watch?v=a2WXt0aW76g,3896,Kroni Prabowo dalam Proyek Makan Bergizi Gratis (MBG) |  Bocor Alus Politik
UgypszzBb5Bry0d8Ojx4AaABAg,,comment,1 month ago,Udah diduga sih bakal kayak gitu jalannya... Yang terlibat proyek ya lingkaran dia juga😢,@Mama_Najwa,FALSE,0,1,FALSE,a2WXt0aW76g,https://www.youtube.com/watch?v=a2WXt0aW76g,3896,Kroni Prabowo dalam Proyek Makan Bergizi Gratis (MBG) |  Bocor Alus Politik
UgzcDFmo2SmjwW1C3KF4AaABAg,,comment,1 month ago,"Semangat terus Tempo, dikau emang hebat..!!!",@masdjarwo3672,FALSE,0,0,FALSE,a2WXt0aW76g,https://www.youtube.com/watch?v=a2WXt0aW76g,3896,Kroni Prabowo dalam Proyek Makan Bergizi Gratis (MBG) |  Bocor Alus Politik
Ugzt_ox60932fglg0wR4AaABAg,,comment,1 month ago,MBG itu emang tujuan mulia dari pak prabowo tapi itu kenyataannya dilapangan dan realitanya dibawah makan bukan gratis kalau mau handle atau jadi mitra dapur.,@RaynaRaline_Official,FALSE,0,0,FALSE,a2WXt0aW76g,https://www.youtube.com/watch?v=a2WXt0aW76g,3896,Kroni Prabowo dalam Proyek Makan Bergizi Gratis (MBG) |  Bocor Alus Politik
UgwrZuq3F-w1NMkapN14AaABAg,,comment,1 month ago,Di daerah gw..mitra yg ngurusi makan bergisi gratis dari TNI2 juga...kurang dwi fungsi apa lg coba😅,@risky6268,FALSE,0,0,FALSE,a2WXt0aW76g,https://www.youtube.com/watch?v=a2WXt0aW76g,3896,Kroni Prabowo dalam Proyek Makan Bergizi Gratis (MBG) |  Bocor Alus Politik
Ugx8DUWcgsu3U7SHotB4AaABAg,,comment,1 month ago,"Pejabat di negara ini mental korup semua , Prabowo bilang 2030 bubar itu masuk akal",@AndrianWilly-z1l,FALSE,0,0,FALSE,a2WXt0aW76g,https://www.youtube.com/watch?v=a2WXt0aW76g,3896,Kroni Prabowo dalam Proyek Makan Bergizi Gratis (MBG) |  Bocor Alus Politik
UgyForIGIrx-a9LoXyl4AaABAg,,comment,1 month ago,Setiap proyek pasti ada pak ogah,@mr.h5426,FALSE,0,0,FALSE,a2WXt0aW76g,https://www.youtube.com/watch?v=a2WXt0aW76g,3896,Kroni Prabowo dalam Proyek Makan Bergizi Gratis (MBG) |  Bocor Alus Politik
Ugwtrnr12ThZMTniwlx4AaABAg,,comment,1 month ago,"Di negeri Konoha apa sich yg tidak dikorup semuanya dikorupsi dari atas sampai ke paling bawah korupsi dari lembaga pemerintah dan swasta isinya korupsi mmg sdh rusak negara kok dijarah mungkin rakyat tdk usah bayar pajak saja,,,",@parwotowoto204,FALSE,0,0,FALSE,a2WXt0aW76g,https://www.youtube.com/watch?v=a2WXt0aW76g,3896,Kroni Prabowo dalam Proyek Makan Bergizi Gratis (MBG) |  Bocor Alus Politik
UgyUW_h5pJnol9fJppR4AaABAg,,comment,1 month ago,"58℅ pendukung siap pasang badan untuk bowo
Ok gas ok gas ok gas
😂😂😂😂😂😂😂😂😂",@paimonr.i.p7417,FALSE,0,0,FALSE,a2WXt0aW76g,https://www.youtube.com/watch?v=a2WXt0aW76g,3896,Kroni Prabowo dalam Proyek Makan Bergizi Gratis (MBG) |  Bocor Alus Politik
UgyJmP-mHuk17JFEKlt4AaABAg,,comment,1 month ago,Tetap semangat Tempo...,@JoeSuwardi,FALSE,0,0,FALSE,a2WXt0aW76g,https://www.youtube.com/watch?v=a2WXt0aW76g,3896,Kroni Prabowo dalam Proyek Makan Bergizi Gratis (MBG) |  Bocor Alus Politik
UgzyURu91z1hWJBf9yt4AaABAg,,comment,1 month ago (edited),Dah bubar aja kalo semua pejabat penyelenggara negara pikiran nya korupsi Mulu  mending bubar saja kasihan rakyat di bikin miskin oleh koruptor nunggu 2030 bubar kata Prabowo bakal  terbukti itu,@AndrianWilly-z1l,FALSE,0,0,FALSE,a2WXt0aW76g,https://www.youtube.com/watch?v=a2WXt0aW76g,3896,Kroni Prabowo dalam Proyek Makan Bergizi Gratis (MBG) |  Bocor Alus Politik
UgxdPo70BaHLF31-wfR4AaABAg,,comment,1 month ago,"Tahun 80 an Nenek saya mendirikan Taman kanak kanak, beliau menyediakan free meal, caranya di TK itu dibangun dapur. Seperti yang ada di sekolah-sekolah jepang.",@octiarkurniawan6530,FALSE,0,0,FALSE,a2WXt0aW76g,https://www.youtube.com/watch?v=a2WXt0aW76g,3896,Kroni Prabowo dalam Proyek Makan Bergizi Gratis (MBG) |  Bocor Alus Politik
UgwhBZm3oimJoNT1Qg54AaABAg,,comment,1 month ago,Jiah dari kampanye juga tau bagi bagi rezeki 😂😂😂,@sonkimju8495,FALSE,0,0,FALSE,a2WXt0aW76g,https://www.youtube.com/watch?v=a2WXt0aW76g,3896,Kroni Prabowo dalam Proyek Makan Bergizi Gratis (MBG) |  Bocor Alus Politik
UgwpRD01r6irv9KfZr14AaABAg,,comment,1 month ago,Mbg harus dilakukan evaluasi total TDK tepat sasaran bukan untuk siswa melainkan untuk pengelola dari partai maupun keluarga,@anselbata8694,FALSE,0,0,FALSE,a2WXt0aW76g,https://www.youtube.com/watch?v=a2WXt0aW76g,3896,Kroni Prabowo dalam Proyek Makan Bergizi Gratis (MBG) |  Bocor Alus Politik
UgwozDiTlnF_mBmKq-t4AaABAg,,comment,1 month ago,korupsi berkedok makanan gratis 😂,@daniaryuana,FALSE,0,0,FALSE,a2WXt0aW76g,https://www.youtube.com/watch?v=a2WXt0aW76g,3896,Kroni Prabowo dalam Proyek Makan Bergizi Gratis (MBG) |  Bocor Alus Politik
UgwommiSmiYG9ZlUY3p4AaABAg,,comment,1 month ago,Bnyk boss pnyimpangan di level bawah lauknya bnyk basi dan ank2 pda bosen itu2 aja..ini jls ada prmainan,@tukangpentol9723,FALSE,0,0,FALSE,a2WXt0aW76g,https://www.youtube.com/watch?v=a2WXt0aW76g,3896,Kroni Prabowo dalam Proyek Makan Bergizi Gratis (MBG) |  Bocor Alus Politik
Ugw6XvyP9kaVOMZcpZ14AaABAg,,comment,1 month ago,Mungkin kalo ada ilustrasi (semacam slide show ppt) sepertinya akan menjadi lebih menarik..,@leftheartpirates,FALSE,0,0,FALSE,a2WXt0aW76g,https://www.youtube.com/watch?v=a2WXt0aW76g,3896,Kroni Prabowo dalam Proyek Makan Bergizi Gratis (MBG) |  Bocor Alus Politik
UgzdkPED9zl0ZekECcl4AaABAg,,comment,1 month ago,"Semangat tempo , saya dari SD sampai sekarang sudah umur 60 tahun masih baca tempo ,dan waktu SD SMP saya rajin bundelin tulisan tempo yg khusus tentang tokoh tokoh yg memberi dampak positif negatif terhadap dunia ,tapi sekarang mata udh   rabun jadi agak susah baca karena kecil kecil tulisannya , jadi sekarang hanya mendengar saja ,bravo tempo tetap independen dan berintegritas",@wollfie_artsofficial2642,FALSE,2,65,FALSE,a2WXt0aW76g,https://www.youtube.com/watch?v=a2WXt0aW76g,3896,Kroni Prabowo dalam Proyek Makan Bergizi Gratis (MBG) |  Bocor Alus Politik
UgyRRUiZ4f1DaKoZ-s54AaABAg,,comment,1 month ago,"MBG jadi bancakan maling kelaparan.... ,MBG jadi proyek 😂😂😂😂",@syamsuddinsyamsuddin4165,FALSE,0,0,FALSE,a2WXt0aW76g,https://www.youtube.com/watch?v=a2WXt0aW76g,3896,Kroni Prabowo dalam Proyek Makan Bergizi Gratis (MBG) |  Bocor Alus Politik
UgzOzxKhFSRKq_C_aUR4AaABAg,,comment,1 month ago,"Disekolah kami belum ada MBG, justru kami senang.. makanan bisa dikontrol orang tua, jelas belanjanya , halal, bersih dan pasti bergizi.",@misbahudinasror8050,FALSE,0,0,FALSE,a2WXt0aW76g,https://www.youtube.com/watch?v=a2WXt0aW76g,3896,Kroni Prabowo dalam Proyek Makan Bergizi Gratis (MBG) |  Bocor Alus Politik
Ugx5D5JgwqUdRCRNz3l4AaABAg,,comment,1 month ago,Sudah dipastikan bisa sj terjadi kecurangan2 lebih baik setiap oang tua murid  di berikan makanan pokok ( beras)  dll..,@medynation5297,FALSE,0,0,FALSE,a2WXt0aW76g,https://www.youtube.com/watch?v=a2WXt0aW76g,3896,Kroni Prabowo dalam Proyek Makan Bergizi Gratis (MBG) |  Bocor Alus Politik
UgyUO0r6MuMgNlniu7x4AaABAg,,comment,1 month ago,Yakali MBG dikerjakan pendukung abah 😂😂,@pemudaraya2263,FALSE,0,0,FALSE,a2WXt0aW76g,https://www.youtube.com/watch?v=a2WXt0aW76g,3896,Kroni Prabowo dalam Proyek Makan Bergizi Gratis (MBG) |  Bocor Alus Politik
UgwU8Ow2av0wHvs4UyF4AaABAg,,comment,1 month ago,Sudah kuduga... mereka hanya gerombolan manusia yang berfikir keras memindahkan uang negara ke kantong mereka... taeeee taeeeee,@Plat_Hijau,FALSE,0,0,FALSE,a2WXt0aW76g,https://www.youtube.com/watch?v=a2WXt0aW76g,3896,Kroni Prabowo dalam Proyek Makan Bergizi Gratis (MBG) |  Bocor Alus Politik
UgzNmAgNKJ98uObHvI54AaABAg,,comment,1 month ago,Bocor alus ajak ustadz Felix Siau dong biar seru,@rikyafterweekend9588,FALSE,0,0,FALSE,a2WXt0aW76g,https://www.youtube.com/watch?v=a2WXt0aW76g,3896,Kroni Prabowo dalam Proyek Makan Bergizi Gratis (MBG) |  Bocor Alus Politik
Ugxgmoejx61i9wmU4Pt4AaABAg,,comment,1 month ago,"siapapun presidennya, siapapun gubernurnya, siapapun penguasanya, tempo tetap akan memasak 👍",@sandisetiawan3694,FALSE,0,0,FALSE,a2WXt0aW76g,https://www.youtube.com/watch?v=a2WXt0aW76g,3896,Kroni Prabowo dalam Proyek Makan Bergizi Gratis (MBG) |  Bocor Alus Politik
UgxvXjachpqKNBh1HK94AaABAg,,comment,1 month ago,PROYEK AMBISIUS URUSAN USUS ... 😃,@muhendirudiatno22,FALSE,0,0,FALSE,a2WXt0aW76g,https://www.youtube.com/watch?v=a2WXt0aW76g,3896,Kroni Prabowo dalam Proyek Makan Bergizi Gratis (MBG) |  Bocor Alus Politik
UgygDgaPwxj_cHbUhNh4AaABAg,,comment,1 month ago,"MBG program ghoib, di sini tidak ada. Hentikan saja",@hepiikmal,FALSE,0,0,FALSE,a2WXt0aW76g,https://www.youtube.com/watch?v=a2WXt0aW76g,3896,Kroni Prabowo dalam Proyek Makan Bergizi Gratis (MBG) |  Bocor Alus Politik
UgzZer3QJgLZQe_wdG94AaABAg,,comment,1 month ago,Menuju indonesia gelap,@thomasaditigatujuh9193,FALSE,0,0,FALSE,a2WXt0aW76g,https://www.youtube.com/watch?v=a2WXt0aW76g,3896,Kroni Prabowo dalam Proyek Makan Bergizi Gratis (MBG) |  Bocor Alus Politik
Ugw8cOdad4Tzn4xWP294AaABAg,,comment,1 month ago,"awal² dapet anak² kenyang & puas..SD kelas 1 & 2 lho iki..
 skrg ini mrk ngeluh porsinya dikit banget & gk enak",@muhamadali1015,FALSE,0,0,FALSE,a2WXt0aW76g,https://www.youtube.com/watch?v=a2WXt0aW76g,3896,Kroni Prabowo dalam Proyek Makan Bergizi Gratis (MBG) |  Bocor Alus Politik
Ugw9lhLb2J-T01Pb3-F4AaABAg,,comment,1 month ago,Ah narasinya mencari-cari kesalahan orang lain. Dalam islam itu namanya tajjasus dan yang menyimak itu termasuk termasuk yang berdosa juga.,@agusmucharam7998,FALSE,0,0,FALSE,a2WXt0aW76g,https://www.youtube.com/watch?v=a2WXt0aW76g,3896,Kroni Prabowo dalam Proyek Makan Bergizi Gratis (MBG) |  Bocor Alus Politik
Ugy8g27Y4IMNIk4p8sR4AaABAg,,comment,1 month ago,Untuk kepentingan ini prabowo mengangkat ASN.,@merdekabelajarofficial165,FALSE,0,0,FALSE,a2WXt0aW76g,https://www.youtube.com/watch?v=a2WXt0aW76g,3896,Kroni Prabowo dalam Proyek Makan Bergizi Gratis (MBG) |  Bocor Alus Politik
UgznVl27BiDVp1pF_xZ4AaABAg,,comment,1 month ago,GAK KAGET SIH..,@anwardanuarta,FALSE,0,0,FALSE,a2WXt0aW76g,https://www.youtube.com/watch?v=a2WXt0aW76g,3896,Kroni Prabowo dalam Proyek Makan Bergizi Gratis (MBG) |  Bocor Alus Politik
UgyGwRvHmeV5nKALUzl4AaABAg,,comment,1 month ago,Bocor halus woke kereeeen,@paskalisdura7267,FALSE,0,0,FALSE,a2WXt0aW76g,https://www.youtube.com/watch?v=a2WXt0aW76g,3896,Kroni Prabowo dalam Proyek Makan Bergizi Gratis (MBG) |  Bocor Alus Politik
UgyDZpopSO8ulcQDOG94AaABAg,,comment,1 month ago,"Ternyata prabowo orang yang tidak bisa melepas KKN, pantesan Indonesia masa depanya gelap",@gunawanbudisantosa487,FALSE,0,0,FALSE,a2WXt0aW76g,https://www.youtube.com/watch?v=a2WXt0aW76g,3896,Kroni Prabowo dalam Proyek Makan Bergizi Gratis (MBG) |  Bocor Alus Politik
UgwRh3yHuhy4V8Kf7UJ4AaABAg,,comment,1 month ago,MAKAN BERGISI ITU MINIMAL RP 35.000 PER SISWA#,@musdiyono6045,FALSE,0,0,FALSE,a2WXt0aW76g,https://www.youtube.com/watch?v=a2WXt0aW76g,3896,Kroni Prabowo dalam Proyek Makan Bergizi Gratis (MBG) |  Bocor Alus Politik
UgzjhrnhgmvS8SlTvwd4AaABAg,,comment,1 month ago,Memang program asal sebut aja ini pas kampanye. Program omon-omon. 😂😊,@dcprasetyo7077,FALSE,0,0,FALSE,a2WXt0aW76g,https://www.youtube.com/watch?v=a2WXt0aW76g,3896,Kroni Prabowo dalam Proyek Makan Bergizi Gratis (MBG) |  Bocor Alus Politik
UgzdkPED9zl0ZekECcl4AaABAg.AH7BR5HNraJAHCZZ83_Pwg,UgzdkPED9zl0ZekECcl4AaABAg,reply,1 month ago,pake kacamata pak,@nasgorenak,FALSE,0,0,FALSE,a2WXt0aW76g,https://www.youtube.com/watch?v=a2WXt0aW76g,3896,Kroni Prabowo dalam Proyek Makan Bergizi Gratis (MBG) |  Bocor Alus Politik
UgzdkPED9zl0ZekECcl4AaABAg.AH7BR5HNraJAHT3SKkuk69,UgzdkPED9zl0ZekECcl4AaABAg,reply,1 month ago,Hidup george soros 😂,@mozart3878,FALSE,0,0,FALSE,a2WXt0aW76g,https://www.youtube.com/watch?v=a2WXt0aW76g,3896,Kroni Prabowo dalam Proyek Makan Bergizi Gratis (MBG) |  Bocor Alus Politik
UgwnohXqQ-SVvFjSMUx4AaABAg,,comment,1 month ago,Didaerah saya mbg yg megang tentara serta bagian kepala dapur dan staff staff lainnya diisi purnawirawan tentara wkwk,@luftwaffe3018,FALSE,0,0,FALSE,a2WXt0aW76g,https://www.youtube.com/watch?v=a2WXt0aW76g,3896,Kroni Prabowo dalam Proyek Makan Bergizi Gratis (MBG) |  Bocor Alus Politik
UgypP6Nz4DSeSlqIhw14AaABAg,,comment,1 month ago,"Tempo maju terus, 
Salam hormat buat Bocor Halus yang sudah berjuang mencari informasi yang akurat untuk menyampaikan informasi ke rakyat jelata.",@gunawanbudisantosa487,FALSE,0,0,FALSE,a2WXt0aW76g,https://www.youtube.com/watch?v=a2WXt0aW76g,3896,Kroni Prabowo dalam Proyek Makan Bergizi Gratis (MBG) |  Bocor Alus Politik
UgzY1dHOiwqrOw5HPzt4AaABAg,,comment,1 month ago,Makan gratis adalah ladang korupsi baru bagi pejabat korup..👍,@chandrasananwetan8047,FALSE,0,0,FALSE,a2WXt0aW76g,https://www.youtube.com/watch?v=a2WXt0aW76g,3896,Kroni Prabowo dalam Proyek Makan Bergizi Gratis (MBG) |  Bocor Alus Politik
Ugx5N7cArrKgXyql9G54AaABAg,,comment,1 month ago,"Jelas ini proyek, sudah dirancang untuk pencitraan dan korupsi halus.
Luar biasa liciknya rezim prabowo dalam mencari uang tambahan dengan membuat program Makan gratis.
Kalau mau bergizi samakan dong dengan makanan yang dimakan presiden dan mentrinya.",@gunawanbudisantosa487,FALSE,0,0,FALSE,a2WXt0aW76g,https://www.youtube.com/watch?v=a2WXt0aW76g,3896,Kroni Prabowo dalam Proyek Makan Bergizi Gratis (MBG) |  Bocor Alus Politik
UgxfAqxIbCW_J5nV7fh4AaABAg,,comment,1 month ago,Ayoo! Jurnalis Bocor Aluuss Tempo! Masak yg enaakk! Goreng ampe Mateng tuh Berita2 yg Membuka Mata Rakyat! Apa yg terjadi dng Pemerintahan ini!! 👍👍,@bomobaskoro5237,FALSE,0,0,FALSE,a2WXt0aW76g,https://www.youtube.com/watch?v=a2WXt0aW76g,3896,Kroni Prabowo dalam Proyek Makan Bergizi Gratis (MBG) |  Bocor Alus Politik
UgxPSKeBTQ-jXy6lSyR4AaABAg,,comment,1 month ago,Dr awal jg mudah ketebak bakal ky gimana proyek MBG ini,@anne6259,FALSE,0,0,FALSE,a2WXt0aW76g,https://www.youtube.com/watch?v=a2WXt0aW76g,3896,Kroni Prabowo dalam Proyek Makan Bergizi Gratis (MBG) |  Bocor Alus Politik
Ugy0YN-0FjRI64A2UIV4AaABAg,,comment,1 month ago,"Sudahbjogetin sadja biar lupa klo ga makan😂😂

Kaya gitu koar2 mau menerima pengungsi Palestina 😂😂😂
Halu tingkat dewa😅",@titikpuspitarini2580,FALSE,0,0,FALSE,a2WXt0aW76g,https://www.youtube.com/watch?v=a2WXt0aW76g,3896,Kroni Prabowo dalam Proyek Makan Bergizi Gratis (MBG) |  Bocor Alus Politik
UgxeLiQXFGOKAKTv8Sx4AaABAg,,comment,1 month ago,Coba tempo urai komponen mbg nya brp persen produk dlm negeri,@tesgk1,FALSE,0,0,FALSE,a2WXt0aW76g,https://www.youtube.com/watch?v=a2WXt0aW76g,3896,Kroni Prabowo dalam Proyek Makan Bergizi Gratis (MBG) |  Bocor Alus Politik
Ugzgvq2xRxuz8E_uBjV4AaABAg,,comment,1 month ago (edited),"Relawan atau relasi partai  ikut mensukseskan program makan gratis menurut ku ngga ada masalah, wajar aja dan biasa aja yg penting jgn korupsi",@fendiplk4745,FALSE,0,0,FALSE,a2WXt0aW76g,https://www.youtube.com/watch?v=a2WXt0aW76g,3896,Kroni Prabowo dalam Proyek Makan Bergizi Gratis (MBG) |  Bocor Alus Politik
UgyyBIiiaqnLTGoxFst4AaABAg,,comment,1 month ago (edited),"Anggaran banyak dipotong. Dan aktualisasi di lapangan malah kebanyakan yang nerima sekolah elite atau menengah. Ketika ada beberapa yang diliput media bagaimana menu makanannya, ada yang berpendapat kalo makanannya aneh, dsb; pendukungnya malah bilang harusnya bersyukurlah dan blablabla.... (Walaupun memang dengan budget segitu ngarepin apa sih).

Nah, di sisi lain. Di sekitaran daerah saya, sekolah umum belum dapet. Tapi yang dapet duluan malah sekolah IT (yang notabene kita paham kemampuan ekonomi orangtuanya berbeda dengan sekolah umum). Jadi tujuan utama program ini saya bingung, untuk mengurangi angka stunting atau hanya sekedar perang vendor? 😅",@muhammadrafiakbar9578,FALSE,0,0,FALSE,a2WXt0aW76g,https://www.youtube.com/watch?v=a2WXt0aW76g,3896,Kroni Prabowo dalam Proyek Makan Bergizi Gratis (MBG) |  Bocor Alus Politik
UgwvXI-IqyODcfYeycR4AaABAg,,comment,1 month ago,"Maju terus TEMPO ,telanjangi semua kebusukan yg ada di muka bumi NUSANTARA ini....❤",@SafarUdin-i2d,FALSE,0,0,FALSE,a2WXt0aW76g,https://www.youtube.com/watch?v=a2WXt0aW76g,3896,Kroni Prabowo dalam Proyek Makan Bergizi Gratis (MBG) |  Bocor Alus Politik
Ugzbvi2xcxNNBTWaoax4AaABAg,,comment,1 month ago,"pROYEK MBG JALAN BARU UNTUK RAMPOK APBN , KEMARIN FOOD ESTET",@tarjosaja864,FALSE,0,0,FALSE,a2WXt0aW76g,https://www.youtube.com/watch?v=a2WXt0aW76g,3896,Kroni Prabowo dalam Proyek Makan Bergizi Gratis (MBG) |  Bocor Alus Politik
UgzgkyRBKPicrbqoyBZ4AaABAg,,comment,1 month ago,Program korupsi prabowo,@AhmadQurni,FALSE,0,0,FALSE,a2WXt0aW76g,https://www.youtube.com/watch?v=a2WXt0aW76g,3896,Kroni Prabowo dalam Proyek Makan Bergizi Gratis (MBG) |  Bocor Alus Politik
UgwMI4OJ05Nr7AP5TXR4AaABAg,,comment,1 month ago,Proyek yang sampai saat ini belum dinikmati semua siswa terutama di daerah pinggiran,@putralopi1751,FALSE,0,0,FALSE,a2WXt0aW76g,https://www.youtube.com/watch?v=a2WXt0aW76g,3896,Kroni Prabowo dalam Proyek Makan Bergizi Gratis (MBG) |  Bocor Alus Politik
UgxnD8PwlrnjSRQEoT14AaABAg,,comment,1 month ago (edited),Sudah diprediksi dari awal bahwa ketidak profesionalan dan korupsi akan banyak terjadi di pemerintahan prabowo.,@rudymichael174,FALSE,0,0,FALSE,a2WXt0aW76g,https://www.youtube.com/watch?v=a2WXt0aW76g,3896,Kroni Prabowo dalam Proyek Makan Bergizi Gratis (MBG) |  Bocor Alus Politik
UgxfN_AVt4zwrZaqMMt4AaABAg,,comment,1 month ago,Ada juga Media dan kaum fitnah para penikmat uangnya Goorge Soros ( Yahudi Internasional).,@adrihaji1634,FALSE,1,0,FALSE,a2WXt0aW76g,https://www.youtube.com/watch?v=a2WXt0aW76g,3896,Kroni Prabowo dalam Proyek Makan Bergizi Gratis (MBG) |  Bocor Alus Politik
Ugz_D84bSvUxytNKO8N4AaABAg,,comment,1 month ago (edited),"Projek tipu2, yg bergizi ya mitranya projek.makan bergizi  ,klo rakyat ma tetap aja cacingan 😂😂😂😂",@marselinuspadidi938,FALSE,0,0,FALSE,a2WXt0aW76g,https://www.youtube.com/watch?v=a2WXt0aW76g,3896,Kroni Prabowo dalam Proyek Makan Bergizi Gratis (MBG) |  Bocor Alus Politik
UgwL0z8k_MHDUEw2XPB4AaABAg,,comment,1 month ago,Tempo memang beda sejak dulu..,@Ali-zs5fl,FALSE,0,0,FALSE,a2WXt0aW76g,https://www.youtube.com/watch?v=a2WXt0aW76g,3896,Kroni Prabowo dalam Proyek Makan Bergizi Gratis (MBG) |  Bocor Alus Politik
UgzwC0oeqN276DrlL9l4AaABAg,,comment,1 month ago,"Semoga pak prabowo merubah proyek program makanan bergizi gratis,menjadi proyek program 200juta lapangan pekerjaan bergaji umr,aamiin",@bokehbackground6444,FALSE,0,3,FALSE,a2WXt0aW76g,https://www.youtube.com/watch?v=a2WXt0aW76g,3896,Kroni Prabowo dalam Proyek Makan Bergizi Gratis (MBG) |  Bocor Alus Politik
UgximQ61pB3jGVVZpnl4AaABAg,,comment,1 month ago,"Kalau modelnya seperti ini, Indonesia nggak perlu ada pemilu. Pakai sistem arisan aja yang mau berkuasa.

Jaman SBY, Demokrat dan koalisinya bancakan
Jama Mulyono, PDIP dan koalisinya bancakan
Jawan Wowo, Gerindra dan koalisinya bancakan

Terus rakyat berharap berubah dengan ganti presiden? 
Mimpi saja terus selagi mimpi belum dilarang dan dikenai pajak!",@Ikhwan17,FALSE,0,0,FALSE,a2WXt0aW76g,https://www.youtube.com/watch?v=a2WXt0aW76g,3896,Kroni Prabowo dalam Proyek Makan Bergizi Gratis (MBG) |  Bocor Alus Politik
UgxfN_AVt4zwrZaqMMt4AaABAg.AH75eIhRJ9nAHSuHsvPoMB,UgxfN_AVt4zwrZaqMMt4AaABAg,reply,1 month ago, @adrihaji1634  lah Danantara byk antek asing tuh wkwkwk,@BelimbingSayurAsamSulfat,FALSE,0,1,FALSE,a2WXt0aW76g,https://www.youtube.com/watch?v=a2WXt0aW76g,3896,Kroni Prabowo dalam Proyek Makan Bergizi Gratis (MBG) |  Bocor Alus Politik
Ugyq_2WudIDM01Th9ip4AaABAg,,comment,1 month ago,"Rasanya MBG sebagai reinkarnasi bansos sulit dibantah, namanya saja program tapi pelaksanaannya persis seperti proyek 😂😂😂",@samuelsiahaan8291,FALSE,0,0,FALSE,a2WXt0aW76g,https://www.youtube.com/watch?v=a2WXt0aW76g,3896,Kroni Prabowo dalam Proyek Makan Bergizi Gratis (MBG) |  Bocor Alus Politik
Ugy7Bvb_8III7S8MOqh4AaABAg,,comment,1 month ago,Jelas BGN hanya kedok untuk keuntungan penguasa dan kaki tangannya/ordal. Indonesia fix gelap banget.,@ink.labubu,FALSE,0,0,FALSE,a2WXt0aW76g,https://www.youtube.com/watch?v=a2WXt0aW76g,3896,Kroni Prabowo dalam Proyek Makan Bergizi Gratis (MBG) |  Bocor Alus Politik
Ugx8AaetruDkE4neMQx4AaABAg,,comment,1 month ago,"Tempo dalam hal ini memasak tidak sedap...hanya memberitakan hal2 yang tidak baiknya...sedangkan hal baiknya lebih banyak...perbandingannya 90 baik 10 tidak baik..saya akan memberi tau yang baiknya
. Setiap dapur memberi lapangan kerja minimal 50 orang yang langsung & ada pekerja yang tidak langsung
. Membuat perekonomian daerah menggeliat dengan adanya dana pusat turun kedaerah
. Penjual bahan untuk MBG pendapatan meningkat
. Anak2 disekolah waktu bersama secara umum ada dalam artian tidak berkelompok perhatian guru bertambah...dan lain lain
Saran....
Dalam praktek banyak guru ingin mereka juga diberi agar mereka dapat ikut dalam kebersamaan
Memang transparansi BGN dalam pengelolaan program ini.",@daronimangkualam4050,FALSE,0,0,FALSE,a2WXt0aW76g,https://www.youtube.com/watch?v=a2WXt0aW76g,3896,Kroni Prabowo dalam Proyek Makan Bergizi Gratis (MBG) |  Bocor Alus Politik
UgyPZ7shAJg94scrfkB4AaABAg,,comment,1 month ago,"Hajar terus, Tempo.",@moh.kamilakhyari623,FALSE,0,0,FALSE,a2WXt0aW76g,https://www.youtube.com/watch?v=a2WXt0aW76g,3896,Kroni Prabowo dalam Proyek Makan Bergizi Gratis (MBG) |  Bocor Alus Politik
UgxX--_uhYCCxHU6uZp4AaABAg,,comment,1 month ago,"Tipe Prabowo itu tidak bisa jadi presiden,pimpin negara , dia cocoknya jadi pengusaha",@KibulKabul,FALSE,0,0,FALSE,a2WXt0aW76g,https://www.youtube.com/watch?v=a2WXt0aW76g,3896,Kroni Prabowo dalam Proyek Makan Bergizi Gratis (MBG) |  Bocor Alus Politik
Ugzolc7Q9O0f0kudU2x4AaABAg,,comment,1 month ago,"Kelakuan politisi dan pejabat Konoha, setiap ada program..
Ujungnya dijadikan proyek bancaan",@firmanhidayat5606,FALSE,0,0,FALSE,a2WXt0aW76g,https://www.youtube.com/watch?v=a2WXt0aW76g,3896,Kroni Prabowo dalam Proyek Makan Bergizi Gratis (MBG) |  Bocor Alus Politik
UgxMpQ-ARiJiMmBIqWp4AaABAg,,comment,1 month ago,Kami di pelosok kalbar proyek mbg . Alat memasak pakai kuali raksasa. Diameter 100 meter,@ahmadyamin6604,FALSE,0,0,FALSE,a2WXt0aW76g,https://www.youtube.com/watch?v=a2WXt0aW76g,3896,Kroni Prabowo dalam Proyek Makan Bergizi Gratis (MBG) |  Bocor Alus Politik
Ugx93pcYRZ0pbh7PTJx4AaABAg,,comment,1 month ago,Kan.. apaa Gue Bilang...  😂,@wstnesia,FALSE,0,0,FALSE,a2WXt0aW76g,https://www.youtube.com/watch?v=a2WXt0aW76g,3896,Kroni Prabowo dalam Proyek Makan Bergizi Gratis (MBG) |  Bocor Alus Politik
UgzsSADcx1yYj1yCzH14AaABAg,,comment,1 month ago,"Memang itu gratis ya???  Pajak naik..bayar bayar bayar ke pemerintah... uang dari rakyat..di kumpulkan,, di kembalikan lagi buat makan makan dan makan... gratisnya dari mana ya??",@kotex2292,FALSE,0,0,FALSE,a2WXt0aW76g,https://www.youtube.com/watch?v=a2WXt0aW76g,3896,Kroni Prabowo dalam Proyek Makan Bergizi Gratis (MBG) |  Bocor Alus Politik
Ugy1RNC3Wc0v6Jiv9QN4AaABAg,,comment,1 month ago,Jateng hadiirr...nyimaak😊,@Gaada1739,FALSE,0,0,FALSE,a2WXt0aW76g,https://www.youtube.com/watch?v=a2WXt0aW76g,3896,Kroni Prabowo dalam Proyek Makan Bergizi Gratis (MBG) |  Bocor Alus Politik
UgzWC8NYbr2jZ4rfUjp4AaABAg,,comment,1 month ago,"Proyek Makan Bergizi Gratis (MBG)ini dari awal sejak kampanye kita uda duga Proyek MBG potensi Kolusi, Korupsi dan Nepotisme udah terbaca dan bakal terjadi. Proyek ini utk Oligarki, Orang Deket dan Pengusaha Kakap. Rezim ini sebelas dua belas sama Rezim Joko, merubah dan membuat sesuatu sesuai selera aja. Apalgi MBG ini akan menghabiskan APBN besar sekali 1500 Triliunan selama 5 Thn. Kasian uang rakyat aja",@vilagekampung,FALSE,0,0,FALSE,a2WXt0aW76g,https://www.youtube.com/watch?v=a2WXt0aW76g,3896,Kroni Prabowo dalam Proyek Makan Bergizi Gratis (MBG) |  Bocor Alus Politik
UgzAWYiqrtev-sNvk414AaABAg,,comment,1 month ago,"Dari awal sudah menduga kalo ini program akal-akalan untuk bancakan para ""tikus"".",@arwanhidayat6493,FALSE,0,0,FALSE,a2WXt0aW76g,https://www.youtube.com/watch?v=a2WXt0aW76g,3896,Kroni Prabowo dalam Proyek Makan Bergizi Gratis (MBG) |  Bocor Alus Politik
Ugw4VDw4JxADzktQFNh4AaABAg,,comment,1 month ago,Jurnalistik untuk keadilan  rakyat...mantab,@imansudrajat3297,FALSE,0,0,FALSE,a2WXt0aW76g,https://www.youtube.com/watch?v=a2WXt0aW76g,3896,Kroni Prabowo dalam Proyek Makan Bergizi Gratis (MBG) |  Bocor Alus Politik
UgwFMWRHFaZ5bf-fdFt4AaABAg,,comment,1 month ago,"Saya adalah salah satu orang yang mencoba menjadi mitra, syarat udah diunggah, data sudah dilengkapi, dan ujung-ujungnya ditolak karena tidak memenuhi syarat. ingin punya dapur harus punya dana minimal 3 Milyar wkwkwk lucu, mana bisa UMKM.",@aaimamkamal_,FALSE,0,1,FALSE,a2WXt0aW76g,https://www.youtube.com/watch?v=a2WXt0aW76g,3896,Kroni Prabowo dalam Proyek Makan Bergizi Gratis (MBG) |  Bocor Alus Politik
Ugwuq1p1Ps8F3lhHbDt4AaABAg,,comment,1 month ago,Padamu negri,@rizky21badminton7,FALSE,0,0,FALSE,a2WXt0aW76g,https://www.youtube.com/watch?v=a2WXt0aW76g,3896,Kroni Prabowo dalam Proyek Makan Bergizi Gratis (MBG) |  Bocor Alus Politik
UgxGk1SdyVe-R2SyST54AaABAg,,comment,1 month ago,Mbg: Makan Bergizi Garong😢,@rudillahaston5039,FALSE,0,0,FALSE,a2WXt0aW76g,https://www.youtube.com/watch?v=a2WXt0aW76g,3896,Kroni Prabowo dalam Proyek Makan Bergizi Gratis (MBG) |  Bocor Alus Politik
UgxV9kk5pk1bifGs93x4AaABAg,,comment,1 month ago,Makan Bergizi Gengnya,@NicoShalihin,FALSE,0,0,FALSE,a2WXt0aW76g,https://www.youtube.com/watch?v=a2WXt0aW76g,3896,Kroni Prabowo dalam Proyek Makan Bergizi Gratis (MBG) |  Bocor Alus Politik
UgzrzAxXuiQUCnN3r7t4AaABAg,,comment,1 month ago,MAKAN GRATIS BELUM BERJALAN 'KOROPSINYA SUDAH DI JALANKAN''DI KAMOUNGKU BELUM ADA NAMANYA MBG,@demang6661,FALSE,0,0,FALSE,a2WXt0aW76g,https://www.youtube.com/watch?v=a2WXt0aW76g,3896,Kroni Prabowo dalam Proyek Makan Bergizi Gratis (MBG) |  Bocor Alus Politik
Ugxi1DW6w31HFWavRaV4AaABAg,,comment,1 month ago,Proyek 😂,@nisssaaa,FALSE,0,1,FALSE,a2WXt0aW76g,https://www.youtube.com/watch?v=a2WXt0aW76g,3896,Kroni Prabowo dalam Proyek Makan Bergizi Gratis (MBG) |  Bocor Alus Politik
Ugy4bX1S32eGV0mG10F4AaABAg,,comment,1 month ago,"Dari zaman orba... Lingkar istana memang gercep kalo ada peluang ngentit duit, duit, duit... Masalah vendor pada bangkrut, mana mereka peduli! 😅🤣😅🤣🤦🏻‍♂️",@erryfachrizal4788,FALSE,0,0,FALSE,a2WXt0aW76g,https://www.youtube.com/watch?v=a2WXt0aW76g,3896,Kroni Prabowo dalam Proyek Makan Bergizi Gratis (MBG) |  Bocor Alus Politik
UgyifZ-350Q8Rx2m_M94AaABAg,,comment,1 month ago,"ditempat daerah saya , saya belum mendengar dimana ada MBG.... tapi disekolah anak saya malah tiap senin awal bulan bawa bekal dari rumah... hahahahaha....",@pietrajaya,FALSE,0,1,FALSE,a2WXt0aW76g,https://www.youtube.com/watch?v=a2WXt0aW76g,3896,Kroni Prabowo dalam Proyek Makan Bergizi Gratis (MBG) |  Bocor Alus Politik
Ugzr6hbnl6WMa0inILR4AaABAg,,comment,1 month ago,Amis kah aromanya  ?,@AndriJamal-nt9bo,FALSE,0,0,FALSE,a2WXt0aW76g,https://www.youtube.com/watch?v=a2WXt0aW76g,3896,Kroni Prabowo dalam Proyek Makan Bergizi Gratis (MBG) |  Bocor Alus Politik
UgzW2pBcBn1ZtBhaOEx4AaABAg,,comment,1 month ago,Tempo still the best…salam dari Alumni UGM…Anak Abah yang merindukan pemimpin Indonesia spt Bung Hatta..,@salmanfarisi-b5c,FALSE,0,0,FALSE,a2WXt0aW76g,https://www.youtube.com/watch?v=a2WXt0aW76g,3896,Kroni Prabowo dalam Proyek Makan Bergizi Gratis (MBG) |  Bocor Alus Politik
UgxGXPzFwwmdTA4T2OF4AaABAg,,comment,1 month ago,Sdh diduga,@dwiendah2995,FALSE,0,0,FALSE,a2WXt0aW76g,https://www.youtube.com/watch?v=a2WXt0aW76g,3896,Kroni Prabowo dalam Proyek Makan Bergizi Gratis (MBG) |  Bocor Alus Politik
UgwmknF3lUZJ_mTvPfx4AaABAg,,comment,1 month ago,"Apakah ini suatu pelanggaran penyalahgunaan wewenang oleh presiden??
Kemana kita harus melaporkan??",@genionamang8107,FALSE,0,0,FALSE,a2WXt0aW76g,https://www.youtube.com/watch?v=a2WXt0aW76g,3896,Kroni Prabowo dalam Proyek Makan Bergizi Gratis (MBG) |  Bocor Alus Politik
Ugxt2yvN7MThnDzrb3l4AaABAg,,comment,1 month ago,Programnya sih bagus tapi tanpa perencanaan yang matang  terlalu di paksakan jadinya ya begini banyak masalah .,@bennyhendry4088,FALSE,0,0,FALSE,a2WXt0aW76g,https://www.youtube.com/watch?v=a2WXt0aW76g,3896,Kroni Prabowo dalam Proyek Makan Bergizi Gratis (MBG) |  Bocor Alus Politik
Ugw9jzvqlv6rcQ_b_kl4AaABAg,,comment,1 month ago,itulah...Indonesia Raya....,@rochanisastraadinegoro5947,FALSE,0,0,FALSE,a2WXt0aW76g,https://www.youtube.com/watch?v=a2WXt0aW76g,3896,Kroni Prabowo dalam Proyek Makan Bergizi Gratis (MBG) |  Bocor Alus Politik
Ugwt_crvSZcRcAjdKZN4AaABAg,,comment,1 month ago,"Coba deh pemerintah jujur, cek plus minus-nya MBG selama setengah tahun ini.. bener membuat anak2 lebih baik gizinya?",@kumakun8201,FALSE,0,0,FALSE,a2WXt0aW76g,https://www.youtube.com/watch?v=a2WXt0aW76g,3896,Kroni Prabowo dalam Proyek Makan Bergizi Gratis (MBG) |  Bocor Alus Politik
Ugww8hMEG8_7HPJ9mYV4AaABAg,,comment,1 month ago,ini semua karena GERINDRA,@cahyosubarkah5608,FALSE,0,0,FALSE,a2WXt0aW76g,https://www.youtube.com/watch?v=a2WXt0aW76g,3896,Kroni Prabowo dalam Proyek Makan Bergizi Gratis (MBG) |  Bocor Alus Politik
UgxZKWBhubYttxu0xn94AaABAg,,comment,1 month ago,👍❤️,@iskandarzulfikarnain2751,FALSE,0,0,FALSE,a2WXt0aW76g,https://www.youtube.com/watch?v=a2WXt0aW76g,3896,Kroni Prabowo dalam Proyek Makan Bergizi Gratis (MBG) |  Bocor Alus Politik
UgytgBlF-axShcSeWvx4AaABAg,,comment,1 month ago,👍❤️,@iskandarzulfikarnain2751,FALSE,0,0,FALSE,a2WXt0aW76g,https://www.youtube.com/watch?v=a2WXt0aW76g,3896,Kroni Prabowo dalam Proyek Makan Bergizi Gratis (MBG) |  Bocor Alus Politik
UgxGfnBGBOnJZ98DxeN4AaABAg,,comment,1 month ago,jahat bgt,@panjiakbar7846,FALSE,0,0,FALSE,a2WXt0aW76g,https://www.youtube.com/watch?v=a2WXt0aW76g,3896,Kroni Prabowo dalam Proyek Makan Bergizi Gratis (MBG) |  Bocor Alus Politik
Ugwraz1-DacEWROZE_54AaABAg,,comment,1 month ago,"Mantap koruptor smakin buanyak dan berani...omon"" doang.",@rudy6508,FALSE,0,1,FALSE,a2WXt0aW76g,https://www.youtube.com/watch?v=a2WXt0aW76g,3896,Kroni Prabowo dalam Proyek Makan Bergizi Gratis (MBG) |  Bocor Alus Politik
UgyvFVn_b3AJlW4oJOR4AaABAg,,comment,1 month ago,"Ga masuk logika MBG,mending cetak sawah, bendungan jembatan,dan energi listrik ,yakin masarakat pasti maju.kadi makan amburadul,habis makan terus di berakin .70 triliun kl bangun listrik di daerah dengan sistim subsidi pasti maju Indonesiaku ini",@bobywato-bm1si,FALSE,0,0,FALSE,a2WXt0aW76g,https://www.youtube.com/watch?v=a2WXt0aW76g,3896,Kroni Prabowo dalam Proyek Makan Bergizi Gratis (MBG) |  Bocor Alus Politik
Ugx8ZZ-lC5RievBaHFh4AaABAg,,comment,1 month ago,Masakan tempo enak dinikmati orang yg masih waras👍,@sugimansugiman138,FALSE,0,0,FALSE,a2WXt0aW76g,https://www.youtube.com/watch?v=a2WXt0aW76g,3896,Kroni Prabowo dalam Proyek Makan Bergizi Gratis (MBG) |  Bocor Alus Politik
UgwmsoFuszgwAZZcItJ4AaABAg,,comment,1 month ago,"Bang, kata oom Bennix, abang dibiayai George Soros",@anantoprasetyo1441,FALSE,0,0,FALSE,a2WXt0aW76g,https://www.youtube.com/watch?v=a2WXt0aW76g,3896,Kroni Prabowo dalam Proyek Makan Bergizi Gratis (MBG) |  Bocor Alus Politik
Ugy4L0cwzOVFb8m0HiZ4AaABAg,,comment,1 month ago,Dwifungsi ABRI udah merajalela ya. Sample ke Tempo aja ada ABRI-nya.,@coolguy5212,FALSE,0,0,FALSE,a2WXt0aW76g,https://www.youtube.com/watch?v=a2WXt0aW76g,3896,Kroni Prabowo dalam Proyek Makan Bergizi Gratis (MBG) |  Bocor Alus Politik
UgwhiU1urwwkXAnGTqd4AaABAg,,comment,1 month ago,MBG cuma omon2??.. daerahku blom ada tuh MBG...semoga segera berhenti program MBG,@pejuangdemokrasi777,FALSE,0,0,FALSE,a2WXt0aW76g,https://www.youtube.com/watch?v=a2WXt0aW76g,3896,Kroni Prabowo dalam Proyek Makan Bergizi Gratis (MBG) |  Bocor Alus Politik
UgzvoCEw6VPPgyOzCOR4AaABAg,,comment,1 month ago,Program MBG = Proyek MBG.,@maryamassyamsiyah2856,FALSE,0,0,FALSE,a2WXt0aW76g,https://www.youtube.com/watch?v=a2WXt0aW76g,3896,Kroni Prabowo dalam Proyek Makan Bergizi Gratis (MBG) |  Bocor Alus Politik
UgzwysQnUiYVrnFJRf54AaABAg,,comment,1 month ago,Sebenarnya makan gizi gratis itu ada di daerah mana sich. Kok ditempatku (jatim) belum ada makan gizi gratis. Sebenarnya program itu ada apa sudah ditiadakan ya.,@pujirahayu9717,FALSE,0,1,FALSE,a2WXt0aW76g,https://www.youtube.com/watch?v=a2WXt0aW76g,3896,Kroni Prabowo dalam Proyek Makan Bergizi Gratis (MBG) |  Bocor Alus Politik
UgxY-C2Skw_PMwsPZ_V4AaABAg,,comment,1 month ago,Terus mantap,@hamaddiq1448,FALSE,0,0,FALSE,a2WXt0aW76g,https://www.youtube.com/watch?v=a2WXt0aW76g,3896,Kroni Prabowo dalam Proyek Makan Bergizi Gratis (MBG) |  Bocor Alus Politik
UgxyRorDDs8N148i9494AaABAg,,comment,1 month ago,kalo korupsi makanan ini susah ditelusuri karena makanan itu habis pakai.,@mradhayuda1,FALSE,0,1,FALSE,a2WXt0aW76g,https://www.youtube.com/watch?v=a2WXt0aW76g,3896,Kroni Prabowo dalam Proyek Makan Bergizi Gratis (MBG) |  Bocor Alus Politik
Ugzgi7kh9sVZo3wV1Wx4AaABAg,,comment,1 month ago,"walaupun kpk,kejaksaan dan kepolisian dibungkam tapi moral nurani bangsa Indonesia tetap berjalan sesuai akal sehat.❤ masyarakat mari kita lindungi Tempo",@antoniq9000-med,FALSE,0,18,FALSE,a2WXt0aW76g,https://www.youtube.com/watch?v=a2WXt0aW76g,3896,Kroni Prabowo dalam Proyek Makan Bergizi Gratis (MBG) |  Bocor Alus Politik
UgwplS8n7hg8fmEpQPJ4AaABAg,,comment,1 month ago,"Itu sdh ketebak dari awal, ga jauh2 dari proyek bancakan.",@antihoax4808,FALSE,0,1,FALSE,a2WXt0aW76g,https://www.youtube.com/watch?v=a2WXt0aW76g,3896,Kroni Prabowo dalam Proyek Makan Bergizi Gratis (MBG) |  Bocor Alus Politik
Ugyk2gtRQF9YKn9T2j14AaABAg,,comment,1 month ago,MGM itu di jadikan proyek MALING yg menjabat saat ini... Ayo sadarlah rakyat Indonesia Anda semua dibohongi melek mata dan hatimu,@mohammadgustaf5757,FALSE,0,1,FALSE,a2WXt0aW76g,https://www.youtube.com/watch?v=a2WXt0aW76g,3896,Kroni Prabowo dalam Proyek Makan Bergizi Gratis (MBG) |  Bocor Alus Politik
Ugye9lQgOZwjf8E8Jdp4AaABAg,,comment,1 month ago,Thanks!,@antoniq9000-med,FALSE,0,2,FALSE,a2WXt0aW76g,https://www.youtube.com/watch?v=a2WXt0aW76g,3896,Kroni Prabowo dalam Proyek Makan Bergizi Gratis (MBG) |  Bocor Alus Politik
UgxbKuVDfsOoF12bDBV4AaABAg,,comment,1 month ago,main game di kantor gratis ... 🤞😅,@hanisitsobarna4897,FALSE,0,0,FALSE,a2WXt0aW76g,https://www.youtube.com/watch?v=a2WXt0aW76g,3896,Kroni Prabowo dalam Proyek Makan Bergizi Gratis (MBG) |  Bocor Alus Politik
UgzCfDMpLk4I4749Ijl4AaABAg,,comment,1 month ago,"ADA YANG DENGAN BANGGA AKAN MENEMUI TRUMP UNTUK MEMINTA PENURUNAN TARIF
EH GA TAUNYA MALAH DINAIKAN😅
MALU SAMPAI KE UBUN😂😂😂",@TeukuAdrik,FALSE,0,3,FALSE,a2WXt0aW76g,https://www.youtube.com/watch?v=a2WXt0aW76g,3896,Kroni Prabowo dalam Proyek Makan Bergizi Gratis (MBG) |  Bocor Alus Politik
UgwyP3Bqs3iNGHbDWqh4AaABAg,,comment,1 month ago,"Bentuk Yayasan jadi inget Yayasan Supersemar jaman orba yg jafi bancakan korupsi tanpa tersentuh hukum, dan lagi ngga ada pajak disitu, apakah ini model korupsi copy paste jaman orba?",@Banyumili-pd2oz,FALSE,0,0,FALSE,a2WXt0aW76g,https://www.youtube.com/watch?v=a2WXt0aW76g,3896,Kroni Prabowo dalam Proyek Makan Bergizi Gratis (MBG) |  Bocor Alus Politik
UgxIQdD6qd554Q9iy_d4AaABAg,,comment,1 month ago,Cica kmn?,@dewadurja,FALSE,0,1,FALSE,a2WXt0aW76g,https://www.youtube.com/watch?v=a2WXt0aW76g,3896,Kroni Prabowo dalam Proyek Makan Bergizi Gratis (MBG) |  Bocor Alus Politik
UgztGEreOxdIXDxmUGp4AaABAg,,comment,1 month ago,Cuan2...,@romadlonwahyu5555,FALSE,0,1,FALSE,a2WXt0aW76g,https://www.youtube.com/watch?v=a2WXt0aW76g,3896,Kroni Prabowo dalam Proyek Makan Bergizi Gratis (MBG) |  Bocor Alus Politik
Ugy7Vzbsk0c0uOhaEyR4AaABAg,,comment,1 month ago,Berita tempo selalu ditunggu ❤,@ariessusanti2094,FALSE,0,2,FALSE,a2WXt0aW76g,https://www.youtube.com/watch?v=a2WXt0aW76g,3896,Kroni Prabowo dalam Proyek Makan Bergizi Gratis (MBG) |  Bocor Alus Politik
UgzANHV4CFpbTdCx7PZ4AaABAg,,comment,1 month ago,Menciptakan grombolan maling terbaru,@suburhidayat1982,FALSE,0,1,FALSE,a2WXt0aW76g,https://www.youtube.com/watch?v=a2WXt0aW76g,3896,Kroni Prabowo dalam Proyek Makan Bergizi Gratis (MBG) |  Bocor Alus Politik
Ugzb5Oy8AEcm6L6Dv8t4AaABAg,,comment,1 month ago,"Gimana yah caranya supaya ngga ada korupsi?
Masa iya ngga perlu diadain program atau pembangunan supaya ngga ada peluang buat korupsi, kan ngga mungkin yah?",@paiman7547,FALSE,1,1,FALSE,a2WXt0aW76g,https://www.youtube.com/watch?v=a2WXt0aW76g,3896,Kroni Prabowo dalam Proyek Makan Bergizi Gratis (MBG) |  Bocor Alus Politik
UgybnijCUhttsJgtq2Z4AaABAg,,comment,1 month ago,KAMI BERSAMA TEMPO,@AlviSyahrina,FALSE,0,20,FALSE,a2WXt0aW76g,https://www.youtube.com/watch?v=a2WXt0aW76g,3896,Kroni Prabowo dalam Proyek Makan Bergizi Gratis (MBG) |  Bocor Alus Politik
UgzhRCQQJB6nxRKh67J4AaABAg,,comment,1 month ago (edited),"Sama saja ternyata  menral president,11-12, cuma ganti nama  dan postur tubuh ,tapi isi didalam nya,, pantas saja president takberani hukummati atau miskinkan koruptor😢",@OmaSofie,FALSE,0,1,FALSE,a2WXt0aW76g,https://www.youtube.com/watch?v=a2WXt0aW76g,3896,Kroni Prabowo dalam Proyek Makan Bergizi Gratis (MBG) |  Bocor Alus Politik
UgyjT6O__6M6PPPd0g94AaABAg,,comment,1 month ago,"Mulyono sdg ngatur abis ini dia bisa nyalon lagi jd presiden dg wakilnya anaknya , mentrinya anaknya , ketua KPK nya mantunya dan jaksa agungnya Adik ipar",@furkonazhari9510,FALSE,0,1,FALSE,a2WXt0aW76g,https://www.youtube.com/watch?v=a2WXt0aW76g,3896,Kroni Prabowo dalam Proyek Makan Bergizi Gratis (MBG) |  Bocor Alus Politik
UgxvVFZae4x1sEmPKj54AaABAg,,comment,1 month ago,Suka dan percaya dengan info bocor alus,@dyahadzaniambarwati1372,FALSE,0,0,FALSE,a2WXt0aW76g,https://www.youtube.com/watch?v=a2WXt0aW76g,3896,Kroni Prabowo dalam Proyek Makan Bergizi Gratis (MBG) |  Bocor Alus Politik
UgzWSOeRcx0P3vooC094AaABAg,,comment,1 month ago,Donlod file di Scribd bukan sih?,@millionadeline1641,FALSE,0,0,FALSE,a2WXt0aW76g,https://www.youtube.com/watch?v=a2WXt0aW76g,3896,Kroni Prabowo dalam Proyek Makan Bergizi Gratis (MBG) |  Bocor Alus Politik
Ugz-eqZ6eo6dend8_XZ4AaABAg,,comment,1 month ago,Ini ngomong ada buktai kongkretnya nggk ya,@SrijayaPrinting-i1u,FALSE,0,0,FALSE,a2WXt0aW76g,https://www.youtube.com/watch?v=a2WXt0aW76g,3896,Kroni Prabowo dalam Proyek Makan Bergizi Gratis (MBG) |  Bocor Alus Politik
Ugzb5Oy8AEcm6L6Dv8t4AaABAg.AH6ulhl5lNDAH6vTYkVgsq,Ugzb5Oy8AEcm6L6Dv8t4AaABAg,reply,1 month ago,"Korupsi itu pasti ada, caranya pake proposal dengan akuntansi yang udah di fixed jumlah tertentu paling gampang ya di Mark Up, macam harga aslinya 50 ribu jadi 200 ribu. 

Itu aja korupsi paling simpel, Hukum aja lebih tajam ke orang biasa makanya lebih baik kita gak macem2 ama yang diatas kasarnya gitu",@Hensei5339,FALSE,0,0,FALSE,a2WXt0aW76g,https://www.youtube.com/watch?v=a2WXt0aW76g,3896,Kroni Prabowo dalam Proyek Makan Bergizi Gratis (MBG) |  Bocor Alus Politik
UgzRXF5VA8JwHve10f54AaABAg,,comment,1 month ago,"ketika kita tak punya partai oposisi, beruntung masih ada tempo..",@didirustandi1833,FALSE,0,0,FALSE,a2WXt0aW76g,https://www.youtube.com/watch?v=a2WXt0aW76g,3896,Kroni Prabowo dalam Proyek Makan Bergizi Gratis (MBG) |  Bocor Alus Politik
UgymiQEN3jTR9l7-8j94AaABAg,,comment,1 month ago,"Kuncinya ada sama Prabowo, Semua program PraGib bermasalah. Indonesia bubar semakin mendekat....",@Sarif-Rikardo-Nababan,FALSE,0,0,FALSE,a2WXt0aW76g,https://www.youtube.com/watch?v=a2WXt0aW76g,3896,Kroni Prabowo dalam Proyek Makan Bergizi Gratis (MBG) |  Bocor Alus Politik
Ugze5bAVmzrh6OIaIYB4AaABAg,,comment,1 month ago,Mantabbbb.....makin semangat aja tempo 👍👍👍,@niningsurtiningrum4635,FALSE,0,0,FALSE,a2WXt0aW76g,https://www.youtube.com/watch?v=a2WXt0aW76g,3896,Kroni Prabowo dalam Proyek Makan Bergizi Gratis (MBG) |  Bocor Alus Politik
UgwaktpQwLDEPftLNgt4AaABAg,,comment,1 month ago,Dan itu fakta,@kucing_liar9663,FALSE,0,0,FALSE,a2WXt0aW76g,https://www.youtube.com/watch?v=a2WXt0aW76g,3896,Kroni Prabowo dalam Proyek Makan Bergizi Gratis (MBG) |  Bocor Alus Politik
UgzHsdATKQOJmUtgxid4AaABAg,,comment,1 month ago,"Kalian nikmatilah uang rakyat kelak diakhirat kalian dituntut dipadang masyar sma rakyat INDONESIA,SEREEEEM🤐🤐🤐🤐🤐🤐🔥🔥🔥🔥🔥🔥🔥",@ndutjktndutjkt7087,FALSE,0,0,FALSE,a2WXt0aW76g,https://www.youtube.com/watch?v=a2WXt0aW76g,3896,Kroni Prabowo dalam Proyek Makan Bergizi Gratis (MBG) |  Bocor Alus Politik
Ugw2jzWYXN8GSQb4Y3p4AaABAg,,comment,1 month ago,Semua program Bowo adl Bancakan saja,@tohaefendy9632,FALSE,0,0,FALSE,a2WXt0aW76g,https://www.youtube.com/watch?v=a2WXt0aW76g,3896,Kroni Prabowo dalam Proyek Makan Bergizi Gratis (MBG) |  Bocor Alus Politik
Ugw-cBq2_AfhEmWttYd4AaABAg,,comment,1 month ago,Krn budaya kkn sudah jd tradisi..bayanken setiap porsi ada issue..komisi ..,@mioenjonaha631,FALSE,0,0,FALSE,a2WXt0aW76g,https://www.youtube.com/watch?v=a2WXt0aW76g,3896,Kroni Prabowo dalam Proyek Makan Bergizi Gratis (MBG) |  Bocor Alus Politik
Ugz2cJh8dQ7Ung2rbBl4AaABAg,,comment,1 month ago (edited),"From the very beginning ketika president menetapkan ""MBG"" di kampanyenya, disitu udah bisa dipastikan ada proyek alias bau korupsinya sanfat terasa.",@andrianwar6974,FALSE,0,0,FALSE,a2WXt0aW76g,https://www.youtube.com/watch?v=a2WXt0aW76g,3896,Kroni Prabowo dalam Proyek Makan Bergizi Gratis (MBG) |  Bocor Alus Politik
UgzKFI0LkT7qowi5Top4AaABAg,,comment,1 month ago,Juara mang korupnya pejabat konoha,@Sarie-xs9wo,FALSE,0,0,FALSE,a2WXt0aW76g,https://www.youtube.com/watch?v=a2WXt0aW76g,3896,Kroni Prabowo dalam Proyek Makan Bergizi Gratis (MBG) |  Bocor Alus Politik
Ugy_cBeLNzK3aDZEBal4AaABAg,,comment,1 month ago,Teman2 bocor alus tau tdk sih skg adabtandinggan potkes bocor kasar,@nurbaiti2209,FALSE,0,0,FALSE,a2WXt0aW76g,https://www.youtube.com/watch?v=a2WXt0aW76g,3896,Kroni Prabowo dalam Proyek Makan Bergizi Gratis (MBG) |  Bocor Alus Politik
UgxZR4ttyEvUGvwTym54AaABAg,,comment,1 month ago,"wah habis ini yg diterima bukan hanya kepala babi, tapi babi panggang 😂😂😂😂",@zakariazakaria2223,FALSE,0,0,FALSE,a2WXt0aW76g,https://www.youtube.com/watch?v=a2WXt0aW76g,3896,Kroni Prabowo dalam Proyek Makan Bergizi Gratis (MBG) |  Bocor Alus Politik
UgxFZUKQiKBKCLtgJwR4AaABAg,,comment,1 month ago,Sudah diduga dari awal,@rusmanporter2507,FALSE,0,0,FALSE,a2WXt0aW76g,https://www.youtube.com/watch?v=a2WXt0aW76g,3896,Kroni Prabowo dalam Proyek Makan Bergizi Gratis (MBG) |  Bocor Alus Politik
Ugw_zT80FYv0-Quj3Vh4AaABAg,,comment,1 month ago (edited),"gara2 proyek ini banyak penipuan dan korbanya ribuan contohnya BRNR,
NB: untuk dapur ditempat saya habis 4m",@didanktwo,FALSE,0,2,FALSE,a2WXt0aW76g,https://www.youtube.com/watch?v=a2WXt0aW76g,3896,Kroni Prabowo dalam Proyek Makan Bergizi Gratis (MBG) |  Bocor Alus Politik
Ugw7m0-EMscp4Gz53554AaABAg,,comment,1 month ago,RAKYAT BERMIMPI PENGUASA YANG MENIKMATI!!!!,@tonykustiadi3213,FALSE,0,0,FALSE,a2WXt0aW76g,https://www.youtube.com/watch?v=a2WXt0aW76g,3896,Kroni Prabowo dalam Proyek Makan Bergizi Gratis (MBG) |  Bocor Alus Politik
UgyETe0d7EmGb3oaug14AaABAg,,comment,1 month ago,MBG memang ga ada tender nya ??penunjukuan langsung dong klo gini ?,@MyCaesar11,FALSE,0,0,FALSE,a2WXt0aW76g,https://www.youtube.com/watch?v=a2WXt0aW76g,3896,Kroni Prabowo dalam Proyek Makan Bergizi Gratis (MBG) |  Bocor Alus Politik
UgxOsrSliEaQazoTjTF4AaABAg,,comment,1 month ago,"MBG ini berhasil, buktinya kata prabowo banyak negara lain mau belajar dari indonesia.....  lucu ya baru aja berjalan bbrp bulan sdh ada bbrp negara yang mau belajar dari Indonesia. Kenapa meraka tidak belajar dari Jepang atau negara lain yang sdh lebih lama menjalankan mbg. Atau mrk  mau belajar cara mengkorupsi anggaran karena Indonesia terkenal jagoan KKN. Bravo MBG",@ferdinandsiagian3914,FALSE,0,0,FALSE,a2WXt0aW76g,https://www.youtube.com/watch?v=a2WXt0aW76g,3896,Kroni Prabowo dalam Proyek Makan Bergizi Gratis (MBG) |  Bocor Alus Politik
Ugx4ffVMtBAdLmJtFoZ4AaABAg,,comment,1 month ago,Saya sedih melihat banyaknya kejadian di negeri ini yang hanya memperkaya siapa yang jadi pejabat. Mestinya pejbat adalah qbdi tang sudah selesai dengan dirinya sendiri sehingga bisa mengemban amanah mensejahterakan rakyatnya.Politik akhirnya jadi ajang memperebutkan kekayaan negara untuk kepentingan pribadi bukan kepentingan Rakyat. Masih perlukah adanya Pemilu kalau begini hasilnya. Perlu kita renungkan.,@wayansutarja6318,FALSE,0,0,FALSE,a2WXt0aW76g,https://www.youtube.com/watch?v=a2WXt0aW76g,3896,Kroni Prabowo dalam Proyek Makan Bergizi Gratis (MBG) |  Bocor Alus Politik
UgzzL8XycqXuq9cND_J4AaABAg,,comment,1 month ago,"Vendor vendornya ga jauh dari kroni kroninya, supaya proyeknya dan duitnya ga kemana mana dan mudah di bagi bagi.",@nakj4ks3l,FALSE,0,0,FALSE,a2WXt0aW76g,https://www.youtube.com/watch?v=a2WXt0aW76g,3896,Kroni Prabowo dalam Proyek Makan Bergizi Gratis (MBG) |  Bocor Alus Politik
UgzjKfFXY0IFMWUSlPJ4AaABAg,,comment,1 month ago,Terus bersuara kalian mewakili suara kami rakyat indonesia sehat selalu sodaraku,@golund-nv5jd,FALSE,0,0,FALSE,a2WXt0aW76g,https://www.youtube.com/watch?v=a2WXt0aW76g,3896,Kroni Prabowo dalam Proyek Makan Bergizi Gratis (MBG) |  Bocor Alus Politik
UgwoqPlczWvmCykqZJ94AaABAg,,comment,1 month ago,"Danantara MBG ,,itu cuma buat sarang baru buat korupsi ,,ya ALLAh begini bgt jd rakyat konoha",@rennynur3948,FALSE,0,0,FALSE,a2WXt0aW76g,https://www.youtube.com/watch?v=a2WXt0aW76g,3896,Kroni Prabowo dalam Proyek Makan Bergizi Gratis (MBG) |  Bocor Alus Politik
UgxIwb4mv9BCQvzeQip4AaABAg,,comment,1 month ago,"uang 100 T lebih berguna untuk membangun industri. andai setiap industri bernilai 100 M. maka akan tercipta 1000 industri baru setiap tahun. 1000 industri itu menyerap 10.000 tenaga kerja langsung dan tidak langsung. jadi ada 10.000.000 pekerja baru setiap tahun. dari pekerja baru itu gaji mereka pasti memberi keluarganya makan bergizi. 5 tahun pemerintahan Prabowo, akan ada 5000 industri baru yg bernlain @100 M = 500 T. Rakyatnya dapat pekerjaan, gak perlu jadi pengemis minta makan gratis.
Ini saya mikir begonya saja ... semoga Pak Prabowo tidak lebih bego dari saya.",@AlexDialfonso,FALSE,0,2,FALSE,a2WXt0aW76g,https://www.youtube.com/watch?v=a2WXt0aW76g,3896,Kroni Prabowo dalam Proyek Makan Bergizi Gratis (MBG) |  Bocor Alus Politik
Ugy7Fy2nUQRyAoFr_oZ4AaABAg,,comment,1 month ago,Mereka Berbagi Garapan,@ulyaaufiyam8992,FALSE,0,0,FALSE,a2WXt0aW76g,https://www.youtube.com/watch?v=a2WXt0aW76g,3896,Kroni Prabowo dalam Proyek Makan Bergizi Gratis (MBG) |  Bocor Alus Politik
Ugyq3jGwixbVJi0tYix4AaABAg,,comment,1 month ago,Bang  ungkit UU  perampasan aset,@batunisan3523,FALSE,0,0,FALSE,a2WXt0aW76g,https://www.youtube.com/watch?v=a2WXt0aW76g,3896,Kroni Prabowo dalam Proyek Makan Bergizi Gratis (MBG) |  Bocor Alus Politik
UgyblrDPGts0lya9tLd4AaABAg,,comment,1 month ago,okay,@MonkeyDudu-l6t,FALSE,0,0,FALSE,a2WXt0aW76g,https://www.youtube.com/watch?v=a2WXt0aW76g,3896,Kroni Prabowo dalam Proyek Makan Bergizi Gratis (MBG) |  Bocor Alus Politik
UgxlPHNoftfn3t2qrzR4AaABAg,,comment,1 month ago,"Tapi kan kata wowo, banyak negara maju yg ingin belajar makan bergizi gratis Indonesia",@muh2160,FALSE,0,0,FALSE,a2WXt0aW76g,https://www.youtube.com/watch?v=a2WXt0aW76g,3896,Kroni Prabowo dalam Proyek Makan Bergizi Gratis (MBG) |  Bocor Alus Politik
UgwFwDU42yInwfyRmON4AaABAg,,comment,1 month ago,"YA TUHAN DOSA APA..KARMA APA YG SEDANG MENIMPA BANGSA INI,  SETIAP HARI DARAH RAKYAT DIHISAP OLEH IBLIS YG SELALU LAPAR YG BERWUJUD  PENGUASA DAN PARA PETINGGI NEGARA😢",@zakabuanakusuma2647,FALSE,0,2,FALSE,a2WXt0aW76g,https://www.youtube.com/watch?v=a2WXt0aW76g,3896,Kroni Prabowo dalam Proyek Makan Bergizi Gratis (MBG) |  Bocor Alus Politik
UgztSIPQ-f1-qqpqq7B4AaABAg,,comment,1 month ago,Itu duit Ratusan T lho MBG itu,@tomiiswara,FALSE,0,0,FALSE,a2WXt0aW76g,https://www.youtube.com/watch?v=a2WXt0aW76g,3896,Kroni Prabowo dalam Proyek Makan Bergizi Gratis (MBG) |  Bocor Alus Politik
UgwBB54CFEpj2rxScXZ4AaABAg,,comment,1 month ago,"Gw harus kerja dg baik dan hemat² uang, dan nabung dlm bentuk emas, kalo begini cerita nya, bisa kacau dlm beberapa tahun kedepan, dolar makin naik, hidup makin sulit..ngeri banget gue, ya Allah jaga lah Indonesia dari orang² rakus dan serakah..aamiin",@BujangMelayu-l6o,FALSE,0,0,FALSE,a2WXt0aW76g,https://www.youtube.com/watch?v=a2WXt0aW76g,3896,Kroni Prabowo dalam Proyek Makan Bergizi Gratis (MBG) |  Bocor Alus Politik
UgwlsrXMv7pAyH-6QW14AaABAg,,comment,1 month ago,"Makan bergizi gratis di daerah belum berlaku,baru dikota aja. Gakjelas.",@ridhoabdullahakbar8739,FALSE,0,0,FALSE,a2WXt0aW76g,https://www.youtube.com/watch?v=a2WXt0aW76g,3896,Kroni Prabowo dalam Proyek Makan Bergizi Gratis (MBG) |  Bocor Alus Politik
Ugzo5SOWRv0pnd2muId4AaABAg,,comment,1 month ago,Ada Mitra Yang Belum dibayar jadi Ini PSN Presiden Suka Nipu,@KarolusKopongolash,FALSE,0,0,FALSE,a2WXt0aW76g,https://www.youtube.com/watch?v=a2WXt0aW76g,3896,Kroni Prabowo dalam Proyek Makan Bergizi Gratis (MBG) |  Bocor Alus Politik
UgyC-SAIFHzh0WB6Njt4AaABAg,,comment,1 month ago,klo menurut gw prabowo memilih temannya karena dia cuma percaya sama temannya..,@DonySheva,FALSE,0,0,FALSE,a2WXt0aW76g,https://www.youtube.com/watch?v=a2WXt0aW76g,3896,Kroni Prabowo dalam Proyek Makan Bergizi Gratis (MBG) |  Bocor Alus Politik
UgzjgLRkEzW-ESldLJ54AaABAg,,comment,1 month ago,Atas namaa ...,@rickisantoso6327,FALSE,0,0,FALSE,a2WXt0aW76g,https://www.youtube.com/watch?v=a2WXt0aW76g,3896,Kroni Prabowo dalam Proyek Makan Bergizi Gratis (MBG) |  Bocor Alus Politik
UgwrIUS9SLEm-Dh0hEd4AaABAg,,comment,1 month ago,Kabupaten bandung belum tuhh,@muwahidurifa2431,FALSE,0,0,FALSE,a2WXt0aW76g,https://www.youtube.com/watch?v=a2WXt0aW76g,3896,Kroni Prabowo dalam Proyek Makan Bergizi Gratis (MBG) |  Bocor Alus Politik
UgzsD7j4fFOvChnwOld4AaABAg,,comment,1 month ago,Byk yg ga terbyrkan,@missmedhok3422,FALSE,0,0,FALSE,a2WXt0aW76g,https://www.youtube.com/watch?v=a2WXt0aW76g,3896,Kroni Prabowo dalam Proyek Makan Bergizi Gratis (MBG) |  Bocor Alus Politik
Ugw6OrOu9qgyZ3Wa9Kd4AaABAg,,comment,1 month ago,"SEMUA SAMA , coba kalian diposisi yang SAMA . :face-blue-smiling:",@brandingin474,FALSE,0,0,FALSE,a2WXt0aW76g,https://www.youtube.com/watch?v=a2WXt0aW76g,3896,Kroni Prabowo dalam Proyek Makan Bergizi Gratis (MBG) |  Bocor Alus Politik
UgwDUuFBVXjzrTkr_tt4AaABAg,,comment,1 month ago,Di Kupang juga bang MBG beberapa kali makanan yg diberikan basi,@korbanphp410,FALSE,0,0,FALSE,a2WXt0aW76g,https://www.youtube.com/watch?v=a2WXt0aW76g,3896,Kroni Prabowo dalam Proyek Makan Bergizi Gratis (MBG) |  Bocor Alus Politik
Ugyc6Dt5XyWvSaAPtdd4AaABAg,,comment,1 month ago,Bravo TEMPO.👍,@endrosoekartono7241,FALSE,0,0,FALSE,a2WXt0aW76g,https://www.youtube.com/watch?v=a2WXt0aW76g,3896,Kroni Prabowo dalam Proyek Makan Bergizi Gratis (MBG) |  Bocor Alus Politik
Ugxy90kwR33XkFTzOq14AaABAg,,comment,1 month ago,Si paling A1 😂,@bulukz725,FALSE,0,0,FALSE,a2WXt0aW76g,https://www.youtube.com/watch?v=a2WXt0aW76g,3896,Kroni Prabowo dalam Proyek Makan Bergizi Gratis (MBG) |  Bocor Alus Politik
UgzeTTLlujqWw6nUVAJ4AaABAg,,comment,1 month ago,"Iya saya setuju mereka ikut nimbrung makan gratis, mengurangi pengeluaran rumah tangga, sambil menyelam minum air,",@hidrophoniksup,FALSE,0,1,FALSE,a2WXt0aW76g,https://www.youtube.com/watch?v=a2WXt0aW76g,3896,Kroni Prabowo dalam Proyek Makan Bergizi Gratis (MBG) |  Bocor Alus Politik
Ugyqg2dqE7T0XXlA5k14AaABAg,,comment,1 month ago (edited),"Redaksi tempo, minta tolong ada part-part selanjutnya untuk update MBG, khususnya dibuat statistik/infografis tentang sejauh mana jangkauan mbg yg blm dapat s/d provinsi, kalau bisa sampai jangkauan sekolahnya",@BungArdi12345,FALSE,0,1,FALSE,a2WXt0aW76g,https://www.youtube.com/watch?v=a2WXt0aW76g,3896,Kroni Prabowo dalam Proyek Makan Bergizi Gratis (MBG) |  Bocor Alus Politik
UgyeBvlF5pJqoCgFxk54AaABAg,,comment,1 month ago,Kami mendukung Tempo ❤❤❤❤,@digital.preneuer,FALSE,0,1,FALSE,a2WXt0aW76g,https://www.youtube.com/watch?v=a2WXt0aW76g,3896,Kroni Prabowo dalam Proyek Makan Bergizi Gratis (MBG) |  Bocor Alus Politik
UgyXa1_4jitNkJeZBdd4AaABAg,,comment,1 month ago,"program ❌❌
proyek ✅✅",@sky_line9346,FALSE,0,0,FALSE,a2WXt0aW76g,https://www.youtube.com/watch?v=a2WXt0aW76g,3896,Kroni Prabowo dalam Proyek Makan Bergizi Gratis (MBG) |  Bocor Alus Politik
Ugyrbz7aQkbGVMy4fAN4AaABAg,,comment,1 month ago,Lebih manfaat nonton KDM dan LEMBUR PAKUAN channel,@verryhr9053,FALSE,0,0,FALSE,a2WXt0aW76g,https://www.youtube.com/watch?v=a2WXt0aW76g,3896,Kroni Prabowo dalam Proyek Makan Bergizi Gratis (MBG) |  Bocor Alus Politik
UgyLUq7AOTzKNAK8fJ54AaABAg,,comment,1 month ago,di tempat saya plosok desa  hanya mlonngo  lihat  MBG di televisi,@sibrooficall4587,FALSE,0,0,FALSE,a2WXt0aW76g,https://www.youtube.com/watch?v=a2WXt0aW76g,3896,Kroni Prabowo dalam Proyek Makan Bergizi Gratis (MBG) |  Bocor Alus Politik
Ugwdc1yf2zbvYyyQA3h4AaABAg,,comment,1 month ago,Program MBG ini bukan kasih makan anak miskin tapi kasi gizi buat anak buah PS,@indahkurniasih-9564,FALSE,0,0,FALSE,a2WXt0aW76g,https://www.youtube.com/watch?v=a2WXt0aW76g,3896,Kroni Prabowo dalam Proyek Makan Bergizi Gratis (MBG) |  Bocor Alus Politik
UgzMCHraqKwl7Ei9ou94AaABAg,,comment,1 month ago,Tempo klo jalan mu semakin terjal dan semakin Sulit yakinlah kamu berada dijalan yg benar,@edhiewidhianto8034,FALSE,0,0,FALSE,a2WXt0aW76g,https://www.youtube.com/watch?v=a2WXt0aW76g,3896,Kroni Prabowo dalam Proyek Makan Bergizi Gratis (MBG) |  Bocor Alus Politik
UgzVrhQ791UWaqzL1T94AaABAg,,comment,1 month ago,"Pemerintah ini harus peka,",@bachtiarmanurung1569,FALSE,0,0,FALSE,a2WXt0aW76g,https://www.youtube.com/watch?v=a2WXt0aW76g,3896,Kroni Prabowo dalam Proyek Makan Bergizi Gratis (MBG) |  Bocor Alus Politik
UgxOdyRHmD_cIddieEB4AaABAg,,comment,1 month ago,Kabupaten batang makan bergizi ny pake mie dah itu basi pada keracunan miris,@zamroni32,FALSE,0,0,FALSE,a2WXt0aW76g,https://www.youtube.com/watch?v=a2WXt0aW76g,3896,Kroni Prabowo dalam Proyek Makan Bergizi Gratis (MBG) |  Bocor Alus Politik
UgwtixePQQi64eAJehl4AaABAg,,comment,1 month ago,Kritik klikik proyek tempo penikmat tempo....,@hardycountry,FALSE,0,0,FALSE,a2WXt0aW76g,https://www.youtube.com/watch?v=a2WXt0aW76g,3896,Kroni Prabowo dalam Proyek Makan Bergizi Gratis (MBG) |  Bocor Alus Politik
UgybJJNEf6A6f5xZDy54AaABAg,,comment,1 month ago,Halah lah,@MasFarhan-p7g,FALSE,0,0,FALSE,a2WXt0aW76g,https://www.youtube.com/watch?v=a2WXt0aW76g,3896,Kroni Prabowo dalam Proyek Makan Bergizi Gratis (MBG) |  Bocor Alus Politik
Ugxe6F0lW0PPNNZJVHp4AaABAg,,comment,1 month ago,"Padahal saya mengira beliau adalah  sosok yang nasionalis, cinta tanar air, ternyata sama aja, ujung-ujungnya bagi-bagi kekuasaan dan meres uang rakyat😢",@teguhsaputra3414,FALSE,0,0,FALSE,a2WXt0aW76g,https://www.youtube.com/watch?v=a2WXt0aW76g,3896,Kroni Prabowo dalam Proyek Makan Bergizi Gratis (MBG) |  Bocor Alus Politik
UgyYVkedBOigQ4wEo954AaABAg,,comment,1 month ago,"Proyek utk 58% pemilih , termasuk buzzer nya.",@ap2445,FALSE,0,1,FALSE,a2WXt0aW76g,https://www.youtube.com/watch?v=a2WXt0aW76g,3896,Kroni Prabowo dalam Proyek Makan Bergizi Gratis (MBG) |  Bocor Alus Politik
Ugw70YTe-w8LtBlCyMh4AaABAg,,comment,1 month ago,Bravo. TEMPO !,@sansnom194,FALSE,0,0,FALSE,a2WXt0aW76g,https://www.youtube.com/watch?v=a2WXt0aW76g,3896,Kroni Prabowo dalam Proyek Makan Bergizi Gratis (MBG) |  Bocor Alus Politik
Ugx8DlXfTeJHCm5BvWh4AaABAg,,comment,1 month ago,"Di permukaan itu MBG, d bwh permukaan itu danantara wkwk",@beamulianer1006,FALSE,0,0,FALSE,a2WXt0aW76g,https://www.youtube.com/watch?v=a2WXt0aW76g,3896,Kroni Prabowo dalam Proyek Makan Bergizi Gratis (MBG) |  Bocor Alus Politik
UgywQodKcKN536z9COR4AaABAg,,comment,1 month ago,"Nice propaganda bung,di kampung kami program lancar dan kampung,kecamatan lainya juga ngak ada masalah investigasi anda kurang luas belum mencapai daerah kami ( saya tidak mendukung siapapun ini murni yang saya rasakan,saya berkomentar karena yang di katakan dalam video ini tidak saya rasakan,dan saya berpergian ke kota"" lainya juga aman aman aja ngak sebegitu nya )
Thx😅😊",@bowokun2616,FALSE,0,0,FALSE,a2WXt0aW76g,https://www.youtube.com/watch?v=a2WXt0aW76g,3896,Kroni Prabowo dalam Proyek Makan Bergizi Gratis (MBG) |  Bocor Alus Politik
UgyGAMYNRhHd--d2TsV4AaABAg,,comment,1 month ago,KORUPSI KOLUSI DAN NEPOTISME maju terus Indonesia biar peringkat sempurna 100 paling buruk.,@dodoy_chanel,FALSE,0,0,FALSE,a2WXt0aW76g,https://www.youtube.com/watch?v=a2WXt0aW76g,3896,Kroni Prabowo dalam Proyek Makan Bergizi Gratis (MBG) |  Bocor Alus Politik
UgySjIKHrE0YoGnb1nx4AaABAg,,comment,1 month ago,OH DUNIA,@nyampejamaludin6862,FALSE,0,0,FALSE,a2WXt0aW76g,https://www.youtube.com/watch?v=a2WXt0aW76g,3896,Kroni Prabowo dalam Proyek Makan Bergizi Gratis (MBG) |  Bocor Alus Politik
Ugw1LZBbhgPb9RvuVBd4AaABAg,,comment,1 month ago,"setelah mbg, kini lanjut koperasi yg nasionalis😂",@orangbiasa9588,FALSE,0,0,FALSE,a2WXt0aW76g,https://www.youtube.com/watch?v=a2WXt0aW76g,3896,Kroni Prabowo dalam Proyek Makan Bergizi Gratis (MBG) |  Bocor Alus Politik
UgzPH3q5D_sFVkkQKXt4AaABAg,,comment,1 month ago,Biarlah uangnya untuk anak pejabat yg PENTING UTAMAKAN MUTU MAKANAN DAN ASUPAN GIZI YG LAYAK untuk  anak anak INDONESIA tercukupi dari proyek PMG ini.,@Japra_1980,FALSE,0,0,FALSE,a2WXt0aW76g,https://www.youtube.com/watch?v=a2WXt0aW76g,3896,Kroni Prabowo dalam Proyek Makan Bergizi Gratis (MBG) |  Bocor Alus Politik
UgwanJ07ctRiwr3Eu1p4AaABAg,,comment,1 month ago,Bapak skandal Indonesia,@sobrijamami5290,FALSE,0,0,FALSE,a2WXt0aW76g,https://www.youtube.com/watch?v=a2WXt0aW76g,3896,Kroni Prabowo dalam Proyek Makan Bergizi Gratis (MBG) |  Bocor Alus Politik
UgwK1UfcBnDFXLvgYhB4AaABAg,,comment,1 month ago,"OkeGass OkeGass Warga RT.6 RW.8 😂😂😂
🤟🏻",@lontongbalap8077,FALSE,0,0,FALSE,a2WXt0aW76g,https://www.youtube.com/watch?v=a2WXt0aW76g,3896,Kroni Prabowo dalam Proyek Makan Bergizi Gratis (MBG) |  Bocor Alus Politik
UgxO3x2GAqIQB-RM9rp4AaABAg,,comment,1 month ago,"MBG Makan Basi Gratis bisa, Makan Bergizi Gagal pun bisa 😁",@Benhelmy,FALSE,0,0,FALSE,a2WXt0aW76g,https://www.youtube.com/watch?v=a2WXt0aW76g,3896,Kroni Prabowo dalam Proyek Makan Bergizi Gratis (MBG) |  Bocor Alus Politik
UgwuGIp6mRSwCcXMbkR4AaABAg,,comment,1 month ago,TEMPO HARUS TETAP LUGAS TERPERCAYA DI DUNIA JURNALISNYA,@didiantono980,FALSE,0,0,FALSE,a2WXt0aW76g,https://www.youtube.com/watch?v=a2WXt0aW76g,3896,Kroni Prabowo dalam Proyek Makan Bergizi Gratis (MBG) |  Bocor Alus Politik
UgzsE4vC7yrSFun-hst4AaABAg,,comment,1 month ago,"Kami mendukung TEMPO karena jurnalis Tempo paling berani, terimakasih infonya...",@chafsoh-up8wg,FALSE,0,5,FALSE,a2WXt0aW76g,https://www.youtube.com/watch?v=a2WXt0aW76g,3896,Kroni Prabowo dalam Proyek Makan Bergizi Gratis (MBG) |  Bocor Alus Politik
UgypDuCHG7e4GGi0Bkt4AaABAg,,comment,1 month ago,Lgs tempo goreng sehangus2nya wkwkwkw,@alingacaleff5937,FALSE,0,0,FALSE,a2WXt0aW76g,https://www.youtube.com/watch?v=a2WXt0aW76g,3896,Kroni Prabowo dalam Proyek Makan Bergizi Gratis (MBG) |  Bocor Alus Politik
Ugxd8z27k8QVeSO_dmh4AaABAg,,comment,1 month ago,"Itu program balik modal kalah berkali""",@sobrijamami5290,FALSE,0,0,FALSE,a2WXt0aW76g,https://www.youtube.com/watch?v=a2WXt0aW76g,3896,Kroni Prabowo dalam Proyek Makan Bergizi Gratis (MBG) |  Bocor Alus Politik
Ugwfov2pFDIysOmgnXF4AaABAg,,comment,1 month ago,"proyek bancakan pendukung wowo, anehnya penunjukan langsung lewat yayasan2 yg memotong dana MBG, kenapa tidak langsung saja ke catering?",@jajangnurjaman3697,FALSE,0,0,FALSE,a2WXt0aW76g,https://www.youtube.com/watch?v=a2WXt0aW76g,3896,Kroni Prabowo dalam Proyek Makan Bergizi Gratis (MBG) |  Bocor Alus Politik
UgxM0vdlQtz45k_6Q4l4AaABAg,,comment,1 month ago,"Sejak awal MBG itu sudah bau amis. 
Mari Bersama Garong. MBG uang rakyat",@arivaanggreini7990,FALSE,0,0,FALSE,a2WXt0aW76g,https://www.youtube.com/watch?v=a2WXt0aW76g,3896,Kroni Prabowo dalam Proyek Makan Bergizi Gratis (MBG) |  Bocor Alus Politik
UgyKV16G6YkPNXFDLx14AaABAg,,comment,1 month ago,Top TEMPO,@AzyraHakim,FALSE,0,0,FALSE,a2WXt0aW76g,https://www.youtube.com/watch?v=a2WXt0aW76g,3896,Kroni Prabowo dalam Proyek Makan Bergizi Gratis (MBG) |  Bocor Alus Politik
Ugwt4otc4C0ImhY34rd4AaABAg,,comment,1 month ago,Konten baru 🎉🎉🎉,@faiz-zx4fj,FALSE,0,1,FALSE,a2WXt0aW76g,https://www.youtube.com/watch?v=a2WXt0aW76g,3896,Kroni Prabowo dalam Proyek Makan Bergizi Gratis (MBG) |  Bocor Alus Politik
UgwFCdTZOGUDSayD2YR4AaABAg,,comment,1 month ago,selalu ada menu masakan tiap hari di dapur tempo 🔥,@marufamrulloh6946,FALSE,0,0,FALSE,a2WXt0aW76g,https://www.youtube.com/watch?v=a2WXt0aW76g,3896,Kroni Prabowo dalam Proyek Makan Bergizi Gratis (MBG) |  Bocor Alus Politik
Ugy3nZsZ7chWP80buGl4AaABAg,,comment,1 month ago,cairrrrrrr,@regiw,FALSE,0,0,FALSE,a2WXt0aW76g,https://www.youtube.com/watch?v=a2WXt0aW76g,3896,Kroni Prabowo dalam Proyek Makan Bergizi Gratis (MBG) |  Bocor Alus Politik
UgxB-022C4OZS8N3Ppp4AaABAg,,comment,1 month ago,Bahkan tempo lebih hebat dr Rg & si Rh yg gak berani serang kritik Prabowo tp tempo berani,@nandakeken5649,FALSE,0,0,FALSE,a2WXt0aW76g,https://www.youtube.com/watch?v=a2WXt0aW76g,3896,Kroni Prabowo dalam Proyek Makan Bergizi Gratis (MBG) |  Bocor Alus Politik
Ugy0mryMVwg7Et7xmN94AaABAg,,comment,1 month ago,11-12 sama rezim yg dluu... Indonesia gelap,@ipunkmarcapada6596,FALSE,0,0,FALSE,a2WXt0aW76g,https://www.youtube.com/watch?v=a2WXt0aW76g,3896,Kroni Prabowo dalam Proyek Makan Bergizi Gratis (MBG) |  Bocor Alus Politik
Ugw_jiiG6f05JZe9CyZ4AaABAg,,comment,1 month ago,Duit 70 T lebih siapa sih yg tidak ngiler. Apalagi para pendukung maupun timnya prabowo. Saatnya mereka meminta jatah atas kerja mereka. Waw ngeri sekali ya!,@winter6701,FALSE,0,2,FALSE,a2WXt0aW76g,https://www.youtube.com/watch?v=a2WXt0aW76g,3896,Kroni Prabowo dalam Proyek Makan Bergizi Gratis (MBG) |  Bocor Alus Politik
UgwOmz5TIGjF_ohFzOJ4AaABAg,,comment,1 month ago,Bocor faforitkuuuuu.....,@AminUddin-f9z,FALSE,0,0,FALSE,a2WXt0aW76g,https://www.youtube.com/watch?v=a2WXt0aW76g,3896,Kroni Prabowo dalam Proyek Makan Bergizi Gratis (MBG) |  Bocor Alus Politik
UgzfXL3OeOnkjsJxMth4AaABAg,,comment,1 month ago,baru sadar kl tempo itu g akan pernah kehabisan berita,@TraxBeta,FALSE,0,0,FALSE,a2WXt0aW76g,https://www.youtube.com/watch?v=a2WXt0aW76g,3896,Kroni Prabowo dalam Proyek Makan Bergizi Gratis (MBG) |  Bocor Alus Politik
UgxEYMspUNrreGwupYR4AaABAg,,comment,1 month ago (edited),Persidangan Hasto kok ndak diliput. Tempo sudah jadi anak abah yah.😅.,@AK-li8hh,FALSE,0,0,FALSE,a2WXt0aW76g,https://www.youtube.com/watch?v=a2WXt0aW76g,3896,Kroni Prabowo dalam Proyek Makan Bergizi Gratis (MBG) |  Bocor Alus Politik
UgzUW6zqvdHRm-jkx1l4AaABAg,,comment,1 month ago,"Wah ini bisa jadi Namanya MAKANAN BERGIZI GRATIS untuk PENJAHAT.. 😂 Gak berani sebut yang itu.. 
Atut diteror kepala babi 😂",@4.7451R,FALSE,0,0,FALSE,a2WXt0aW76g,https://www.youtube.com/watch?v=a2WXt0aW76g,3896,Kroni Prabowo dalam Proyek Makan Bergizi Gratis (MBG) |  Bocor Alus Politik
UgyEnXlarrzvW6FwbxZ4AaABAg,,comment,1 month ago,Gimana kabarnya makan gizi,@JunDin7889,FALSE,0,0,FALSE,a2WXt0aW76g,https://www.youtube.com/watch?v=a2WXt0aW76g,3896,Kroni Prabowo dalam Proyek Makan Bergizi Gratis (MBG) |  Bocor Alus Politik
UgysDxnsyUpPJGmJpvp4AaABAg,,comment,1 month ago,"wiiihh mantap baru upgrade studio nih om, dpt suntikan dana asing kah🗿🗿",@brucewine9641,FALSE,0,0,FALSE,a2WXt0aW76g,https://www.youtube.com/watch?v=a2WXt0aW76g,3896,Kroni Prabowo dalam Proyek Makan Bergizi Gratis (MBG) |  Bocor Alus Politik
UgwAxnoV7cTAIa7QOB94AaABAg,,comment,1 month ago,Semestinya Prabowo lah yang paling dirugikan 2x dicurangi Jokowi tapiiii faktanya Prabowo memuja Muja Jokowi,@beledug3701,FALSE,0,0,FALSE,a2WXt0aW76g,https://www.youtube.com/watch?v=a2WXt0aW76g,3896,Kroni Prabowo dalam Proyek Makan Bergizi Gratis (MBG) |  Bocor Alus Politik
UgxuGLfWQlPjd_sT2x14AaABAg,,comment,1 month ago,Kapan bangsa ini maju ya Allah🤦,@NAW32Nicoisme,FALSE,0,0,FALSE,a2WXt0aW76g,https://www.youtube.com/watch?v=a2WXt0aW76g,3896,Kroni Prabowo dalam Proyek Makan Bergizi Gratis (MBG) |  Bocor Alus Politik
UgxP1iEE2qkbXB61nBh4AaABAg,,comment,1 month ago,Masihkah anda mau dukung GERINDA DI PEMILU 2029 ?,@syafridjaya9530,FALSE,0,0,FALSE,a2WXt0aW76g,https://www.youtube.com/watch?v=a2WXt0aW76g,3896,Kroni Prabowo dalam Proyek Makan Bergizi Gratis (MBG) |  Bocor Alus Politik
Ugxh5MLweXDcVBvuvR14AaABAg,,comment,1 month ago,"Ok gas ok gas..lanjutkan pak prabowo.. biar 58% merasakan dampaknya..😂
Pemilu depan bapak lagi menang",@teguhiranto5629,FALSE,0,0,FALSE,a2WXt0aW76g,https://www.youtube.com/watch?v=a2WXt0aW76g,3896,Kroni Prabowo dalam Proyek Makan Bergizi Gratis (MBG) |  Bocor Alus Politik
UgxtfRuWfxdw8RHXGe94AaABAg,,comment,1 month ago,Dukung full media sebagai satu - satunya Media yang mengkawal jalannya pemerintah.🎉🙏😇,@Ferdinandadoo,FALSE,0,0,FALSE,a2WXt0aW76g,https://www.youtube.com/watch?v=a2WXt0aW76g,3896,Kroni Prabowo dalam Proyek Makan Bergizi Gratis (MBG) |  Bocor Alus Politik
UgwrJlBJphwq70EI6x54AaABAg,,comment,1 month ago,Uncle pram tuh gausah kasih wejangan ke pemerintah. Ngapain? Udah ngobrolin aja kebobrokan pemerintah. Pake nyaranin untuk evaluasi total. Hadeh,@Theabbkanal,FALSE,0,0,FALSE,a2WXt0aW76g,https://www.youtube.com/watch?v=a2WXt0aW76g,3896,Kroni Prabowo dalam Proyek Makan Bergizi Gratis (MBG) |  Bocor Alus Politik
UgwwK24WGpDAfkYrQwx4AaABAg,,comment,1 month ago,"ketika media media banyak yg mendekat ke prabowo,,,entah itu di undang atau medekati rezim,,,,kini kita hanya tergantung ke media tempo yg masih kita percaya",@herysuta9622,FALSE,0,1,FALSE,a2WXt0aW76g,https://www.youtube.com/watch?v=a2WXt0aW76g,3896,Kroni Prabowo dalam Proyek Makan Bergizi Gratis (MBG) |  Bocor Alus Politik
UgzdWksHYxI7kZqWcRt4AaABAg,,comment,1 month ago,"Kami akan selalu berharap agar selalu ada media yg netral dan kritis,,,
Semoga tempo mampu melakukan itu",@kiswantha6124,FALSE,0,0,FALSE,a2WXt0aW76g,https://www.youtube.com/watch?v=a2WXt0aW76g,3896,Kroni Prabowo dalam Proyek Makan Bergizi Gratis (MBG) |  Bocor Alus Politik
Ugy_A0_5vPjxW2v52z14AaABAg,,comment,1 month ago,👏,@tubagusguntur2909,FALSE,0,0,FALSE,a2WXt0aW76g,https://www.youtube.com/watch?v=a2WXt0aW76g,3896,Kroni Prabowo dalam Proyek Makan Bergizi Gratis (MBG) |  Bocor Alus Politik
UgyKGg9gllGBOvVZp0F4AaABAg,,comment,1 month ago,Tetaplah bersuara tempo bocor alus demi perbaikan di negeri yg bobrok ini,@Iamgoodalways,FALSE,0,0,FALSE,a2WXt0aW76g,https://www.youtube.com/watch?v=a2WXt0aW76g,3896,Kroni Prabowo dalam Proyek Makan Bergizi Gratis (MBG) |  Bocor Alus Politik
UgwdXlPEkv1OChGj9mF4AaABAg,,comment,1 month ago,Ngga seru  ah.. tetap harus baca majalah temponya😢,@tiaaristutia3389,FALSE,0,0,FALSE,a2WXt0aW76g,https://www.youtube.com/watch?v=a2WXt0aW76g,3896,Kroni Prabowo dalam Proyek Makan Bergizi Gratis (MBG) |  Bocor Alus Politik
Ugx6F4IZpnb9T8HO0lR4AaABAg,,comment,1 month ago,ok,@SitiNurkholizah-j9t,FALSE,0,0,FALSE,a2WXt0aW76g,https://www.youtube.com/watch?v=a2WXt0aW76g,3896,Kroni Prabowo dalam Proyek Makan Bergizi Gratis (MBG) |  Bocor Alus Politik
Ugz22B5Sar4QySUBGu94AaABAg,,comment,1 month ago,"Tajam , terdepan dan aktual. Gaspol bocor alus",@diahayu9932,FALSE,0,0,FALSE,a2WXt0aW76g,https://www.youtube.com/watch?v=a2WXt0aW76g,3896,Kroni Prabowo dalam Proyek Makan Bergizi Gratis (MBG) |  Bocor Alus Politik
UgxwuckqAlop6lFZCaV4AaABAg,,comment,1 month ago,NENEK MONYANG -KU. SEORANG KORUPTOR..😂😂,@backyardliberty6028,FALSE,0,0,FALSE,a2WXt0aW76g,https://www.youtube.com/watch?v=a2WXt0aW76g,3896,Kroni Prabowo dalam Proyek Makan Bergizi Gratis (MBG) |  Bocor Alus Politik
Ugx7J45wKLOSs7hxPA54AaABAg,,comment,1 month ago,Kok lama mikir nya dulu kan usaha catering wapres kita ya jadinya program nya ya masukin gak jauh2 dr vatering cuma di bungkus dengan program proyek makan gizi ini. Jejak digital gak boong,@ridhacopang7706,FALSE,0,0,FALSE,a2WXt0aW76g,https://www.youtube.com/watch?v=a2WXt0aW76g,3896,Kroni Prabowo dalam Proyek Makan Bergizi Gratis (MBG) |  Bocor Alus Politik
UgxknkVa4q4BKA7qYBd4AaABAg,,comment,1 month ago (edited),Kenapa program ini ga di kerjain ama kantin sekolah aja yaak?? Jadi kayak kantin sekolah aja yang ngerjain trus diawasin ama BGN nah ntar makannya kayak prasmanan geto jadi murid bisa milih mau makannya apa tp yang bergizi geto,@FahmiWaedi,FALSE,0,0,FALSE,a2WXt0aW76g,https://www.youtube.com/watch?v=a2WXt0aW76g,3896,Kroni Prabowo dalam Proyek Makan Bergizi Gratis (MBG) |  Bocor Alus Politik
UgxcvBmHSuQXqrVfmid4AaABAg,,comment,1 month ago,"Media lain kemana, apakah mereka takut?
Untung ada TEMPO. Gak ada ruginya mendukung TEMPO.",@OrangLangowan,FALSE,2,94,FALSE,a2WXt0aW76g,https://www.youtube.com/watch?v=a2WXt0aW76g,3896,Kroni Prabowo dalam Proyek Makan Bergizi Gratis (MBG) |  Bocor Alus Politik
UgzYFB3bJCihb-T3jkJ4AaABAg,,comment,1 month ago,"itu narasumber,...koar-koar jangan2x gegara gak kebagian kue MBG kali yha, he he he",@blackrhino5837,FALSE,0,0,FALSE,a2WXt0aW76g,https://www.youtube.com/watch?v=a2WXt0aW76g,3896,Kroni Prabowo dalam Proyek Makan Bergizi Gratis (MBG) |  Bocor Alus Politik
Ugzl8P9T3m61hy8Q1854AaABAg,,comment,1 month ago,Negara paling koruptor merajalela...jika anggaran triliyun..... pasti korupsi merajalela,@tonyguchi3500,FALSE,0,0,FALSE,a2WXt0aW76g,https://www.youtube.com/watch?v=a2WXt0aW76g,3896,Kroni Prabowo dalam Proyek Makan Bergizi Gratis (MBG) |  Bocor Alus Politik
UgxcvBmHSuQXqrVfmid4AaABAg.AH6ANE1WfZRAHBIidFgaWA,UgxcvBmHSuQXqrVfmid4AaABAg,reply,1 month ago,Kan udah diundang ke istana wkwk,@matejrybus3923,FALSE,0,5,FALSE,a2WXt0aW76g,https://www.youtube.com/watch?v=a2WXt0aW76g,3896,Kroni Prabowo dalam Proyek Makan Bergizi Gratis (MBG) |  Bocor Alus Politik
UgxcvBmHSuQXqrVfmid4AaABAg.AH6ANE1WfZRAHGtq4nf2cT,UgxcvBmHSuQXqrVfmid4AaABAg,reply,1 month ago,Yes,@nickwin9252,FALSE,0,0,FALSE,a2WXt0aW76g,https://www.youtube.com/watch?v=a2WXt0aW76g,3896,Kroni Prabowo dalam Proyek Makan Bergizi Gratis (MBG) |  Bocor Alus Politik
UgwHQhThMiiq0EmHLPB4AaABAg,,comment,1 month ago (edited),Pemerintah Pusat sudah seharusnya mendukung penuh Podcast Bocor Halus ini.Sehingga Pemerintah Pusat tahu isus-isu yang dimunculkan oleh Bocor Halus ke permukaan.Dengan demikian Pemerintah Pusat bisa menurunkan timnya menyediliki apakah isu itu benar atau tidak ? Dengan demikian uang negara bisa diselamatkan untuk membangun bangsa dan negara yang kita cintai ini.Jadi tidak perlu lagi kesana-kemari pemerintah untuk mencari dan membujuk Investor dari luar agar menanamkan modalnya ke Indonesia.,@tukidinangkamura2354,FALSE,0,1,FALSE,a2WXt0aW76g,https://www.youtube.com/watch?v=a2WXt0aW76g,3896,Kroni Prabowo dalam Proyek Makan Bergizi Gratis (MBG) |  Bocor Alus Politik
UgyITxbOM0hzvgpDSc14AaABAg,,comment,1 month ago,Tempo 🔥🔥🔥💥💥💥💥,@arfiyandono17,FALSE,0,0,FALSE,a2WXt0aW76g,https://www.youtube.com/watch?v=a2WXt0aW76g,3896,Kroni Prabowo dalam Proyek Makan Bergizi Gratis (MBG) |  Bocor Alus Politik
UgwgiMHL86PM5GxJ9294AaABAg,,comment,1 month ago,❤🇮🇩JUARA ❤🇮🇩,@souhokajohanes9936,FALSE,0,0,FALSE,a2WXt0aW76g,https://www.youtube.com/watch?v=a2WXt0aW76g,3896,Kroni Prabowo dalam Proyek Makan Bergizi Gratis (MBG) |  Bocor Alus Politik
UgzIoqn7BwmcbDIJs214AaABAg,,comment,1 month ago,Penting sekali mengetahui informasi hasil investigasi sep ttg MBG ini,@didinsyafruddin49,FALSE,0,0,FALSE,a2WXt0aW76g,https://www.youtube.com/watch?v=a2WXt0aW76g,3896,Kroni Prabowo dalam Proyek Makan Bergizi Gratis (MBG) |  Bocor Alus Politik
Ugw_gF17fX7szsB4QS94AaABAg,,comment,1 month ago,Semua akan proyek pada waktunya. Bullshit dgn maksud memajukan bangsa 😂❤,@mz-kun4721,FALSE,0,0,FALSE,a2WXt0aW76g,https://www.youtube.com/watch?v=a2WXt0aW76g,3896,Kroni Prabowo dalam Proyek Makan Bergizi Gratis (MBG) |  Bocor Alus Politik
UgygeMHqGwSoPLSi0-R4AaABAg,,comment,1 month ago,01:34 ..,@2029JKL,FALSE,0,0,FALSE,a2WXt0aW76g,https://www.youtube.com/watch?v=a2WXt0aW76g,3896,Kroni Prabowo dalam Proyek Makan Bergizi Gratis (MBG) |  Bocor Alus Politik
UgwVW6GaQ3GJP_7lzRJ4AaABAg,,comment,1 month ago,Lanjukan informasi ke publik sbg alat kontrol yang rational  dan profesional..,@darwingaol8421,FALSE,0,0,FALSE,a2WXt0aW76g,https://www.youtube.com/watch?v=a2WXt0aW76g,3896,Kroni Prabowo dalam Proyek Makan Bergizi Gratis (MBG) |  Bocor Alus Politik
UgzRWoc45fIwIExymq54AaABAg,,comment,1 month ago,Hajar terus bang 👍,@mohamadirfan-g9l,FALSE,0,0,FALSE,a2WXt0aW76g,https://www.youtube.com/watch?v=a2WXt0aW76g,3896,Kroni Prabowo dalam Proyek Makan Bergizi Gratis (MBG) |  Bocor Alus Politik
UgyyE9UXvcmQZKGQICR4AaABAg,,comment,1 month ago,Media Soros.,@jonijonimaifren,FALSE,0,0,FALSE,a2WXt0aW76g,https://www.youtube.com/watch?v=a2WXt0aW76g,3896,Kroni Prabowo dalam Proyek Makan Bergizi Gratis (MBG) |  Bocor Alus Politik
Ugx0_hB2fu1C-XFnlbB4AaABAg,,comment,1 month ago,(1) Apakah penetapan mitra  pelaksana Program MBG sdh sesuai peraturan pengadaan barang & jasa? (2) Apakah mitra2 tsb dpt melaksanakan tugasnya sesuai ketetapan program? dan (3) Apakah penanggung jwb program MBG sdh memenuhi kewajiban thp mitra & penerima manfaatnya?,@dwiherusukoco189,FALSE,0,0,FALSE,a2WXt0aW76g,https://www.youtube.com/watch?v=a2WXt0aW76g,3896,Kroni Prabowo dalam Proyek Makan Bergizi Gratis (MBG) |  Bocor Alus Politik
UgynUgByu-KEC3jSejh4AaABAg,,comment,1 month ago,trik lama orba jilid 2 😆,@DavidVilla-z7r,FALSE,0,0,FALSE,a2WXt0aW76g,https://www.youtube.com/watch?v=a2WXt0aW76g,3896,Kroni Prabowo dalam Proyek Makan Bergizi Gratis (MBG) |  Bocor Alus Politik
Ugy_QufigxQ708eOwxB4AaABAg,,comment,1 month ago,"MBG tujuanya bagus, cumaaa Jalaninya aneh, truss kantin gimana? pedagang disekolahan gimana? gilaaaa kontradiktif sama tujuanya ""memberantas pengangguran""",@GwExNet,FALSE,0,0,FALSE,a2WXt0aW76g,https://www.youtube.com/watch?v=a2WXt0aW76g,3896,Kroni Prabowo dalam Proyek Makan Bergizi Gratis (MBG) |  Bocor Alus Politik
UgzrgCj5OUSmkHHgYAB4AaABAg,,comment,1 month ago,di sekolahku belum ada bang program makan gratis... jadi kapan itu makan gratis ya?,@puisionora416,FALSE,0,0,FALSE,a2WXt0aW76g,https://www.youtube.com/watch?v=a2WXt0aW76g,3896,Kroni Prabowo dalam Proyek Makan Bergizi Gratis (MBG) |  Bocor Alus Politik
Ugy-VwwscuG4BEQp8AB4AaABAg,,comment,1 month ago,Ini belum beres. Udah buat peluang lagi di koperasi merah putih.😢😢,@apelhijau8260,FALSE,0,0,FALSE,a2WXt0aW76g,https://www.youtube.com/watch?v=a2WXt0aW76g,3896,Kroni Prabowo dalam Proyek Makan Bergizi Gratis (MBG) |  Bocor Alus Politik
UgwStmE_AlEskVvK2qd4AaABAg,,comment,1 month ago,"Klu proyek ini jdi bancakn korupsi, yg prtama hrs di adili prabowo dn gibran..",@AthaLais,FALSE,0,0,FALSE,a2WXt0aW76g,https://www.youtube.com/watch?v=a2WXt0aW76g,3896,Kroni Prabowo dalam Proyek Makan Bergizi Gratis (MBG) |  Bocor Alus Politik
UgxqDLJr5AxGYuKMJKZ4AaABAg,,comment,1 month ago,Ternyata apbn cuma jadi bancakan penguasa (lagi)... GELAP,@rakjatdjelata,FALSE,0,0,FALSE,a2WXt0aW76g,https://www.youtube.com/watch?v=a2WXt0aW76g,3896,Kroni Prabowo dalam Proyek Makan Bergizi Gratis (MBG) |  Bocor Alus Politik
UgzPS-iJzFc6xgCtudB4AaABAg,,comment,1 month ago,Benerin kesejahteraan orang tuanya dulu khususnya yang miskin,@syaidwibowo,FALSE,0,0,FALSE,a2WXt0aW76g,https://www.youtube.com/watch?v=a2WXt0aW76g,3896,Kroni Prabowo dalam Proyek Makan Bergizi Gratis (MBG) |  Bocor Alus Politik
Ugyz2DfV2TilWZaQ8nl4AaABAg,,comment,1 month ago,Hancurrrrr 😂😂😂😂,@mudiyonomudi2835,FALSE,0,0,FALSE,a2WXt0aW76g,https://www.youtube.com/watch?v=a2WXt0aW76g,3896,Kroni Prabowo dalam Proyek Makan Bergizi Gratis (MBG) |  Bocor Alus Politik
UgzJ0wcGRL3DO9BnJZZ4AaABAg,,comment,1 month ago,Di Bali mana sih mbg ini dah berjalan. Anak ku SMA dan SD sampe sekarang  belum dapat,@dexmull6720,FALSE,0,0,FALSE,a2WXt0aW76g,https://www.youtube.com/watch?v=a2WXt0aW76g,3896,Kroni Prabowo dalam Proyek Makan Bergizi Gratis (MBG) |  Bocor Alus Politik
Ugwg65uktKCiwdbtRkB4AaABAg,,comment,1 month ago,"Sebenernya alasan mengatasi stunting dengan program MBG untuk anak usia sekolah (berarti kurang lebih mulai usia 7 sampai 19 tahun) itu bisa dikatakan sebagai alasan yang tidak tepat, mas Pram. Soalnya pencegahan stunting itu sendiri kuncinya ada di 1000 hari pertama kehidupan (kurang lebih 3 thn), dimulai dari bayi masih ada di kandungan. Kalau di 1000 hari itu udah mengalami problem pertumbuhan, ya udah ngga bisa diperbaiki di usia setelahnya. Jadi Prabowo pakai alasan pencegahan stunting dengan program MBG, ya ngga tepat, terlalu mengada-ada. Kecuali kalo sasaran MBG nya untuk ibu hamil.",@syafridaselfiardy2207,FALSE,0,5,FALSE,a2WXt0aW76g,https://www.youtube.com/watch?v=a2WXt0aW76g,3896,Kroni Prabowo dalam Proyek Makan Bergizi Gratis (MBG) |  Bocor Alus Politik
UgyxZ06KlqMfSwSlAcx4AaABAg,,comment,1 month ago,"Dengernya sedih, pilu, eneg..
Dr awal dah yakin MBG akan menjadi SKT, Sumber Korupsi Terbaru.. Niatnya mmg bagus & mulia.. Tp SDM Indonesia kan RPK, Rakus Pinter Korupsi.. Jd hrsnya uang MBG dipakai buat pendidikan akhlak rakyat Indonesia & menggolkan UU hukuman mati utk koruptor",@MeeMeeMeeize,FALSE,0,1,FALSE,a2WXt0aW76g,https://www.youtube.com/watch?v=a2WXt0aW76g,3896,Kroni Prabowo dalam Proyek Makan Bergizi Gratis (MBG) |  Bocor Alus Politik
Ugw3TkLQbbi3ArTGlSB4AaABAg,,comment,1 month ago,Hmmmm kalau gak pakai sub con jadi yang harus kerja 1 perusahaan gitu??? Otak yang ngomong ini dimana yah....,@victorsuryadi6817,FALSE,0,0,FALSE,a2WXt0aW76g,https://www.youtube.com/watch?v=a2WXt0aW76g,3896,Kroni Prabowo dalam Proyek Makan Bergizi Gratis (MBG) |  Bocor Alus Politik
UgzPceXa7bhz8ceR8sl4AaABAg,,comment,1 month ago,Maju terus Tempo,@InyoDuanKampoengan,FALSE,0,0,FALSE,a2WXt0aW76g,https://www.youtube.com/watch?v=a2WXt0aW76g,3896,Kroni Prabowo dalam Proyek Makan Bergizi Gratis (MBG) |  Bocor Alus Politik
Ugx5pgwp8dMT33yp9kx4AaABAg,,comment,1 month ago,"msh pilpres sdh ragu dgn program konyol, krn pst byk kruptornya,nth otak msh ada ya? sekelas org2 berpendidikan sprrt ini otak ga bs di pakai🤣",@cfmks8463,FALSE,0,0,FALSE,a2WXt0aW76g,https://www.youtube.com/watch?v=a2WXt0aW76g,3896,Kroni Prabowo dalam Proyek Makan Bergizi Gratis (MBG) |  Bocor Alus Politik
UgxlISUNDe_tQF3aMIZ4AaABAg,,comment,1 month ago,Tempo yg msh bs dipercaya,@mohamadmuchlisinmahzum5292,FALSE,0,0,FALSE,a2WXt0aW76g,https://www.youtube.com/watch?v=a2WXt0aW76g,3896,Kroni Prabowo dalam Proyek Makan Bergizi Gratis (MBG) |  Bocor Alus Politik
UgwjHcC8eXRmJc-rAcZ4AaABAg,,comment,1 month ago,"Aku mau tebak platform harta karun-nya, wkwkw... Klue-nya : open source, berlangganan, bisa download. Jangan-jangan scribd... Emang kebanyakan kebocoran data ada di platform ini.",@evansetiawanparusa5207,FALSE,0,0,FALSE,a2WXt0aW76g,https://www.youtube.com/watch?v=a2WXt0aW76g,3896,Kroni Prabowo dalam Proyek Makan Bergizi Gratis (MBG) |  Bocor Alus Politik
UgzaIlkYu2Xvbe95c1t4AaABAg,,comment,1 month ago,❤MAKAN BERGIZI GRATIS NGA BISA SEMUA PAKAI DAPUR….YG TERBAIK HRS SEBAGIAN KASIH ORANG TUA….LINGKUNGAN RT…..KUPON BISA TUKAR DITOKO….TOKO YGBTERIMA KUPON DAPAT REWARD POTONG PAJAK….SEBAGAI REWARD IKUT PROGRAM…..KUPON WARUNG WARUNG SEKITAR RUMAH BERHAK DIKASIH….MONITORING BIG PROBLEM.   THANKS YOU.  FTOM BOISE IDAHO USA,@kwonglie214,FALSE,0,1,FALSE,a2WXt0aW76g,https://www.youtube.com/watch?v=a2WXt0aW76g,3896,Kroni Prabowo dalam Proyek Makan Bergizi Gratis (MBG) |  Bocor Alus Politik
UgwiYi6_GNILp7APWiZ4AaABAg,,comment,1 month ago,"Setiap orang ada masanya, setiap masa ada orangnya, flash back periode sebelumnua Proyek hilirisasi, foodestate,, berapa banyak budget yg MENGUAP tanpa hasil ,,, wajarlah periode sekarang project MBG ,,,😂😂😂",@TheBrurSquirti,FALSE,0,1,FALSE,a2WXt0aW76g,https://www.youtube.com/watch?v=a2WXt0aW76g,3896,Kroni Prabowo dalam Proyek Makan Bergizi Gratis (MBG) |  Bocor Alus Politik
UgxsWRr2U_CCxYByIXB4AaABAg,,comment,1 month ago,"Gua Bingung Ama Manusia Manusia Itu  , Udah Kaya Masih Aja Rakus  ..  Nauzubillah Minzalik😢",@EnoJacoBs,FALSE,0,2,FALSE,a2WXt0aW76g,https://www.youtube.com/watch?v=a2WXt0aW76g,3896,Kroni Prabowo dalam Proyek Makan Bergizi Gratis (MBG) |  Bocor Alus Politik
Ugz3H0M88qDntf0dx7Z4AaABAg,,comment,1 month ago,Bacakan korupsi,@m_n1784,FALSE,0,0,FALSE,a2WXt0aW76g,https://www.youtube.com/watch?v=a2WXt0aW76g,3896,Kroni Prabowo dalam Proyek Makan Bergizi Gratis (MBG) |  Bocor Alus Politik
UgwPMmXR9RutR_w4amZ4AaABAg,,comment,1 month ago,Kroni George Soros siapa hayoh,@spacedusty,FALSE,0,0,FALSE,a2WXt0aW76g,https://www.youtube.com/watch?v=a2WXt0aW76g,3896,Kroni Prabowo dalam Proyek Makan Bergizi Gratis (MBG) |  Bocor Alus Politik
Ugx8jTXEK7FNKrR8tvt4AaABAg,,comment,1 month ago,Ya Alloh dzolimnya mereka para perencana pencaplok dana MBG 😢😢,@ayatulhusna8167,FALSE,0,0,FALSE,a2WXt0aW76g,https://www.youtube.com/watch?v=a2WXt0aW76g,3896,Kroni Prabowo dalam Proyek Makan Bergizi Gratis (MBG) |  Bocor Alus Politik
UgxOhOJydevQJtrgOql4AaABAg,,comment,1 month ago,Ini to tempe,@IstiGuruhchannel25j80,FALSE,0,0,FALSE,a2WXt0aW76g,https://www.youtube.com/watch?v=a2WXt0aW76g,3896,Kroni Prabowo dalam Proyek Makan Bergizi Gratis (MBG) |  Bocor Alus Politik
UgyAUk9mki8U5Ckm7zF4AaABAg,,comment,1 month ago,"Prihatin dan sedih lihat kondisi Negara tercinta ini. cita2 suci Reformasi sdh lama bergulir, tp Sejak gara2 akal2an aturan utk meloloskan seseorang, cawe2 di pilpres dan pilkada, tambah runyem sprtinya.
Jadi kita wajib berterima kasih utk Tempo yg telah jadi pilar utk bocorkan semua yg tdk beres.
Next tolong bahas lagi pager makan laut yg ternyata blm dicabut semua. Jgn sampai ada mirip singapura di indonesia.",@tawonmadu2985,FALSE,0,0,FALSE,a2WXt0aW76g,https://www.youtube.com/watch?v=a2WXt0aW76g,3896,Kroni Prabowo dalam Proyek Makan Bergizi Gratis (MBG) |  Bocor Alus Politik
UgyB23PJSa6IjhtnRNt4AaABAg,,comment,1 month ago,"mau tdk mau  terima lah pemimpim konoha yg tdk memiliki kemampuan mempimpin negara ini, menang nya aja krn di bantu di dl ke curangan,
doakan aja presiden bs sampai 5 thn menjabat jgn tb2 gagal di tgh jln krn bs di ambil alih dgn fufufafa, makin hancur negara konohha😢",@cfmks8463,FALSE,0,0,FALSE,a2WXt0aW76g,https://www.youtube.com/watch?v=a2WXt0aW76g,3896,Kroni Prabowo dalam Proyek Makan Bergizi Gratis (MBG) |  Bocor Alus Politik
UgwA0DRgZ2Vr85kvhk54AaABAg,,comment,1 month ago,Rugi milih prabowo...,@HadiKusuma-jr9uc,FALSE,0,0,FALSE,a2WXt0aW76g,https://www.youtube.com/watch?v=a2WXt0aW76g,3896,Kroni Prabowo dalam Proyek Makan Bergizi Gratis (MBG) |  Bocor Alus Politik
UgxuQi_9ezpVXbEI3ER4AaABAg,,comment,1 month ago,"🤣🤣sama dgn proyek ""FOOD ESTATE""🤣🤣mn proyeknya,mn anggarannya 🤣🤣tau2 buat dana logistik pilpres 🤣🤣",@Gegaresss,FALSE,0,1,FALSE,a2WXt0aW76g,https://www.youtube.com/watch?v=a2WXt0aW76g,3896,Kroni Prabowo dalam Proyek Makan Bergizi Gratis (MBG) |  Bocor Alus Politik
UgzeL8_aS1i-a1a44CJ4AaABAg,,comment,1 month ago,"NTT blm menikmati MBG, kok sudah tercium bagi² cuan🤦🤦🤦",@bonefasiusadiarman7943,FALSE,0,1,FALSE,a2WXt0aW76g,https://www.youtube.com/watch?v=a2WXt0aW76g,3896,Kroni Prabowo dalam Proyek Makan Bergizi Gratis (MBG) |  Bocor Alus Politik
Ugz-qUWwCTLS7xCyI614AaABAg,,comment,1 month ago,Saya bangga dengan kekacauan ini.,@rovivapanggabean1898,FALSE,0,0,FALSE,a2WXt0aW76g,https://www.youtube.com/watch?v=a2WXt0aW76g,3896,Kroni Prabowo dalam Proyek Makan Bergizi Gratis (MBG) |  Bocor Alus Politik
UgxaKSEqlgUbe4VhSrd4AaABAg,,comment,1 month ago,Proyek coyyy.. 😂😂😂,@wahyumaulana7694,FALSE,0,0,FALSE,a2WXt0aW76g,https://www.youtube.com/watch?v=a2WXt0aW76g,3896,Kroni Prabowo dalam Proyek Makan Bergizi Gratis (MBG) |  Bocor Alus Politik
Ugy0WoPz0lgnH6FbFoh4AaABAg,,comment,1 month ago,"Petani Luar Negeri, Importir pangan, Yayasan dan Catering Kroni Wowo : ""Terima Kasih Wowo berkat anda kami Kaya Raya "" 🤣🤣🤣",@piyuu-i1j,FALSE,0,0,FALSE,a2WXt0aW76g,https://www.youtube.com/watch?v=a2WXt0aW76g,3896,Kroni Prabowo dalam Proyek Makan Bergizi Gratis (MBG) |  Bocor Alus Politik
UgwD-wZDrd2AeuFi6jN4AaABAg,,comment,1 month ago,Belum lgi proyek di papua haji isam yg notabene org deket prabowo juga 😂,@NadaAisaya,FALSE,0,0,FALSE,a2WXt0aW76g,https://www.youtube.com/watch?v=a2WXt0aW76g,3896,Kroni Prabowo dalam Proyek Makan Bergizi Gratis (MBG) |  Bocor Alus Politik
UgwgJUGR9wCR9Oyw1vV4AaABAg,,comment,1 month ago,"Hajar bro....
Bongkar habis",@UcokleidongAtiong,FALSE,0,0,FALSE,a2WXt0aW76g,https://www.youtube.com/watch?v=a2WXt0aW76g,3896,Kroni Prabowo dalam Proyek Makan Bergizi Gratis (MBG) |  Bocor Alus Politik
UgyKSkZETeyWzdkBLoV4AaABAg,,comment,1 month ago,Pantas aja..lenis kogoya paling emosi waktu ank2 papua demo tolak MBG😂😂😂..LK kalo jago ngomong gede jgn dijkt tpi langsung dipapuaa😂😂😂...berani ga..LK tau diri..banyak ditolak dipapua😂,@SkidCultura,FALSE,0,1,FALSE,a2WXt0aW76g,https://www.youtube.com/watch?v=a2WXt0aW76g,3896,Kroni Prabowo dalam Proyek Makan Bergizi Gratis (MBG) |  Bocor Alus Politik
Ugxj1Vc3i_G6AugFeYd4AaABAg,,comment,1 month ago,Udh gue tebak sejak dia nyapres .,@zamronijohn1161,FALSE,0,0,FALSE,a2WXt0aW76g,https://www.youtube.com/watch?v=a2WXt0aW76g,3896,Kroni Prabowo dalam Proyek Makan Bergizi Gratis (MBG) |  Bocor Alus Politik
Ugyrkiadx4xSW1siiZh4AaABAg,,comment,1 month ago,podcast dungu...,@abbaschanel5766,FALSE,0,0,FALSE,a2WXt0aW76g,https://www.youtube.com/watch?v=a2WXt0aW76g,3896,Kroni Prabowo dalam Proyek Makan Bergizi Gratis (MBG) |  Bocor Alus Politik
Ugx4QkNPVIm49neMDCh4AaABAg,,comment,1 month ago,Sesuai prediksilah😂,@darwissuryadi-uj2kz,FALSE,0,0,FALSE,a2WXt0aW76g,https://www.youtube.com/watch?v=a2WXt0aW76g,3896,Kroni Prabowo dalam Proyek Makan Bergizi Gratis (MBG) |  Bocor Alus Politik
UgxqaKnJoVsSeLDv2kd4AaABAg,,comment,1 month ago,Tempo luar biasa!!!!!! ❤👍👍👍,@rennymm367,FALSE,0,1,FALSE,a2WXt0aW76g,https://www.youtube.com/watch?v=a2WXt0aW76g,3896,Kroni Prabowo dalam Proyek Makan Bergizi Gratis (MBG) |  Bocor Alus Politik
Ugxc1A8Hh_wDujF836d4AaABAg,,comment,1 month ago,"Waktu kampanye, nyebut nama umkm yg akan mengerjakan. Ternyata oh ternyata....memang umkm hanya dibawa2. Tidak pernah serius mengurus umkm
Pantesan umkm gitu2 aja",@waraktvchannel7912,FALSE,0,1,FALSE,a2WXt0aW76g,https://www.youtube.com/watch?v=a2WXt0aW76g,3896,Kroni Prabowo dalam Proyek Makan Bergizi Gratis (MBG) |  Bocor Alus Politik
UgycOcdzufYGTYnhLuh4AaABAg,,comment,1 month ago,Jika di anggar kan 10rb/porsi dan kita harus belanja kan 10rb juga per porsinya coba suruh aja KPK yg kerjain itu😂😂😂,@jaklomubanada,FALSE,0,1,FALSE,a2WXt0aW76g,https://www.youtube.com/watch?v=a2WXt0aW76g,3896,Kroni Prabowo dalam Proyek Makan Bergizi Gratis (MBG) |  Bocor Alus Politik
Ugzzo0aW8j_AI5kIW954AaABAg,,comment,1 month ago (edited),"Tempo memang media berita yang sangat the best dan tentunya juga aktual dan terpercaya. 🔥😍😍😍😍
Saya selalu mendukungmu Tempo. 🔥🔥🔥",@katsuokeiakira7432,FALSE,0,1,FALSE,a2WXt0aW76g,https://www.youtube.com/watch?v=a2WXt0aW76g,3896,Kroni Prabowo dalam Proyek Makan Bergizi Gratis (MBG) |  Bocor Alus Politik
UgxHNO5z-b3xDrPM4m94AaABAg,,comment,1 month ago,"Berikan uang makan tsb pada ibunya 
Biarkan sang ibu yang masakin
JANGAN BERIKAN PADA ORANG LAIN
PASTI DIKORUPSI",@devasudrajat7712,FALSE,0,2,FALSE,a2WXt0aW76g,https://www.youtube.com/watch?v=a2WXt0aW76g,3896,Kroni Prabowo dalam Proyek Makan Bergizi Gratis (MBG) |  Bocor Alus Politik
UgysDc9Q7MorqCbI-RZ4AaABAg,,comment,1 month ago,"Proyek MBG, Makan -- belum tentu -- Bergizi -- tidak - Gratis",@hakhastudio7575,FALSE,0,0,FALSE,a2WXt0aW76g,https://www.youtube.com/watch?v=a2WXt0aW76g,3896,Kroni Prabowo dalam Proyek Makan Bergizi Gratis (MBG) |  Bocor Alus Politik
UgxaSb4qYJ1ZLTWuRnx4AaABAg,,comment,1 month ago,Ntahlah kenapa gak belajar dari proyek bansos covid yang dikorupsi kemarin. Masih ada aja  bantuan berupa non tunai.,@polepole008,FALSE,0,0,FALSE,a2WXt0aW76g,https://www.youtube.com/watch?v=a2WXt0aW76g,3896,Kroni Prabowo dalam Proyek Makan Bergizi Gratis (MBG) |  Bocor Alus Politik
UgxYkXGykvC2GLY2pRx4AaABAg,,comment,1 month ago,food estate  & mbg = kombinasi mantap,@ArabPeaaaa,FALSE,0,0,FALSE,a2WXt0aW76g,https://www.youtube.com/watch?v=a2WXt0aW76g,3896,Kroni Prabowo dalam Proyek Makan Bergizi Gratis (MBG) |  Bocor Alus Politik
UgyGwKFgQoKhUryJ7Cl4AaABAg,,comment,1 month ago,"Jadi kalo Jokowi proyek bancakan andalannya IKN, Prabowo proyek bancakan andalannya MBG. Apakah betul begitu??? Eh tapi Jokowi kayaknya banyak proyek bancakannya, dibungkus redaksi PSN, food estate, KEK, dst. dst…. Prabowo apalagi ya? Bancakan bukan berarti negatif ya, kalo memang bermanfaat bagi kesejahteraan rakyat dan kemajuan bangsa dan negara, bukan buat ajang KKN.",@def-vlog,FALSE,0,1,FALSE,a2WXt0aW76g,https://www.youtube.com/watch?v=a2WXt0aW76g,3896,Kroni Prabowo dalam Proyek Makan Bergizi Gratis (MBG) |  Bocor Alus Politik
UgzPy0C3SmHKOYHIoBF4AaABAg,,comment,1 month ago (edited),"prgram kebodohan,hutang negara numpuk,sok2an, anggara dari rakyat jelata ke rakyat jelata?🤣 konyol nya super, di bodohin sama raja jawa biar cepat lengser🤣",@cfmks8463,FALSE,0,0,FALSE,a2WXt0aW76g,https://www.youtube.com/watch?v=a2WXt0aW76g,3896,Kroni Prabowo dalam Proyek Makan Bergizi Gratis (MBG) |  Bocor Alus Politik
UgwiZOPUcu2S2vr1_f14AaABAg,,comment,1 month ago,Mantep tempo terus bersuara demi negara ini jgn gentar dng teror kami dukung tempo sepenuh nya.,@RasidSudarvit-vb6dz,FALSE,0,0,FALSE,a2WXt0aW76g,https://www.youtube.com/watch?v=a2WXt0aW76g,3896,Kroni Prabowo dalam Proyek Makan Bergizi Gratis (MBG) |  Bocor Alus Politik
Ugzy4Zb_KZ4Ch9aNRmN4AaABAg,,comment,1 month ago,Apapun program dari pemerintah... pasti selalu dikorupsi...,@WiwiedCmak,FALSE,0,2,FALSE,a2WXt0aW76g,https://www.youtube.com/watch?v=a2WXt0aW76g,3896,Kroni Prabowo dalam Proyek Makan Bergizi Gratis (MBG) |  Bocor Alus Politik
UgyhA2u3ChbRFPSO_uF4AaABAg,,comment,1 month ago,Terimakasih,@UmmaAlfi-d3h,FALSE,0,0,FALSE,a2WXt0aW76g,https://www.youtube.com/watch?v=a2WXt0aW76g,3896,Kroni Prabowo dalam Proyek Makan Bergizi Gratis (MBG) |  Bocor Alus Politik
UgzfSQqEXFYO4NZVlT14AaABAg,,comment,1 month ago,"Cara bagi2 setelah pilpres ya...begini. kan tdk semua bs jd menteri ataupun komisaris ataupun apalah. Apa yg tdk bs di akali di negeri ini?! Pileg, pilkada,pilpres,jabatan, anggaran,semua melalui internet ""AKAL AKALAN""😅😅",@Gegaresss,FALSE,0,0,FALSE,a2WXt0aW76g,https://www.youtube.com/watch?v=a2WXt0aW76g,3896,Kroni Prabowo dalam Proyek Makan Bergizi Gratis (MBG) |  Bocor Alus Politik
Ugwqn2j-UP9AlNHMY0N4AaABAg,,comment,1 month ago,Kami tidak butuh makan gratis yg kami butuh adalah lapangan kerja atau modal usaha,@KangmusMus-rb1jc,FALSE,0,0,FALSE,a2WXt0aW76g,https://www.youtube.com/watch?v=a2WXt0aW76g,3896,Kroni Prabowo dalam Proyek Makan Bergizi Gratis (MBG) |  Bocor Alus Politik
UgzOYyWUzTcq5UcuDdd4AaABAg,,comment,1 month ago,"Mertua gua dpt tawaran dari kk ipar buat proyek makan siang gratis ini, dan harus punya modal awal 400jtan",@aidilsyafitrah3527,FALSE,0,0,FALSE,a2WXt0aW76g,https://www.youtube.com/watch?v=a2WXt0aW76g,3896,Kroni Prabowo dalam Proyek Makan Bergizi Gratis (MBG) |  Bocor Alus Politik
UgyaNAmeaSJFMIotiJ54AaABAg,,comment,1 month ago,No wonder lah yaww.. Dr awal rakyat jg udh tauu.. Yg nikmatin yaa kroni2 nya mereka,@inapertiwi9077,FALSE,0,0,FALSE,a2WXt0aW76g,https://www.youtube.com/watch?v=a2WXt0aW76g,3896,Kroni Prabowo dalam Proyek Makan Bergizi Gratis (MBG) |  Bocor Alus Politik
Ugy34oPRSAm1Tl7AkJx4AaABAg,,comment,1 month ago,MBG akan membuat Indonesia berkeping keping jika tidak di hentikan...hancur bangkrut,@maruli57,FALSE,0,0,FALSE,a2WXt0aW76g,https://www.youtube.com/watch?v=a2WXt0aW76g,3896,Kroni Prabowo dalam Proyek Makan Bergizi Gratis (MBG) |  Bocor Alus Politik
Ugw72yNfDdAo8m6YdXR4AaABAg,,comment,1 month ago,"Pemerintahan skrg seolah2 gk ada oposisi, pada membisu semua! 
Tempo ttplah bersuara menjadi oposisi untuk rakyat",@bangkakmania7593,FALSE,0,0,FALSE,a2WXt0aW76g,https://www.youtube.com/watch?v=a2WXt0aW76g,3896,Kroni Prabowo dalam Proyek Makan Bergizi Gratis (MBG) |  Bocor Alus Politik
Ugw2zjgAOYy4UoX2O0F4AaABAg,,comment,1 month ago,Coba ajukan polling berapa persen yang tidak setuju terhdp proyek MBG ini,@supiandjailani662,FALSE,0,0,FALSE,a2WXt0aW76g,https://www.youtube.com/watch?v=a2WXt0aW76g,3896,Kroni Prabowo dalam Proyek Makan Bergizi Gratis (MBG) |  Bocor Alus Politik
UgyAk6D4dW3zRBdHejN4AaABAg,,comment,1 month ago,gak heran. Makanya ngotot banget kan sama program yang awut2an ini! Mitamit!,@DiniAbd,FALSE,0,0,FALSE,a2WXt0aW76g,https://www.youtube.com/watch?v=a2WXt0aW76g,3896,Kroni Prabowo dalam Proyek Makan Bergizi Gratis (MBG) |  Bocor Alus Politik
UgzIW3ube59rqtYzltB4AaABAg,,comment,1 month ago,"Kasihan rakyat ini, cuma bisa trimo ....",@agungwibowo8103,FALSE,0,0,FALSE,a2WXt0aW76g,https://www.youtube.com/watch?v=a2WXt0aW76g,3896,Kroni Prabowo dalam Proyek Makan Bergizi Gratis (MBG) |  Bocor Alus Politik
Ugw_XnvXFtJg8KEmI3F4AaABAg,,comment,1 month ago,❤MAJU TERUS. MORE SPEAK OUT….DO IT LOUD…..SALAM HORMAT DARI JAUH FROM BOISE IDAHO USA.    ALWAYS STAY TUNE WITH YOU ALL.,@kwonglie214,FALSE,0,0,FALSE,a2WXt0aW76g,https://www.youtube.com/watch?v=a2WXt0aW76g,3896,Kroni Prabowo dalam Proyek Makan Bergizi Gratis (MBG) |  Bocor Alus Politik
UgyudB__VOibxFm-Awp4AaABAg,,comment,1 month ago,"MBG harus dihapuskan, lebih banyak masalah.",@halte888hope9,FALSE,0,0,FALSE,a2WXt0aW76g,https://www.youtube.com/watch?v=a2WXt0aW76g,3896,Kroni Prabowo dalam Proyek Makan Bergizi Gratis (MBG) |  Bocor Alus Politik
UgzB2HGaAz5BId1TOYJ4AaABAg,,comment,1 month ago,"Saya gak suka tempo, karena ada uang nya soros di dalam nya. Soros adalah aktor pemecah belah bangsa dan untuk keuntungan asing..",@rizkirahma495,FALSE,0,0,FALSE,a2WXt0aW76g,https://www.youtube.com/watch?v=a2WXt0aW76g,3896,Kroni Prabowo dalam Proyek Makan Bergizi Gratis (MBG) |  Bocor Alus Politik
UgwbeaD3hEOcbrdXyNZ4AaABAg,,comment,1 month ago (edited),Lebih setuju tranfer uang ke orang tua murit buat bikinin makan bergisi grtais di sekolahanya masing masing.,@sugitoikuk135,FALSE,0,0,FALSE,a2WXt0aW76g,https://www.youtube.com/watch?v=a2WXt0aW76g,3896,Kroni Prabowo dalam Proyek Makan Bergizi Gratis (MBG) |  Bocor Alus Politik
UgzOhOHF4q-10dS0F3p4AaABAg,,comment,1 month ago,"Saran kami sbg rakyat adalah bubarkan relawan yg membela kepentingan individu pemimpin negara dan mantan pemimpin negara ,ini berpotensi memecah rakyat yg bersatu padu sekaligus merusak persatuan dan kesatuan bangsa. ketika rakyat sdh selesai memilih pemimpin negara  , maka tidak boleh ada lagi yg jadi relawan, krn pemimpin negara otomatis jadi pelayan rakyat sekaligus menjalankan aspirasi rakyat, tidak boleh ada yg ngaku relawan dan buzzer yg mematikan aspirasi rakyat demi membela kepentingan individu dan kelompok pemimpin tsb, itu bentuk pengkhianatan thd aspirasi rakyat, tugas rakyat setelah pemimpin terpilih adalah mengawasi kinerja pemimpinnya, jika salah arah, rakyat berwenang menegur, mengkritik dan memberi saran, dan jika tetap bandel rakyat berwenang memecatnya",@remahremah1234,FALSE,0,1,FALSE,a2WXt0aW76g,https://www.youtube.com/watch?v=a2WXt0aW76g,3896,Kroni Prabowo dalam Proyek Makan Bergizi Gratis (MBG) |  Bocor Alus Politik
UgwtcMwp2hNRAyclYWR4AaABAg,,comment,1 month ago,mug nya bagus,@sonyadarti248,FALSE,0,0,FALSE,a2WXt0aW76g,https://www.youtube.com/watch?v=a2WXt0aW76g,3896,Kroni Prabowo dalam Proyek Makan Bergizi Gratis (MBG) |  Bocor Alus Politik
UgzuOlNhFCktvBqmaPB4AaABAg,,comment,1 month ago,"Jangan sampai terjebak dalam  "" suara OPOSISI "" dan berubah arah saat di tarik dalam pusaran.. 
Semangat REVOLUSI BERPIKIR",@yayasanpendidikangiebimanu8104,FALSE,0,0,FALSE,a2WXt0aW76g,https://www.youtube.com/watch?v=a2WXt0aW76g,3896,Kroni Prabowo dalam Proyek Makan Bergizi Gratis (MBG) |  Bocor Alus Politik
UgzedMwJYjRSd-yfwDh4AaABAg,,comment,1 month ago,"Tempo mantab,, sukses sllu update tyuss info menarik",@bangchoenchannel000,FALSE,0,0,FALSE,a2WXt0aW76g,https://www.youtube.com/watch?v=a2WXt0aW76g,3896,Kroni Prabowo dalam Proyek Makan Bergizi Gratis (MBG) |  Bocor Alus Politik
UgwJKZy2dphCqgbNF4Z4AaABAg,,comment,1 month ago,Hahahaha ga aneh boss,@ngogeolandforest9922,FALSE,0,0,FALSE,a2WXt0aW76g,https://www.youtube.com/watch?v=a2WXt0aW76g,3896,Kroni Prabowo dalam Proyek Makan Bergizi Gratis (MBG) |  Bocor Alus Politik
UgzLNC1I5yMqjb1UpbF4AaABAg,,comment,1 month ago,Bagi-bagi kue,@MaicoHariono,FALSE,0,0,FALSE,a2WXt0aW76g,https://www.youtube.com/watch?v=a2WXt0aW76g,3896,Kroni Prabowo dalam Proyek Makan Bergizi Gratis (MBG) |  Bocor Alus Politik
Ugw9DOTFAPaoUTH5Aup4AaABAg,,comment,1 month ago,"Hayo anak muda "" buatlah skema visi besar "", jangan hanya misi misi yang tehnikal,  apalagi yang di politisasi",@yayasanpendidikangiebimanu8104,FALSE,0,0,FALSE,a2WXt0aW76g,https://www.youtube.com/watch?v=a2WXt0aW76g,3896,Kroni Prabowo dalam Proyek Makan Bergizi Gratis (MBG) |  Bocor Alus Politik
Ugw2zvAGU0LScANJbf54AaABAg,,comment,1 month ago,Tempo harus bahas juga terkait rekrutmen ASN BGN yang penuh kontroversi .,@asbmgm007,FALSE,0,1,FALSE,a2WXt0aW76g,https://www.youtube.com/watch?v=a2WXt0aW76g,3896,Kroni Prabowo dalam Proyek Makan Bergizi Gratis (MBG) |  Bocor Alus Politik
UgwBGMpeiXUeyXYMVk94AaABAg,,comment,1 month ago,Konoha dipaksa beli pswt f15 ex buatan boeing sbg negosiasi tarif trump 😢,@ScullyMulder213,FALSE,0,0,FALSE,a2WXt0aW76g,https://www.youtube.com/watch?v=a2WXt0aW76g,3896,Kroni Prabowo dalam Proyek Makan Bergizi Gratis (MBG) |  Bocor Alus Politik
UgxeCgvasgIOJiobz8x4AaABAg,,comment,1 month ago,"Semua pidato Prabowo yang berapi api mengenai kesejahteraan rakyat hanya omong kosong. Kalaupun Presiden tidak tahu, Prabowo HARUS mengawasi program emas beliau ini. Bila tidak, Prabowo bisa dituduh sebagai enabler pendukung dan orang sekitarnya",@MirabellaSilitonga,FALSE,0,0,FALSE,a2WXt0aW76g,https://www.youtube.com/watch?v=a2WXt0aW76g,3896,Kroni Prabowo dalam Proyek Makan Bergizi Gratis (MBG) |  Bocor Alus Politik
Ugx9w9O09B8uDGICDTF4AaABAg,,comment,1 month ago,Semoga niat baik presiden untuk bangsa ini kita doakan semoga berjalan baik amiin.. karen niat baik insya alloh dapat pahala amiin❤,@yadisaja-j2u,FALSE,0,0,FALSE,a2WXt0aW76g,https://www.youtube.com/watch?v=a2WXt0aW76g,3896,Kroni Prabowo dalam Proyek Makan Bergizi Gratis (MBG) |  Bocor Alus Politik
Ugy9IEju33KDHHUa2gV4AaABAg,,comment,1 month ago,selalu..................................,@suprianakasih1382,FALSE,0,0,FALSE,a2WXt0aW76g,https://www.youtube.com/watch?v=a2WXt0aW76g,3896,Kroni Prabowo dalam Proyek Makan Bergizi Gratis (MBG) |  Bocor Alus Politik
UgwUf1GHgPOpWkhYejd4AaABAg,,comment,1 month ago (edited),""" MBG ITU, LEBIH BAIK PERUT KENYANG DARIPADA JADI PINTER..""",@Benshafran,FALSE,0,0,FALSE,a2WXt0aW76g,https://www.youtube.com/watch?v=a2WXt0aW76g,3896,Kroni Prabowo dalam Proyek Makan Bergizi Gratis (MBG) |  Bocor Alus Politik
Ugz8vyI5E4qyShhiYhd4AaABAg,,comment,1 month ago,"Indonesia punya SMK jurusan Boga..disetiap kabupaten, kenapa tidak diberdayakan ??",@enamsembilan2898,FALSE,0,0,FALSE,a2WXt0aW76g,https://www.youtube.com/watch?v=a2WXt0aW76g,3896,Kroni Prabowo dalam Proyek Makan Bergizi Gratis (MBG) |  Bocor Alus Politik
Ugyyv2mmMuZoWNyYsvF4AaABAg,,comment,1 month ago,Itulah INDONESIA,@novitaayuningtyas673,FALSE,0,6,FALSE,a2WXt0aW76g,https://www.youtube.com/watch?v=a2WXt0aW76g,3896,Kroni Prabowo dalam Proyek Makan Bergizi Gratis (MBG) |  Bocor Alus Politik
Ugyfz0rP2ScZMd5xSXl4AaABAg,,comment,1 month ago,Apa sih yg ngga di korupsi di Indonesia??,@ryanloco7567,FALSE,0,0,FALSE,a2WXt0aW76g,https://www.youtube.com/watch?v=a2WXt0aW76g,3896,Kroni Prabowo dalam Proyek Makan Bergizi Gratis (MBG) |  Bocor Alus Politik
Ugyrmoq3tGlgzg0WCyN4AaABAg,,comment,1 month ago,"Ini adalah kutukan pak Harto. Bahwa mereka yang menuduh dan menjatuhkannya akan terbawa pada penyakit yang sama. Bahkan lebih dahsyat.
Yaitu KKN",@ahmadmarhayadi8104,FALSE,0,1,FALSE,a2WXt0aW76g,https://www.youtube.com/watch?v=a2WXt0aW76g,3896,Kroni Prabowo dalam Proyek Makan Bergizi Gratis (MBG) |  Bocor Alus Politik
UgxdVad76HyX66At79B4AaABAg,,comment,1 month ago,"coba cek sekolah yg ada jurusan tata boga/ kuliner
mereka dapat nominal berapa untuk mbg ini. hiiiii ngeri si",@satriahan585,FALSE,0,0,FALSE,a2WXt0aW76g,https://www.youtube.com/watch?v=a2WXt0aW76g,3896,Kroni Prabowo dalam Proyek Makan Bergizi Gratis (MBG) |  Bocor Alus Politik
UgxdsHEyFUtgr4AdowV4AaABAg,,comment,1 month ago,Hi Prabowo jangan ngabisin duit rakyat dong,@hassaneinrais1244,FALSE,0,0,FALSE,a2WXt0aW76g,https://www.youtube.com/watch?v=a2WXt0aW76g,3896,Kroni Prabowo dalam Proyek Makan Bergizi Gratis (MBG) |  Bocor Alus Politik
UgxXnCyHBWmHo5tw0Ud4AaABAg,,comment,1 month ago,Jurnalisme tanpa sumber lol,@suyanty,FALSE,0,0,FALSE,a2WXt0aW76g,https://www.youtube.com/watch?v=a2WXt0aW76g,3896,Kroni Prabowo dalam Proyek Makan Bergizi Gratis (MBG) |  Bocor Alus Politik
UgwUS87qErn36C0dncZ4AaABAg,,comment,1 month ago,Si omon2 gt lah 😅😂😅,@TrueLine-x2p,FALSE,0,0,FALSE,a2WXt0aW76g,https://www.youtube.com/watch?v=a2WXt0aW76g,3896,Kroni Prabowo dalam Proyek Makan Bergizi Gratis (MBG) |  Bocor Alus Politik
UgxQl7oKTnSLZigZbSp4AaABAg,,comment,1 month ago,"Kasih makan anak itu menjadi tanggung jawab orang tua maka ciptakan lapangan kerja utk orang tua maka anak akan makan bergizi dr penghasilan orang tuanya dr lapangan pekerjaan yg di berikan pemerintah,,bukankah itu lbh bs menghidupkan roda ekonomi dr bawah,,,udahlah cm omon2 😂",@nurmandanhomella8474,FALSE,0,1,FALSE,a2WXt0aW76g,https://www.youtube.com/watch?v=a2WXt0aW76g,3896,Kroni Prabowo dalam Proyek Makan Bergizi Gratis (MBG) |  Bocor Alus Politik
Ugy-UGJnO2pDkx6PAmR4AaABAg,,comment,1 month ago,Sdah ada podcast tandingn bocor alus yg mendiskreditkn bcor alus. Sbgai insan yg berlogika kmi terus dukung tempo dan bocor alus terus suarakan kbenaran. Krna setitik api demokrasi msih mnyala di antra klian di tengh gemerlapnya kekuasaan..,@ignasiuspanda6369,FALSE,0,0,FALSE,a2WXt0aW76g,https://www.youtube.com/watch?v=a2WXt0aW76g,3896,Kroni Prabowo dalam Proyek Makan Bergizi Gratis (MBG) |  Bocor Alus Politik
Ugybo2GLpSTQ25Y9sod4AaABAg,,comment,1 month ago (edited),"Kalo tidak cepat di Evaluasi bakalan menjadi ladang korupsi buat pejabat terkait 
Padahal ada persoalan yang lebih urgent buat rakyat 
 Indonesia 
Contohnya lapangan pekerjaan yang makin sulit 
Bukannya menjadi prioritas pemerintah malah buat MBG yg mungkin belum terlalu mendesak",@rudinadia1010,FALSE,0,0,FALSE,a2WXt0aW76g,https://www.youtube.com/watch?v=a2WXt0aW76g,3896,Kroni Prabowo dalam Proyek Makan Bergizi Gratis (MBG) |  Bocor Alus Politik
UgyiZz5l3fXOC_6iZX94AaABAg,,comment,1 month ago,Kelaasss TEMPO 🔥,@masagsant,FALSE,0,0,FALSE,a2WXt0aW76g,https://www.youtube.com/watch?v=a2WXt0aW76g,3896,Kroni Prabowo dalam Proyek Makan Bergizi Gratis (MBG) |  Bocor Alus Politik
UgzCQWbF_rIWErkfwxB4AaABAg,,comment,1 month ago,"Dalam politik itu  engga ada yang gratis,saat Prabowo menang tentu banyak tangan yang membantu .makanya ketika menang,wajar mereka minta jatah .",@masbro2191,FALSE,0,0,FALSE,a2WXt0aW76g,https://www.youtube.com/watch?v=a2WXt0aW76g,3896,Kroni Prabowo dalam Proyek Makan Bergizi Gratis (MBG) |  Bocor Alus Politik
UgyH79JlSZWYNEQs6zF4AaABAg,,comment,1 month ago,"😅😂😂Begitu di kampanyekan dulu sy sdh pernah sampaikan ini hanya akan menjadi ladang korupsi baru. Selamat ya...
😅",@machedar4296,FALSE,0,2,FALSE,a2WXt0aW76g,https://www.youtube.com/watch?v=a2WXt0aW76g,3896,Kroni Prabowo dalam Proyek Makan Bergizi Gratis (MBG) |  Bocor Alus Politik
Ugy5Hfj87tkFPhtMdBN4AaABAg,,comment,1 month ago,"Seharunya dirumuskan kembali, sistem politik terkait dana kampanye di Indonesia. Kalau tidak dana kampanye calon presiden/gubernur / bupati yang ditanggung tim kampanye akan dibayar melalui proyek2 negara. Selama ini begitu, baik sekala nasional maupun daerah...😢",@sinugra7378,FALSE,0,0,FALSE,a2WXt0aW76g,https://www.youtube.com/watch?v=a2WXt0aW76g,3896,Kroni Prabowo dalam Proyek Makan Bergizi Gratis (MBG) |  Bocor Alus Politik
Ugy2FghvFk1w3t49D1l4AaABAg,,comment,1 month ago,"Dari sekolah dasar anak2 kita di tipu kalau yg mereka makan ada gizinya. Penampakan aja nga ada sehat2 nya. Oh iya, utk yg menolak MBG, di kemanakan dana nya? balik ke pemerintah atau masuk ke kantong2 pengusaha?",@Theorganicgal,FALSE,0,0,FALSE,a2WXt0aW76g,https://www.youtube.com/watch?v=a2WXt0aW76g,3896,Kroni Prabowo dalam Proyek Makan Bergizi Gratis (MBG) |  Bocor Alus Politik
UgwHkkETKgPW78yg8AF4AaABAg,,comment,1 month ago,"Korupsi,Hukum Mati!!???👍",@rossonerri84,FALSE,0,0,FALSE,a2WXt0aW76g,https://www.youtube.com/watch?v=a2WXt0aW76g,3896,Kroni Prabowo dalam Proyek Makan Bergizi Gratis (MBG) |  Bocor Alus Politik
UgwU2AipaDwMQxSude94AaABAg,,comment,1 month ago,Mantap yang kaya makin kaya,@muzanigipari8119,FALSE,0,0,FALSE,a2WXt0aW76g,https://www.youtube.com/watch?v=a2WXt0aW76g,3896,Kroni Prabowo dalam Proyek Makan Bergizi Gratis (MBG) |  Bocor Alus Politik
Ugz6H_nd-omwDK-MJkt4AaABAg,,comment,1 month ago,"Sama"" kang Pram",@putuneuyutsamilah5102,FALSE,0,0,TRUE,a2WXt0aW76g,https://www.youtube.com/watch?v=a2WXt0aW76g,3896,Kroni Prabowo dalam Proyek Makan Bergizi Gratis (MBG) |  Bocor Alus Politik
Ugwx9tAWhffOgvvY4RN4AaABAg,,comment,1 month ago,"71T gak cukup jika dibuat sitem menggunakan pihak ke-2 ke-3 dll sebagai vendor. Paling efektif tf aja langsung ke anak, bikin kartu khusus biar tidak sebarang dicairkan selaian untuk MBG. Secara substansi atau niat, MBG ini tujuannya baik, namun untuk sebesar dan seluas Indonesia ini perlu persiapan dan perencanaan yg matang. Supaya ringan menyediakan kartu, libatkan Pemda, Pemda di minta bikin Kartunya, Pusat tinggal tf, dan UMKM menyediakan menu di sekolah masing2.",@antoniuslindung4909,FALSE,0,0,FALSE,a2WXt0aW76g,https://www.youtube.com/watch?v=a2WXt0aW76g,3896,Kroni Prabowo dalam Proyek Makan Bergizi Gratis (MBG) |  Bocor Alus Politik
UgxjbV5Vy6nQSOb1nKt4AaABAg,,comment,1 month ago,Semua proyek tujuannya cuma utk korupsi doang 🤣,@juliasdinjaya807,FALSE,0,0,FALSE,a2WXt0aW76g,https://www.youtube.com/watch?v=a2WXt0aW76g,3896,Kroni Prabowo dalam Proyek Makan Bergizi Gratis (MBG) |  Bocor Alus Politik
UgwRq8x1nesJS-gbr8B4AaABAg,,comment,1 month ago,Memperkaya orang di lingkaran Prabowo😂,@tes-ru8es,FALSE,0,0,FALSE,a2WXt0aW76g,https://www.youtube.com/watch?v=a2WXt0aW76g,3896,Kroni Prabowo dalam Proyek Makan Bergizi Gratis (MBG) |  Bocor Alus Politik
UgxgvsIuR85WQnumoDV4AaABAg,,comment,1 month ago,"Kampanye 2024 dari judol.
2029 dari MBG ??",@a.m.7749,FALSE,0,0,FALSE,a2WXt0aW76g,https://www.youtube.com/watch?v=a2WXt0aW76g,3896,Kroni Prabowo dalam Proyek Makan Bergizi Gratis (MBG) |  Bocor Alus Politik
UgzmcG_mZ6Nqp8VKhxd4AaABAg,,comment,1 month ago,gak kebagian proyek MBG yaa? makanya dukung kita dongggg,@ipayalay5178,FALSE,0,0,FALSE,a2WXt0aW76g,https://www.youtube.com/watch?v=a2WXt0aW76g,3896,Kroni Prabowo dalam Proyek Makan Bergizi Gratis (MBG) |  Bocor Alus Politik
UgwtA6uytrOnzQ8v3i54AaABAg,,comment,1 month ago,Beh ...,@sentotadiify,FALSE,0,0,FALSE,a2WXt0aW76g,https://www.youtube.com/watch?v=a2WXt0aW76g,3896,Kroni Prabowo dalam Proyek Makan Bergizi Gratis (MBG) |  Bocor Alus Politik
Ugwkw9YzK5Ko_5APQVx4AaABAg,,comment,1 month ago,Jadi ajang bancakan rezim,@prabowoprabowo3415,FALSE,0,0,FALSE,a2WXt0aW76g,https://www.youtube.com/watch?v=a2WXt0aW76g,3896,Kroni Prabowo dalam Proyek Makan Bergizi Gratis (MBG) |  Bocor Alus Politik
UgwoH5qkdza6QvLdkpt4AaABAg,,comment,1 month ago,😭,@lastlavender5351,FALSE,0,0,FALSE,a2WXt0aW76g,https://www.youtube.com/watch?v=a2WXt0aW76g,3896,Kroni Prabowo dalam Proyek Makan Bergizi Gratis (MBG) |  Bocor Alus Politik
UgwqLxS5ICJ3I376h2R4AaABAg,,comment,1 month ago,Persamaan Kudalumping & korupsi adalah sama2 budaya Indonesia🤣🤣,@thecensmokers,FALSE,0,0,FALSE,a2WXt0aW76g,https://www.youtube.com/watch?v=a2WXt0aW76g,3896,Kroni Prabowo dalam Proyek Makan Bergizi Gratis (MBG) |  Bocor Alus Politik
UgyQleAZBjWkU7EOLPN4AaABAg,,comment,1 month ago,Selalu menarik dan kredibel menyimak TEMPO sebagai pilar demokrasi yang masih tegak saat banyak media yang sudah masuk angin,@jayengrana3452,FALSE,0,2,FALSE,a2WXt0aW76g,https://www.youtube.com/watch?v=a2WXt0aW76g,3896,Kroni Prabowo dalam Proyek Makan Bergizi Gratis (MBG) |  Bocor Alus Politik
UgypC6oif6Url3mJwnB4AaABAg,,comment,1 month ago,Kapan hancur nya Konoha ini ?,@majapahit8325,FALSE,0,0,FALSE,a2WXt0aW76g,https://www.youtube.com/watch?v=a2WXt0aW76g,3896,Kroni Prabowo dalam Proyek Makan Bergizi Gratis (MBG) |  Bocor Alus Politik
Ugx_CYcJ-0zc6a_vPFF4AaABAg,,comment,1 month ago,KKN,@citaminw,FALSE,0,0,FALSE,a2WXt0aW76g,https://www.youtube.com/watch?v=a2WXt0aW76g,3896,Kroni Prabowo dalam Proyek Makan Bergizi Gratis (MBG) |  Bocor Alus Politik
UgwlYealFwqjvT1TzIh4AaABAg,,comment,1 month ago,"Pak Ahok sdh pernah bilang, berikan aja sama org tua siswa uang utk membeli mkn bergizi....",@anitasitanggang248,FALSE,0,0,FALSE,a2WXt0aW76g,https://www.youtube.com/watch?v=a2WXt0aW76g,3896,Kroni Prabowo dalam Proyek Makan Bergizi Gratis (MBG) |  Bocor Alus Politik
UgxnnqgbTLWOnJ_OWMd4AaABAg,,comment,1 month ago,jangan2 besok muncul stiker jokowo: iseh enak jamanku to?,@keyboard-bender,FALSE,0,0,FALSE,a2WXt0aW76g,https://www.youtube.com/watch?v=a2WXt0aW76g,3896,Kroni Prabowo dalam Proyek Makan Bergizi Gratis (MBG) |  Bocor Alus Politik
UgyFakBenogZdP8r40t4AaABAg,,comment,1 month ago,Proyek Pergantian Pemain,@纪律与奉献,FALSE,0,0,FALSE,a2WXt0aW76g,https://www.youtube.com/watch?v=a2WXt0aW76g,3896,Kroni Prabowo dalam Proyek Makan Bergizi Gratis (MBG) |  Bocor Alus Politik
UgzJynoBUlS-ygYR1aN4AaABAg,,comment,1 month ago (edited),SEMOGA TEMPO TETAP BERHATI HATI DAN TIDAK MENERIMA PEKERJAAN DARI PEMERINTAH KARENA BERPOTENSI AKAN MENJADI BUMERANG,@Benshafran,FALSE,0,0,FALSE,a2WXt0aW76g,https://www.youtube.com/watch?v=a2WXt0aW76g,3896,Kroni Prabowo dalam Proyek Makan Bergizi Gratis (MBG) |  Bocor Alus Politik
UgzvLLayxPYFtqJZ_xJ4AaABAg,,comment,1 month ago,"Bukan bocor alus lagi, ban pecahhh",@Netijen.hijrah,FALSE,0,0,FALSE,a2WXt0aW76g,https://www.youtube.com/watch?v=a2WXt0aW76g,3896,Kroni Prabowo dalam Proyek Makan Bergizi Gratis (MBG) |  Bocor Alus Politik
UgzS3WNGm59grtF6rBl4AaABAg,,comment,1 month ago,Semoga dievaluasi sama pelaksana.,@mamanpd5341,FALSE,0,0,FALSE,a2WXt0aW76g,https://www.youtube.com/watch?v=a2WXt0aW76g,3896,Kroni Prabowo dalam Proyek Makan Bergizi Gratis (MBG) |  Bocor Alus Politik
UgxjyVSMfVcjJr8s05J4AaABAg,,comment,1 month ago,"sesuai dugaan,pas mbg digaungkan, pasti bakal jadi ladang permainan elit politik buat nyari uang saku, jogetin aja masbro",@deezz-i2x,FALSE,0,0,FALSE,a2WXt0aW76g,https://www.youtube.com/watch?v=a2WXt0aW76g,3896,Kroni Prabowo dalam Proyek Makan Bergizi Gratis (MBG) |  Bocor Alus Politik
UgyH-jru_HxpFav8Aap4AaABAg,,comment,1 month ago,"hati hati ada ""pendukung"" tapi penggembos agar terlihat jelek,
pak prabowo mending mbg digabung dengan program stunting antara menteri kesehatan dan menteri sosial, 
puskesmas posyandu masuk ke sekolah, didata anak yang stunting, kurang gizi, rumahnya didatangi diberikan langsung telur mentah, ayam, beras, gas, dan uang saku setiap bulan untuk anak itu agar keluarganya masak sendiri makanan itu, diupload difoto, setiap 6 bulan di lakukan monitoring. kasih insentive lapangan ke puskesmas, yg berhasil mengatasi gizi kasih reward juga. dst.",@irwantosadikin8023,FALSE,0,0,FALSE,a2WXt0aW76g,https://www.youtube.com/watch?v=a2WXt0aW76g,3896,Kroni Prabowo dalam Proyek Makan Bergizi Gratis (MBG) |  Bocor Alus Politik
UgwWGHO81nSvK8uCfi94AaABAg,,comment,1 month ago,Mbg bancakan korupsi,@kimisyahputra4152,FALSE,0,0,FALSE,a2WXt0aW76g,https://www.youtube.com/watch?v=a2WXt0aW76g,3896,Kroni Prabowo dalam Proyek Makan Bergizi Gratis (MBG) |  Bocor Alus Politik
UgxcpVQTopFtCwKCF7t4AaABAg,,comment,1 month ago,Temanku dapat proyek MBG.. EEE MODALNYA BYK SEKALI 😅😅😅,@NasirSaja-k4l,FALSE,0,2,FALSE,a2WXt0aW76g,https://www.youtube.com/watch?v=a2WXt0aW76g,3896,Kroni Prabowo dalam Proyek Makan Bergizi Gratis (MBG) |  Bocor Alus Politik
Ugy-1JbU12H6Zu0x1hd4AaABAg,,comment,1 month ago,Kenapa bap setting shootingnya pindaaah😮,@ajengdallialamiah463,FALSE,0,0,FALSE,a2WXt0aW76g,https://www.youtube.com/watch?v=a2WXt0aW76g,3896,Kroni Prabowo dalam Proyek Makan Bergizi Gratis (MBG) |  Bocor Alus Politik
UgyXGoMBQmTelBazoD94AaABAg,,comment,1 month ago,"Jd benar kl presiden Prabowo gomong jika orang yg terlalu pintar itu di Indonesia gk jd apa2,yg penting itu konco siapa,omon2 😁😁😁
Salam akal sehat ! !",@SudaryonoYono-zu9ws,FALSE,0,4,FALSE,a2WXt0aW76g,https://www.youtube.com/watch?v=a2WXt0aW76g,3896,Kroni Prabowo dalam Proyek Makan Bergizi Gratis (MBG) |  Bocor Alus Politik
Ugzq9n-ru-Jv_VtKfjt4AaABAg,,comment,1 month ago,"Siapa tuh. Lenis Kogoya???
Letkol titular di zaman Prabowo MenHan, dan Staff Khusus MenHan di zaman Syafrie S. 
😂😂😂😂",@staycafe5978,FALSE,0,0,FALSE,a2WXt0aW76g,https://www.youtube.com/watch?v=a2WXt0aW76g,3896,Kroni Prabowo dalam Proyek Makan Bergizi Gratis (MBG) |  Bocor Alus Politik
Ugye1ydM1bZBHpmQZV14AaABAg,,comment,1 month ago,BARISAN PENDUKUNG ANIES DAN GANJAR DIMARI BERKUMPUL. 😅,@PakSaiman-bj9qd,FALSE,0,0,FALSE,a2WXt0aW76g,https://www.youtube.com/watch?v=a2WXt0aW76g,3896,Kroni Prabowo dalam Proyek Makan Bergizi Gratis (MBG) |  Bocor Alus Politik
UgxVSkilEJ8ceUOHkql4AaABAg,,comment,1 month ago,"Di saat Presiden gembar-gembor menumpas korupsi, di sisi lain Pemerintah membuka lahan basah korupsi yang baru, begitulah ironisnya Indonesia tercinta ini",@chairulhandaruni1372,FALSE,0,0,FALSE,a2WXt0aW76g,https://www.youtube.com/watch?v=a2WXt0aW76g,3896,Kroni Prabowo dalam Proyek Makan Bergizi Gratis (MBG) |  Bocor Alus Politik
UgzGCL_d5hBq5QgP7yt4AaABAg,,comment,1 month ago,Persoalan mbg di lapangan adalah gimana nasib kantin 2 yg sdh ada sekolah,@RoberdNdoen,FALSE,0,1,FALSE,a2WXt0aW76g,https://www.youtube.com/watch?v=a2WXt0aW76g,3896,Kroni Prabowo dalam Proyek Makan Bergizi Gratis (MBG) |  Bocor Alus Politik
UgxxBuLX_qxQuMLrCd54AaABAg,,comment,1 month ago,"Kayaknya boleh tuh sebagai alternatif ""main apa kita hari ini?""
Jadi ""masak apa kita hari ini? """,@SonnyYusman,FALSE,0,0,FALSE,a2WXt0aW76g,https://www.youtube.com/watch?v=a2WXt0aW76g,3896,Kroni Prabowo dalam Proyek Makan Bergizi Gratis (MBG) |  Bocor Alus Politik
UgxY3XVJvwztdSx3Yop4AaABAg,,comment,1 month ago,"program MBG, membutuhkan modal besar. Cuan",@rizansanto2918,FALSE,0,0,FALSE,a2WXt0aW76g,https://www.youtube.com/watch?v=a2WXt0aW76g,3896,Kroni Prabowo dalam Proyek Makan Bergizi Gratis (MBG) |  Bocor Alus Politik
UgygaEx3Q0XHw2vKHBN4AaABAg,,comment,1 month ago,Sudah sangat kacau balau negeri kita ini,@kasmansembiring756,FALSE,0,0,FALSE,a2WXt0aW76g,https://www.youtube.com/watch?v=a2WXt0aW76g,3896,Kroni Prabowo dalam Proyek Makan Bergizi Gratis (MBG) |  Bocor Alus Politik
UgzE94uq4zm5fZjfYdp4AaABAg,,comment,1 month ago,mantappp,@suburpriatna26,FALSE,0,0,FALSE,a2WXt0aW76g,https://www.youtube.com/watch?v=a2WXt0aW76g,3896,Kroni Prabowo dalam Proyek Makan Bergizi Gratis (MBG) |  Bocor Alus Politik
Ugxyx8u_xf5Ajx0GPf54AaABAg,,comment,1 month ago,Hadir,@Jeffry13-v3i,FALSE,0,0,FALSE,a2WXt0aW76g,https://www.youtube.com/watch?v=a2WXt0aW76g,3896,Kroni Prabowo dalam Proyek Makan Bergizi Gratis (MBG) |  Bocor Alus Politik
UgzS6MCyjUbNLRZOa5p4AaABAg,,comment,1 month ago,Evaluasi PROYEK MAKAN BERGIZI GRATIS,@rockandrollsyndicateracing4219,FALSE,0,0,FALSE,a2WXt0aW76g,https://www.youtube.com/watch?v=a2WXt0aW76g,3896,Kroni Prabowo dalam Proyek Makan Bergizi Gratis (MBG) |  Bocor Alus Politik
UgzXeyphEtuxb-0WPWl4AaABAg,,comment,1 month ago,"Asyik ni ada loka baru
Iya kan tuan tuan",@idacraft15,FALSE,0,0,FALSE,a2WXt0aW76g,https://www.youtube.com/watch?v=a2WXt0aW76g,3896,Kroni Prabowo dalam Proyek Makan Bergizi Gratis (MBG) |  Bocor Alus Politik
Ugztvq0LdSfWG-ZOwQV4AaABAg,,comment,1 month ago,Mahasiswa dan tempo benteng terakhir demokrasi kita,@imranganis9124,FALSE,0,0,FALSE,a2WXt0aW76g,https://www.youtube.com/watch?v=a2WXt0aW76g,3896,Kroni Prabowo dalam Proyek Makan Bergizi Gratis (MBG) |  Bocor Alus Politik
UgyT0FYexTjuJ_24Odl4AaABAg,,comment,1 month ago,"MBG ini bisa jadi ladang korupsi besar2 an yg susah di bongkar.karena berbentuk makanan.bukan infrastruktur.misal ada komplen ttg menu masakan yg di rasa kurang dr harga, mereka bisa buru2 klarifikasi dgn alasan harga sayur atau ikan dll naik,besok mrk lgsg buat menu yg agak mahal dikit,jd di masyarakat kesannya bagus, padahal besok nya mrk ttp ngurangin harga ,trus lama2 masyarakat bosan,shg menerima aja menu yg ada",@PSRSX900,FALSE,0,1,FALSE,a2WXt0aW76g,https://www.youtube.com/watch?v=a2WXt0aW76g,3896,Kroni Prabowo dalam Proyek Makan Bergizi Gratis (MBG) |  Bocor Alus Politik
UgwHHynB2BDQ-XesZuF4AaABAg,,comment,1 month ago,Sdh ketebak dari semenjak proyek mbg ini sdh berbau nepotisme..... parah pokoknya..,@jhonlas8960,FALSE,0,1,FALSE,a2WXt0aW76g,https://www.youtube.com/watch?v=a2WXt0aW76g,3896,Kroni Prabowo dalam Proyek Makan Bergizi Gratis (MBG) |  Bocor Alus Politik
UgxYWCQt9WjxDVMTWD54AaABAg,,comment,1 month ago,"Kalo Tempo jadi partai politik, saya akan kerahkan pikiran dan tenaga untuk rame rame mencoblos Tempo",@ibikawak130903,FALSE,0,0,FALSE,a2WXt0aW76g,https://www.youtube.com/watch?v=a2WXt0aW76g,3896,Kroni Prabowo dalam Proyek Makan Bergizi Gratis (MBG) |  Bocor Alus Politik
Ugxuosdsk3FfrqYJ4MN4AaABAg,,comment,1 month ago,"Tempo tukang kritis Pemrintah,biaya Asing.",@dewamahesamahesa3874,FALSE,0,0,FALSE,a2WXt0aW76g,https://www.youtube.com/watch?v=a2WXt0aW76g,3896,Kroni Prabowo dalam Proyek Makan Bergizi Gratis (MBG) |  Bocor Alus Politik
UgwzkXqFJTWNOO0oSd54AaABAg,,comment,1 month ago,Semoga TEMPO ini panjang umur bersama para stafnya....amiinnm....,@adiadindachannel,FALSE,0,0,FALSE,a2WXt0aW76g,https://www.youtube.com/watch?v=a2WXt0aW76g,3896,Kroni Prabowo dalam Proyek Makan Bergizi Gratis (MBG) |  Bocor Alus Politik
Ugz3NGnzfLQIhc4QNVh4AaABAg,,comment,1 month ago,Ass program MBG hanya akal2an ga jelas tapi uangnya ngalir terus korupsi gaya baru semuanya omong kosong diawal kelihatannya tapi cuma sebulan sekali ratusan pret negara dalam krisis keuangan diambang bangkrut akibat si KOWI salah urus negara wassallam,@AndeDjuada,FALSE,0,0,FALSE,a2WXt0aW76g,https://www.youtube.com/watch?v=a2WXt0aW76g,3896,Kroni Prabowo dalam Proyek Makan Bergizi Gratis (MBG) |  Bocor Alus Politik
UgwvhJtQZkzxcc0i6y14AaABAg,,comment,1 month ago,"90⁰,",@pardoyokarjodiwirjo8538,FALSE,0,0,FALSE,a2WXt0aW76g,https://www.youtube.com/watch?v=a2WXt0aW76g,3896,Kroni Prabowo dalam Proyek Makan Bergizi Gratis (MBG) |  Bocor Alus Politik
Ugx4BuCB43J5KxDfNpd4AaABAg,,comment,1 month ago (edited),"Proyek ratusan em aja pasti sikut sikutan,  apalagi proyek T, pasti cakar cakaran..
Inilah tanah air ku.",@malemginting5942,FALSE,0,0,FALSE,a2WXt0aW76g,https://www.youtube.com/watch?v=a2WXt0aW76g,3896,Kroni Prabowo dalam Proyek Makan Bergizi Gratis (MBG) |  Bocor Alus Politik
Ugzn8_60KEKAqzzKnhJ4AaABAg,,comment,1 month ago,Salut banget sama tempo❤❤❤❤❤❤❤❤❤❤❤❤,@adiadindachannel,FALSE,0,0,FALSE,a2WXt0aW76g,https://www.youtube.com/watch?v=a2WXt0aW76g,3896,Kroni Prabowo dalam Proyek Makan Bergizi Gratis (MBG) |  Bocor Alus Politik
UgwBfX_t8wBson5NBMR4AaABAg,,comment,1 month ago,Dunia TIPU-TPI... kasihan Kita Rakyat... apalagi kita di Kabupaten Miskin,@maxslangga,FALSE,0,0,FALSE,a2WXt0aW76g,https://www.youtube.com/watch?v=a2WXt0aW76g,3896,Kroni Prabowo dalam Proyek Makan Bergizi Gratis (MBG) |  Bocor Alus Politik
UgwUypflxWNMO0zpNUl4AaABAg,,comment,1 month ago (edited),Betul betul betul dan itulah sebabnya mengapa harus dijalankan oleh seorang kepala negara dan bukannya bocor alus sudah bocor keliling mereka 😮,@nixonlubis8608,FALSE,0,0,FALSE,a2WXt0aW76g,https://www.youtube.com/watch?v=a2WXt0aW76g,3896,Kroni Prabowo dalam Proyek Makan Bergizi Gratis (MBG) |  Bocor Alus Politik
UgyNt_hC9OfE-rN6vWJ4AaABAg,,comment,1 month ago (edited),"Mau komen ""tender harus di atas 100 juta atau 200 juta,"" tapi esensi dari informasi ini sudah jelas kebaca. Terima kasih TEMPO",@rudyhermanto3280,FALSE,0,0,FALSE,a2WXt0aW76g,https://www.youtube.com/watch?v=a2WXt0aW76g,3896,Kroni Prabowo dalam Proyek Makan Bergizi Gratis (MBG) |  Bocor Alus Politik
Ugz-zbqYi2-YS4O0bHF4AaABAg,,comment,1 month ago,Mbg ga mendidik ga banyak manfaat. Jd sarang korupsi,@Cacadekor,FALSE,0,0,FALSE,a2WXt0aW76g,https://www.youtube.com/watch?v=a2WXt0aW76g,3896,Kroni Prabowo dalam Proyek Makan Bergizi Gratis (MBG) |  Bocor Alus Politik
UgwHz9QV8NVygXAP0uZ4AaABAg,,comment,1 month ago,buat bancakan ohhh,@rudysurya8620,FALSE,0,0,FALSE,a2WXt0aW76g,https://www.youtube.com/watch?v=a2WXt0aW76g,3896,Kroni Prabowo dalam Proyek Makan Bergizi Gratis (MBG) |  Bocor Alus Politik
UgwEUkjXBxJTVkTrG8l4AaABAg,,comment,1 month ago,Mantap bocor alus,@ronny1910-ft3yw,FALSE,0,0,FALSE,a2WXt0aW76g,https://www.youtube.com/watch?v=a2WXt0aW76g,3896,Kroni Prabowo dalam Proyek Makan Bergizi Gratis (MBG) |  Bocor Alus Politik
Ugxf76Pea0H6MWSoEoN4AaABAg,,comment,1 month ago,"Siapapun Presidennya akan melakukan hal tersebut. 

Yang penting hasil akhirnya sesuai tidak seperti janjinya saat kampanye? Anggaran yang dikeluarkan sesuai tidak dengan hasilnya.

Soal siapa yang dapat proyeknya gak perlu dibahas, siapapun pemimpinnya akan melakukan hal yang sama.",@gerisusilo0765,FALSE,0,0,FALSE,a2WXt0aW76g,https://www.youtube.com/watch?v=a2WXt0aW76g,3896,Kroni Prabowo dalam Proyek Makan Bergizi Gratis (MBG) |  Bocor Alus Politik
UgxvDsXd_bsdNemg-sN4AaABAg,,comment,1 month ago,Terus bersuara kebenaran kang,@MaksudiSudi-y9j,FALSE,0,0,FALSE,a2WXt0aW76g,https://www.youtube.com/watch?v=a2WXt0aW76g,3896,Kroni Prabowo dalam Proyek Makan Bergizi Gratis (MBG) |  Bocor Alus Politik
UgylIUfthlR2aXE2mJ94AaABAg,,comment,1 month ago,"Dalam buku ramalan 1001 mimpi, 
08 itu gambar maling bang 😅",@BrurySetyanto-b5t,FALSE,0,0,FALSE,a2WXt0aW76g,https://www.youtube.com/watch?v=a2WXt0aW76g,3896,Kroni Prabowo dalam Proyek Makan Bergizi Gratis (MBG) |  Bocor Alus Politik
UgxwJZfWNExXvA3EhsZ4AaABAg,,comment,1 month ago,"Aneh, saya sudah minta pak dadan kasih tempo 10 dapur dan diinformasikan lewat yayat cipasang agar anak indonesia bisa ikut menikmati dana asing yg dipakai tempo untuk nakal..dan disuruh juga ke dapurnya jimi hantu ex PRD, satu golongan dgn tempo, ternyata tempo tidak mau...tempo cemen ah😂",@cuncun1599,FALSE,0,0,FALSE,a2WXt0aW76g,https://www.youtube.com/watch?v=a2WXt0aW76g,3896,Kroni Prabowo dalam Proyek Makan Bergizi Gratis (MBG) |  Bocor Alus Politik
Ugzd7CyaltqBhi6KSot4AaABAg,,comment,1 month ago,Tempo 👍👍👍👍👍,@achmadnk2605,FALSE,0,0,FALSE,a2WXt0aW76g,https://www.youtube.com/watch?v=a2WXt0aW76g,3896,Kroni Prabowo dalam Proyek Makan Bergizi Gratis (MBG) |  Bocor Alus Politik
UgzV8W90IwJ9tmXSdc94AaABAg,,comment,1 month ago,sebelum NU melarang rokok negara ini sia sia,@平允公正,FALSE,0,0,FALSE,a2WXt0aW76g,https://www.youtube.com/watch?v=a2WXt0aW76g,3896,Kroni Prabowo dalam Proyek Makan Bergizi Gratis (MBG) |  Bocor Alus Politik
UgzCgASDKlhK48dZQmp4AaABAg,,comment,1 month ago,"Indonesia sebaiknya di pimpin oleh kim jong un... 😂😂😂 jangankan pejabat korupsi, presiden sendiri pun di lenya😂pkan😂😂",@benhardlatuminase8623,FALSE,0,0,FALSE,a2WXt0aW76g,https://www.youtube.com/watch?v=a2WXt0aW76g,3896,Kroni Prabowo dalam Proyek Makan Bergizi Gratis (MBG) |  Bocor Alus Politik
Ugz0_rw0jTWFBtb7AoB4AaABAg,,comment,1 month ago,Temp keren dan terpercaya,@abdullohmusthoin8560,FALSE,0,0,FALSE,a2WXt0aW76g,https://www.youtube.com/watch?v=a2WXt0aW76g,3896,Kroni Prabowo dalam Proyek Makan Bergizi Gratis (MBG) |  Bocor Alus Politik
UgxhyOT_-OTv2qawoW14AaABAg,,comment,1 month ago,Tambah narasumbernya dengan badan pemeriksa keuangan,@sakralizer,FALSE,0,0,FALSE,a2WXt0aW76g,https://www.youtube.com/watch?v=a2WXt0aW76g,3896,Kroni Prabowo dalam Proyek Makan Bergizi Gratis (MBG) |  Bocor Alus Politik
UgzXTbWWg_dJUK1_Mb54AaABAg,,comment,1 month ago,"Ini sdh 4 bulan sejak Januari program ini tdk berjalan. Berarti tinggal kalikan jika sebulan habis 500 M berarti sdh 2 T uang yg tdk di keluarkan, nanti gak terasa pd lupa MBG tau"" sdh 1 tahun.nah brp duit lg yg di amankan.",@ternaktaniku8388,FALSE,0,1,FALSE,a2WXt0aW76g,https://www.youtube.com/watch?v=a2WXt0aW76g,3896,Kroni Prabowo dalam Proyek Makan Bergizi Gratis (MBG) |  Bocor Alus Politik
Ugx_KBc0iu-Trtwk8BV4AaABAg,,comment,1 month ago (edited),"Prestasi terbaik pejabat Indonesia setelah dan sebelum Reformasi adalah KORUPSI! Bangsattt emang semua di proyekin, Prabowo cuma omon-omon doang pemberantasan korupsi.",@kusumaragil9689,FALSE,0,0,FALSE,a2WXt0aW76g,https://www.youtube.com/watch?v=a2WXt0aW76g,3896,Kroni Prabowo dalam Proyek Makan Bergizi Gratis (MBG) |  Bocor Alus Politik
UgzMw_o5xQhzSk5iW4R4AaABAg,,comment,1 month ago,Saya sedih...ada peluang fraud...kalau benar...negara rugi...cari income yg lain.. pajak apa lagi yg diambil...bik juga sudah..apa daya rakyat kecil...tetapi Tuhan tidak tidur...Dia yg menghakimi setiap orang dgn perbuatannya,@septantoindrayana7053,FALSE,0,0,FALSE,a2WXt0aW76g,https://www.youtube.com/watch?v=a2WXt0aW76g,3896,Kroni Prabowo dalam Proyek Makan Bergizi Gratis (MBG) |  Bocor Alus Politik
UgwzRO8Ite7PlEubV714AaABAg,,comment,1 month ago,Best!,@ozsaerlangga1704,FALSE,0,0,FALSE,a2WXt0aW76g,https://www.youtube.com/watch?v=a2WXt0aW76g,3896,Kroni Prabowo dalam Proyek Makan Bergizi Gratis (MBG) |  Bocor Alus Politik
Ugz0a_QM9J3oxeDSjf14AaABAg,,comment,1 month ago,"yg masak gak dibayar
yg gak ngapa2in dpt jatah 2500 per porsi x berp juta porsi tuh",@zilverheart,FALSE,0,0,FALSE,a2WXt0aW76g,https://www.youtube.com/watch?v=a2WXt0aW76g,3896,Kroni Prabowo dalam Proyek Makan Bergizi Gratis (MBG) |  Bocor Alus Politik
UgzTb0MLY9qbB64_5_l4AaABAg,,comment,1 month ago,Hentikan aja MBG,@asasofi3642,FALSE,0,0,FALSE,a2WXt0aW76g,https://www.youtube.com/watch?v=a2WXt0aW76g,3896,Kroni Prabowo dalam Proyek Makan Bergizi Gratis (MBG) |  Bocor Alus Politik
UgwAUI1i1b5NpKg66414AaABAg,,comment,1 month ago,Kalau bicara tujuannya untuk menyelesaikan stunting juga tidak tepat menyasar anak-anak sekolah. Stunting cuma bisa dicegah sejak dalam kandungan sampai usia 2 tahun.,@nurcahayasihombing4253,FALSE,0,0,FALSE,a2WXt0aW76g,https://www.youtube.com/watch?v=a2WXt0aW76g,3896,Kroni Prabowo dalam Proyek Makan Bergizi Gratis (MBG) |  Bocor Alus Politik
UgyeKS3PJJf9qcUFAlh4AaABAg,,comment,1 month ago,"emang bener anyep program nasional, tp yg dukung penuh cuman org2 dekat nya pak prabowo aja, terutama partai gerindra. partai2 pendukung yg lain seolah tidak dilibatkan",@radierazak6412,FALSE,0,0,FALSE,a2WXt0aW76g,https://www.youtube.com/watch?v=a2WXt0aW76g,3896,Kroni Prabowo dalam Proyek Makan Bergizi Gratis (MBG) |  Bocor Alus Politik
UgwUmK-BYbITqPcwSA54AaABAg,,comment,1 month ago,Dari awal udah ketebak pasti proyek,@iwansetiawan4041,FALSE,0,1,FALSE,a2WXt0aW76g,https://www.youtube.com/watch?v=a2WXt0aW76g,3896,Kroni Prabowo dalam Proyek Makan Bergizi Gratis (MBG) |  Bocor Alus Politik
UgwwkfB8bYbxEdK23xZ4AaABAg,,comment,1 month ago,"🎉 anehnya yang dibawah🎉 partner , mitra yang dimanfaatin proyek ini 🎉 Kok Yo mau maunya 😂😂😂 hanya dimanfaatin dengan keuntungan kecil 🎉",@delapan1-9,FALSE,0,1,FALSE,a2WXt0aW76g,https://www.youtube.com/watch?v=a2WXt0aW76g,3896,Kroni Prabowo dalam Proyek Makan Bergizi Gratis (MBG) |  Bocor Alus Politik
UgwjJo0GHE5U5J2fbyF4AaABAg,,comment,1 month ago (edited),"Kalo menyiapkan dapur buat MBG aja tentara gak siap terus gimana kalo perang ? Presiden nya dikit2 militer/tentara tapi institusi nya gini 😅

Edited : kok sih letkol tantular gak nyinyir yah giliran proyek junjungan bermasalah, fix berani nya sama anak kecil doank",@happyworld76-h5c,FALSE,0,0,FALSE,a2WXt0aW76g,https://www.youtube.com/watch?v=a2WXt0aW76g,3896,Kroni Prabowo dalam Proyek Makan Bergizi Gratis (MBG) |  Bocor Alus Politik
Ugw6wDPOY9s3oadw8Q94AaABAg,,comment,1 month ago,"Jadi inget Prabowo pernah mengeluhkan soal banyak berkurangnya pemasukan selama dia berada diluar kekuasaan. Apakah sekarang mumpung sudah berada didalamnya? Memnag sejak awal, agak aneh yang dipikirin Prabowo cuma MBG terus, bahkan saat menjawab perang dagang.",@namakumira1540,FALSE,0,13,FALSE,a2WXt0aW76g,https://www.youtube.com/watch?v=a2WXt0aW76g,3896,Kroni Prabowo dalam Proyek Makan Bergizi Gratis (MBG) |  Bocor Alus Politik
UgxgaGDG2zciNEcac8t4AaABAg,,comment,1 month ago,Gampang ditebak pasti pemain protein MBG tdk jauh Dr pendukung pencapresan or a no work.,@DwiMartono-s4w,FALSE,0,0,FALSE,a2WXt0aW76g,https://www.youtube.com/watch?v=a2WXt0aW76g,3896,Kroni Prabowo dalam Proyek Makan Bergizi Gratis (MBG) |  Bocor Alus Politik
UgwhPtesTPQNtVL8y6x4AaABAg,,comment,1 month ago,Program makan gratis belum semua sekolah  menikmatinya ini fakta,@LindawatiPakaya,FALSE,0,0,FALSE,a2WXt0aW76g,https://www.youtube.com/watch?v=a2WXt0aW76g,3896,Kroni Prabowo dalam Proyek Makan Bergizi Gratis (MBG) |  Bocor Alus Politik
UgxejzqE6J0L9JK3hLl4AaABAg,,comment,1 month ago,Sadisss tempo berani bgini gw yakin yg back up sekelas bill gates 🤣🤣,@BlackNinja-w8p,FALSE,0,0,FALSE,a2WXt0aW76g,https://www.youtube.com/watch?v=a2WXt0aW76g,3896,Kroni Prabowo dalam Proyek Makan Bergizi Gratis (MBG) |  Bocor Alus Politik
UgxJFkAb923SQ4ey7tZ4AaABAg,,comment,1 month ago,Yayasan seperti bertindak spt MAKELAR,@djokoprasetyo-g4b,FALSE,0,0,FALSE,a2WXt0aW76g,https://www.youtube.com/watch?v=a2WXt0aW76g,3896,Kroni Prabowo dalam Proyek Makan Bergizi Gratis (MBG) |  Bocor Alus Politik
UgyR3PzxCrJEYkGcdN94AaABAg,,comment,1 month ago,"MBG lahan subur menggiurkan untuk mensejahterakan disaku bajuku..hua ha ha ha ha...
Lahan subur...sawah yg luas untuk para maling...",@elyrantnawati8586,FALSE,0,0,FALSE,a2WXt0aW76g,https://www.youtube.com/watch?v=a2WXt0aW76g,3896,Kroni Prabowo dalam Proyek Makan Bergizi Gratis (MBG) |  Bocor Alus Politik
UgzbeoFvaJBtDqT-Bed4AaABAg,,comment,1 month ago,Kata saya juga... Buat apa MBG gak bakal bisa merata untuk seluruh anak indo seluruh sekolah negri swasta seluruh pelosok pulau terluar... Yg ada jdi ladang korupsi baruu empuk lezaatt.... Mending dimudahin murahin itu ekonomi rakyat... Sembako murah.. Turunin harga gula minyak beras bensin listrik dll... Bawang putih udah mau 7th lebiih harga di 40.000/kilo... Kok biisa bawang putih bertahun tahun harganya segituu... Siapa yg ngatur harga baput cobaa... MBG cm gebyarr nya aja diawal... Duit ratusan trilyun sampe 5th kedepan... Akan bgm cobaa... Harga harga makiin melambung saat ini... Phk dimana manaa... Kabinet genduuts minta ampuun...,@mutfiahmad3564,FALSE,0,0,FALSE,a2WXt0aW76g,https://www.youtube.com/watch?v=a2WXt0aW76g,3896,Kroni Prabowo dalam Proyek Makan Bergizi Gratis (MBG) |  Bocor Alus Politik
UgyZTtkps2bpez-TwIB4AaABAg,,comment,1 month ago,Bocor halus please bahas ijazah jokowi.,@cumapenonton7596,FALSE,0,0,FALSE,a2WXt0aW76g,https://www.youtube.com/watch?v=a2WXt0aW76g,3896,Kroni Prabowo dalam Proyek Makan Bergizi Gratis (MBG) |  Bocor Alus Politik
UgzR4tGK6H4TZWDNgxN4AaABAg,,comment,1 month ago,paijo perwira kopasus jendral parcok sampe kader2 gerindra semua rebutan krn mrk lebih kelaparan daripada siswa2 sekolah sendiri. sangat mengenaskan bangsa ini jadi bancakan elit rakyat cuma jadi objek bahkan dikasih makanan busuk / kadaluarsa demi mereka cuan lebih besar,@cazcrypto,FALSE,0,1,FALSE,a2WXt0aW76g,https://www.youtube.com/watch?v=a2WXt0aW76g,3896,Kroni Prabowo dalam Proyek Makan Bergizi Gratis (MBG) |  Bocor Alus Politik
UgwaJ9OIvGu-CjDBs4J4AaABAg,,comment,1 month ago,Saya meyakini proyek MBG ini banyak juga ditangani oleh relawan Mulyono atau PROJO sebab sebelumnya Bend PROJO Panel Barus pernah dalam salah satu konpres menyebut Relawan Projo akn ikut ambil bagian dalam pembagian MBG disetiap pelosok Indonesia,@robinson.p8575,FALSE,0,0,FALSE,a2WXt0aW76g,https://www.youtube.com/watch?v=a2WXt0aW76g,3896,Kroni Prabowo dalam Proyek Makan Bergizi Gratis (MBG) |  Bocor Alus Politik
Ugw6jmNR8SjpWbnUP054AaABAg,,comment,1 month ago,Yng control nya siapa proyek itu,@malaubogor3172,FALSE,0,0,FALSE,a2WXt0aW76g,https://www.youtube.com/watch?v=a2WXt0aW76g,3896,Kroni Prabowo dalam Proyek Makan Bergizi Gratis (MBG) |  Bocor Alus Politik
UgximPSJNs-Xorm-gwl4AaABAg,,comment,1 month ago,"MBG per bulan bisa 30 T
Jumlah Guru akhir 2024 3,5 jt Orang
Kalau Gaji guru 5jt/bln maka perbulan 17,T. 
Pendidikan gratis. Matematika itu rumit bukan?",@HobiCerdas,FALSE,0,26,FALSE,a2WXt0aW76g,https://www.youtube.com/watch?v=a2WXt0aW76g,3896,Kroni Prabowo dalam Proyek Makan Bergizi Gratis (MBG) |  Bocor Alus Politik
UgzrVX3xR393okDlz7J4AaABAg,,comment,1 month ago,Program MBG jangan sampai jadi proyek pemerataan korupsi.,@ansoriundyt4757,FALSE,0,0,FALSE,a2WXt0aW76g,https://www.youtube.com/watch?v=a2WXt0aW76g,3896,Kroni Prabowo dalam Proyek Makan Bergizi Gratis (MBG) |  Bocor Alus Politik
Ugxr-1ERTzS3N94bM5p4AaABAg,,comment,1 month ago,"Mulut Prabowo rakyat rakyat rakyat,tapi eksekusi nya teman teman teman ku😂....4 kali nyapres sekali menag malah jadi pemerintah amatiran 😂",@RiskiRsk-kb3ep,FALSE,0,1,FALSE,a2WXt0aW76g,https://www.youtube.com/watch?v=a2WXt0aW76g,3896,Kroni Prabowo dalam Proyek Makan Bergizi Gratis (MBG) |  Bocor Alus Politik
UgyflrGsvUT4yIkUQJ54AaABAg,,comment,1 month ago,"Bener kali, ini adalah proyek makan gratis👍👍👍",@bagushermanto8269,FALSE,0,21,FALSE,a2WXt0aW76g,https://www.youtube.com/watch?v=a2WXt0aW76g,3896,Kroni Prabowo dalam Proyek Makan Bergizi Gratis (MBG) |  Bocor Alus Politik
Ugx7xj_ngumucxyRbAp4AaABAg,,comment,1 month ago,"Saya punya warung kecil, dulu sempat berharap Kalo nangani 1 kls saya bisa, modal cukup, tapi setelah lihat pilot projectnya kayaknya ukm sepeti saya tidak perlu berharap bisa ikut, trimakasih Tempo Sudah menghiburku ....",@dairobi8977,FALSE,0,0,FALSE,a2WXt0aW76g,https://www.youtube.com/watch?v=a2WXt0aW76g,3896,Kroni Prabowo dalam Proyek Makan Bergizi Gratis (MBG) |  Bocor Alus Politik
UgwKrsjx7dZwCz170Mx4AaABAg,,comment,1 month ago,Tuh kan proyek😂,@Haris_Trisakti,FALSE,0,0,FALSE,a2WXt0aW76g,https://www.youtube.com/watch?v=a2WXt0aW76g,3896,Kroni Prabowo dalam Proyek Makan Bergizi Gratis (MBG) |  Bocor Alus Politik
Ugy6GRxh0HNzCqWFNDZ4AaABAg,,comment,1 month ago,Sudah diduga dari awal...,@AbahIBAW,FALSE,0,0,FALSE,a2WXt0aW76g,https://www.youtube.com/watch?v=a2WXt0aW76g,3896,Kroni Prabowo dalam Proyek Makan Bergizi Gratis (MBG) |  Bocor Alus Politik
UgxAADuIteggZ169Ogx4AaABAg,,comment,1 month ago,Dulu ada yg bilang: ikan busuk dari kepalanya..ga tau siapa,@solusipolesid,FALSE,0,1,FALSE,a2WXt0aW76g,https://www.youtube.com/watch?v=a2WXt0aW76g,3896,Kroni Prabowo dalam Proyek Makan Bergizi Gratis (MBG) |  Bocor Alus Politik
Ugyc4NWB53bIdfdWitB4AaABAg,,comment,1 month ago,Cuma kaum 58 yang punya pemikiran setiap orang yang kritik pemerintah pasti dikira anak abah atau anak lowbatt. 😂,@muhammadnaufal8474,FALSE,0,2,FALSE,a2WXt0aW76g,https://www.youtube.com/watch?v=a2WXt0aW76g,3896,Kroni Prabowo dalam Proyek Makan Bergizi Gratis (MBG) |  Bocor Alus Politik
Ugz31gEYsIzfZz3101J4AaABAg,,comment,1 month ago,Dosa apa sih kita ini sebagai rakyat indonesia.setelah 10 tahun dibohongi dengan keluguan kedok plonga plongo.masih harus lagi menanggung dosa kerakusan berjamaah dibungkus omon omon ngedabus,@partiparti5225,FALSE,0,2,FALSE,a2WXt0aW76g,https://www.youtube.com/watch?v=a2WXt0aW76g,3896,Kroni Prabowo dalam Proyek Makan Bergizi Gratis (MBG) |  Bocor Alus Politik
Ugx24eXYs6RsJ7xbKKx4AaABAg,,comment,1 month ago,Pantas Prabowo tidak setuju UU perampasan aset disahkan dan koruptor dihukum mati😂😂😂kroni2 nya yg korupsi 😂😂😂 Prabowo OMON OMON 😢,@swarnadwipa0112,FALSE,0,2,FALSE,a2WXt0aW76g,https://www.youtube.com/watch?v=a2WXt0aW76g,3896,Kroni Prabowo dalam Proyek Makan Bergizi Gratis (MBG) |  Bocor Alus Politik
UgwqHrIxgyo_0b1IABV4AaABAg,,comment,1 month ago (edited),"Proyek MBG ini wajib diaudit oleh lembaga yang benar2 independen, buat tim Tempo semangat dan tetap hati2 pasti ada yg kebakaran jenggot mendengar penjelasan ini, harus dijaga bukti2 semuanya dan disimpan dengan baik, khawatir tempo dilaporkan atas pencemaran nama baik",@arusyana4769,FALSE,0,0,FALSE,a2WXt0aW76g,https://www.youtube.com/watch?v=a2WXt0aW76g,3896,Kroni Prabowo dalam Proyek Makan Bergizi Gratis (MBG) |  Bocor Alus Politik
UgxnZOhtQAs1rRXd9dB4AaABAg,,comment,1 month ago,"Biasa sdh mnjd tradisi
Klo ada program atau proyek maka biasanya jatuh kpd org² terdekat di lingkaran mrk sndiri
KKN sdh jd budaya
Sulit lepas meski aturan sdh ada utk mngaturnya

Dlm program mbg dg nilai sngt besar jelas membuat mrk ngiler utk rebutan mnjd vendor atau mitra mbg
Meski skrg mulai terlihat bermasalah krn duitnya terasa seret dll",@kamekame2818,FALSE,0,0,FALSE,a2WXt0aW76g,https://www.youtube.com/watch?v=a2WXt0aW76g,3896,Kroni Prabowo dalam Proyek Makan Bergizi Gratis (MBG) |  Bocor Alus Politik
UgxakYHT5gNjijrizo94AaABAg,,comment,1 month ago,Mahasiswa Lagi Pada Sibuk jadi ga liat berita,@WanjaktiYo,FALSE,0,0,FALSE,a2WXt0aW76g,https://www.youtube.com/watch?v=a2WXt0aW76g,3896,Kroni Prabowo dalam Proyek Makan Bergizi Gratis (MBG) |  Bocor Alus Politik
Ugw4WGTQDWaGV-w2PAx4AaABAg,,comment,1 month ago,Bancakan,@tadibae784,FALSE,0,0,FALSE,a2WXt0aW76g,https://www.youtube.com/watch?v=a2WXt0aW76g,3896,Kroni Prabowo dalam Proyek Makan Bergizi Gratis (MBG) |  Bocor Alus Politik
UgzhZIJZX4r5jt7f7bN4AaABAg,,comment,1 month ago,Ujung2nya jualan program dan dapat komisi...😂😂,@MispanSantana,FALSE,0,0,FALSE,a2WXt0aW76g,https://www.youtube.com/watch?v=a2WXt0aW76g,3896,Kroni Prabowo dalam Proyek Makan Bergizi Gratis (MBG) |  Bocor Alus Politik
UgyIZ5yrnCHlZ5eG7TF4AaABAg,,comment,1 month ago,Salam & terus mencerdaskan..,@abukhaled60,FALSE,0,0,FALSE,a2WXt0aW76g,https://www.youtube.com/watch?v=a2WXt0aW76g,3896,Kroni Prabowo dalam Proyek Makan Bergizi Gratis (MBG) |  Bocor Alus Politik
UgxghlSRG0sZjJliQ114AaABAg,,comment,1 month ago,Ikan busuk dri kepala..,@elbatawiechanel5294,FALSE,0,0,FALSE,a2WXt0aW76g,https://www.youtube.com/watch?v=a2WXt0aW76g,3896,Kroni Prabowo dalam Proyek Makan Bergizi Gratis (MBG) |  Bocor Alus Politik
Ugw1wsfq9aCLQMAh04x4AaABAg,,comment,1 month ago,Proyek MBG jadi ajang korupsi nih,@arissatriani5903,FALSE,0,0,FALSE,a2WXt0aW76g,https://www.youtube.com/watch?v=a2WXt0aW76g,3896,Kroni Prabowo dalam Proyek Makan Bergizi Gratis (MBG) |  Bocor Alus Politik
UgzJo5jqqHCMFveauCx4AaABAg,,comment,1 month ago,Proyek MBG jadi ajang korupsi nih,@arissatriani5903,FALSE,0,0,FALSE,a2WXt0aW76g,https://www.youtube.com/watch?v=a2WXt0aW76g,3896,Kroni Prabowo dalam Proyek Makan Bergizi Gratis (MBG) |  Bocor Alus Politik
UgxmRU75g-xRDAo6mLh4AaABAg,,comment,1 month ago,Semoga tk ada lagi teror2 utk org2 yg kritis mengawal jalannya pemerintahan,@abdi8671,FALSE,0,0,FALSE,a2WXt0aW76g,https://www.youtube.com/watch?v=a2WXt0aW76g,3896,Kroni Prabowo dalam Proyek Makan Bergizi Gratis (MBG) |  Bocor Alus Politik
UgxaHqNOx9gX_DXWYSd4AaABAg,,comment,1 month ago,Ada Orang Manggarai Barat NTT juga😅😅,@Mochtar_Sanusi,FALSE,0,0,FALSE,a2WXt0aW76g,https://www.youtube.com/watch?v=a2WXt0aW76g,3896,Kroni Prabowo dalam Proyek Makan Bergizi Gratis (MBG) |  Bocor Alus Politik
UgxptIKkGsgiJPpzCr54AaABAg,,comment,1 month ago,Dr awal sdh kuduga....ini proyek pasti buat lahan korupsi pendukung wowo...,@lirafauzi4770,FALSE,0,0,FALSE,a2WXt0aW76g,https://www.youtube.com/watch?v=a2WXt0aW76g,3896,Kroni Prabowo dalam Proyek Makan Bergizi Gratis (MBG) |  Bocor Alus Politik
Ugywg9CK5QZOFkewLdp4AaABAg,,comment,1 month ago,"Hello tempo! Been enjoying your subscription. Boleh ada saran? Might be better kalo bisa ada offline or downloaded version. Ga usah pdf, tapi diliat offline via tempo app kaya google playbooks atau webtoon. Just a thought as a user karena i read with e-reader. Thank you tempo!",@compassionascompass,FALSE,0,0,FALSE,a2WXt0aW76g,https://www.youtube.com/watch?v=a2WXt0aW76g,3896,Kroni Prabowo dalam Proyek Makan Bergizi Gratis (MBG) |  Bocor Alus Politik
UgyGT56bm5nwihOYFEV4AaABAg,,comment,1 month ago,Sdh diduga sblmnya ...cara prabowo balas budi pd para pendukungnya yg 58% itu...akhirnya rakyat yg bloon yg jadi korbannya jg....,@dianasusilowati,FALSE,0,0,FALSE,a2WXt0aW76g,https://www.youtube.com/watch?v=a2WXt0aW76g,3896,Kroni Prabowo dalam Proyek Makan Bergizi Gratis (MBG) |  Bocor Alus Politik
UgxWY9NX5RwmwfXhMZN4AaABAg,,comment,1 month ago,Bocorr bocoorrr...,@arywibowo5565,FALSE,0,0,FALSE,a2WXt0aW76g,https://www.youtube.com/watch?v=a2WXt0aW76g,3896,Kroni Prabowo dalam Proyek Makan Bergizi Gratis (MBG) |  Bocor Alus Politik
UgyBt2S0WBQGyTkTe3F4AaABAg,,comment,1 month ago,Begitulah Konoha diurus...,@dadeksumbodo,FALSE,0,0,FALSE,a2WXt0aW76g,https://www.youtube.com/watch?v=a2WXt0aW76g,3896,Kroni Prabowo dalam Proyek Makan Bergizi Gratis (MBG) |  Bocor Alus Politik
UgzrfCzmLsyjK_P8Det4AaABAg,,comment,1 month ago,Pemimpin yg mengerikan,@MulihaHalim,FALSE,0,0,FALSE,a2WXt0aW76g,https://www.youtube.com/watch?v=a2WXt0aW76g,3896,Kroni Prabowo dalam Proyek Makan Bergizi Gratis (MBG) |  Bocor Alus Politik
UgyMfG-q0Y4uaQm1dAV4AaABAg,,comment,1 month ago,SEBELUM INDONESIA BUBAR PARA PEMEGANG  KEKUASAAN BERAMAI RAMAI MERAMPOK UANG PAJAK RAKYAT ❗️😭😭😭,@dewisetiyanti1271,FALSE,0,3,FALSE,a2WXt0aW76g,https://www.youtube.com/watch?v=a2WXt0aW76g,3896,Kroni Prabowo dalam Proyek Makan Bergizi Gratis (MBG) |  Bocor Alus Politik
UgwiB5OD_YdvOoE6gyB4AaABAg,,comment,1 month ago,Presiden pikun😂😂,@nathasa-o2q,FALSE,0,0,FALSE,a2WXt0aW76g,https://www.youtube.com/watch?v=a2WXt0aW76g,3896,Kroni Prabowo dalam Proyek Makan Bergizi Gratis (MBG) |  Bocor Alus Politik
UgwZwRkb4mBja2tTynF4AaABAg,,comment,1 month ago,Data tempo sdh berapa murid sekolah yg sdh menikmati MBG ini? Soalnya cucu saya sekolah sd/smp/slta… sampe saat ini sdh bulan April 2025 belum tersentuh MBG… wow,@arthurakotambunan1009,FALSE,0,0,FALSE,a2WXt0aW76g,https://www.youtube.com/watch?v=a2WXt0aW76g,3896,Kroni Prabowo dalam Proyek Makan Bergizi Gratis (MBG) |  Bocor Alus Politik
Ugz9t68_3FmBGRP84kp4AaABAg,,comment,1 month ago,"Penjaga rakyat di darat itu Damkar, penjaga rakyat di jagad maya itu TEMPO",@nininginovasia5706,FALSE,0,1,FALSE,a2WXt0aW76g,https://www.youtube.com/watch?v=a2WXt0aW76g,3896,Kroni Prabowo dalam Proyek Makan Bergizi Gratis (MBG) |  Bocor Alus Politik
UgyzY0aF5WII9v1AjL14AaABAg,,comment,1 month ago,"MBG ini strategis untuk Pemilu 2029. Yg diberi makan akan menjadi pemilih pemula. Gibran - KDM, kmungkinan menang telaj",@rasyidridha931,FALSE,0,0,FALSE,a2WXt0aW76g,https://www.youtube.com/watch?v=a2WXt0aW76g,3896,Kroni Prabowo dalam Proyek Makan Bergizi Gratis (MBG) |  Bocor Alus Politik
UgwNcxI929W9kGoFOwh4AaABAg,,comment,1 month ago,"Prabowo ingin menyenangkan kantong para  kroni nya.....tim sukses,,,tim mawar,,,tim tambang,,,tim buzzer,,,tim tituler,,
tim youtuber,,,tim artis,,,tim hore2 ,,,tim hantu blau,,,,dengan menggunakan pajak yg kita bayar....MENJIJIKAN.",@geminiabadi5521,FALSE,0,0,FALSE,a2WXt0aW76g,https://www.youtube.com/watch?v=a2WXt0aW76g,3896,Kroni Prabowo dalam Proyek Makan Bergizi Gratis (MBG) |  Bocor Alus Politik
UgwcnCdxdHtzQoo6qvB4AaABAg,,comment,1 month ago,"Percaya deh dibelakang klo msh ada geng solo, amburadul... OK Gas OK Gas 😂",@jhonjono8779,FALSE,0,0,FALSE,a2WXt0aW76g,https://www.youtube.com/watch?v=a2WXt0aW76g,3896,Kroni Prabowo dalam Proyek Makan Bergizi Gratis (MBG) |  Bocor Alus Politik
UgzdQ57qMXjOYo_M2zV4AaABAg,,comment,1 month ago,TEMPO....TOP....JOS...👍👍👍,@koeswahyuningsih7407,FALSE,0,0,FALSE,a2WXt0aW76g,https://www.youtube.com/watch?v=a2WXt0aW76g,3896,Kroni Prabowo dalam Proyek Makan Bergizi Gratis (MBG) |  Bocor Alus Politik
Ugzf5zeA20JPbypXVtZ4AaABAg,,comment,1 month ago,Tempo media keren,@kreasibunka4107,FALSE,0,0,FALSE,a2WXt0aW76g,https://www.youtube.com/watch?v=a2WXt0aW76g,3896,Kroni Prabowo dalam Proyek Makan Bergizi Gratis (MBG) |  Bocor Alus Politik
UgyuU8QP6H4skRT3dH14AaABAg,,comment,1 month ago,nyesel pilih... !!,@IndroSetyawan,FALSE,0,0,FALSE,a2WXt0aW76g,https://www.youtube.com/watch?v=a2WXt0aW76g,3896,Kroni Prabowo dalam Proyek Makan Bergizi Gratis (MBG) |  Bocor Alus Politik
UgyyFG2Eyvi5XUKwdCp4AaABAg,,comment,1 month ago,"Bikin sakit hati aja,,, kopeett😢😢",@neewsofficial,FALSE,0,0,FALSE,a2WXt0aW76g,https://www.youtube.com/watch?v=a2WXt0aW76g,3896,Kroni Prabowo dalam Proyek Makan Bergizi Gratis (MBG) |  Bocor Alus Politik
Ugzokwhc5hgOzH-vJ5x4AaABAg,,comment,1 month ago,Sudah ku duga😂😂😢 efisiensi untuk proyek mereka kenyanhkan perut mereka sndiri,@handayanihanda6823,FALSE,0,0,FALSE,a2WXt0aW76g,https://www.youtube.com/watch?v=a2WXt0aW76g,3896,Kroni Prabowo dalam Proyek Makan Bergizi Gratis (MBG) |  Bocor Alus Politik
UgzIwI8BH0g1GvhAW9B4AaABAg,,comment,1 month ago (edited),"Harga mbg. Rp.15000 ke yayadan 3000 jadi dapur dapat Rp.12000 kakau dapur ingin dapat untung 4000 makan ubtuk makan tinggal 8000 ini yg dimakan oleh siswa. Info kalau mau ditunjuk jadi mitra dapur haris setor 50 jt gimana ini bocor alus, saya dapag info dari teman² yg mau jadi mitra, dan untuk piring makan nya gak boleh beli dari luar, harus dsri badang gizi dengan harga 1 pirin nya Rp. 80.000 ini cerita yg saya dapat...??😂😂",@iwankosek5530,FALSE,0,0,FALSE,a2WXt0aW76g,https://www.youtube.com/watch?v=a2WXt0aW76g,3896,Kroni Prabowo dalam Proyek Makan Bergizi Gratis (MBG) |  Bocor Alus Politik
Ugxd9AbNDBxNkWbQg3p4AaABAg,,comment,1 month ago,"Hayooo...Prabowo...dimana muka dan marwah anda sebagai presiden...pusiiiing banget presiden kita..plintat..plintut...bicara korupsi, tapi di tubuhnya dan sekitar penuh koruptor.",@LysaP-mw9pr,FALSE,0,0,FALSE,a2WXt0aW76g,https://www.youtube.com/watch?v=a2WXt0aW76g,3896,Kroni Prabowo dalam Proyek Makan Bergizi Gratis (MBG) |  Bocor Alus Politik
Ugz8Om4wEJZ6MvIMe3h4AaABAg,,comment,1 month ago,"Proyek MBG korbannya pengusaha menengah dari dulu pengusaha2 kelas menengah yg selalu memberikan modal ke proyek2 pemerintah... karena semua mainkon sdh dipastikan tdk mau mengeluarkan modal, yang pastinya modal akan di keluarkan oleh pengusaha level 2-3 di project2 tersebut... Ujung2nya tagihannya yg gak keluar / gak dibayar itu ya pengusaha level 2-3... banyak pengusaha level 2-3 yg ujungnya bangkrut dan asetnya di sita Bank....",@22ujs,FALSE,0,1,FALSE,a2WXt0aW76g,https://www.youtube.com/watch?v=a2WXt0aW76g,3896,Kroni Prabowo dalam Proyek Makan Bergizi Gratis (MBG) |  Bocor Alus Politik
UgzBIPaI2RlJ-RFBsqN4AaABAg,,comment,1 month ago,"bersyukur masih ada media spt tempo, kita jadi tercerahkan",@zuhrisaefudin8961,FALSE,0,0,FALSE,a2WXt0aW76g,https://www.youtube.com/watch?v=a2WXt0aW76g,3896,Kroni Prabowo dalam Proyek Makan Bergizi Gratis (MBG) |  Bocor Alus Politik
Ugyz0FJ_tK_nGt77P954AaABAg,,comment,1 month ago,"Bagaimana Bowo gak suka Tempo, wong semua boroknya dibuka di media ini. Sentosa dan tetap melawan bung-bung Tempo🔥🔥🔥",@aburery9842,FALSE,0,0,FALSE,a2WXt0aW76g,https://www.youtube.com/watch?v=a2WXt0aW76g,3896,Kroni Prabowo dalam Proyek Makan Bergizi Gratis (MBG) |  Bocor Alus Politik
UgyuqDRzv4g9oWCxdi94AaABAg,,comment,1 month ago,MBG nga jlas😂 program yg di paksakan pak prabowo kandang paksa😂,@adiadi9110,FALSE,0,0,FALSE,a2WXt0aW76g,https://www.youtube.com/watch?v=a2WXt0aW76g,3896,Kroni Prabowo dalam Proyek Makan Bergizi Gratis (MBG) |  Bocor Alus Politik
Ugz5STmGYaGiZbIwZOZ4AaABAg,,comment,1 month ago,"Astaghfirullah... 
Ugal-ugalan terus aja berlanjut 😢",@hi_me333,FALSE,0,0,FALSE,a2WXt0aW76g,https://www.youtube.com/watch?v=a2WXt0aW76g,3896,Kroni Prabowo dalam Proyek Makan Bergizi Gratis (MBG) |  Bocor Alus Politik
Ugwpfeh0t3kNeddLxd94AaABAg,,comment,1 month ago,Waduh dibacain satu2 hehehhe.. habislah presiden omon2,@GH19777,FALSE,0,0,FALSE,a2WXt0aW76g,https://www.youtube.com/watch?v=a2WXt0aW76g,3896,Kroni Prabowo dalam Proyek Makan Bergizi Gratis (MBG) |  Bocor Alus Politik
UgwTpDEl4ku9F3ixR_p4AaABAg,,comment,1 month ago,"Rg:""kurang Apa kejamnya Dia(Mulyono) jual ikn ke China gak laku,ke Singapur gk laku ,malaysia gk laku,jual Amerika gk laku,ke Mesir gak laku,,
Dia paksa oligarki suruh nyumbang di depan masih kurang,mengambil dari APBN d pindahkan ke IKN 30-40%..
PADA SAAT YANG SAMA SEORANG PRIA BERKELUARGA DI KUPANG PARERA  ,DIA MEROBEK PERUTNYA KARNA TIDAK BISA BELI BERAS..
BENGISAN SIAPA DENGAN PAK HARTO?TIDAK PERNAH ADA ZAMAN SOEHARTO ORANG BUNUH DIRI KARNA TIDAK MAKAN,PADAHAL DIA DI DEPAN GERBANG DESA MENUNGGU BANTUAN BLT..",@AbdiNanas,FALSE,0,1,FALSE,a2WXt0aW76g,https://www.youtube.com/watch?v=a2WXt0aW76g,3896,Kroni Prabowo dalam Proyek Makan Bergizi Gratis (MBG) |  Bocor Alus Politik
UgxIyU1gKUSmwwKG-Vt4AaABAg,,comment,1 month ago,Di tempat ku penyewaan lahan buat dapur nya ada indikasi korupsi,@Ulilniam,FALSE,0,1,FALSE,a2WXt0aW76g,https://www.youtube.com/watch?v=a2WXt0aW76g,3896,Kroni Prabowo dalam Proyek Makan Bergizi Gratis (MBG) |  Bocor Alus Politik
UgwuwFJTQQXdQA_XIYd4AaABAg,,comment,1 month ago,"Ya seharusnya bisa mengikuti MBG dr luar negri. Setuju sih harusnya berdayakan sekolah untuk program ini, agar tidak ada konflik kepentingan.",@otaksehat,FALSE,0,0,FALSE,a2WXt0aW76g,https://www.youtube.com/watch?v=a2WXt0aW76g,3896,Kroni Prabowo dalam Proyek Makan Bergizi Gratis (MBG) |  Bocor Alus Politik
UgxrRveW8iR1v8cFuet4AaABAg,,comment,1 month ago,MBG Program yg ga jelas....,@Maskenang6668,FALSE,0,0,FALSE,a2WXt0aW76g,https://www.youtube.com/watch?v=a2WXt0aW76g,3896,Kroni Prabowo dalam Proyek Makan Bergizi Gratis (MBG) |  Bocor Alus Politik
UgyWZ-82A4DZO7ajADR4AaABAg,,comment,1 month ago,"Soal Pragram korupsi aman lancar ,belajarlah ke indonesia dijamin aman terkendali tanpa hambatan😂😂ayooo negara2 lain",@NardusArdu,FALSE,0,0,FALSE,a2WXt0aW76g,https://www.youtube.com/watch?v=a2WXt0aW76g,3896,Kroni Prabowo dalam Proyek Makan Bergizi Gratis (MBG) |  Bocor Alus Politik
Ugy7TvPmgkErUp-4ood4AaABAg,,comment,1 month ago,Semangat terus bang kami rakyat jelata sangat mendukung mu...dari Arema.,@SamsulArifin-hh9er,FALSE,0,0,FALSE,a2WXt0aW76g,https://www.youtube.com/watch?v=a2WXt0aW76g,3896,Kroni Prabowo dalam Proyek Makan Bergizi Gratis (MBG) |  Bocor Alus Politik
UgxA684MPra6jewU3dF4AaABAg,,comment,1 month ago,Sangat menyesatkan istilah GRATIS dlm MBG. Dana yg dpake adalah dana APBN yg notabena +/- berasal dr pajak. Klo yg dpake uangnya Prabowo pribadi bolehlah diistilahkan gratis. Wong dana yg dpake adalah uang rakyat kok...,@balinanduralamlestari3986,FALSE,0,0,FALSE,a2WXt0aW76g,https://www.youtube.com/watch?v=a2WXt0aW76g,3896,Kroni Prabowo dalam Proyek Makan Bergizi Gratis (MBG) |  Bocor Alus Politik
UgxmgnFIehhB0B9OE7B4AaABAg,,comment,1 month ago,Member team mawar ...kasus 98,@rudikristanto1542,FALSE,0,0,FALSE,a2WXt0aW76g,https://www.youtube.com/watch?v=a2WXt0aW76g,3896,Kroni Prabowo dalam Proyek Makan Bergizi Gratis (MBG) |  Bocor Alus Politik
UgzrbIV22atzQx4453V4AaABAg,,comment,1 month ago,"Intinya kalau tidak berjalan mulus..pastinya harus ada fulus biar berjalan mulus,intinya kalau proyek fulus Tidak ada kata TULUS",@AbdiNanas,FALSE,1,1,FALSE,a2WXt0aW76g,https://www.youtube.com/watch?v=a2WXt0aW76g,3896,Kroni Prabowo dalam Proyek Makan Bergizi Gratis (MBG) |  Bocor Alus Politik
UgwyyKeWez3U5KmvbYd4AaABAg,,comment,1 month ago,Knapa tempo tidak pernah membahas war yg terjadi di palestina ? Knapa slalu pemerintahan ? Apakah pesanan dri luar ?,@rifkykaromi8965,FALSE,0,0,FALSE,a2WXt0aW76g,https://www.youtube.com/watch?v=a2WXt0aW76g,3896,Kroni Prabowo dalam Proyek Makan Bergizi Gratis (MBG) |  Bocor Alus Politik
Ugw1-KOFX8hC7eaqyE94AaABAg,,comment,1 month ago,Asik nih kslo narasumber diundang di close the door...,@Denzuki00,FALSE,0,0,FALSE,a2WXt0aW76g,https://www.youtube.com/watch?v=a2WXt0aW76g,3896,Kroni Prabowo dalam Proyek Makan Bergizi Gratis (MBG) |  Bocor Alus Politik
Ugy_cNzWYztsJ-cnWrd4AaABAg,,comment,1 month ago,"Saya optimis kalau MBG sukses jika hanya anak/siswa miskin yang mendapat manfaat dari program ini, berikan langsung cash/transfer supaya orang tua nya bisa memasakkan buat anak-anak nya",@kusdiansaputra2427,FALSE,0,0,FALSE,a2WXt0aW76g,https://www.youtube.com/watch?v=a2WXt0aW76g,3896,Kroni Prabowo dalam Proyek Makan Bergizi Gratis (MBG) |  Bocor Alus Politik
UgxWgvpBorQiDjQ2m2l4AaABAg,,comment,1 month ago,"Di daerah saya, gianyar-Bali belum ada anak anak dapat makan bergizi gratis dr proyek makan gratis ini.",@suryadewata5847,FALSE,0,1,FALSE,a2WXt0aW76g,https://www.youtube.com/watch?v=a2WXt0aW76g,3896,Kroni Prabowo dalam Proyek Makan Bergizi Gratis (MBG) |  Bocor Alus Politik
UgzfDYoEnelSqc_OP7t4AaABAg,,comment,1 month ago,Teruslah bersuara,@adiafrilio,FALSE,0,1,FALSE,a2WXt0aW76g,https://www.youtube.com/watch?v=a2WXt0aW76g,3896,Kroni Prabowo dalam Proyek Makan Bergizi Gratis (MBG) |  Bocor Alus Politik
UgwepE6fo74IbFhBu8h4AaABAg,,comment,1 month ago,"Dukungan masyarakat terhadap TEMPO  tentu tidak sebanding dengan resiko yg Tempo ambil dalam menyuarakan kebenaran,,,
Terima kasih Tempo ( Bocor Alus ) ,,,nanti kalau sy jadi Presiden kalian semua akan sy anugrahi bintang MAHA PUTERA ADIPURNA,,,,AMIN.💓💯",@geminiabadi5521,FALSE,0,1,FALSE,a2WXt0aW76g,https://www.youtube.com/watch?v=a2WXt0aW76g,3896,Kroni Prabowo dalam Proyek Makan Bergizi Gratis (MBG) |  Bocor Alus Politik
UgzztXE-SHVfS6Jr0vp4AaABAg,,comment,1 month ago,Hancur negara ini.... korupsinya hanya di gilir aja.....yg ketangkap resiko sendiri.....dan di usahakan hukum seminimal mungkin....badut,@Vani-g6k,FALSE,0,0,FALSE,a2WXt0aW76g,https://www.youtube.com/watch?v=a2WXt0aW76g,3896,Kroni Prabowo dalam Proyek Makan Bergizi Gratis (MBG) |  Bocor Alus Politik
UgwomuFFox1As42grjN4AaABAg,,comment,1 month ago,Negeri para koruptor,@wiwok_detoc,FALSE,0,0,FALSE,a2WXt0aW76g,https://www.youtube.com/watch?v=a2WXt0aW76g,3896,Kroni Prabowo dalam Proyek Makan Bergizi Gratis (MBG) |  Bocor Alus Politik
UgwCfRK6RAyoY-LM2uF4AaABAg,,comment,1 month ago,Rumah yg baik utk kkn,@ummuyusuf1429,FALSE,0,0,FALSE,a2WXt0aW76g,https://www.youtube.com/watch?v=a2WXt0aW76g,3896,Kroni Prabowo dalam Proyek Makan Bergizi Gratis (MBG) |  Bocor Alus Politik
UgxrCU03A9GFzGogXeh4AaABAg,,comment,1 month ago,Tempo terbaik 🎉🎉🎉🎉🎉,@GunGunawan-d7y,FALSE,0,0,FALSE,a2WXt0aW76g,https://www.youtube.com/watch?v=a2WXt0aW76g,3896,Kroni Prabowo dalam Proyek Makan Bergizi Gratis (MBG) |  Bocor Alus Politik
Ugw1RUuuhJCsaEd-dgV4AaABAg,,comment,1 month ago,"Semua dikasih kroni,pantes gak ada  yg beres programnya,dr menteri stafsus, sampe bisnis n proyek, pantesan Indonesia gelap gulita",@VaniaJasmine-l1w,FALSE,0,0,FALSE,a2WXt0aW76g,https://www.youtube.com/watch?v=a2WXt0aW76g,3896,Kroni Prabowo dalam Proyek Makan Bergizi Gratis (MBG) |  Bocor Alus Politik
UgwNHTAHahrmURz98Ql4AaABAg,,comment,1 month ago,Saat kampanye programnya disebut Makan Siang Gratis (MSG) Kemudian berganti MBG. Sejak awal saya menduga proyek tersebut jd lahan korupsi,@bangantomp1157,FALSE,0,0,FALSE,a2WXt0aW76g,https://www.youtube.com/watch?v=a2WXt0aW76g,3896,Kroni Prabowo dalam Proyek Makan Bergizi Gratis (MBG) |  Bocor Alus Politik
UgxDZiKNDa8-KTaynmB4AaABAg,,comment,1 month ago,"Siapa yg berkuasa, disitu angin berhembus, bukan rahasia umum lagi.",@noviansoeyadi5732,FALSE,0,0,FALSE,a2WXt0aW76g,https://www.youtube.com/watch?v=a2WXt0aW76g,3896,Kroni Prabowo dalam Proyek Makan Bergizi Gratis (MBG) |  Bocor Alus Politik
UgxZG_LXQJ2Q8gBJjX54AaABAg,,comment,1 month ago,Tempo tetap didukung pastinya selama informasinya cover both sides Dan impartial. ❤❤❤,@mrfachripenerjemahmedan4053,FALSE,0,0,FALSE,a2WXt0aW76g,https://www.youtube.com/watch?v=a2WXt0aW76g,3896,Kroni Prabowo dalam Proyek Makan Bergizi Gratis (MBG) |  Bocor Alus Politik
UgwFyVTMX1UjVjqAGJx4AaABAg,,comment,1 month ago,"Sudah kuduga bakal jadi ladang korupsi...
Oh Indonesia ku",@BapaeBocah-vm7ee,FALSE,0,1,FALSE,a2WXt0aW76g,https://www.youtube.com/watch?v=a2WXt0aW76g,3896,Kroni Prabowo dalam Proyek Makan Bergizi Gratis (MBG) |  Bocor Alus Politik
Ugw9hd36r-dtn-kR5bd4AaABAg,,comment,1 month ago,Yayasan & PT dgn nama sama/mirip ngurusin MBG? INDIKASI :),@losttrotter,FALSE,0,0,FALSE,a2WXt0aW76g,https://www.youtube.com/watch?v=a2WXt0aW76g,3896,Kroni Prabowo dalam Proyek Makan Bergizi Gratis (MBG) |  Bocor Alus Politik
UgzrbIV22atzQx4453V4AaABAg.AH5h6hWRyjPAH5hPBnbZ4B,UgzrbIV22atzQx4453V4AaABAg,reply,1 month ago (edited),Bocor Alus memang maknyuss..,@AbdiNanas,FALSE,0,0,FALSE,a2WXt0aW76g,https://www.youtube.com/watch?v=a2WXt0aW76g,3896,Kroni Prabowo dalam Proyek Makan Bergizi Gratis (MBG) |  Bocor Alus Politik
UgzmMRjdEU-UoVEz-ON4AaABAg,,comment,1 month ago,selalu tepi jurang...tp tetap GASSSSSSSSSSSSSSS,@teguhwijayanto1799,FALSE,0,0,FALSE,a2WXt0aW76g,https://www.youtube.com/watch?v=a2WXt0aW76g,3896,Kroni Prabowo dalam Proyek Makan Bergizi Gratis (MBG) |  Bocor Alus Politik
UgzZ6VumQkQ6LCXHhq14AaABAg,,comment,1 month ago,Kan ku kejar sampai antartika. . . . Cuan nya. . .. Harimau mengaum. . .meooong meeeong,@AgW-ql7do,FALSE,0,0,FALSE,a2WXt0aW76g,https://www.youtube.com/watch?v=a2WXt0aW76g,3896,Kroni Prabowo dalam Proyek Makan Bergizi Gratis (MBG) |  Bocor Alus Politik
Ugx7orV8rUO1TMMNlvR4AaABAg,,comment,1 month ago,Sebaiknya smk kuliner yang kelolah  untuk menyediakan MBG,@agusguntoro1877,FALSE,0,0,FALSE,a2WXt0aW76g,https://www.youtube.com/watch?v=a2WXt0aW76g,3896,Kroni Prabowo dalam Proyek Makan Bergizi Gratis (MBG) |  Bocor Alus Politik
Ugyicn5ifKHeOdRk7YR4AaABAg,,comment,1 month ago (edited),"PROYEK PROYEK MASIH BANYAK KORUPTOR DAN CALON KORUPTOR BELUM KEBAGIAN KORUP..PROYEK PROYEK KORUP ,KORUP ,KORUP.",@jojackid5005,FALSE,0,1,FALSE,a2WXt0aW76g,https://www.youtube.com/watch?v=a2WXt0aW76g,3896,Kroni Prabowo dalam Proyek Makan Bergizi Gratis (MBG) |  Bocor Alus Politik
Ugw3YwvHV3mHjun-gN94AaABAg,,comment,1 month ago,Semangat terus untuk tempo 🫶,@EfranYosiasBudiman,FALSE,0,0,FALSE,a2WXt0aW76g,https://www.youtube.com/watch?v=a2WXt0aW76g,3896,Kroni Prabowo dalam Proyek Makan Bergizi Gratis (MBG) |  Bocor Alus Politik
UgyvKB20ab55TGAO_Tl4AaABAg,,comment,1 month ago,Selalu mengatasnamakan rakyat dimana rakyat selalu jdi korban 🐷,@ciblekjowo1750,FALSE,0,0,FALSE,a2WXt0aW76g,https://www.youtube.com/watch?v=a2WXt0aW76g,3896,Kroni Prabowo dalam Proyek Makan Bergizi Gratis (MBG) |  Bocor Alus Politik
UgyxHfsoM1HJlRS_prZ4AaABAg,,comment,1 month ago,58% tidak akan percaya akan hal. Ini,@spsimanjuntak5079,FALSE,0,0,FALSE,a2WXt0aW76g,https://www.youtube.com/watch?v=a2WXt0aW76g,3896,Kroni Prabowo dalam Proyek Makan Bergizi Gratis (MBG) |  Bocor Alus Politik
UgzyMoiHsaJl3es5-mh4AaABAg,,comment,1 month ago,"Terbukti Prabowo orang paling ikhlas..... 
Ikhlas memperkaya orang2 disekelilingnya.",@feri6392,FALSE,15,383,FALSE,a2WXt0aW76g,https://www.youtube.com/watch?v=a2WXt0aW76g,3896,Kroni Prabowo dalam Proyek Makan Bergizi Gratis (MBG) |  Bocor Alus Politik
UgxTecce1mZySFEyKRB4AaABAg,,comment,1 month ago,"Org Tua yg merokok berhenti merokok, uangnya utk dibelikan makanan bergizi dirumah masing2.",@Mariani-k5j,FALSE,0,0,FALSE,a2WXt0aW76g,https://www.youtube.com/watch?v=a2WXt0aW76g,3896,Kroni Prabowo dalam Proyek Makan Bergizi Gratis (MBG) |  Bocor Alus Politik
Ugz_Q7p7ki3e2IK6_754AaABAg,,comment,1 month ago,Aneh perusahan harus melalui yayasan kalau mau dapat proyeknya dan harus dipotong rp2rb dari rp15rb😂,@equalizer21967,FALSE,0,1,FALSE,a2WXt0aW76g,https://www.youtube.com/watch?v=a2WXt0aW76g,3896,Kroni Prabowo dalam Proyek Makan Bergizi Gratis (MBG) |  Bocor Alus Politik
UgzylDUBZl2_gThkkkN4AaABAg,,comment,1 month ago,"Kenapa siswa di jakarta diberikan makanan gizi gratis? Bagaimana dengan anak2 dijalanan, apalah mereka tsudah mendapatkan juga makanan bergizi gratis?",@terpadu161,FALSE,0,0,FALSE,a2WXt0aW76g,https://www.youtube.com/watch?v=a2WXt0aW76g,3896,Kroni Prabowo dalam Proyek Makan Bergizi Gratis (MBG) |  Bocor Alus Politik
UgxUxPTwWleHaHJSsZx4AaABAg,,comment,1 month ago,"Logika gw dari awal itu MBG g bakal tertib. di Indo bagiqn Timur apq2 mahal, mana bisa MBG harga 10 rb",@kawaiilovers2579,FALSE,0,0,FALSE,a2WXt0aW76g,https://www.youtube.com/watch?v=a2WXt0aW76g,3896,Kroni Prabowo dalam Proyek Makan Bergizi Gratis (MBG) |  Bocor Alus Politik
UgzsRJD6vKNwUkMYtnd4AaABAg,,comment,1 month ago (edited),Ouu ternyata begini y bukan MBG tapi makan duit geratissss hancur negara ini,@rizalmelkias9839,FALSE,0,0,FALSE,a2WXt0aW76g,https://www.youtube.com/watch?v=a2WXt0aW76g,3896,Kroni Prabowo dalam Proyek Makan Bergizi Gratis (MBG) |  Bocor Alus Politik
UgwFEZvgFhH9sSCUAtF4AaABAg,,comment,1 month ago,"Sebutkan satu program/kegiatan yg nol korupsi? Kalo ada, Alhamdulillah, harus diperbanyak",@senurman,FALSE,0,0,FALSE,a2WXt0aW76g,https://www.youtube.com/watch?v=a2WXt0aW76g,3896,Kroni Prabowo dalam Proyek Makan Bergizi Gratis (MBG) |  Bocor Alus Politik
UgyBOAes-Ufi7-3uG1p4AaABAg,,comment,1 month ago,Nah..kan..banjakan,@sutan164,FALSE,0,0,FALSE,a2WXt0aW76g,https://www.youtube.com/watch?v=a2WXt0aW76g,3896,Kroni Prabowo dalam Proyek Makan Bergizi Gratis (MBG) |  Bocor Alus Politik
Ugz_NdARJLNU-Y8HDgd4AaABAg,,comment,1 month ago,lama2 melihat Mas Pram jadi ingat tokoh film laga...yg selalu bawa burung di pundak nya...😂😅😮,@axlaquos9760,FALSE,0,0,FALSE,a2WXt0aW76g,https://www.youtube.com/watch?v=a2WXt0aW76g,3896,Kroni Prabowo dalam Proyek Makan Bergizi Gratis (MBG) |  Bocor Alus Politik
Ugz2aPBAYQzRGPkPojx4AaABAg,,comment,1 month ago,Tempo is COOKINGH🔥🔥🔥,@lemonnyankichi5597,FALSE,0,0,FALSE,a2WXt0aW76g,https://www.youtube.com/watch?v=a2WXt0aW76g,3896,Kroni Prabowo dalam Proyek Makan Bergizi Gratis (MBG) |  Bocor Alus Politik
UgxykQYk78xNMJZG8Gl4AaABAg,,comment,1 month ago,"Bagi relawan dan pendukung pilpres PG08 ada istilah tidak ada makan siang gratis, namun ada proyek makan bergizi gratis",@adityaperdana3238,FALSE,0,0,FALSE,a2WXt0aW76g,https://www.youtube.com/watch?v=a2WXt0aW76g,3896,Kroni Prabowo dalam Proyek Makan Bergizi Gratis (MBG) |  Bocor Alus Politik
UgyIhoBQce6HuCeQdMl4AaABAg,,comment,1 month ago,MBG itu berarti bukan program pemerintah tetapi proyek partai,@anwarawa7334,FALSE,0,0,FALSE,a2WXt0aW76g,https://www.youtube.com/watch?v=a2WXt0aW76g,3896,Kroni Prabowo dalam Proyek Makan Bergizi Gratis (MBG) |  Bocor Alus Politik
UgyMzWCL9aVi76LMwIx4AaABAg,,comment,1 month ago,"Wowo &  kroninya nikmati anggaran proyek MBG, hancur APBN 😂",@yusufnusantara675,FALSE,0,0,FALSE,a2WXt0aW76g,https://www.youtube.com/watch?v=a2WXt0aW76g,3896,Kroni Prabowo dalam Proyek Makan Bergizi Gratis (MBG) |  Bocor Alus Politik
UgzyMoiHsaJl3es5-mh4AaABAg.AH5fBmsGHM7AH7NLnRCtb8,UgzyMoiHsaJl3es5-mh4AaABAg,reply,1 month ago,"tempo semenjak di kirim babi  mulai frontal menyerang prabowo
btw, mang yg ngirim babi itu kubu prabowo ya ? bagaimana jika tempo dan para pendukung di gunakan pihak lain ?",@dimasseto7248,FALSE,0,6,FALSE,a2WXt0aW76g,https://www.youtube.com/watch?v=a2WXt0aW76g,3896,Kroni Prabowo dalam Proyek Makan Bergizi Gratis (MBG) |  Bocor Alus Politik
UgzyMoiHsaJl3es5-mh4AaABAg.AH5fBmsGHM7AH7RobVGxKq,UgzyMoiHsaJl3es5-mh4AaABAg,reply,1 month ago, @dimasseto7248  frontal? tp kan berdasarkan data mereka. Ente punya data kalau tempo digunakan pihak lain?,@rmkt.andika,FALSE,0,17,FALSE,a2WXt0aW76g,https://www.youtube.com/watch?v=a2WXt0aW76g,3896,Kroni Prabowo dalam Proyek Makan Bergizi Gratis (MBG) |  Bocor Alus Politik
UgzyMoiHsaJl3es5-mh4AaABAg.AH5fBmsGHM7AH7V-soNaYj,UgzyMoiHsaJl3es5-mh4AaABAg,reply,1 month ago,Ya iyalah..namanya politik balas budi🤣🤣🤣 udah makin tua makin ambisius utk jdi presiden.jdi ya stlh duduk di kekuasaan ya hrs bayar ganti balas jasa🤣🤣,@josephwolfgang1306,FALSE,0,1,FALSE,a2WXt0aW76g,https://www.youtube.com/watch?v=a2WXt0aW76g,3896,Kroni Prabowo dalam Proyek Makan Bergizi Gratis (MBG) |  Bocor Alus Politik
UgzyMoiHsaJl3es5-mh4AaABAg.AH5fBmsGHM7AH7lOHawPtf,UgzyMoiHsaJl3es5-mh4AaABAg,reply,1 month ago,Anak gen z ya Anda? G Tau tempo Dari jaman dulu emang vocal sama pemerintah. Dari jaman majalah cetak. Teror babi g ada apa2nya buat tempo. Dulu pas majalah cetak juga sempet di bredel . ​ @dimasseto7248 ,@Tantri38D,FALSE,0,0,FALSE,a2WXt0aW76g,https://www.youtube.com/watch?v=a2WXt0aW76g,3896,Kroni Prabowo dalam Proyek Makan Bergizi Gratis (MBG) |  Bocor Alus Politik
UgzyMoiHsaJl3es5-mh4AaABAg.AH5fBmsGHM7AH7qinQwXrY,UgzyMoiHsaJl3es5-mh4AaABAg,reply,1 month ago,Masuk akal bg😂​ @josephwolfgang1306 ,@hairul1923,FALSE,0,0,FALSE,a2WXt0aW76g,https://www.youtube.com/watch?v=a2WXt0aW76g,3896,Kroni Prabowo dalam Proyek Makan Bergizi Gratis (MBG) |  Bocor Alus Politik
UgzyMoiHsaJl3es5-mh4AaABAg.AH5fBmsGHM7AH87yz349qS,UgzyMoiHsaJl3es5-mh4AaABAg,reply,1 month ago,@ lah ente punya data yg ngirim babi siapa ?,@dimasseto7248,FALSE,0,1,FALSE,a2WXt0aW76g,https://www.youtube.com/watch?v=a2WXt0aW76g,3896,Kroni Prabowo dalam Proyek Makan Bergizi Gratis (MBG) |  Bocor Alus Politik
UgzyMoiHsaJl3es5-mh4AaABAg.AH5fBmsGHM7AH8b13IcHw8,UgzyMoiHsaJl3es5-mh4AaABAg,reply,1 month ago,​ @dimasseto7248  ngayambung 😂,@bukansiapasiapa3359,FALSE,0,1,FALSE,a2WXt0aW76g,https://www.youtube.com/watch?v=a2WXt0aW76g,3896,Kroni Prabowo dalam Proyek Makan Bergizi Gratis (MBG) |  Bocor Alus Politik
UgzyMoiHsaJl3es5-mh4AaABAg.AH5fBmsGHM7AH8p11bgaym,UgzyMoiHsaJl3es5-mh4AaABAg,reply,1 month ago," @bukansiapasiapa3359  bodo amat, yg penting opini gw dibaca",@dimasseto7248,FALSE,0,0,FALSE,a2WXt0aW76g,https://www.youtube.com/watch?v=a2WXt0aW76g,3896,Kroni Prabowo dalam Proyek Makan Bergizi Gratis (MBG) |  Bocor Alus Politik
UgzyMoiHsaJl3es5-mh4AaABAg.AH5fBmsGHM7AH8s_JomIPg,UgzyMoiHsaJl3es5-mh4AaABAg,reply,1 month ago (edited),"​​ @dimasseto7248 Framing mu kurang tepat,, itu menandakan kamu yang digunakan pihak lain dan punya kepentingan,,, kesimpulannya jelas kok, siapapun pengirim babi ke tempo, faktanya itu terjadi di era prabowo... apa respon istana.. 😂😂😂😂.. masak aj...😂😂",@narendraprabangsa5823,FALSE,0,1,FALSE,a2WXt0aW76g,https://www.youtube.com/watch?v=a2WXt0aW76g,3896,Kroni Prabowo dalam Proyek Makan Bergizi Gratis (MBG) |  Bocor Alus Politik
UgzyMoiHsaJl3es5-mh4AaABAg.AH5fBmsGHM7AH9D4nu0_E9,UgzyMoiHsaJl3es5-mh4AaABAg,reply,1 month ago,"​ @dimasseto7248 Btw, sdh ga laku main sinetron, terus jd buzzer ya ????????? 😅😅😅😅😅😅😅😅😅😅😅",@DeaCell-ot4rr,FALSE,0,1,FALSE,a2WXt0aW76g,https://www.youtube.com/watch?v=a2WXt0aW76g,3896,Kroni Prabowo dalam Proyek Makan Bergizi Gratis (MBG) |  Bocor Alus Politik
UgzyMoiHsaJl3es5-mh4AaABAg.AH5fBmsGHM7AHA3i6EPCL7,UgzyMoiHsaJl3es5-mh4AaABAg,reply,1 month ago, @feri6392  tidak boleh suzon bro nggak baik,@PakSakban-m6o,FALSE,0,0,FALSE,a2WXt0aW76g,https://www.youtube.com/watch?v=a2WXt0aW76g,3896,Kroni Prabowo dalam Proyek Makan Bergizi Gratis (MBG) |  Bocor Alus Politik
UgzyMoiHsaJl3es5-mh4AaABAg.AH5fBmsGHM7AHCBK2l1uoF,UgzyMoiHsaJl3es5-mh4AaABAg,reply,1 month ago,Pandangan Gus Dur itu tepat yaaa😅,@retnasyamsiah2210,FALSE,0,1,FALSE,a2WXt0aW76g,https://www.youtube.com/watch?v=a2WXt0aW76g,3896,Kroni Prabowo dalam Proyek Makan Bergizi Gratis (MBG) |  Bocor Alus Politik
UgzyMoiHsaJl3es5-mh4AaABAg.AH5fBmsGHM7AHCbACjtWvF,UgzyMoiHsaJl3es5-mh4AaABAg,reply,1 month ago, @dimasseto7248 boleh kali ketololan anda dibagi?,@Eprimunafik,FALSE,0,1,FALSE,a2WXt0aW76g,https://www.youtube.com/watch?v=a2WXt0aW76g,3896,Kroni Prabowo dalam Proyek Makan Bergizi Gratis (MBG) |  Bocor Alus Politik
UgzyMoiHsaJl3es5-mh4AaABAg.AH5fBmsGHM7AHFK_ghqZYS,UgzyMoiHsaJl3es5-mh4AaABAg,reply,1 month ago,​ @Eprimunafik  jangan dibagi mending buat dia aja semua 😂 biar jadi buzzer selamanya,@EtherExchange,FALSE,0,1,FALSE,a2WXt0aW76g,https://www.youtube.com/watch?v=a2WXt0aW76g,3896,Kroni Prabowo dalam Proyek Makan Bergizi Gratis (MBG) |  Bocor Alus Politik
UgzyMoiHsaJl3es5-mh4AaABAg.AH5fBmsGHM7AHK6O5fI5uz,UgzyMoiHsaJl3es5-mh4AaABAg,reply,1 month ago,Cara analisis orang tidak cerdas dengan orang cerdas. Karakteristik negara belum maju,@pembelajaranpemodelanmatem5005,FALSE,0,0,FALSE,a2WXt0aW76g,https://www.youtube.com/watch?v=a2WXt0aW76g,3896,Kroni Prabowo dalam Proyek Makan Bergizi Gratis (MBG) |  Bocor Alus Politik
Ugyvma8hT7cKJr9hPfF4AaABAg,,comment,1 month ago,"Proyek makan gizi gratis, merupakan kegiatan bagi relawan Prabowo, melalui yayasan yg menjadi gerbong relawan Prabowo... 😅😅",@iwankosek5530,FALSE,0,0,FALSE,a2WXt0aW76g,https://www.youtube.com/watch?v=a2WXt0aW76g,3896,Kroni Prabowo dalam Proyek Makan Bergizi Gratis (MBG) |  Bocor Alus Politik
UgxOA7PDEBvPyLSbJ6d4AaABAg,,comment,1 month ago,"Proyek MBG ' SLMAT nikmati Timbunan harta Wowo & kroni"" nya...-",@yusufnusantara675,FALSE,0,0,FALSE,a2WXt0aW76g,https://www.youtube.com/watch?v=a2WXt0aW76g,3896,Kroni Prabowo dalam Proyek Makan Bergizi Gratis (MBG) |  Bocor Alus Politik
UgwgJCCeeLplZ4-p6gF4AaABAg,,comment,1 month ago (edited),"Korupsi di negara lain itu besarannya 10-20%. Indonesia boleh bangga kita di ranking tertinggi di 60-90%. Bahkan yg kemarin hampir 200%. Sudah ambil budget, terus minta lg duit dr swasta utk biayai.. kalau kita perang ga perlu anti rudal, kasih aja mukanya yg tebel sebagai perisai.",@outsidethebox262,FALSE,0,0,FALSE,a2WXt0aW76g,https://www.youtube.com/watch?v=a2WXt0aW76g,3896,Kroni Prabowo dalam Proyek Makan Bergizi Gratis (MBG) |  Bocor Alus Politik
UgwKky4_-o5m_2hFWwF4AaABAg,,comment,1 month ago,Tempo👍👍👍👍👍,@fariedbadjeber8097,FALSE,0,0,FALSE,a2WXt0aW76g,https://www.youtube.com/watch?v=a2WXt0aW76g,3896,Kroni Prabowo dalam Proyek Makan Bergizi Gratis (MBG) |  Bocor Alus Politik
UgzVCsS6D9Yp2bAIaQR4AaABAg,,comment,1 month ago,maju terus tempo.👍👍👍,@suhartopati8678,FALSE,0,0,FALSE,a2WXt0aW76g,https://www.youtube.com/watch?v=a2WXt0aW76g,3896,Kroni Prabowo dalam Proyek Makan Bergizi Gratis (MBG) |  Bocor Alus Politik
Ugyc75BzuYPi2EABbmx4AaABAg,,comment,1 month ago,"MBG : Mafia Bancakan Group.
Saham Mayoritas dimiliki WNI dengan holding 58,52%
Semoga semakin bertambah agar negara menjadi untung, tung, tung...
🤭🤭🤭",@vicrazelloux,FALSE,0,0,FALSE,a2WXt0aW76g,https://www.youtube.com/watch?v=a2WXt0aW76g,3896,Kroni Prabowo dalam Proyek Makan Bergizi Gratis (MBG) |  Bocor Alus Politik
UgxHBkunvU_-xOUVh914AaABAg,,comment,1 month ago,"Sedih memang, dimana negara lagi terpuruk begini, uang negara juga tidak banyak, persoalan banyak, itu binatang2 masih sibuk untuk korupsi. Harusnya mereka sadar, berhenti korupsi dan membangun Indonesia dengan kejujuran.",@lilahiller478,FALSE,0,0,FALSE,a2WXt0aW76g,https://www.youtube.com/watch?v=a2WXt0aW76g,3896,Kroni Prabowo dalam Proyek Makan Bergizi Gratis (MBG) |  Bocor Alus Politik
UgxAtliJHH4pe-tsW7F4AaABAg,,comment,1 month ago,"Sejak prbw mencetuskan ide makan siang gratis saat kampanye, sdh dpt di perkirakan bwh akn jadi project bancakan oleh kroni prabowo. Ternyata benar.",@Hermanto-dz5tw,FALSE,0,0,FALSE,a2WXt0aW76g,https://www.youtube.com/watch?v=a2WXt0aW76g,3896,Kroni Prabowo dalam Proyek Makan Bergizi Gratis (MBG) |  Bocor Alus Politik
Ugwd2OSNtt431v1xtDN4AaABAg,,comment,1 month ago,"Yayasan""..bermunculan seketika..mendadak yayasan..yayasan mendadak",@KreasiSutendi,FALSE,0,0,FALSE,a2WXt0aW76g,https://www.youtube.com/watch?v=a2WXt0aW76g,3896,Kroni Prabowo dalam Proyek Makan Bergizi Gratis (MBG) |  Bocor Alus Politik
UgwyG3mpDck17RnpNMN4AaABAg,,comment,1 month ago,Tetap semangat dan jgn takut ungkapkan kebenaran. Jgn pernah menyerah Wni mendukung mu tempo. Tempo  badabest! apotek tutup nggak ada obat.,@AdiSucipto-kh3vl,FALSE,0,0,FALSE,a2WXt0aW76g,https://www.youtube.com/watch?v=a2WXt0aW76g,3896,Kroni Prabowo dalam Proyek Makan Bergizi Gratis (MBG) |  Bocor Alus Politik
Ugw1KPHnEEqiqDZb11B4AaABAg,,comment,1 month ago,selama partai banyak di indonesia selama tu korupsi gak akan selesai,@BCAMART,FALSE,0,0,FALSE,a2WXt0aW76g,https://www.youtube.com/watch?v=a2WXt0aW76g,3896,Kroni Prabowo dalam Proyek Makan Bergizi Gratis (MBG) |  Bocor Alus Politik
UgzBm1CpI8PRPrdZt1x4AaABAg,,comment,1 month ago,"71t Dan ada rencana tambahan 100t, brarti seandainya 171t tiap tahun....
 rasa2nya bisa tu sbenarnya pemerintah gratiskan bea kuliah.
Atau mengentaskan pengangguran dgn Dana segitu tiap th nya.",@franqm5625,FALSE,0,0,FALSE,a2WXt0aW76g,https://www.youtube.com/watch?v=a2WXt0aW76g,3896,Kroni Prabowo dalam Proyek Makan Bergizi Gratis (MBG) |  Bocor Alus Politik
UgxL0sn0Ohr-Su9NES94AaABAg,,comment,1 month ago,Tempo TOP BGT,@anikmulyani3206,FALSE,0,0,FALSE,a2WXt0aW76g,https://www.youtube.com/watch?v=a2WXt0aW76g,3896,Kroni Prabowo dalam Proyek Makan Bergizi Gratis (MBG) |  Bocor Alus Politik
Ugx8icyiP8vw4FrRrJl4AaABAg,,comment,1 month ago,"Sdh kuduga..
Programnya adalah untuk jadi BANCAKAN",@agungsri2193,FALSE,0,0,FALSE,a2WXt0aW76g,https://www.youtube.com/watch?v=a2WXt0aW76g,3896,Kroni Prabowo dalam Proyek Makan Bergizi Gratis (MBG) |  Bocor Alus Politik
Ugwpxpt70dMpQNwOqL94AaABAg,,comment,1 month ago,"Drdl MBG ini rentan korupsinya.
Pemerintah blm isa dipercaya dlm pengelolaan anggaran",@samueladiwijayanto9736,FALSE,0,0,FALSE,a2WXt0aW76g,https://www.youtube.com/watch?v=a2WXt0aW76g,3896,Kroni Prabowo dalam Proyek Makan Bergizi Gratis (MBG) |  Bocor Alus Politik
UgyhQXk5P7VQCVYx57l4AaABAg,,comment,1 month ago,"Bohong kalo siapapun pemimpinnya tempo berlaku kritis, sepuluh tahun jokw memimpin tempo mingkem",@arnoBinsuratin,FALSE,0,0,FALSE,a2WXt0aW76g,https://www.youtube.com/watch?v=a2WXt0aW76g,3896,Kroni Prabowo dalam Proyek Makan Bergizi Gratis (MBG) |  Bocor Alus Politik
UgwrWaPgEr73gPuMdNh4AaABAg,,comment,1 month ago (edited),"Perekrutan calon Kepala SPPG dalam program SPPI yg diserahkan pelaksaannya ke UNHAN juga banyak masalah dan bobrok bgt transparansi penilaian untuk kelulusannya. Saya sendiri diluluskan padahal tidak mengikuti beberapa tahapan tes, sedangkan yang lengkap mengikuti tahapan tes tiba2 tidak lulus",@vickyaziz657,FALSE,0,0,FALSE,a2WXt0aW76g,https://www.youtube.com/watch?v=a2WXt0aW76g,3896,Kroni Prabowo dalam Proyek Makan Bergizi Gratis (MBG) |  Bocor Alus Politik
UgyFm9LeLLagSzhh4DJ4AaABAg,,comment,1 month ago,"Setoran proyeknya : 20% X 71 Triliun.....
LUARRRRR BIASAAAA......
INDONESIA SEMAKIN DI  DEPAN DALAM BIDANG KORUPSI....",@supriyanto-ms8jq,FALSE,0,0,FALSE,a2WXt0aW76g,https://www.youtube.com/watch?v=a2WXt0aW76g,3896,Kroni Prabowo dalam Proyek Makan Bergizi Gratis (MBG) |  Bocor Alus Politik
UgwinLpVH7rY-CQfH094AaABAg,,comment,1 month ago,"Dana haji di korupsi dana baznas di korrupsi meenurut sy sih hanya orng"" gilaa yg percaya Mbg bakal gk di korupsi",@hudamohammad8472,FALSE,0,0,FALSE,a2WXt0aW76g,https://www.youtube.com/watch?v=a2WXt0aW76g,3896,Kroni Prabowo dalam Proyek Makan Bergizi Gratis (MBG) |  Bocor Alus Politik
UgzsYGF8T445g7iu3D54AaABAg,,comment,1 month ago,Mantap... 😊,@jdkuncoro1028,FALSE,0,0,FALSE,a2WXt0aW76g,https://www.youtube.com/watch?v=a2WXt0aW76g,3896,Kroni Prabowo dalam Proyek Makan Bergizi Gratis (MBG) |  Bocor Alus Politik
UgyptBE2v3QVUJxTzRp4AaABAg,,comment,1 month ago (edited),"22:42 Untuk membangun dapur MBG butuh dana miliaran itu kan sudah lama ya, sudah byk media lain yang pernah bahas soal itu. Pendukungnya prabowo ikut mensukseskan MBG ya gak aneh. Daritadi nonton kirain bocor alus bakal spill ada dugaan kuat kkn-nya disitu. Sampai sejauh ini gak ada. Masa ini investigasi yang setidaknya dilakukan dari Februari, hasilnya ini aja. Kirain bakal seperti yang Minggu lalu, ada dugaan kuat KKN-nya. Ini sih info yang sudah ada dari media-media lain. Isinya gak ada yang baru dan mengarah ke penyelewengan",@akppkaakp,FALSE,1,3,FALSE,a2WXt0aW76g,https://www.youtube.com/watch?v=a2WXt0aW76g,3896,Kroni Prabowo dalam Proyek Makan Bergizi Gratis (MBG) |  Bocor Alus Politik
UgxsI6vzQyGVkiJDqCh4AaABAg,,comment,1 month ago,"Mind blowing, bagi-bagi jatah tetep ada ternyata",@Cacingbesaralaska.24v,FALSE,0,0,FALSE,a2WXt0aW76g,https://www.youtube.com/watch?v=a2WXt0aW76g,3896,Kroni Prabowo dalam Proyek Makan Bergizi Gratis (MBG) |  Bocor Alus Politik
UgxqKg3LdnDAHWMb74F4AaABAg,,comment,1 month ago,Muak nya bgt dengan kebusukan pemerintah yang HAUS BANGET DENGAN UAAANG,@gitaputri5246,FALSE,0,0,FALSE,a2WXt0aW76g,https://www.youtube.com/watch?v=a2WXt0aW76g,3896,Kroni Prabowo dalam Proyek Makan Bergizi Gratis (MBG) |  Bocor Alus Politik
Ugy5J6Ul2J8I8UZMInp4AaABAg,,comment,1 month ago,mending gaji ibu² lah,@prabowosugito1872,FALSE,0,0,FALSE,a2WXt0aW76g,https://www.youtube.com/watch?v=a2WXt0aW76g,3896,Kroni Prabowo dalam Proyek Makan Bergizi Gratis (MBG) |  Bocor Alus Politik
UgySN7Erwy4KN7EXg114AaABAg,,comment,1 month ago,"Bocor Alus slalu di kritik Cokro tv khususnya Ade Armando dan Sahal..
Heeeeeeere",@herupurnomo7460,FALSE,0,0,FALSE,a2WXt0aW76g,https://www.youtube.com/watch?v=a2WXt0aW76g,3896,Kroni Prabowo dalam Proyek Makan Bergizi Gratis (MBG) |  Bocor Alus Politik
UgymiktvmRQ8X55sn3B4AaABAg,,comment,1 month ago,"MBG=makan bergizi gratis, ada yg belum terbayarkan dapur di jakarta sehingga harus berhenti",@EngkanSujana,FALSE,0,0,FALSE,a2WXt0aW76g,https://www.youtube.com/watch?v=a2WXt0aW76g,3896,Kroni Prabowo dalam Proyek Makan Bergizi Gratis (MBG) |  Bocor Alus Politik
UgyYOl5asRd-SzO0OB54AaABAg,,comment,1 month ago,"Jelas..lingkungan penguasa..dipenuhi manusia"" egois dan tamak..semoga di akhirat mendapat balasan",@KreasiSutendi,FALSE,0,0,FALSE,a2WXt0aW76g,https://www.youtube.com/watch?v=a2WXt0aW76g,3896,Kroni Prabowo dalam Proyek Makan Bergizi Gratis (MBG) |  Bocor Alus Politik
UgxEDHqOF_CQ8gVpSyB4AaABAg,,comment,1 month ago,"Tak cukup food estate, PSN, kini MBG",@GunawanPutra-z8l,FALSE,0,0,FALSE,a2WXt0aW76g,https://www.youtube.com/watch?v=a2WXt0aW76g,3896,Kroni Prabowo dalam Proyek Makan Bergizi Gratis (MBG) |  Bocor Alus Politik
UgyssJ93ID7XdekwiW94AaABAg,,comment,1 month ago,"seperti rumah makan ya disajikan buat kerabat kerabat terdekat 
buat menu baru bagi yg belum kebagian menu lama ......semua akan ada Ahir dan buahnya kelak",@abadiamir323,FALSE,0,0,FALSE,a2WXt0aW76g,https://www.youtube.com/watch?v=a2WXt0aW76g,3896,Kroni Prabowo dalam Proyek Makan Bergizi Gratis (MBG) |  Bocor Alus Politik
UgyzDiYp8HzLRp2ncSp4AaABAg,,comment,1 month ago,Gara2 kepala babi dan tikus aku jadi sering nonton tempo🔥,@meidw66,FALSE,0,0,FALSE,a2WXt0aW76g,https://www.youtube.com/watch?v=a2WXt0aW76g,3896,Kroni Prabowo dalam Proyek Makan Bergizi Gratis (MBG) |  Bocor Alus Politik
Ugy1SbaOjILK5VfDx4t4AaABAg,,comment,1 month ago,"SUBKON---SUBKON--SUBKON_____jelas aroma korupsi,..emang penyedia katering tertuang dalam kontrak dengan BGN,...??? perlu transparansi,...nihh,..harus dijelaskan....""Dugaan Yayasan menikmati atas selisih dari harga"" .......:face-blue-smiling::face-blue-smiling::face-blue-smiling::face-blue-smiling::face-blue-smiling::face-blue-smiling:___Piyeee ikiiiii.............. KPK,..tunjukan tagnya 'Berani Jujur Hebat'......",@Kasepuhan_sh8,FALSE,0,0,FALSE,a2WXt0aW76g,https://www.youtube.com/watch?v=a2WXt0aW76g,3896,Kroni Prabowo dalam Proyek Makan Bergizi Gratis (MBG) |  Bocor Alus Politik
UgzJejR-zN7SafoC1BB4AaABAg,,comment,1 month ago,"Terima kasih jg buat Tempo yg ttp semangat mnyuarakan kebenaran. Smg Tempo selalu terhindar dr fitnah2 rezim dzalim, aamiin.❤",@Tita___P,FALSE,0,0,FALSE,a2WXt0aW76g,https://www.youtube.com/watch?v=a2WXt0aW76g,3896,Kroni Prabowo dalam Proyek Makan Bergizi Gratis (MBG) |  Bocor Alus Politik
UgyBCWw1tax4_Do-7pd4AaABAg,,comment,1 month ago,"Mbg masukkan saja ke dana BOS sekolah/ madrasah, dan diurus oleh sekolah dan madrasah masing-masing",@muhammadshofyan2871,FALSE,0,0,FALSE,a2WXt0aW76g,https://www.youtube.com/watch?v=a2WXt0aW76g,3896,Kroni Prabowo dalam Proyek Makan Bergizi Gratis (MBG) |  Bocor Alus Politik
UgxMesVtSSQ7aIMYarV4AaABAg,,comment,1 month ago,"dari awal sdh ku duga,.....",@zainalabidin4181,FALSE,0,0,FALSE,a2WXt0aW76g,https://www.youtube.com/watch?v=a2WXt0aW76g,3896,Kroni Prabowo dalam Proyek Makan Bergizi Gratis (MBG) |  Bocor Alus Politik
Ugw1xe1w2OQTBsguqkl4AaABAg,,comment,1 month ago,"Gak kaget kl di indonesia,udah jd rutinitas setiap ada proyek hampir pasti ada KKN nya
Artinya reformasi tak ada perkembangan nya,beda nya kl dlu kkn berpusat kl skrng menyebar ampe tingkat RT/RW",@ZidnahjaSabilimahbub-vf9du,FALSE,0,0,FALSE,a2WXt0aW76g,https://www.youtube.com/watch?v=a2WXt0aW76g,3896,Kroni Prabowo dalam Proyek Makan Bergizi Gratis (MBG) |  Bocor Alus Politik
UgzznlktYZL02_W3H5N4AaABAg,,comment,1 month ago,"“Banyak aset saya yang mandek, tidak dapat kredit. Karena saya tidak berkuasa 20 tahun,” ujar Prabowo dalam acara Mata Najwa di Universitas Gadjah Mada, Selasa (19/9/2023).",@budpranh3806,FALSE,0,0,FALSE,a2WXt0aW76g,https://www.youtube.com/watch?v=a2WXt0aW76g,3896,Kroni Prabowo dalam Proyek Makan Bergizi Gratis (MBG) |  Bocor Alus Politik
Ugy02S_hHXETDz-9fOF4AaABAg,,comment,1 month ago,"adaa2 aja ptogramnya..
itu program/proyekk?? dan atau dugaan..??
kok dengerr2 ada yg sdh 1milyar gk dibayarr...

ingett yaa jgnn pernah berbisnis apapun dgn pemerintah..",@hahahihi6999,FALSE,0,0,FALSE,a2WXt0aW76g,https://www.youtube.com/watch?v=a2WXt0aW76g,3896,Kroni Prabowo dalam Proyek Makan Bergizi Gratis (MBG) |  Bocor Alus Politik
UgwjAUBXTSKGy9eFBEx4AaABAg,,comment,1 month ago,"Makanan tidak akan sehat, dibuat skala banyak dari subuh sudah dikemas buat makan siang uap nasi dan sayur dalam nampan buat makanan basi",@GunawanPutra-z8l,FALSE,0,0,FALSE,a2WXt0aW76g,https://www.youtube.com/watch?v=a2WXt0aW76g,3896,Kroni Prabowo dalam Proyek Makan Bergizi Gratis (MBG) |  Bocor Alus Politik
Ugy2X4fDlAjjrI9qMqB4AaABAg,,comment,1 month ago,"Program mbg ini pasti tidak berjalan dg baik, karena mentalitas pejabat2 hususnya di bawah yg korup sama juga dg pejabat atas",@suhardiwijaya5986,FALSE,0,0,FALSE,a2WXt0aW76g,https://www.youtube.com/watch?v=a2WXt0aW76g,3896,Kroni Prabowo dalam Proyek Makan Bergizi Gratis (MBG) |  Bocor Alus Politik
Ugxz6mEpd08BnAhYVpt4AaABAg,,comment,1 month ago,"Udah pasti, orang orang prabowo dapat proyek MBG",@GunawanPutra-z8l,FALSE,0,0,FALSE,a2WXt0aW76g,https://www.youtube.com/watch?v=a2WXt0aW76g,3896,Kroni Prabowo dalam Proyek Makan Bergizi Gratis (MBG) |  Bocor Alus Politik
UgyptBE2v3QVUJxTzRp4AaABAg.AH5dTByCbuKAH5eOhENY68,UgyptBE2v3QVUJxTzRp4AaABAg,reply,1 month ago,27:25 nah baruu,@akppkaakp,FALSE,0,0,FALSE,a2WXt0aW76g,https://www.youtube.com/watch?v=a2WXt0aW76g,3896,Kroni Prabowo dalam Proyek Makan Bergizi Gratis (MBG) |  Bocor Alus Politik
UgwxqS_LEqxNPOGD5yJ4AaABAg,,comment,1 month ago,Proyek??? Profit dong ...😊,@vickyprasna9665,FALSE,0,0,FALSE,a2WXt0aW76g,https://www.youtube.com/watch?v=a2WXt0aW76g,3896,Kroni Prabowo dalam Proyek Makan Bergizi Gratis (MBG) |  Bocor Alus Politik
Ugwa0cnrg9aZkfjbf3F4AaABAg,,comment,1 month ago,Desknya pindah ya?,@sonitechreview7571,FALSE,0,0,FALSE,a2WXt0aW76g,https://www.youtube.com/watch?v=a2WXt0aW76g,3896,Kroni Prabowo dalam Proyek Makan Bergizi Gratis (MBG) |  Bocor Alus Politik
Ugyz85UIZSpSdrM3k9t4AaABAg,,comment,1 month ago,"Kalo belajar sejarah, cara Soeharto korupsi salah satunya dari yayasan.",@idoaprilian6334,FALSE,0,0,FALSE,a2WXt0aW76g,https://www.youtube.com/watch?v=a2WXt0aW76g,3896,Kroni Prabowo dalam Proyek Makan Bergizi Gratis (MBG) |  Bocor Alus Politik
Ugy_eVplpU8VztXATt14AaABAg,,comment,1 month ago,Majalah tempo tiada lawan the best tempo 👍👍👍,@iingrilasanti6543,FALSE,0,0,FALSE,a2WXt0aW76g,https://www.youtube.com/watch?v=a2WXt0aW76g,3896,Kroni Prabowo dalam Proyek Makan Bergizi Gratis (MBG) |  Bocor Alus Politik
Ugx5xdNByZ93sq6N_Cd4AaABAg,,comment,1 month ago,Dah ketebak itu mah 😂,@twosistercutie8757,FALSE,0,0,FALSE,a2WXt0aW76g,https://www.youtube.com/watch?v=a2WXt0aW76g,3896,Kroni Prabowo dalam Proyek Makan Bergizi Gratis (MBG) |  Bocor Alus Politik
UgyuFNv3eoZCoGRUvZ94AaABAg,,comment,1 month ago,"Bang saya mau jadi wartawan tempo biar bisa bongkar bobroknya pemerintah 
harapannya lebih banyak lagi media yang berani seperti tempo",@Kakakguru99,FALSE,0,0,FALSE,a2WXt0aW76g,https://www.youtube.com/watch?v=a2WXt0aW76g,3896,Kroni Prabowo dalam Proyek Makan Bergizi Gratis (MBG) |  Bocor Alus Politik
UgxBBwPr1UE-FdN96VR4AaABAg,,comment,1 month ago,sudah kuduga...sing penting proyek,@cinnamonirish5512,FALSE,0,0,FALSE,a2WXt0aW76g,https://www.youtube.com/watch?v=a2WXt0aW76g,3896,Kroni Prabowo dalam Proyek Makan Bergizi Gratis (MBG) |  Bocor Alus Politik
Ugyq8T3N3HpqlloS71l4AaABAg,,comment,1 month ago,"MBG ""memasak begizi gratis""",@yusufefendi4849,FALSE,0,0,FALSE,a2WXt0aW76g,https://www.youtube.com/watch?v=a2WXt0aW76g,3896,Kroni Prabowo dalam Proyek Makan Bergizi Gratis (MBG) |  Bocor Alus Politik
UgxtTyCbfQbeOy0AKAl4AaABAg,,comment,1 month ago,"Betul juga ya .....
Sebenarnya, siapa ya yang menikmati, benar benar menikmati, program MBG ini? Karena seperti sangat sangat sangat dipaksakan.
Kalau para penerima, ya iya makan siangnya gratis. Tapi sebenarnya sebenarnya dan sebenarnya, siapa yang banyak menikmati berjalannya program ini.
Maksa maksa dan maksa banget gitu lho ...",@odjiwd-6084,FALSE,0,0,FALSE,a2WXt0aW76g,https://www.youtube.com/watch?v=a2WXt0aW76g,3896,Kroni Prabowo dalam Proyek Makan Bergizi Gratis (MBG) |  Bocor Alus Politik
UgwQV23DBsPC12ar7Tt4AaABAg,,comment,1 month ago,Dari awal sudah di duga akan jadi bancaan proyek bagi timses dan ternak😅,@RobinRenati,FALSE,0,0,FALSE,a2WXt0aW76g,https://www.youtube.com/watch?v=a2WXt0aW76g,3896,Kroni Prabowo dalam Proyek Makan Bergizi Gratis (MBG) |  Bocor Alus Politik
Ugz4aUwfIM7n0_KHC3t4AaABAg,,comment,1 month ago,Di lombok ada dapur Prabowo entah jalan entah belum tapi kayaknya mangkrak karena proyek MBG belum terealisasi,@bebaschannel5009,FALSE,0,0,FALSE,a2WXt0aW76g,https://www.youtube.com/watch?v=a2WXt0aW76g,3896,Kroni Prabowo dalam Proyek Makan Bergizi Gratis (MBG) |  Bocor Alus Politik
UgxQMnQ0d_03xQ0uJcZ4AaABAg,,comment,1 month ago,"10 EURO 

50 FIFTY RIYAL SAUDI ARABIA",@SamsungA04e-dp7kj,FALSE,0,0,FALSE,a2WXt0aW76g,https://www.youtube.com/watch?v=a2WXt0aW76g,3896,Kroni Prabowo dalam Proyek Makan Bergizi Gratis (MBG) |  Bocor Alus Politik
Ugwt05rgg9vsoQNhV0p4AaABAg,,comment,1 month ago,Tempo harus lebih tajam dgn memberitakan kondisi bangsa yg amburadul,@Hermansyah-cz3zt,FALSE,0,0,FALSE,a2WXt0aW76g,https://www.youtube.com/watch?v=a2WXt0aW76g,3896,Kroni Prabowo dalam Proyek Makan Bergizi Gratis (MBG) |  Bocor Alus Politik
UgyOu7igUrpPzgOOFit4AaABAg,,comment,1 month ago,"Di kota Banjar anggota dewan Gerindra buka dapur juga, ketua partai Demokrat Banjar koalisinya juga bikin dapur.... Ketua Grib Banjar juga bikin dapur",@A-ZTvChannel,FALSE,0,0,FALSE,a2WXt0aW76g,https://www.youtube.com/watch?v=a2WXt0aW76g,3896,Kroni Prabowo dalam Proyek Makan Bergizi Gratis (MBG) |  Bocor Alus Politik
Ugy7XtgQwgSgZhA-0ut4AaABAg,,comment,1 month ago,Cair Mak Cawa (CMC) 😂,@m.raflisetiawan1720,FALSE,0,0,FALSE,a2WXt0aW76g,https://www.youtube.com/watch?v=a2WXt0aW76g,3896,Kroni Prabowo dalam Proyek Makan Bergizi Gratis (MBG) |  Bocor Alus Politik
UgwkiLA0aaqnXc2_I3Z4AaABAg,,comment,1 month ago,saya pelanggan setia berbayar TEMPO. edisi kali ini lumayan.. kritik yg bagus.,@theodoruswijaya3078,FALSE,0,0,FALSE,a2WXt0aW76g,https://www.youtube.com/watch?v=a2WXt0aW76g,3896,Kroni Prabowo dalam Proyek Makan Bergizi Gratis (MBG) |  Bocor Alus Politik
Ugx07cbf1Dnr2PHeEOp4AaABAg,,comment,1 month ago,Semangat terus TEMPO dalam mengungkap kebrobrokan rezim dan penyimpangan pemerintah.jangan gentar dengan teror pengecut dan pengkhianat bangsa.maju terus jurnalistik TEMPO💪,@AnggiPradistaHasan,FALSE,0,0,FALSE,a2WXt0aW76g,https://www.youtube.com/watch?v=a2WXt0aW76g,3896,Kroni Prabowo dalam Proyek Makan Bergizi Gratis (MBG) |  Bocor Alus Politik
UgzTVsPFvtMchzvOTep4AaABAg,,comment,1 month ago,beda cerita kalo orang2 ini dapet tender makan gratisnya :face-fuchsia-wide-eyes:,@LoKisVibe,FALSE,0,0,FALSE,a2WXt0aW76g,https://www.youtube.com/watch?v=a2WXt0aW76g,3896,Kroni Prabowo dalam Proyek Makan Bergizi Gratis (MBG) |  Bocor Alus Politik
Ugxf-67wLX68MXwydFB4AaABAg,,comment,1 month ago,Tempo Media Group coba dongs Daftar jadi Mitra MBG . Kan secara Badan Hukum Tempo tinggal tambah KBLI sektor Katering/Penyedia Jasa MaMin. Nah baru deh Tempo tahu secara holistik dari dalam dan terlibat aktif sebagai penyedia Dapur MBG. Yok coba yokkkk,@fotodekacom,FALSE,0,0,FALSE,a2WXt0aW76g,https://www.youtube.com/watch?v=a2WXt0aW76g,3896,Kroni Prabowo dalam Proyek Makan Bergizi Gratis (MBG) |  Bocor Alus Politik
Ugzco6F7rBfvsPM5R7h4AaABAg,,comment,1 month ago,"dulu ada mata najwa sekarang ada bocor alus . .
semoga bocor alus tidak bernasib sama dengan mata najwa",@interistidarigayo,FALSE,0,0,FALSE,a2WXt0aW76g,https://www.youtube.com/watch?v=a2WXt0aW76g,3896,Kroni Prabowo dalam Proyek Makan Bergizi Gratis (MBG) |  Bocor Alus Politik
Ugys-kN1FTiA6c0P2bN4AaABAg,,comment,1 month ago,"RED 

GREEN",@SamsungA04e-dp7kj,FALSE,0,0,FALSE,a2WXt0aW76g,https://www.youtube.com/watch?v=a2WXt0aW76g,3896,Kroni Prabowo dalam Proyek Makan Bergizi Gratis (MBG) |  Bocor Alus Politik
UgxBBcZeUhgJ_RJKyXp4AaABAg,,comment,1 month ago,Oke gas makan gratis minum gratis joged-joged joss bansos.,@andriadipura6393,FALSE,0,0,FALSE,a2WXt0aW76g,https://www.youtube.com/watch?v=a2WXt0aW76g,3896,Kroni Prabowo dalam Proyek Makan Bergizi Gratis (MBG) |  Bocor Alus Politik
UgxCmsBLydagQ5kNCPp4AaABAg,,comment,1 month ago,"Semangat tempo,,,💪💪💪",@gsp9962,FALSE,0,0,FALSE,a2WXt0aW76g,https://www.youtube.com/watch?v=a2WXt0aW76g,3896,Kroni Prabowo dalam Proyek Makan Bergizi Gratis (MBG) |  Bocor Alus Politik
Ugwvy5plo21-a4Oxfdp4AaABAg,,comment,1 month ago,Rencananya pemerintah mau buat boarding school. Apakah bakalan sama juga kyk MBG?🤔,@putric1235,FALSE,0,0,FALSE,a2WXt0aW76g,https://www.youtube.com/watch?v=a2WXt0aW76g,3896,Kroni Prabowo dalam Proyek Makan Bergizi Gratis (MBG) |  Bocor Alus Politik
Ugx-tT4ZwnG6v8Z7P2l4AaABAg,,comment,1 month ago,jelaslah.. bagi bagi rezeki kepada yg dulu pernah membantu... hutang budi..,@leoriakbar7830,FALSE,0,0,FALSE,a2WXt0aW76g,https://www.youtube.com/watch?v=a2WXt0aW76g,3896,Kroni Prabowo dalam Proyek Makan Bergizi Gratis (MBG) |  Bocor Alus Politik
Ugzw3VendhFgrhnpgaN4AaABAg,,comment,1 month ago,Bubarkan mbg,@mistisdanislami,FALSE,0,0,FALSE,a2WXt0aW76g,https://www.youtube.com/watch?v=a2WXt0aW76g,3896,Kroni Prabowo dalam Proyek Makan Bergizi Gratis (MBG) |  Bocor Alus Politik
UgzF6OY-qS3zshAZoNd4AaABAg,,comment,1 month ago,Investigasinya di mana bos?,@hamzahibrahim5338,FALSE,0,0,FALSE,a2WXt0aW76g,https://www.youtube.com/watch?v=a2WXt0aW76g,3896,Kroni Prabowo dalam Proyek Makan Bergizi Gratis (MBG) |  Bocor Alus Politik
UgzbQI2t2-8EixkVMvZ4AaABAg,,comment,1 month ago,"Bocor Alus, kapan bocor besar ya?",@AdrusYunus,FALSE,0,0,FALSE,a2WXt0aW76g,https://www.youtube.com/watch?v=a2WXt0aW76g,3896,Kroni Prabowo dalam Proyek Makan Bergizi Gratis (MBG) |  Bocor Alus Politik
Ugw0u8DoH2BmAVK13Np4AaABAg,,comment,1 month ago,Memasak tu termasuk menggoreng enggaya?😂,@muhammadsyaifudin2667,FALSE,0,0,FALSE,a2WXt0aW76g,https://www.youtube.com/watch?v=a2WXt0aW76g,3896,Kroni Prabowo dalam Proyek Makan Bergizi Gratis (MBG) |  Bocor Alus Politik
UgzmpfjPDBfhY_IYiJN4AaABAg,,comment,1 month ago,"Koperasi kami di Maluku telah mengajukan dokumen persyaratan utk menjadi Mitra BGN melalui website BGN utk di verifikasi pd tgl 24 Desember 2024,, status dokumen dalam proses verifikasi namun hasil verifikasi dokumen oleh tim verifikator  pd tgl 10 Februari 2025 adalah Ditolak disarankan harus mendaftar melalui dgn nama Yayasan  bukan koperasi. Apa bedanya yayasan dgn koperasi kan sama2 punya dokumen legal seperti Akta pendirian dan AHU,,NIB, NPWP dll. Kalau dgn yayasan berarti kami harus buat dokumen baru lagi Akta dll.",@thalibkibas416,FALSE,2,2,FALSE,a2WXt0aW76g,https://www.youtube.com/watch?v=a2WXt0aW76g,3896,Kroni Prabowo dalam Proyek Makan Bergizi Gratis (MBG) |  Bocor Alus Politik
UgyHtCO9jSgxqEDryIx4AaABAg,,comment,1 month ago,EMBASY of RUSSIA,@SamsungA04e-dp7kj,FALSE,0,0,FALSE,a2WXt0aW76g,https://www.youtube.com/watch?v=a2WXt0aW76g,3896,Kroni Prabowo dalam Proyek Makan Bergizi Gratis (MBG) |  Bocor Alus Politik
UgwRvPJ3axF94D01Pxl4AaABAg,,comment,1 month ago,Alhamdulillah para pejabat berjuang mensukseskam MBG 🤭🤭🤭🤭🤭,@mygeneng,FALSE,0,0,FALSE,a2WXt0aW76g,https://www.youtube.com/watch?v=a2WXt0aW76g,3896,Kroni Prabowo dalam Proyek Makan Bergizi Gratis (MBG) |  Bocor Alus Politik
UgymDsS4kMji98X2bgF4AaABAg,,comment,1 month ago,MBG cuma sarana untuk cari fulus para kroni wowo😂 😂😂,@imbast13h,FALSE,0,0,FALSE,a2WXt0aW76g,https://www.youtube.com/watch?v=a2WXt0aW76g,3896,Kroni Prabowo dalam Proyek Makan Bergizi Gratis (MBG) |  Bocor Alus Politik
UgyPxQ3h_QtxuyUH07R4AaABAg,,comment,1 month ago,Udah dari awal di bilangin sama banyak pengamat dan pakar hati hati pada pelaksanaannya banyak celah buat hal negatif eh da tetep keukeuh dasar oneng,@bachtiararif856,FALSE,0,0,FALSE,a2WXt0aW76g,https://www.youtube.com/watch?v=a2WXt0aW76g,3896,Kroni Prabowo dalam Proyek Makan Bergizi Gratis (MBG) |  Bocor Alus Politik
UgzL6mY0Cf6VfuCDXs14AaABAg,,comment,1 month ago,1880,@SamsungA04e-dp7kj,FALSE,0,0,FALSE,a2WXt0aW76g,https://www.youtube.com/watch?v=a2WXt0aW76g,3896,Kroni Prabowo dalam Proyek Makan Bergizi Gratis (MBG) |  Bocor Alus Politik
UgyorGTwKP1p0ICVYNp4AaABAg,,comment,1 month ago,Gw baca kolom komentar. Bapak-bapak semua kayaknya,@mainandimeja,FALSE,0,0,FALSE,a2WXt0aW76g,https://www.youtube.com/watch?v=a2WXt0aW76g,3896,Kroni Prabowo dalam Proyek Makan Bergizi Gratis (MBG) |  Bocor Alus Politik
Ugw4t0IQdgHZE7xSG_F4AaABAg,,comment,1 month ago,"kocaggggg.proyek terbungkus relawan....
58% dapat apa?mmapusss 58%",@tresaandres5508,FALSE,0,0,FALSE,a2WXt0aW76g,https://www.youtube.com/watch?v=a2WXt0aW76g,3896,Kroni Prabowo dalam Proyek Makan Bergizi Gratis (MBG) |  Bocor Alus Politik
Ugz6LnsAV2pYLFsJ5ml4AaABAg,,comment,1 month ago (edited),"Beruntung kita masih punya Tempo yg tidak luntur idealismenya, meskipun diteror, sehingga masih ada ""checks and balances"" utk mengontrol pemerintah. Saya lihat media lain pada main aman sekarang. Apalagi DPR malah jadi stempel pemerintah mirip-mirip orba.😢😢",@MataDewa-g7w,FALSE,0,0,FALSE,a2WXt0aW76g,https://www.youtube.com/watch?v=a2WXt0aW76g,3896,Kroni Prabowo dalam Proyek Makan Bergizi Gratis (MBG) |  Bocor Alus Politik
UgwWvI5PBnnel5JUuFx4AaABAg,,comment,1 month ago,Tetep aja mesti tetep cari keuntungan kelompok bro,@RoniWidodo-m5c,FALSE,0,0,FALSE,a2WXt0aW76g,https://www.youtube.com/watch?v=a2WXt0aW76g,3896,Kroni Prabowo dalam Proyek Makan Bergizi Gratis (MBG) |  Bocor Alus Politik
UgwHHXf19u933KyoZdd4AaABAg,,comment,1 month ago,"Bohong berarti....daerah blm ada dapat MBG, kecewa",@naila3357,FALSE,0,0,FALSE,a2WXt0aW76g,https://www.youtube.com/watch?v=a2WXt0aW76g,3896,Kroni Prabowo dalam Proyek Makan Bergizi Gratis (MBG) |  Bocor Alus Politik
UgzmpfjPDBfhY_IYiJN4AaABAg.AH5auU4FTfFAH5b_rDYgwH,UgzmpfjPDBfhY_IYiJN4AaABAg,reply,1 month ago,Dan akhirnya terbuka jelas ya. Harus ordal syaratnya😅,@Babubaru-indo,FALSE,0,0,FALSE,a2WXt0aW76g,https://www.youtube.com/watch?v=a2WXt0aW76g,3896,Kroni Prabowo dalam Proyek Makan Bergizi Gratis (MBG) |  Bocor Alus Politik
UgzmpfjPDBfhY_IYiJN4AaABAg.AH5auU4FTfFAH737Tybjw8,UgzmpfjPDBfhY_IYiJN4AaABAg,reply,1 month ago,Karena bapak bukan Ordal.. Hehee itu sebenernya udah ada pak.Vendornya..  Hahaha,@wstnesia,FALSE,0,0,FALSE,a2WXt0aW76g,https://www.youtube.com/watch?v=a2WXt0aW76g,3896,Kroni Prabowo dalam Proyek Makan Bergizi Gratis (MBG) |  Bocor Alus Politik
Ugwmf90BfcB3S4_6mMJ4AaABAg,,comment,1 month ago,Masak terus,@CekRol-sg8xr,FALSE,0,0,FALSE,a2WXt0aW76g,https://www.youtube.com/watch?v=a2WXt0aW76g,3896,Kroni Prabowo dalam Proyek Makan Bergizi Gratis (MBG) |  Bocor Alus Politik
UgzNekIzL9DHXnXCjkR4AaABAg,,comment,1 month ago,MBG = Megaproyek Bancakan Garong,@arif_wibisono,FALSE,0,0,FALSE,a2WXt0aW76g,https://www.youtube.com/watch?v=a2WXt0aW76g,3896,Kroni Prabowo dalam Proyek Makan Bergizi Gratis (MBG) |  Bocor Alus Politik
UgyJFbs1607lzIjPIo94AaABAg,,comment,1 month ago,Waduh,@maszainularifin,FALSE,0,1,FALSE,a2WXt0aW76g,https://www.youtube.com/watch?v=a2WXt0aW76g,3896,Kroni Prabowo dalam Proyek Makan Bergizi Gratis (MBG) |  Bocor Alus Politik
UgwdmKEBXos72aXb_Nt4AaABAg,,comment,1 month ago,Rawan di korupsi program MBG ini,@plangaplongo-g9e,FALSE,0,0,FALSE,a2WXt0aW76g,https://www.youtube.com/watch?v=a2WXt0aW76g,3896,Kroni Prabowo dalam Proyek Makan Bergizi Gratis (MBG) |  Bocor Alus Politik
UgxqcBN8wKlysIboXiJ4AaABAg,,comment,1 month ago (edited),"Mantap tempo.....menyajikan berita yg berimbang sekaligus menambal fungsi pengawasan DPR yg bolong2👍

Tetaplah independen jgn seperti media2 lain yg mewartakan berita sesuai PESANAN untuk membentuk opini masyarakat demi kepentingan sendiri.",@franqm5625,FALSE,0,0,FALSE,a2WXt0aW76g,https://www.youtube.com/watch?v=a2WXt0aW76g,3896,Kroni Prabowo dalam Proyek Makan Bergizi Gratis (MBG) |  Bocor Alus Politik
Ugxq3Xwbv_X4qp6zGtZ4AaABAg,,comment,1 month ago,Sekali Tempo tetap Tempo..media independen dan terpercaya ❤❤❤,@Firaun333,FALSE,0,0,FALSE,a2WXt0aW76g,https://www.youtube.com/watch?v=a2WXt0aW76g,3896,Kroni Prabowo dalam Proyek Makan Bergizi Gratis (MBG) |  Bocor Alus Politik
UgxQ7STlv2LamRzJyfN4AaABAg,,comment,1 month ago,❤❤❤,@fizh1920,FALSE,0,0,FALSE,a2WXt0aW76g,https://www.youtube.com/watch?v=a2WXt0aW76g,3896,Kroni Prabowo dalam Proyek Makan Bergizi Gratis (MBG) |  Bocor Alus Politik
Ugx_uJJHKebZO0Zeaqh4AaABAg,,comment,1 month ago,Kereenn nih BAP.. udah punya spot shoting baru dan di endors Candra Karya Furniture.. eiittss ga bahaya tah yg endors hehehhe.. Maju terus tempo dan BAP ❤😂🎉,@imamkodei6870,FALSE,0,0,FALSE,a2WXt0aW76g,https://www.youtube.com/watch?v=a2WXt0aW76g,3896,Kroni Prabowo dalam Proyek Makan Bergizi Gratis (MBG) |  Bocor Alus Politik
UgzVde1pVQN_5-O3bC94AaABAg,,comment,1 month ago,"Kok urusan gizi yang ngurus militer,lha...ahli gizi dari Kemenkes di kemanain tuh...🤔",@sambasputra7469,FALSE,0,0,FALSE,a2WXt0aW76g,https://www.youtube.com/watch?v=a2WXt0aW76g,3896,Kroni Prabowo dalam Proyek Makan Bergizi Gratis (MBG) |  Bocor Alus Politik
Ugx2dyeYg41lXaYMQRt4AaABAg,,comment,1 month ago,Tetap selalu dukung tempo ❤,@walgiantopartner1347,FALSE,0,1,FALSE,a2WXt0aW76g,https://www.youtube.com/watch?v=a2WXt0aW76g,3896,Kroni Prabowo dalam Proyek Makan Bergizi Gratis (MBG) |  Bocor Alus Politik
UgzBqpSvXTqUe4PSqR14AaABAg,,comment,1 month ago,"Ya ampun...tega banget,pantas aja negara kita makin terpuruk...ordal partai berkuasa yg jadi rayap uang pajak rakyat dgn dalil MBG...tunggu aja karma.",@audrianasarwono760,FALSE,0,0,FALSE,a2WXt0aW76g,https://www.youtube.com/watch?v=a2WXt0aW76g,3896,Kroni Prabowo dalam Proyek Makan Bergizi Gratis (MBG) |  Bocor Alus Politik
UgxJ4jW2esnnoSaPV6l4AaABAg,,comment,1 month ago,Awas masaknya jangan mateng² 😂😂,@alfinblablabla1808,FALSE,0,0,FALSE,a2WXt0aW76g,https://www.youtube.com/watch?v=a2WXt0aW76g,3896,Kroni Prabowo dalam Proyek Makan Bergizi Gratis (MBG) |  Bocor Alus Politik
UgyzGYtHrN-3NfF31X14AaABAg,,comment,1 month ago,Smoga Hasil Dari Proyek MBG Dibagi Rata adil biar adil....MBG ❤❤❤,@EhaJulaeha-p4p,FALSE,0,1,FALSE,a2WXt0aW76g,https://www.youtube.com/watch?v=a2WXt0aW76g,3896,Kroni Prabowo dalam Proyek Makan Bergizi Gratis (MBG) |  Bocor Alus Politik
Ugwx7KKIdOBVqNyKmK54AaABAg,,comment,1 month ago (edited),Proyek aji mumpung ini namanya. Nanti kalau sudah ganti penguasa bakal dikejar kpk edisi yang berikutnya,@mam0174,FALSE,0,0,FALSE,a2WXt0aW76g,https://www.youtube.com/watch?v=a2WXt0aW76g,3896,Kroni Prabowo dalam Proyek Makan Bergizi Gratis (MBG) |  Bocor Alus Politik
Ugzr_y89gja9IQmgr8R4AaABAg,,comment,1 month ago,"Waw Sangat out of the box cara berfikir beliau, tentang konsep adil dan tentang program MBG tapi ternyata PEOYEK MBG",@SAHam99,FALSE,0,0,FALSE,a2WXt0aW76g,https://www.youtube.com/watch?v=a2WXt0aW76g,3896,Kroni Prabowo dalam Proyek Makan Bergizi Gratis (MBG) |  Bocor Alus Politik
UgzYtdJ93BrNfVDoUkV4AaABAg,,comment,1 month ago (edited),Baru kali ini ikuti politik dan selalu kecewa gara2 pemerintah nya,@Cindy_Ayu28,FALSE,0,3,FALSE,a2WXt0aW76g,https://www.youtube.com/watch?v=a2WXt0aW76g,3896,Kroni Prabowo dalam Proyek Makan Bergizi Gratis (MBG) |  Bocor Alus Politik
UgyS7MbGCuyf1fiVgNx4AaABAg,,comment,1 month ago,"Terus maju TEMPO, kami mendukung mu",@amriusman1377,FALSE,0,1,FALSE,a2WXt0aW76g,https://www.youtube.com/watch?v=a2WXt0aW76g,3896,Kroni Prabowo dalam Proyek Makan Bergizi Gratis (MBG) |  Bocor Alus Politik
Ugz6WNZlZ0c4Gq_SYRd4AaABAg,,comment,1 month ago,"Ini pembahasan dari MBG cukup menarik, ok banget.PAS.",@bennyhutadjulu043,FALSE,0,0,FALSE,a2WXt0aW76g,https://www.youtube.com/watch?v=a2WXt0aW76g,3896,Kroni Prabowo dalam Proyek Makan Bergizi Gratis (MBG) |  Bocor Alus Politik
UgzIjuGVvgAWu9M_NJ54AaABAg,,comment,1 month ago,Dr dulu saya tdk setuju program MBG,@tombosugito3081,FALSE,0,0,FALSE,a2WXt0aW76g,https://www.youtube.com/watch?v=a2WXt0aW76g,3896,Kroni Prabowo dalam Proyek Makan Bergizi Gratis (MBG) |  Bocor Alus Politik
Ugzz-mkFg0T9FtGnHSJ4AaABAg,,comment,1 month ago,Oh lha . Ternyata efisiensi potong program sana sini. Ternyata ada muatan politik. .. para pejabat nya yg di atas rakus rakus.,@tombosugito3081,FALSE,0,0,FALSE,a2WXt0aW76g,https://www.youtube.com/watch?v=a2WXt0aW76g,3896,Kroni Prabowo dalam Proyek Makan Bergizi Gratis (MBG) |  Bocor Alus Politik
Ugx3tOYYEh44FXzA6pp4AaABAg,,comment,1 month ago,"Seandainya yg terpilih adalah Anis atau Ganjar hasilnya akan sama saja, dikritik bahkan dibully.. 😊",@ArgaTejaSukma,FALSE,0,0,FALSE,a2WXt0aW76g,https://www.youtube.com/watch?v=a2WXt0aW76g,3896,Kroni Prabowo dalam Proyek Makan Bergizi Gratis (MBG) |  Bocor Alus Politik
Ugx1itTFqJT1koTaNrB4AaABAg,,comment,1 month ago,"amat sangat rawan korupsi, krn antara vendor dan BGN di situ ada yayasan yg tidak jelas kontribusinya tp pny peran yg strategis/kunci",@choirulumam2851,FALSE,0,0,FALSE,a2WXt0aW76g,https://www.youtube.com/watch?v=a2WXt0aW76g,3896,Kroni Prabowo dalam Proyek Makan Bergizi Gratis (MBG) |  Bocor Alus Politik
Ugzgv86a9RvOT6psWJR4AaABAg,,comment,1 month ago,"Dari awal d cetuskan juga udah banyak yg menduga bakal jadi lahan baru korupsi..
Ambisinya ini itu tpi ga paham situasi. D konoha jngankan ada celah, ga ada celah aja bisa d buat korup",@sulaimanbaniadam9282,FALSE,0,0,FALSE,a2WXt0aW76g,https://www.youtube.com/watch?v=a2WXt0aW76g,3896,Kroni Prabowo dalam Proyek Makan Bergizi Gratis (MBG) |  Bocor Alus Politik
UgwokLyNrUBy-l8vXel4AaABAg,,comment,1 month ago,ok gas ok gass,@EdiSukamto,FALSE,0,0,FALSE,a2WXt0aW76g,https://www.youtube.com/watch?v=a2WXt0aW76g,3896,Kroni Prabowo dalam Proyek Makan Bergizi Gratis (MBG) |  Bocor Alus Politik
UgwWj9Z0_ENkKXu45nZ4AaABAg,,comment,1 month ago,"Program tanpa perencanaan yg matang pasti ujungnya amburadul,sarang korupsi baru",@paijosetia7081,FALSE,0,0,FALSE,a2WXt0aW76g,https://www.youtube.com/watch?v=a2WXt0aW76g,3896,Kroni Prabowo dalam Proyek Makan Bergizi Gratis (MBG) |  Bocor Alus Politik
Ugykuhw8Bo6--o-ooqh4AaABAg,,comment,1 month ago,Maju terus Tempo,@hasnarumi916,FALSE,0,0,FALSE,a2WXt0aW76g,https://www.youtube.com/watch?v=a2WXt0aW76g,3896,Kroni Prabowo dalam Proyek Makan Bergizi Gratis (MBG) |  Bocor Alus Politik
UgydSxhoeATy25smrBR4AaABAg,,comment,1 month ago,Kenapa dana MBG tdk  diserahkan masing2 org tua... tinggal pihak sekolah control tiap siswa ..,@ullapalopo3091,FALSE,0,0,FALSE,a2WXt0aW76g,https://www.youtube.com/watch?v=a2WXt0aW76g,3896,Kroni Prabowo dalam Proyek Makan Bergizi Gratis (MBG) |  Bocor Alus Politik
UgzF_WdW3vnOb6VBZGp4AaABAg,,comment,1 month ago,MBG harusnya melibatkan sekolah dalam pelaksanaannya.,@warungepakdhe7828,FALSE,0,0,FALSE,a2WXt0aW76g,https://www.youtube.com/watch?v=a2WXt0aW76g,3896,Kroni Prabowo dalam Proyek Makan Bergizi Gratis (MBG) |  Bocor Alus Politik
UgzUVDA4yFS9vae3l4V4AaABAg,,comment,1 month ago,Ini tempo omongan2 hostnya bisa dipertanggungjawabkan ga? Sumbernya valid ga?,@Ship5-s4u,FALSE,0,0,FALSE,a2WXt0aW76g,https://www.youtube.com/watch?v=a2WXt0aW76g,3896,Kroni Prabowo dalam Proyek Makan Bergizi Gratis (MBG) |  Bocor Alus Politik
UgwVYHr_bCUGk-cRnAx4AaABAg,,comment,1 month ago,Setuju kita contoh japan saja yg sudah lama melaksanakannya,@asdarhamsah3072,FALSE,0,0,FALSE,a2WXt0aW76g,https://www.youtube.com/watch?v=a2WXt0aW76g,3896,Kroni Prabowo dalam Proyek Makan Bergizi Gratis (MBG) |  Bocor Alus Politik
UgyarTQQfnRfG8TfJ3x4AaABAg,,comment,1 month ago,sehat dan eksis terus ya tempo 🙏,@CiptaRis,FALSE,0,0,FALSE,a2WXt0aW76g,https://www.youtube.com/watch?v=a2WXt0aW76g,3896,Kroni Prabowo dalam Proyek Makan Bergizi Gratis (MBG) |  Bocor Alus Politik
UgyYpmMmvipP4R8rrHJ4AaABAg,,comment,1 month ago,"Tempo , tetaplah menyuarakan kebenaran di Negeri ini 👍",@BadrunUmar,FALSE,0,2,FALSE,a2WXt0aW76g,https://www.youtube.com/watch?v=a2WXt0aW76g,3896,Kroni Prabowo dalam Proyek Makan Bergizi Gratis (MBG) |  Bocor Alus Politik
UgzCVaJJeE1F0UXuYjd4AaABAg,,comment,1 month ago,Terimakasih tempo😊,@fahturrohman9314,FALSE,0,0,FALSE,a2WXt0aW76g,https://www.youtube.com/watch?v=a2WXt0aW76g,3896,Kroni Prabowo dalam Proyek Makan Bergizi Gratis (MBG) |  Bocor Alus Politik
Ugwv9fTcvy2_8RjVT114AaABAg,,comment,1 month ago,bagi2 duit rakyat untuk dikorupsi....,@laredusuno9478,FALSE,0,0,FALSE,a2WXt0aW76g,https://www.youtube.com/watch?v=a2WXt0aW76g,3896,Kroni Prabowo dalam Proyek Makan Bergizi Gratis (MBG) |  Bocor Alus Politik
UgyyWXUsIGMKC_7cnPd4AaABAg,,comment,1 month ago,Ada yang percaya mbg ini bakal sukses aja udah aneh sih. Ladang korup.,@dianaayubudi,FALSE,0,0,FALSE,a2WXt0aW76g,https://www.youtube.com/watch?v=a2WXt0aW76g,3896,Kroni Prabowo dalam Proyek Makan Bergizi Gratis (MBG) |  Bocor Alus Politik
UgydaLfqeBKiQ10Cp_h4AaABAg,,comment,1 month ago,Ayo terus dukung jurnalis berkualitas ❤❤❤,@asdarhamsah3072,FALSE,0,0,FALSE,a2WXt0aW76g,https://www.youtube.com/watch?v=a2WXt0aW76g,3896,Kroni Prabowo dalam Proyek Makan Bergizi Gratis (MBG) |  Bocor Alus Politik
Ugwq77FqVfVQn2Bm8vl4AaABAg,,comment,1 month ago,"sejak awal saya udh ragu akan program ini,krna proyek ini g akn smudah kya d jepang dn negara lainya,yg ekonominya udh stabli dan maju,apalgi pejabat negeri ini yg rakusnya sangat parah,bakal jadi ladang basah bgi mrka yg dapat tender untk korupsi.setuju andai program ini d alihkan untk skolah gratis dan pembangunan sekolah"" d plosok plosok.",@Deni-u7t,FALSE,0,0,FALSE,a2WXt0aW76g,https://www.youtube.com/watch?v=a2WXt0aW76g,3896,Kroni Prabowo dalam Proyek Makan Bergizi Gratis (MBG) |  Bocor Alus Politik
Ugw1--c_o3VsHfX6gRp4AaABAg,,comment,1 month ago,"selama sistem nya sama kayak dlu waktu PON aceh sumu 2024, maka kerugian yang dialami pabrik2 tutup tersebut akan terus terjadi, teringat gw waktu jadi panitia konsumsi PON, nyesek liat cuma dijatah 15 ribu dari total 50 ribu rupiah per atlit per makan karna di mark up harga oleh perusahaan pemenang tender konsumsi, bayangkan disuruh siapin makanan bergizi untuk atlit dengan 15 ribu doank 😂😂
bazingga sih klo kata gw, mending cabot aj dluan, tapi beda kenyataan dilapangan, salut gw dengan orang aceh sukarela mreka ada yang kasih makan gratis beneran dari dompet org aceh sendiri (padahal bukan kewajiban mreka), hanya karena ingin melayani tamu jauh yang datang 🙏🙏.
Terima kasih orang baik di Aceh semoga makin sejahtera ya kalian disana, aamiin",@ASTER15K,FALSE,0,0,FALSE,a2WXt0aW76g,https://www.youtube.com/watch?v=a2WXt0aW76g,3896,Kroni Prabowo dalam Proyek Makan Bergizi Gratis (MBG) |  Bocor Alus Politik
Ugx2FmJm2PoQaIoZ9iB4AaABAg,,comment,1 month ago,"Klu mau mensukseskan dukungannya, ambil posisi kontrol, bukan minta bagian dn menikmati proses .. blm slsai programnya udh menikmati tetesan bocoran2 dana 😅",@ratnatetra,FALSE,0,0,FALSE,a2WXt0aW76g,https://www.youtube.com/watch?v=a2WXt0aW76g,3896,Kroni Prabowo dalam Proyek Makan Bergizi Gratis (MBG) |  Bocor Alus Politik
UgxSkcHR0D9YwiHBD7R4AaABAg,,comment,1 month ago,😅😅😅wowo2😂😂😂 omon2 tok,@darmakonsultanit4617,FALSE,0,0,FALSE,a2WXt0aW76g,https://www.youtube.com/watch?v=a2WXt0aW76g,3896,Kroni Prabowo dalam Proyek Makan Bergizi Gratis (MBG) |  Bocor Alus Politik
UgxYam1baQK047zhVyt4AaABAg,,comment,1 month ago,Pake yayasan yg didirikan mereka sendiri,@gracepurwonugroho6917,FALSE,0,0,FALSE,a2WXt0aW76g,https://www.youtube.com/watch?v=a2WXt0aW76g,3896,Kroni Prabowo dalam Proyek Makan Bergizi Gratis (MBG) |  Bocor Alus Politik
UgyaXo977pAgHKCo-PF4AaABAg,,comment,1 month ago,MBG sbg program andalan saja sepertinya bikin pemerintahan kelimpungan karena tdk punya anggaran.  Berbagai sindiranpun bermunculan karena dianggap pengelolanya amatiran sehingga sampai sekarang belum bisa dijalankan.   Urusan gratisan bagi sebagian rakyat memang sebagai daya pikat yg kuat.  Mungkin akibat tekanan dan kesulitan ekonomi sebagian besar rakyat dan angka pengangguran yg terus meningkat.😂😂😂😂😂😂😂😂😂😂,@TatangSutisna-ev5jy,FALSE,0,0,FALSE,a2WXt0aW76g,https://www.youtube.com/watch?v=a2WXt0aW76g,3896,Kroni Prabowo dalam Proyek Makan Bergizi Gratis (MBG) |  Bocor Alus Politik
UgwHP8ZDXa-HFF6ctGJ4AaABAg,,comment,1 month ago,Lahan basahhhhhhhhh ohhhhhhh basyaaahhhhhhhhhhhh 😋😋😋,@desiintania4144,FALSE,0,0,FALSE,a2WXt0aW76g,https://www.youtube.com/watch?v=a2WXt0aW76g,3896,Kroni Prabowo dalam Proyek Makan Bergizi Gratis (MBG) |  Bocor Alus Politik
UgyVTwpTe4kScHG_t7F4AaABAg,,comment,1 month ago,"Saya salah satu org yg dapat banyak tawaran untuk pengerjaan makan bergizi gratis.,tp semua d skip
Atuttt.,serem",@eckojetu7uh905,FALSE,0,0,FALSE,a2WXt0aW76g,https://www.youtube.com/watch?v=a2WXt0aW76g,3896,Kroni Prabowo dalam Proyek Makan Bergizi Gratis (MBG) |  Bocor Alus Politik
Ugx6T6W0ViTatnnwWkF4AaABAg,,comment,1 month ago,"Yayasan yg dibuat tdk ubahnya berlaku sbg makelar dlm PMBG, sprti kasus yayasan yg ngemplang pembyrn ke vendor PMBG di kalibata jaksel",@choirulumam2851,FALSE,0,0,FALSE,a2WXt0aW76g,https://www.youtube.com/watch?v=a2WXt0aW76g,3896,Kroni Prabowo dalam Proyek Makan Bergizi Gratis (MBG) |  Bocor Alus Politik
UgzMq2pqsqU7m6BzikZ4AaABAg,,comment,1 month ago,Hati2 ormas mulyono mulai berkliaran.preman2 mulyono mulai beraksi,@Nangimhanan-g3x,FALSE,0,0,FALSE,a2WXt0aW76g,https://www.youtube.com/watch?v=a2WXt0aW76g,3896,Kroni Prabowo dalam Proyek Makan Bergizi Gratis (MBG) |  Bocor Alus Politik
UgwNAVFx5yJH4rGgBd14AaABAg,,comment,1 month ago (edited),Lebih baik satu 1 kk dikasih uang 500 ribu perbulan pak dari pada makan gratis dibuat bahan korupsi,@gagahdesky2039,FALSE,0,0,FALSE,a2WXt0aW76g,https://www.youtube.com/watch?v=a2WXt0aW76g,3896,Kroni Prabowo dalam Proyek Makan Bergizi Gratis (MBG) |  Bocor Alus Politik
UgzI1WNw5POqAffBd5F4AaABAg,,comment,1 month ago,"Kalo diluar negeri, program makan bergizi bertujuan untuk meningkatkan gizi muridnya.. kalo disini tujuannya untuk meningkatkan gizi kroni-kroninya",@Yasin-jt2ny,FALSE,0,22,FALSE,a2WXt0aW76g,https://www.youtube.com/watch?v=a2WXt0aW76g,3896,Kroni Prabowo dalam Proyek Makan Bergizi Gratis (MBG) |  Bocor Alus Politik
UgxDuiGCEoBfWZNVRRB4AaABAg,,comment,1 month ago,ga dimasukan penolakan proyek MBG siswa2 di Papua  ya ..?,@mr.rojerrojer5496,FALSE,0,0,FALSE,a2WXt0aW76g,https://www.youtube.com/watch?v=a2WXt0aW76g,3896,Kroni Prabowo dalam Proyek Makan Bergizi Gratis (MBG) |  Bocor Alus Politik
UgzgLilh-5mwLwhSulF4AaABAg,,comment,1 month ago,"Aku tdk heran jika ini terjadi. SDH terprediksi dr awal. Jadi tdk pala kaget kita. Soalnya aku TDK memilih penguasa sekarang,jd sy tdk nyesal. Kebalikannya teman2 yg pemilih dr awal yg sy tdk tahu apa yg mereka rasakan sekarang dgn semua yg trjd dlm beberapa BLN in semenjak perpindahan penguasa. Ya nanti jika ketahuan korupsi!!..diam2aja kembalikan. Tdk jadi dikejar ke Antartika ya?!...",@jasperlumbantoruan6494,FALSE,0,0,FALSE,a2WXt0aW76g,https://www.youtube.com/watch?v=a2WXt0aW76g,3896,Kroni Prabowo dalam Proyek Makan Bergizi Gratis (MBG) |  Bocor Alus Politik
Ugzeo59Ii5M1bK-hyNJ4AaABAg,,comment,1 month ago,"Kebijakan buat ngenyangin perut temen2 sendiri, otomatis wowo dpt tf dr temennya😂😂",@dimasaditya4742,FALSE,0,0,FALSE,a2WXt0aW76g,https://www.youtube.com/watch?v=a2WXt0aW76g,3896,Kroni Prabowo dalam Proyek Makan Bergizi Gratis (MBG) |  Bocor Alus Politik
UgyFgWyTDG2hKQzrB6x4AaABAg,,comment,1 month ago,"Bravo Tempo... 


Yang Panas, yang panas, yang panas.... Awoakwoakaok 🎉",@Annas-y9t,FALSE,0,2,FALSE,a2WXt0aW76g,https://www.youtube.com/watch?v=a2WXt0aW76g,3896,Kroni Prabowo dalam Proyek Makan Bergizi Gratis (MBG) |  Bocor Alus Politik
UgydFLrhGmmOZGVFT8F4AaABAg,,comment,1 month ago,Suarakan demokrasi n keadilan sosial bagi seluruh rakyat Indonesia 🤲,@AzkayraAuliaAl-Fath,FALSE,0,1,FALSE,a2WXt0aW76g,https://www.youtube.com/watch?v=a2WXt0aW76g,3896,Kroni Prabowo dalam Proyek Makan Bergizi Gratis (MBG) |  Bocor Alus Politik
UgxaC1puerCEJo44bDV4AaABAg,,comment,1 month ago,PASTI proyek itu mah🤦🏻‍♀,@nelly3358-cc,FALSE,0,0,FALSE,a2WXt0aW76g,https://www.youtube.com/watch?v=a2WXt0aW76g,3896,Kroni Prabowo dalam Proyek Makan Bergizi Gratis (MBG) |  Bocor Alus Politik
UgznJSJq75IU2ce48rR4AaABAg,,comment,1 month ago,MBG = Makan Buat Gerombolan para koruptor,@sandrasandradewi6061,FALSE,0,0,FALSE,a2WXt0aW76g,https://www.youtube.com/watch?v=a2WXt0aW76g,3896,Kroni Prabowo dalam Proyek Makan Bergizi Gratis (MBG) |  Bocor Alus Politik
Ugz4mW2v7E-hh3s-Mk94AaABAg,,comment,1 month ago,"Tempo emang jago masak, rasa garing, gurih, pedes, bikin ketagihan bagi yg berakal sehat, sebaliknya bagi yg sono panas dingin harap2 cemas",@muhibbuddinsukri9748,FALSE,0,0,FALSE,a2WXt0aW76g,https://www.youtube.com/watch?v=a2WXt0aW76g,3896,Kroni Prabowo dalam Proyek Makan Bergizi Gratis (MBG) |  Bocor Alus Politik
UgwjC_l0YbWeBjG25Od4AaABAg,,comment,1 month ago,Saya gak bisa ngasih apa2 min..hny dengan saya lihat dari awal sampai akhir Tnp skip video dan iklan.... semangat terus untuk Tempo..kita rakyat akan trus dukung Tempo..Ciayooo 💪💪💪,@Huggofie,FALSE,0,28,FALSE,a2WXt0aW76g,https://www.youtube.com/watch?v=a2WXt0aW76g,3896,Kroni Prabowo dalam Proyek Makan Bergizi Gratis (MBG) |  Bocor Alus Politik
Ugye5mQFCnrdR2K8yhF4AaABAg,,comment,1 month ago,Ya siapa lagi yg makan duit program makan gratis kalau hukan kroni2 prabowo. Makanya mati2an prabowo mempertahankan program ini hrs jalan walaupun hatus mengebiri alokasi anggaran untuk lembaga2 lain. Biar kroni bisa gemuk dan tidur pulas nggak ngrecokin oresiden.,@bayuprastistho4939,FALSE,0,0,FALSE,a2WXt0aW76g,https://www.youtube.com/watch?v=a2WXt0aW76g,3896,Kroni Prabowo dalam Proyek Makan Bergizi Gratis (MBG) |  Bocor Alus Politik
Ugxc4J31Vo3_N78_MR54AaABAg,,comment,1 month ago,"Bukan program, tapi PROYEK",@rebeccaramelan01,FALSE,0,0,FALSE,a2WXt0aW76g,https://www.youtube.com/watch?v=a2WXt0aW76g,3896,Kroni Prabowo dalam Proyek Makan Bergizi Gratis (MBG) |  Bocor Alus Politik
UgxhtDH09b9VZ9YJQZR4AaABAg,,comment,1 month ago,TEMPO PERLU TELUSURI JUGA KETERLIBATAN PROJO DALAM RENCANA KOPERASI MERAH PUTIH,@gianfrank8347,FALSE,0,0,FALSE,a2WXt0aW76g,https://www.youtube.com/watch?v=a2WXt0aW76g,3896,Kroni Prabowo dalam Proyek Makan Bergizi Gratis (MBG) |  Bocor Alus Politik
UgztDPDkCDxSwscSSm54AaABAg,,comment,1 month ago,"Trimakasih tas hidangan yg disuguhkn  tempo,  masakan & menunya slu yg baru dan penuh gizi dan pitamin",@AnshorSalamy-g7k,FALSE,0,0,FALSE,a2WXt0aW76g,https://www.youtube.com/watch?v=a2WXt0aW76g,3896,Kroni Prabowo dalam Proyek Makan Bergizi Gratis (MBG) |  Bocor Alus Politik
UgyzP_U0QI_HdDZQZJJ4AaABAg,,comment,1 month ago (edited),modus baru maling APBN an RAKYAT/ANAK-ANAK INDONESIA yg dibungkus PMB,@choirulumam2851,FALSE,0,0,FALSE,a2WXt0aW76g,https://www.youtube.com/watch?v=a2WXt0aW76g,3896,Kroni Prabowo dalam Proyek Makan Bergizi Gratis (MBG) |  Bocor Alus Politik
Ugxssur6QdK-mepTpI54AaABAg,,comment,1 month ago,Niatnya si Wowo sudah gak  ikhlas dan tulus..,@nugrahadedi4993,FALSE,0,0,FALSE,a2WXt0aW76g,https://www.youtube.com/watch?v=a2WXt0aW76g,3896,Kroni Prabowo dalam Proyek Makan Bergizi Gratis (MBG) |  Bocor Alus Politik
UgwgvxxhTw6FKvLLuuR4AaABAg,,comment,1 month ago,Dimana ada proyek. Di situlah ada koruptor. 😢 Begitulah fakta mengerikan negara Indonesia.,@RaraAnandi,FALSE,0,0,FALSE,a2WXt0aW76g,https://www.youtube.com/watch?v=a2WXt0aW76g,3896,Kroni Prabowo dalam Proyek Makan Bergizi Gratis (MBG) |  Bocor Alus Politik
UgzxTpJQUbEFtBG-Y1N4AaABAg,,comment,1 month ago,AGEN INTEL MOSSAD BERNAMA GEORGE SOROS TERUS BERUSAHA MENGGAGALKAN PROGRAM MAKAN BERGIZI GRATIS KARENA TAKUT INDONESIA JADI NEGARA MAJU 😂,@Noor.M-mg8mo,FALSE,0,0,FALSE,a2WXt0aW76g,https://www.youtube.com/watch?v=a2WXt0aW76g,3896,Kroni Prabowo dalam Proyek Makan Bergizi Gratis (MBG) |  Bocor Alus Politik
UgwJ0JRFZ50Qkut1Xlp4AaABAg,,comment,1 month ago,Daripada MGB lebih baik dananya utk buat gedung sekolah/universitas dan pendidikan gratis yg sangat dibutuhkan rakyat miskin biar jadi pada pintar rakyatnya,@gengsupurnomo5302,FALSE,7,142,FALSE,a2WXt0aW76g,https://www.youtube.com/watch?v=a2WXt0aW76g,3896,Kroni Prabowo dalam Proyek Makan Bergizi Gratis (MBG) |  Bocor Alus Politik
UgxhU2fB3F3Dt8_ULyt4AaABAg,,comment,1 month ago,heran...dipaksakan banget  jelas2 kurang efektif..🙄,@rinamaulida7231,FALSE,0,0,FALSE,a2WXt0aW76g,https://www.youtube.com/watch?v=a2WXt0aW76g,3896,Kroni Prabowo dalam Proyek Makan Bergizi Gratis (MBG) |  Bocor Alus Politik
Ugy0h7kZaE4RUBKApwF4AaABAg,,comment,1 month ago,Pelaksanaan yg sangat transparan & rapih sdh pernah dilaksanakan oleh Pemprov DKI. Sistemnya sangat sama/mirip dg yg dilakukan oleh negara² sdh melakukanya bertahun².,@SyahrialSyah-l2d,FALSE,0,0,FALSE,a2WXt0aW76g,https://www.youtube.com/watch?v=a2WXt0aW76g,3896,Kroni Prabowo dalam Proyek Makan Bergizi Gratis (MBG) |  Bocor Alus Politik
UgyfVBxsZvBHv1gGCSp4AaABAg,,comment,1 month ago,2025 ganti presiden dan wapres gak sih 😢😢,@MukeLuGosong,FALSE,1,0,FALSE,a2WXt0aW76g,https://www.youtube.com/watch?v=a2WXt0aW76g,3896,Kroni Prabowo dalam Proyek Makan Bergizi Gratis (MBG) |  Bocor Alus Politik
Ugx1nu-6Y7ryAqmCmId4AaABAg,,comment,1 month ago,Selalu bersama Tempo,@ahwanagus7910,FALSE,0,14,FALSE,a2WXt0aW76g,https://www.youtube.com/watch?v=a2WXt0aW76g,3896,Kroni Prabowo dalam Proyek Makan Bergizi Gratis (MBG) |  Bocor Alus Politik
UgzRWvpmup1srKTSj7t4AaABAg,,comment,1 month ago,"Mantap.... Bancakan pejabat lagi
Buat Rakyat .... 
nonton aja yaaa, sambil sibuk mikirin buat cari biaya hidup",@gelasgelaskaca9177,FALSE,0,0,FALSE,a2WXt0aW76g,https://www.youtube.com/watch?v=a2WXt0aW76g,3896,Kroni Prabowo dalam Proyek Makan Bergizi Gratis (MBG) |  Bocor Alus Politik
Ugx0CN9FryvKEUOgZAF4AaABAg,,comment,1 month ago,Mungkin bocor Halus ingin dapat bagian.,@NyomanMudita-o3y,FALSE,0,0,FALSE,a2WXt0aW76g,https://www.youtube.com/watch?v=a2WXt0aW76g,3896,Kroni Prabowo dalam Proyek Makan Bergizi Gratis (MBG) |  Bocor Alus Politik
UgwkcBcRMlUXcSLfQNZ4AaABAg,,comment,1 month ago,"Tempo ni sebagai pengganti team investigasi rakyat untuk semua kegiatan dan rencana pemerintahan. Keren, maju terus🎉🎉",@bella.satisfying.mechanical,FALSE,0,7,FALSE,a2WXt0aW76g,https://www.youtube.com/watch?v=a2WXt0aW76g,3896,Kroni Prabowo dalam Proyek Makan Bergizi Gratis (MBG) |  Bocor Alus Politik
UgwhsQgHzYNGxzQzjYJ4AaABAg,,comment,1 month ago,Lagi2 yg yg suburhidupnya pasti bazer2nya pemimpin yg sudah menyanjung majikanya.,@Mariah-p3g,FALSE,0,0,FALSE,a2WXt0aW76g,https://www.youtube.com/watch?v=a2WXt0aW76g,3896,Kroni Prabowo dalam Proyek Makan Bergizi Gratis (MBG) |  Bocor Alus Politik
UgxXAHCt0pdaiKoUx9l4AaABAg,,comment,1 month ago,Tempo terus berjuang mantap,@AryaPutramandiri86-ko8ur,FALSE,0,0,FALSE,a2WXt0aW76g,https://www.youtube.com/watch?v=a2WXt0aW76g,3896,Kroni Prabowo dalam Proyek Makan Bergizi Gratis (MBG) |  Bocor Alus Politik
Ugymjcuw9GjjSeUB_Z94AaABAg,,comment,1 month ago,Jangan makan gratis.bpk nya kasih kerjaan.,@mariananur8606,FALSE,0,0,FALSE,a2WXt0aW76g,https://www.youtube.com/watch?v=a2WXt0aW76g,3896,Kroni Prabowo dalam Proyek Makan Bergizi Gratis (MBG) |  Bocor Alus Politik
UgyU0EDd4GjbGp9Q9jl4AaABAg,,comment,1 month ago,Hehehe Konoha,@kumisberacun74,FALSE,0,0,FALSE,a2WXt0aW76g,https://www.youtube.com/watch?v=a2WXt0aW76g,3896,Kroni Prabowo dalam Proyek Makan Bergizi Gratis (MBG) |  Bocor Alus Politik
UgwQrslEZfjHg8VEMCl4AaABAg,,comment,1 month ago (edited),Sudah kuduga kalo program MBG dinikmati oleh orang2 pendukung prabowo / ordal dn tetdekat,@LatifahSaubari,FALSE,0,0,FALSE,a2WXt0aW76g,https://www.youtube.com/watch?v=a2WXt0aW76g,3896,Kroni Prabowo dalam Proyek Makan Bergizi Gratis (MBG) |  Bocor Alus Politik
UgzEulw2XH4CpyeVDIZ4AaABAg,,comment,1 month ago,Sy tunggu polemik ijazah palsu di bahas di bocor alus,@HasanHasan-nr1pr,FALSE,0,0,FALSE,a2WXt0aW76g,https://www.youtube.com/watch?v=a2WXt0aW76g,3896,Kroni Prabowo dalam Proyek Makan Bergizi Gratis (MBG) |  Bocor Alus Politik
UgzdSMK8p_GNo3Pt_NB4AaABAg,,comment,1 month ago,"mbg 71 triulliun ,1 milyar aja nunggak hiyaaa😂😂😂😂😂",@febrisulistio3811,FALSE,0,0,FALSE,a2WXt0aW76g,https://www.youtube.com/watch?v=a2WXt0aW76g,3896,Kroni Prabowo dalam Proyek Makan Bergizi Gratis (MBG) |  Bocor Alus Politik
UgwJ0JRFZ50Qkut1Xlp4AaABAg.AH5VxmTEZ3EAH6Ndd8EwaU,UgwJ0JRFZ50Qkut1Xlp4AaABAg,reply,1 month ago,Kemarin ada paslon yg mau fokus ke pendidikan malah gk kepilih 😅,@citraadiantara1118,FALSE,0,9,FALSE,a2WXt0aW76g,https://www.youtube.com/watch?v=a2WXt0aW76g,3896,Kroni Prabowo dalam Proyek Makan Bergizi Gratis (MBG) |  Bocor Alus Politik
UgwJ0JRFZ50Qkut1Xlp4AaABAg.AH5VxmTEZ3EAH7wg0YwtmC,UgwJ0JRFZ50Qkut1Xlp4AaABAg,reply,1 month ago,Pemerintah takut kalo rakyatnya jadi pintar nanti gak bisa buat korupsi lagi,@jorgenklopplfc7228,FALSE,0,4,FALSE,a2WXt0aW76g,https://www.youtube.com/watch?v=a2WXt0aW76g,3896,Kroni Prabowo dalam Proyek Makan Bergizi Gratis (MBG) |  Bocor Alus Politik
UgwJ0JRFZ50Qkut1Xlp4AaABAg.AH5VxmTEZ3EAH9Cs8_nUba,UgwJ0JRFZ50Qkut1Xlp4AaABAg,reply,1 month ago,"Rakyat Indonesia tidak boleh pintar 
Kalau pintar susah di atur kalau pas pemilu",@iwandarwanto2731,FALSE,0,3,FALSE,a2WXt0aW76g,https://www.youtube.com/watch?v=a2WXt0aW76g,3896,Kroni Prabowo dalam Proyek Makan Bergizi Gratis (MBG) |  Bocor Alus Politik
UgwJ0JRFZ50Qkut1Xlp4AaABAg.AH5VxmTEZ3EAH9eMp029Wu,UgwJ0JRFZ50Qkut1Xlp4AaABAg,reply,1 month ago,Rakyat Indonesia yang miskin tidak bisa bayar uang pendidikan di perguruan tinggi negeri harusnya uang pendidikan di perguruan tinggi digeratiskan bukan makan bergizi gratis ini menutup warung2 kecil yang ada disekitar sekolah,@anwarhamzah3937,FALSE,0,0,FALSE,a2WXt0aW76g,https://www.youtube.com/watch?v=a2WXt0aW76g,3896,Kroni Prabowo dalam Proyek Makan Bergizi Gratis (MBG) |  Bocor Alus Politik
UgwJ0JRFZ50Qkut1Xlp4AaABAg.AH5VxmTEZ3EAHB5oIeEH5Z,UgwJ0JRFZ50Qkut1Xlp4AaABAg,reply,1 month ago,Sangat cocok!!! Biar bangsa kita menjadi pinter.,@bapakmuhtar1300,FALSE,0,0,FALSE,a2WXt0aW76g,https://www.youtube.com/watch?v=a2WXt0aW76g,3896,Kroni Prabowo dalam Proyek Makan Bergizi Gratis (MBG) |  Bocor Alus Politik
UgwJ0JRFZ50Qkut1Xlp4AaABAg.AH5VxmTEZ3EAHCF08BrMhu,UgwJ0JRFZ50Qkut1Xlp4AaABAg,reply,1 month ago,"Bos, klo rakyatnya pintar sudah tidak bisa dikibulin 😅",@alfonsuspetrusklau4168,FALSE,0,1,FALSE,a2WXt0aW76g,https://www.youtube.com/watch?v=a2WXt0aW76g,3896,Kroni Prabowo dalam Proyek Makan Bergizi Gratis (MBG) |  Bocor Alus Politik
UgwJ0JRFZ50Qkut1Xlp4AaABAg.AH5VxmTEZ3EAHD1lxuZUUg,UgwJ0JRFZ50Qkut1Xlp4AaABAg,reply,1 month ago,Ini program abah anies harusnya abah presidennya😊❤,@akukayarayasuksesduniaakhirat,FALSE,0,0,FALSE,a2WXt0aW76g,https://www.youtube.com/watch?v=a2WXt0aW76g,3896,Kroni Prabowo dalam Proyek Makan Bergizi Gratis (MBG) |  Bocor Alus Politik
UgyfVBxsZvBHv1gGCSp4AaABAg.AH5VqHdbEi7AH5WOLKTBea,UgyfVBxsZvBHv1gGCSp4AaABAg,reply,1 month ago,"2029... pastikan ada pemilu yg adil, fair, jujur , rahasia aja... bukan pemilu boong jaman puncak korupsinya soeharto dll...

Jangan kayak gaza... kecele pilih hamas yg ngibul... trus hamas korup ga kasih kasih pemilu lagi😅😅😅",@eddyr1041,FALSE,0,0,FALSE,a2WXt0aW76g,https://www.youtube.com/watch?v=a2WXt0aW76g,3896,Kroni Prabowo dalam Proyek Makan Bergizi Gratis (MBG) |  Bocor Alus Politik
Ugyb5rzVCC2OZjiYscZ4AaABAg,,comment,1 month ago,😊,@ciardiningsihdesi,FALSE,0,0,FALSE,a2WXt0aW76g,https://www.youtube.com/watch?v=a2WXt0aW76g,3896,Kroni Prabowo dalam Proyek Makan Bergizi Gratis (MBG) |  Bocor Alus Politik
UgyDiEk9Zw48oudFd_l4AaABAg,,comment,1 month ago,Ribet banget MBG... semakin panjang rantai yang terlibat semakin habis dananya. Jujur saja cara ini NGAWUR...,@ekowahyono3725,FALSE,0,0,FALSE,a2WXt0aW76g,https://www.youtube.com/watch?v=a2WXt0aW76g,3896,Kroni Prabowo dalam Proyek Makan Bergizi Gratis (MBG) |  Bocor Alus Politik
UgyOqhG8xX_xTL95dvp4AaABAg,,comment,1 month ago,Batin saya pun MBG ini salah satu lahan subur untuk di korupsi oleh kroni2 penguasa...pokok nya jadi kurang maslahat ...kasihan !!! niat baik sangat belum tentu jadi baik ...aroma ini tercium menyengat di MBG.,@Nunirahayu-d2c,FALSE,0,0,FALSE,a2WXt0aW76g,https://www.youtube.com/watch?v=a2WXt0aW76g,3896,Kroni Prabowo dalam Proyek Makan Bergizi Gratis (MBG) |  Bocor Alus Politik
UgzwNNtIPGGCfqTXbwJ4AaABAg,,comment,1 month ago,Daria awal saya curiga kalau MBG ini bakal jadi ajang korupsi. Berikutnya adalah proyek sekolah rakyat,@BagusWidyanto_HappyIn1997,FALSE,0,0,FALSE,a2WXt0aW76g,https://www.youtube.com/watch?v=a2WXt0aW76g,3896,Kroni Prabowo dalam Proyek Makan Bergizi Gratis (MBG) |  Bocor Alus Politik
Ugx1tmko33_3VkRIHWB4AaABAg,,comment,1 month ago,Saya setuju hentikan proyek MBG,@wwisuyathan2199,FALSE,0,0,FALSE,a2WXt0aW76g,https://www.youtube.com/watch?v=a2WXt0aW76g,3896,Kroni Prabowo dalam Proyek Makan Bergizi Gratis (MBG) |  Bocor Alus Politik
Ugy7HZQ4XiycnKHc5bV4AaABAg,,comment,1 month ago (edited),"Koreksi mas pram. Pengadaan barang di atas 200jt itu harus tender, bukan 100jt. Kl masih 100jt gak perlu tender. Dan istilah yg dimaksud mas pram kurang tepat kl menyebutkan penunjukan langsung dengan maksud menjelaskan pengadaan barang dengan nilai sampai dengan 200jt. Yg bener istilahnya kl di perpres adalah pengadaan langsung. Pengadaan langsung adalah metode yg digunakan untuk mendapatkan barang (bahan makanan) dengan nilai paling tinggi 200jt. Pengadaan langsung ini kl nilainya gak lebih dari 200jt, maka bisa memilih penyedia secara langsung tanpa tender. Kl penunjukan langsung itu metode pengadaan yg digunakan dalam kondisi kahar atau mendesak, dan nilai pengadaanya bisa lebih dari 200jt.",@mohamadarifpurwanto1454,FALSE,11,45,FALSE,a2WXt0aW76g,https://www.youtube.com/watch?v=a2WXt0aW76g,3896,Kroni Prabowo dalam Proyek Makan Bergizi Gratis (MBG) |  Bocor Alus Politik
Ugx9CLtpq7Zu2vl7qQ14AaABAg,,comment,1 month ago,"Mas2 dan mbak2 Tempo, tolong investigasi perjalanan RUU Pariwisata dong, pihak2 mana saja yg diuntungkan dgn adanya penentuan 5 destinasi wisata unggulan yg memiliki modus yang sama dgn penentuan proyek strategis nasional. Adakah indikasi hanya akan menguntungkan oligarki semata? Please mas2 n mbak2 🙏🏽",@kakawardhana,FALSE,0,0,FALSE,a2WXt0aW76g,https://www.youtube.com/watch?v=a2WXt0aW76g,3896,Kroni Prabowo dalam Proyek Makan Bergizi Gratis (MBG) |  Bocor Alus Politik
UgwsU92N0F-pmABsJD14AaABAg,,comment,1 month ago,DISEKILAH SAYA DAPAT MBG .. NEGATIFNYA PIHAK KANTIN SEKOLAH OMSET DI ISTIRAHAT KE 2 HILANG .. KARENA ANAK DAPAT MBG,@semprul2741,FALSE,0,0,FALSE,a2WXt0aW76g,https://www.youtube.com/watch?v=a2WXt0aW76g,3896,Kroni Prabowo dalam Proyek Makan Bergizi Gratis (MBG) |  Bocor Alus Politik
UgxMbWIHJleCFEIhGGN4AaABAg,,comment,1 month ago,"Jendral pikun,yg kinerjanya kacau..raport buruk 200hr kerja..",@Lee-e2e,FALSE,0,0,FALSE,a2WXt0aW76g,https://www.youtube.com/watch?v=a2WXt0aW76g,3896,Kroni Prabowo dalam Proyek Makan Bergizi Gratis (MBG) |  Bocor Alus Politik
UgySxefFju5SOHiAY1J4AaABAg,,comment,1 month ago,"Negara lain sdh berlomba teknologi, yg ini berlomba memperlambat perkembangan negara menuju negara maju.. ttd George Soros",@BudionoAja-h8w,FALSE,0,0,FALSE,a2WXt0aW76g,https://www.youtube.com/watch?v=a2WXt0aW76g,3896,Kroni Prabowo dalam Proyek Makan Bergizi Gratis (MBG) |  Bocor Alus Politik
Ugznuv1YvWLn3SMYw6h4AaABAg,,comment,1 month ago,"program mbg prabowo gibran nyusahin negara haha 
apbn tekor 31 T kata ibu menteri",@bstb5419,FALSE,0,0,FALSE,a2WXt0aW76g,https://www.youtube.com/watch?v=a2WXt0aW76g,3896,Kroni Prabowo dalam Proyek Makan Bergizi Gratis (MBG) |  Bocor Alus Politik
Ugwc7bHLweTBJyX9Uut4AaABAg,,comment,1 month ago,"No Cica,No Party.. ❤😂",@masekomaryatno8863,FALSE,0,0,FALSE,a2WXt0aW76g,https://www.youtube.com/watch?v=a2WXt0aW76g,3896,Kroni Prabowo dalam Proyek Makan Bergizi Gratis (MBG) |  Bocor Alus Politik
UgyLQW0XlfZdY0SKulh4AaABAg,,comment,1 month ago,"Benar dugaan saya, MBG ini jadi ajang korupsi orang-orang terdekat lingkaran kekuasaan 😂 secara desain kelihatan sekali sedari awal emang niat garong anggaran, persyaratan dan verifikasi hanyalah omon omon, kriteria terpilihnya aja ga jelas berdasarkan apa.",@ryujinred,FALSE,0,0,FALSE,a2WXt0aW76g,https://www.youtube.com/watch?v=a2WXt0aW76g,3896,Kroni Prabowo dalam Proyek Makan Bergizi Gratis (MBG) |  Bocor Alus Politik
UgykZBdaDIQrzYY4Qzt4AaABAg,,comment,1 month ago,"Rakyat sudah tau, yg dapat Proyek itu para TNI berpangkat menengah ke atas tapi yg mengurusi itu keluarganya. Jadi gayanya dapur umum.",@tahantiprihutami9767,FALSE,0,0,FALSE,a2WXt0aW76g,https://www.youtube.com/watch?v=a2WXt0aW76g,3896,Kroni Prabowo dalam Proyek Makan Bergizi Gratis (MBG) |  Bocor Alus Politik
Ugzgsb-6vU3egPwKUaN4AaABAg,,comment,1 month ago,Mantap Set Baru,@dedegunawan6516,FALSE,0,0,FALSE,a2WXt0aW76g,https://www.youtube.com/watch?v=a2WXt0aW76g,3896,Kroni Prabowo dalam Proyek Makan Bergizi Gratis (MBG) |  Bocor Alus Politik
UgykV0SY46sznMSBY6p4AaABAg,,comment,1 month ago,Ya boleh kritik yg membangun jangan nyinyir ya kalau nyinyir Mulu kapan mau  cerdas membangun Bangsa Broe,@arifutomo8547,FALSE,0,0,FALSE,a2WXt0aW76g,https://www.youtube.com/watch?v=a2WXt0aW76g,3896,Kroni Prabowo dalam Proyek Makan Bergizi Gratis (MBG) |  Bocor Alus Politik
UgwCCB7vtuXqVhzP_bp4AaABAg,,comment,1 month ago,"Gw suka banget SM bocor Alus,,pembawa acaranya ngobrol nyantai tp dalam kata""nya 👍👌😊",@nurzaimar6205,FALSE,0,0,FALSE,a2WXt0aW76g,https://www.youtube.com/watch?v=a2WXt0aW76g,3896,Kroni Prabowo dalam Proyek Makan Bergizi Gratis (MBG) |  Bocor Alus Politik
UgwL9376-YN0QGs8Icl4AaABAg,,comment,1 month ago,Pantesan ngotot harus jalan agar uang negara bisa disisihkan 😢,@andreassht3686,FALSE,0,0,FALSE,a2WXt0aW76g,https://www.youtube.com/watch?v=a2WXt0aW76g,3896,Kroni Prabowo dalam Proyek Makan Bergizi Gratis (MBG) |  Bocor Alus Politik
UgyuqO6hiLIT8_WX7px4AaABAg,,comment,1 month ago,Tempo 👍,@GasaxDax-wu6kt,FALSE,0,0,FALSE,a2WXt0aW76g,https://www.youtube.com/watch?v=a2WXt0aW76g,3896,Kroni Prabowo dalam Proyek Makan Bergizi Gratis (MBG) |  Bocor Alus Politik
Ugyug62-yGitrBGvcy94AaABAg,,comment,1 month ago,Proyek mega korupsi kasi makan gratis (seikhlasnya ga harus bergizi penting bisa dimakan) buat cover up nya aja biar keliatan dermawan ke masyarakat kecil 😂,@2ndnotmain,FALSE,0,0,FALSE,a2WXt0aW76g,https://www.youtube.com/watch?v=a2WXt0aW76g,3896,Kroni Prabowo dalam Proyek Makan Bergizi Gratis (MBG) |  Bocor Alus Politik
Ugy7HZQ4XiycnKHc5bV4AaABAg.AH5Uva9CuLUAH5aLUV6C_t,Ugy7HZQ4XiycnKHc5bV4AaABAg,reply,1 month ago,Up,@mohammadaminuddin8392,FALSE,0,0,FALSE,a2WXt0aW76g,https://www.youtube.com/watch?v=a2WXt0aW76g,3896,Kroni Prabowo dalam Proyek Makan Bergizi Gratis (MBG) |  Bocor Alus Politik
Ugy7HZQ4XiycnKHc5bV4AaABAg.AH5Uva9CuLUAH5d6VveF3_,Ugy7HZQ4XiycnKHc5bV4AaABAg,reply,1 month ago,Up UMP,@mumtalikulhaqalghozali7115,FALSE,0,1,FALSE,a2WXt0aW76g,https://www.youtube.com/watch?v=a2WXt0aW76g,3896,Kroni Prabowo dalam Proyek Makan Bergizi Gratis (MBG) |  Bocor Alus Politik
Ugy7HZQ4XiycnKHc5bV4AaABAg.AH5Uva9CuLUAH5ilGbb_M6,Ugy7HZQ4XiycnKHc5bV4AaABAg,reply,1 month ago,Yg di atas 200 juta pun sekarang sdh bisa dengan E-katalog,@rasyidridha931,FALSE,0,0,FALSE,a2WXt0aW76g,https://www.youtube.com/watch?v=a2WXt0aW76g,3896,Kroni Prabowo dalam Proyek Makan Bergizi Gratis (MBG) |  Bocor Alus Politik
Ugy7HZQ4XiycnKHc5bV4AaABAg.AH5Uva9CuLUAH5oIlaV9WL,Ugy7HZQ4XiycnKHc5bV4AaABAg,reply,1 month ago,"Pengadaan barang di bawah 100 juta rupiah dapat dilakukan dengan proses yang lebih sederhana dibandingkan dengan pengadaan barang di atas 100 juta rupiah. Berikut beberapa langkah yang umum dilakukan dalam pengadaan barang di bawah 100 juta rupiah:

Langkah-Langkah Pengadaan Barang
1. Identifikasi kebutuhan: Identifikasi kebutuhan barang dan tentukan spesifikasi yang diperlukan.
2. Pencarian vendor: Cari vendor yang dapat menyediakan barang yang dibutuhkan.
3. Perbandingan harga: Bandingkan harga dari beberapa vendor untuk mendapatkan harga yang paling kompetitif.
4. Pembelian: Lakukan pembelian barang dari vendor yang terpilih.

Metode Pengadaan Barang
1. Pembelian langsung: Pembelian barang langsung dari vendor tanpa melalui proses tender.
2. Pembelian melalui katalog: Pembelian barang dari katalog yang telah disepakati dengan vendor.

Dokumen yang Diperlukan
1. Surat permintaan: Surat yang menjelaskan kebutuhan barang dan spesifikasi yang diperlukan.
2. Kwitansi: Dokumen yang membuktikan pembelian barang.
3. Faktur: Dokumen yang menjelaskan detail pembelian barang, termasuk harga dan jumlah.

Pentingnya Efisiensi dan Transparansi
1. Menghemat waktu: Proses pengadaan barang yang sederhana dapat menghemat waktu dan biaya.
2. Meningkatkan efisiensi: Pengadaan barang yang efisien dapat meningkatkan produktivitas dan kinerja organisasi.
3. Mencegah penyalahgunaan: Transparansi dalam pengadaan barang dapat mencegah penyalahgunaan wewenang dan korupsi.",@平允公正,FALSE,0,4,FALSE,a2WXt0aW76g,https://www.youtube.com/watch?v=a2WXt0aW76g,3896,Kroni Prabowo dalam Proyek Makan Bergizi Gratis (MBG) |  Bocor Alus Politik
Ugy7HZQ4XiycnKHc5bV4AaABAg.AH5Uva9CuLUAH5pHXrTZA8,Ugy7HZQ4XiycnKHc5bV4AaABAg,reply,1 month ago,Tidak mempengaruhi esensi yang disampaikan,@rudyhermanto3280,FALSE,0,3,FALSE,a2WXt0aW76g,https://www.youtube.com/watch?v=a2WXt0aW76g,3896,Kroni Prabowo dalam Proyek Makan Bergizi Gratis (MBG) |  Bocor Alus Politik
Ugy7HZQ4XiycnKHc5bV4AaABAg.AH5Uva9CuLUAH5yiCHwpwI,Ugy7HZQ4XiycnKHc5bV4AaABAg,reply,1 month ago,Terimakasih mas atas insight,@DavidHelgodPardede-z1h,FALSE,0,0,FALSE,a2WXt0aW76g,https://www.youtube.com/watch?v=a2WXt0aW76g,3896,Kroni Prabowo dalam Proyek Makan Bergizi Gratis (MBG) |  Bocor Alus Politik
Ugy7HZQ4XiycnKHc5bV4AaABAg.AH5Uva9CuLUAH8aO3QoKBM,Ugy7HZQ4XiycnKHc5bV4AaABAg,reply,1 month ago,"Kalo berkaca dari case yg di x bata, mekanisme pencarian melalui bansos akun 526. Sehingga tidak dikenakan ppn pph. Dari yayasan menunjuk catering / cv / PT. Nah mereka saat tagih muncul ppn/pph tdk ya? Nah yg jd persoalan, transparansi yayasan sangat diperlukan, proposal yg diajukan itu isinya apa, data siswa sekolahkah? Termasuk perlengkapan kah? Atau ada yg lain sehingga penyedia barang/jasa/catering tahu. 
Nah budget dari BGN 15 rb perporsi sampai ke catering 12,5. Nah 2,5 itu apa? Margin keuntungankah? Sedangkan yayasan bukan badan hukum yg mencari keuntungan. Terlalu belibet.",@fadsagt9348,FALSE,0,0,FALSE,a2WXt0aW76g,https://www.youtube.com/watch?v=a2WXt0aW76g,3896,Kroni Prabowo dalam Proyek Makan Bergizi Gratis (MBG) |  Bocor Alus Politik
Ugy7HZQ4XiycnKHc5bV4AaABAg.AH5Uva9CuLUAH9CjFFK_LA,Ugy7HZQ4XiycnKHc5bV4AaABAg,reply,1 month ago (edited), @平允公正  coba baca perpres pengadaan barang/jasa. Nilai pengadaan langsung untuk barang batasnya saat ini sampai 200jt. Jangan cuma cari info di chat gpt/ deepseek. Kroscek lagi di dasar aturannya.,@mohamadarifpurwanto1454,FALSE,0,0,FALSE,a2WXt0aW76g,https://www.youtube.com/watch?v=a2WXt0aW76g,3896,Kroni Prabowo dalam Proyek Makan Bergizi Gratis (MBG) |  Bocor Alus Politik
Ugy7HZQ4XiycnKHc5bV4AaABAg.AH5Uva9CuLUAH9DCkoVnTF,Ugy7HZQ4XiycnKHc5bV4AaABAg,reply,1 month ago,"@rudyhermanto3280 tergantung sudut pandang. Dengan menyebutkan bahwa pengadaan langsung dalam MBG dengan nilai 100jt itu kurang tepat. Bisa menimbulkan persepsi tempo kurang riset atau baca ketika menyampaikan informasi. Esensi informasi yg disampaikan pun menjadi keliru. Saya yakin tempo lebih suka sesuatu yg benar, oleh karena itu saya bantu menyampaikan informasi yg lebih akurat berdasarkan peraturan.",@mohamadarifpurwanto1454,FALSE,0,0,FALSE,a2WXt0aW76g,https://www.youtube.com/watch?v=a2WXt0aW76g,3896,Kroni Prabowo dalam Proyek Makan Bergizi Gratis (MBG) |  Bocor Alus Politik
Ugy7HZQ4XiycnKHc5bV4AaABAg.AH5Uva9CuLUAH9DgDzJnFR,Ugy7HZQ4XiycnKHc5bV4AaABAg,reply,1 month ago," @rasyidridha931  nah, tambahan informasi lagi ini.",@mohamadarifpurwanto1454,FALSE,0,1,FALSE,a2WXt0aW76g,https://www.youtube.com/watch?v=a2WXt0aW76g,3896,Kroni Prabowo dalam Proyek Makan Bergizi Gratis (MBG) |  Bocor Alus Politik
Ugy7HZQ4XiycnKHc5bV4AaABAg.AH5Uva9CuLUAHDCjTd7DUT,Ugy7HZQ4XiycnKHc5bV4AaABAg,reply,1 month ago,Ya betul,@abezwin72,FALSE,0,0,FALSE,a2WXt0aW76g,https://www.youtube.com/watch?v=a2WXt0aW76g,3896,Kroni Prabowo dalam Proyek Makan Bergizi Gratis (MBG) |  Bocor Alus Politik
Ugw6SVxpl5-I-QLCzAV4AaABAg,,comment,1 month ago,BMG SDH 4 BLN  BERJALAN TPI JATENG JG MASIH BANYAK YANG ZONK,@achmadmarsono-t8x,FALSE,0,0,FALSE,a2WXt0aW76g,https://www.youtube.com/watch?v=a2WXt0aW76g,3896,Kroni Prabowo dalam Proyek Makan Bergizi Gratis (MBG) |  Bocor Alus Politik
UgwYH3-_L7amDOENFMx4AaABAg,,comment,1 month ago,Ada ngga sih good news dari pemerintah.. Satu ajaa please biar terhibur sedikit 😢,@mumika,FALSE,0,0,FALSE,a2WXt0aW76g,https://www.youtube.com/watch?v=a2WXt0aW76g,3896,Kroni Prabowo dalam Proyek Makan Bergizi Gratis (MBG) |  Bocor Alus Politik
UgxKXWOpK3Dzz8rthIN4AaABAg,,comment,1 month ago,"Kawal terus program MBG supaya tidak terjadi penyelewengan,",@nurcholissuparno3417,FALSE,0,1,FALSE,a2WXt0aW76g,https://www.youtube.com/watch?v=a2WXt0aW76g,3896,Kroni Prabowo dalam Proyek Makan Bergizi Gratis (MBG) |  Bocor Alus Politik
Ugxp7Cr_djKTlBW26DR4AaABAg,,comment,1 month ago,"Setiap proyek pemerintah pasti ada penyimpangan dan susah cari yg benar² bersih dan jujur dlm tendernya...
Kita hanya berharap penyimpangan masih batas wajar saja
😢😅",@cakjoel67,FALSE,0,1,FALSE,a2WXt0aW76g,https://www.youtube.com/watch?v=a2WXt0aW76g,3896,Kroni Prabowo dalam Proyek Makan Bergizi Gratis (MBG) |  Bocor Alus Politik
UgyRTVasWPoFdEaPPzF4AaABAg,,comment,1 month ago,proyek produksi tai nasional program unggulan pt.gerandong,@dwiatmokod.a9563,FALSE,0,0,FALSE,a2WXt0aW76g,https://www.youtube.com/watch?v=a2WXt0aW76g,3896,Kroni Prabowo dalam Proyek Makan Bergizi Gratis (MBG) |  Bocor Alus Politik
Ugz4cZRPICnYdlf44Ut4AaABAg,,comment,1 month ago,Dari awal saya ...gak setuju dengan proyek makan gratis....hanya jadi Bancakan korupsi oleh orang sekitanya Prabowo,@nugrahadedi4993,FALSE,0,0,FALSE,a2WXt0aW76g,https://www.youtube.com/watch?v=a2WXt0aW76g,3896,Kroni Prabowo dalam Proyek Makan Bergizi Gratis (MBG) |  Bocor Alus Politik
Ugy45KEGZl_BGjlwsO14AaABAg,,comment,1 month ago (edited),"Saya kira wajar setiap siapa yg berkuasa maka pendukung nya mendapatakan proyek
Karena mereka sudah bekerja keras selama kampanye baik harta dan jiwa untuk menenangkan Prabowo
Zaman SBY-JK, zaman SBY-Boediono zaman Jokowi juga begitu pendukung nya mendapat proyek
daripada diberikan dikuasai antek antek asing, Amerika, Yaman, HTI  lebih baik dinikmati pribumi sendiri uangnya beredar di situ
Lebi",@SengkrekPanekan,FALSE,1,0,FALSE,a2WXt0aW76g,https://www.youtube.com/watch?v=a2WXt0aW76g,3896,Kroni Prabowo dalam Proyek Makan Bergizi Gratis (MBG) |  Bocor Alus Politik
Ugzx9ssAhbHRrYloA2F4AaABAg,,comment,1 month ago,MBG potensi korupsi berjamaah.,@PopoluluPanas,FALSE,0,1,FALSE,a2WXt0aW76g,https://www.youtube.com/watch?v=a2WXt0aW76g,3896,Kroni Prabowo dalam Proyek Makan Bergizi Gratis (MBG) |  Bocor Alus Politik
Ugw9Sx2964eUREDpA8F4AaABAg,,comment,1 month ago,"ngeri2 sedap ini temanya.. soalnya banyak loreng yg bermain di proyek MBG ini, ada yg lewat yayasan, katering dadakan atau suplier2 ...sehat2 selalu jurnalis Tempo",@mr.rojerrojer5496,FALSE,1,47,FALSE,a2WXt0aW76g,https://www.youtube.com/watch?v=a2WXt0aW76g,3896,Kroni Prabowo dalam Proyek Makan Bergizi Gratis (MBG) |  Bocor Alus Politik
UgywGHPS0U39bWuKG7Z4AaABAg,,comment,1 month ago,"Bahas yg lg rame,ijazah mantan presiden",@thejack2846,FALSE,0,1,FALSE,a2WXt0aW76g,https://www.youtube.com/watch?v=a2WXt0aW76g,3896,Kroni Prabowo dalam Proyek Makan Bergizi Gratis (MBG) |  Bocor Alus Politik
UgwG8eM7JokvHvxy0tV4AaABAg,,comment,1 month ago,Hehehe sudah diperkirakan KKN pasti terjadi😢😢😢,@liaaarch,FALSE,0,0,FALSE,a2WXt0aW76g,https://www.youtube.com/watch?v=a2WXt0aW76g,3896,Kroni Prabowo dalam Proyek Makan Bergizi Gratis (MBG) |  Bocor Alus Politik
UgwNWREvUBzeDyvwLfJ4AaABAg,,comment,1 month ago,prediksi Prabowo Indonesia 2030 bubar segera bubar karena Indonesia d kuasai antek haksing akan terwujud ..tapi kali ini bukan antek haksing yg berkuasa melainkan antek kroni penguasa ...🤬,@dickbenny3741,FALSE,0,0,FALSE,a2WXt0aW76g,https://www.youtube.com/watch?v=a2WXt0aW76g,3896,Kroni Prabowo dalam Proyek Makan Bergizi Gratis (MBG) |  Bocor Alus Politik
UgyjWsfXw8okMV7ihMJ4AaABAg,,comment,1 month ago,"mati sudah kita semua proyek pemerintah semua didesign buat di korupsi semua, tamat sudah Indonesia",@88Richard881,FALSE,0,0,FALSE,a2WXt0aW76g,https://www.youtube.com/watch?v=a2WXt0aW76g,3896,Kroni Prabowo dalam Proyek Makan Bergizi Gratis (MBG) |  Bocor Alus Politik
UgzLs75bNWay7dKCxQZ4AaABAg,,comment,1 month ago,program makan gratis adalah progran utk ladang korupsi,@sugirnosugirno2945,FALSE,0,0,FALSE,a2WXt0aW76g,https://www.youtube.com/watch?v=a2WXt0aW76g,3896,Kroni Prabowo dalam Proyek Makan Bergizi Gratis (MBG) |  Bocor Alus Politik
UgxhobPM8sZO7NyXiCR4AaABAg,,comment,1 month ago,Masak apa kita hari ini..,@Janissary-2601,FALSE,0,0,FALSE,a2WXt0aW76g,https://www.youtube.com/watch?v=a2WXt0aW76g,3896,Kroni Prabowo dalam Proyek Makan Bergizi Gratis (MBG) |  Bocor Alus Politik
UgyoRlvq1cyxWM2qIuF4AaABAg,,comment,1 month ago,"Dari awal program ini disampaikan ketika kampanya kita semua sdh bisa menduga bahwa akan menjadi proyek strategis yang rawan.

 Ternyata... Benar kan",@wimassari7724,FALSE,0,2,FALSE,a2WXt0aW76g,https://www.youtube.com/watch?v=a2WXt0aW76g,3896,Kroni Prabowo dalam Proyek Makan Bergizi Gratis (MBG) |  Bocor Alus Politik
UgyDqywJx6idWZ4xtyl4AaABAg,,comment,1 month ago,"Alhamdulillah .....
Trimakasih Banyak mas2 TEMPO",@MukenaPakaianIbadah,FALSE,0,3,FALSE,a2WXt0aW76g,https://www.youtube.com/watch?v=a2WXt0aW76g,3896,Kroni Prabowo dalam Proyek Makan Bergizi Gratis (MBG) |  Bocor Alus Politik
UgxtUCz8FTHuQ4nwxQt4AaABAg,,comment,1 month ago,"Anak muda yg makin putus asa dengan kondisi, melihat satu2nya jalan utk sejahtera di indonesia ini adalah menjadi pejabat. Makin lama makin kaya, makmur dan sejahtera. Menarik…",@BramantyoSuryoNugroho,FALSE,0,1,FALSE,a2WXt0aW76g,https://www.youtube.com/watch?v=a2WXt0aW76g,3896,Kroni Prabowo dalam Proyek Makan Bergizi Gratis (MBG) |  Bocor Alus Politik
UgzTJREPkfoHwZn90PF4AaABAg,,comment,1 month ago,"Selain bermasalahnya program MBG. SPPI juga sangat bermasalah, carut marut semuanya.",@MuhammadArifin-o5g,FALSE,0,1,FALSE,a2WXt0aW76g,https://www.youtube.com/watch?v=a2WXt0aW76g,3896,Kroni Prabowo dalam Proyek Makan Bergizi Gratis (MBG) |  Bocor Alus Politik
UgztUOZbwDHo917RCIx4AaABAg,,comment,1 month ago,Semua proyek pemerintah yg dikelola oleh mitra tidak ada yang gratis bung.Semua mitra pasti sdh berkorban miliaran rupiah dlm proses2 politik pemilu/pilkada.Jadi pemenang kontes politik harus balas budi.,@macangrae7725,FALSE,0,1,FALSE,a2WXt0aW76g,https://www.youtube.com/watch?v=a2WXt0aW76g,3896,Kroni Prabowo dalam Proyek Makan Bergizi Gratis (MBG) |  Bocor Alus Politik
Ugy45KEGZl_BGjlwsO14AaABAg.AH5Tu5WYRWLAH5WfP7fMIf,Ugy45KEGZl_BGjlwsO14AaABAg,reply,1 month ago,Sama sama buruk... ribet yach😅😅😅,@eddyr1041,FALSE,0,0,FALSE,a2WXt0aW76g,https://www.youtube.com/watch?v=a2WXt0aW76g,3896,Kroni Prabowo dalam Proyek Makan Bergizi Gratis (MBG) |  Bocor Alus Politik
Ugw9Sx2964eUREDpA8F4AaABAg.AH5Tm7qwbIgAH6x120RJrQ,Ugw9Sx2964eUREDpA8F4AaABAg,reply,1 month ago,Akhirnya belok dr Tupoksinya ya?,@cahsukoharjowhs3703,FALSE,0,1,FALSE,a2WXt0aW76g,https://www.youtube.com/watch?v=a2WXt0aW76g,3896,Kroni Prabowo dalam Proyek Makan Bergizi Gratis (MBG) |  Bocor Alus Politik
UgxrmUd_WYYu1aDZa3N4AaABAg,,comment,1 month ago,"Di NTT, kabupaten sumba timur sempat kejadian anak2 dpt daging ayam yg masih mentah dan makanan sampai di sekolah pada saat anak² sudah plg sekolah",@pemerhati2526,FALSE,0,0,FALSE,a2WXt0aW76g,https://www.youtube.com/watch?v=a2WXt0aW76g,3896,Kroni Prabowo dalam Proyek Makan Bergizi Gratis (MBG) |  Bocor Alus Politik
UgyMyfJOcMNh6vBz9Vt4AaABAg,,comment,1 month ago,Kok tambah cepat pertambahan subscriber Tempo..?,@salmanedy7074,FALSE,0,0,FALSE,a2WXt0aW76g,https://www.youtube.com/watch?v=a2WXt0aW76g,3896,Kroni Prabowo dalam Proyek Makan Bergizi Gratis (MBG) |  Bocor Alus Politik
UgzgXl-GHb1g3OdWQD94AaABAg,,comment,1 month ago,"Bener kan,betul kan gue biang jg ap,tambah ancooor dah",@imamsukartonosarkum9268,FALSE,0,0,FALSE,a2WXt0aW76g,https://www.youtube.com/watch?v=a2WXt0aW76g,3896,Kroni Prabowo dalam Proyek Makan Bergizi Gratis (MBG) |  Bocor Alus Politik
UgyCEy--NAMwT6CmCpx4AaABAg,,comment,1 month ago,Semangat Tempo,@frans5268,FALSE,0,1,FALSE,a2WXt0aW76g,https://www.youtube.com/watch?v=a2WXt0aW76g,3896,Kroni Prabowo dalam Proyek Makan Bergizi Gratis (MBG) |  Bocor Alus Politik
Ugwpz0aoJ1Hr19swAdl4AaABAg,,comment,1 month ago,Program Bagi2 jatah saja....,@dasad9844,FALSE,0,0,FALSE,a2WXt0aW76g,https://www.youtube.com/watch?v=a2WXt0aW76g,3896,Kroni Prabowo dalam Proyek Makan Bergizi Gratis (MBG) |  Bocor Alus Politik
UgysYnykaj02PJJpebJ4AaABAg,,comment,1 month ago,Yg di manggarai barat itu pernah makanan nya cuma kue donat. Coba tim investigasi gali lebih dalam 🙏🙏,@ManchesterLawir,FALSE,0,1,FALSE,a2WXt0aW76g,https://www.youtube.com/watch?v=a2WXt0aW76g,3896,Kroni Prabowo dalam Proyek Makan Bergizi Gratis (MBG) |  Bocor Alus Politik
UgzPnL1vdeAsxhM8Rmh4AaABAg,,comment,1 month ago,"Kesempatan emas yang tidak boleh di sia2 kan tentunya.......
Selagi masih berkuasa dan tidak ada yang berani mengutak atik tentunya...",@YanuarErvinadi,FALSE,0,0,FALSE,a2WXt0aW76g,https://www.youtube.com/watch?v=a2WXt0aW76g,3896,Kroni Prabowo dalam Proyek Makan Bergizi Gratis (MBG) |  Bocor Alus Politik
UgxzUzk_SBCgp1DpUOJ4AaABAg,,comment,1 month ago,Memasak menu positif/enak maupun memasak menu negatif/nggak enak gitu ya bang tim bocor alus ❤❤,@wiwiwibyanti1686,FALSE,0,0,FALSE,a2WXt0aW76g,https://www.youtube.com/watch?v=a2WXt0aW76g,3896,Kroni Prabowo dalam Proyek Makan Bergizi Gratis (MBG) |  Bocor Alus Politik
Ugw71HF7V6mAsRaeOfl4AaABAg,,comment,1 month ago,Semangat dlm kebenaran,@grandmamei4981,FALSE,0,0,FALSE,a2WXt0aW76g,https://www.youtube.com/watch?v=a2WXt0aW76g,3896,Kroni Prabowo dalam Proyek Makan Bergizi Gratis (MBG) |  Bocor Alus Politik
UgyyfEg18matO1TdjSp4AaABAg,,comment,1 month ago,Orang  awampun  dari awal sdh bisa prediksi hal ini.,@wafdaaini1402,FALSE,0,0,FALSE,a2WXt0aW76g,https://www.youtube.com/watch?v=a2WXt0aW76g,3896,Kroni Prabowo dalam Proyek Makan Bergizi Gratis (MBG) |  Bocor Alus Politik
UgzYTVzq15c0b8QC9814AaABAg,,comment,1 month ago,Sampai detik ini hanya Tempo yang masih konsisten dgn visi misinya.,@NagekeoFormos79,FALSE,0,1,FALSE,a2WXt0aW76g,https://www.youtube.com/watch?v=a2WXt0aW76g,3896,Kroni Prabowo dalam Proyek Makan Bergizi Gratis (MBG) |  Bocor Alus Politik
Ugz5J6LOj2DmN0wmlCt4AaABAg,,comment,1 month ago,"Di bali ada program ini ya???
Kok di sekolah anak saya ngak ada 🤣",@donipramana990,FALSE,0,0,FALSE,a2WXt0aW76g,https://www.youtube.com/watch?v=a2WXt0aW76g,3896,Kroni Prabowo dalam Proyek Makan Bergizi Gratis (MBG) |  Bocor Alus Politik
UgwU3IHMXhWF9W3Lz4N4AaABAg,,comment,1 month ago,hah.....😮 proyek......????,@rustambanjar0073,FALSE,0,0,FALSE,a2WXt0aW76g,https://www.youtube.com/watch?v=a2WXt0aW76g,3896,Kroni Prabowo dalam Proyek Makan Bergizi Gratis (MBG) |  Bocor Alus Politik
UgyYIWJRR9DDGcEUm9V4AaABAg,,comment,1 month ago,Setelah pemilu ganti jadi Makan Bergizi Gratis.....Jadi hansip 2 tidak dapat MBG,@WahyuIndah-z3q,FALSE,0,0,FALSE,a2WXt0aW76g,https://www.youtube.com/watch?v=a2WXt0aW76g,3896,Kroni Prabowo dalam Proyek Makan Bergizi Gratis (MBG) |  Bocor Alus Politik
UgyHE22p3mGBSDSlXpd4AaABAg,,comment,1 month ago,"Secara logika pelaksana program itu pendukung wajar.
Gak kebayang kalau pelaksana program kelompok yg bukan jadi pendukung malah bisa di rusak nnti program nya",@ces3343,FALSE,0,1,FALSE,a2WXt0aW76g,https://www.youtube.com/watch?v=a2WXt0aW76g,3896,Kroni Prabowo dalam Proyek Makan Bergizi Gratis (MBG) |  Bocor Alus Politik
UgyfsqUpS-x2SEMUIx14AaABAg,,comment,1 month ago,Next goreng danantara,@darkknight5390,FALSE,0,2,FALSE,a2WXt0aW76g,https://www.youtube.com/watch?v=a2WXt0aW76g,3896,Kroni Prabowo dalam Proyek Makan Bergizi Gratis (MBG) |  Bocor Alus Politik