url,verified,username,timestamp,text,searchQuery,quotedTweet
https://x.com/rangerbiru_17/status/1932351184599416895,FALSE,@rangerbiru_17,2025-06-10 08:16:00+00:00,terus lu mau jawabannya apa? pake apbn? pake duit makan siang gratis? aneh banget,APBN makan siang gratis,
https://x.com/Drul_Arifin/status/1929419061407961174,FALSE,@Drul_Arifin,2025-06-02 06:05:00+00:00,"Makan siang gratis jadi andalan politik, tapi anggarannya bikin geleng-geleng kepala. Janjinya sih bergizi, tapi gimana kalau justru bikin APBN sakit?

Simak opini saya di @cnbcindonesia 
cnbcindonesia.com/opini/2025…",APBN makan siang gratis,
https://x.com/KMSG_RI/status/1929187818821099637,FALSE,@KMSG_RI,2025-06-01 14:46:00+00:00,"Ngga heran sih mereka ngelola pendidikan juga soalnya, formal dan non formal. Yang lebih penting Ini harusnya ada kalkulasi sih berapa persen total APBN yang lari ke pendidikan, kalau dibawah 20 % para pejabangsat pelanggar UU ini perlu di seret ke pengadilan.",APBN makan siang gratis,
https://x.com/sunshensunrise/status/1928137861422887304,FALSE,@sunshensunrise,2025-05-29 17:14:00+00:00,"tau kipk / bidikmisi ga? itu kan program subsidi kuliah, semacam beasiswa dr pemerintah untuk kuliah gratis. drpd ke MBG mendingan APBN nya disalurin ke program yg semacam kipk atau bidikmisi lah. lagian lebih penting pendidikan drpd sekedar “makan siang”",APBN makan siang gratis,
https://x.com/jogjaris/status/1927889059269001701,FALSE,@jogjaris,2025-05-29 00:45:00+00:00,"Sekolah gratis..
Makan siang gratis..
Apbn mengkis2..
Pajak naik drastis..
Rakyat sbg juragan histeris..",APBN makan siang gratis,
https://x.com/adysufardyrifai/status/1927580921491845140,FALSE,@adysufardyrifai,2025-05-28 04:21:00+00:00,hukuman setrum listrik bisa gak. Kalau cuman penjara makan gratis pagi siang malam pake duit apbn. Gak ikhlas saya apalagi untuk pelaku perdagangan manusia,APBN makan siang gratis,
https://x.com/sibermun/status/1926654925922001228,FALSE,@sibermun,2025-05-25 15:01:00+00:00,"Kemungkinan besar imbal baliknya kebutuhan proyek PSN dipasok dari China dengan jaminan pembayaran dari APBN.

Tidak ada makan siang yang gratis !!!",APBN makan siang gratis,
https://x.com/KMSG_RI/status/1926123951320617272,FALSE,@KMSG_RI,2025-05-24 03:51:00+00:00,"Liat aja prospek APBN 2026, bullsh*t emang 20% APBN untuk pendidikan, para bebangsat pengkhianat UU ini pantas di seret ke meja hijau",APBN makan siang gratis,
https://x.com/KMSG_RI/status/1925882351575314765,FALSE,@KMSG_RI,2025-05-23 11:51:00+00:00,"Anggaran pendidikan udah 20% dari APBN blom ya ? Kalau ngga, para pejabrut yang nyusun ini perlu di seret ke meja hijau",APBN makan siang gratis,
https://x.com/ohyakitalupa/status/1921961545086476608,TRUE,@ohyakitalupa,2025-05-12 16:11:00+00:00,"sebelum ada yg meninggal masal, Makan Siang Gratis akan tetap diutamakan sampai titik APBN diujung nadir🤙",APBN makan siang gratis,"{'url': 'https://x.com/KompasTV/status/1921863831132725428', 'avatar': '', 'username': '@KompasTV', 'fullname': 'KOMPAS TV', 'timestamp': '2025-05-12T09:43:00.000Z', 'text': 'Dugaan Keracunan Makanan Program MBG di Bogor: Korban Capai 214 Orang, Pemkot Tetapkan Status KLB\n\nkompas.tv/regional/592734/du…', 'links': ['https://www.kompas.tv/regional/592734/dugaan-keracunan-makanan-program-mbg-di-bogor-korban-capai-214-orang-pemkot-tetapkan-status-klb']}"
https://x.com/KMSG_RI/status/1919375548255523144,FALSE,@KMSG_RI,2025-05-05 12:56:00+00:00,"Masalah Pesantren, memang saatnya Pendidikan itu satu pintu aja, Kemendikbud, titik. Ini terbagi lagi ke kemenag, malah sekarang mau buka lagi di kemensos sama dikti, makanya jangan heran pendidikan kita gitu2 aja, banyak yang mau kebagian kue 20% APBN.",APBN makan siang gratis,
https://x.com/warengmberot/status/1917783868524130314,FALSE,@warengmberot,2025-05-01 03:31:00+00:00,"ah masa bodo dengan permasalahan MBG...
yg penting duit APBN cair...dan bisa berpesta anggaran...
bagi kaum miskin makanan bisa di cari tapi biaya pendidikan lebih mahal dari pada makan siang gratis...

ok gas ok gas",APBN makan siang gratis,
https://x.com/Aingkur/status/1915758974181446105,FALSE,@Aingkur,2025-04-25 13:25:00+00:00,"Mending program makan siang gratis jumat di masjid2, sdh byk skr... Tanpa APBN, tanpa dana negara.. Jalan tuh.. Prasmanan lagi konsepnya di beberapa masjid 👌",APBN makan siang gratis,
https://x.com/KMSG_RI/status/1914324791819145601,FALSE,@KMSG_RI,2025-04-21 14:26:00+00:00,"Ya mau gimana lagi bang, siapa yang ngga tergiur 20 persen dari APBN",APBN makan siang gratis,
https://x.com/grok/status/1932297016832647411,TRUE,@grok,2025-06-10 04:41:00+00:00,"Jokowi dan Gibran tampaknya mendukung Prabowo secara politik, tetapi peran mereka sebagai ""perisai"" tidak sepenuhnya jelas. Jokowi membantu memasukkan program Prabowo, seperti makan siang gratis, ke dalam anggaran 2025, dan Gibran, sebagai Wapres, menjaga kontinuitas saat Prabowo absen. Namun, ada ketegangan, seperti pemotongan anggaran Nusantara dan seruan pemakzulan Gibran, yang menunjukkan hubungan mereka rumit. Prabowo juga menunjukkan independensi dengan mendekati Megawati dan membatasi peran Gibran. Jadi, meskipun mereka memberikan dukungan, dinamika ini tidak sepenuhnya harmonis.",Program Makan Siang Gratis,
https://x.com/dasglassceiling/status/1932294382050529512,FALSE,@dasglassceiling,2025-06-10 04:30:00+00:00,Logikanya gmn sih yg korupsi food estate Prabowo yg punya program makan siang gratis ganti jadi bergizi juga Prabowo tapi kok yg dimakzulkan malah Gibran bangsa cretin punya logika ga sih?,Program Makan Siang Gratis,
https://x.com/hanmula/status/1931902280443515254,TRUE,@hanmula,2025-06-09 02:32:00+00:00,"kan yg ketemuan dr dating apps suka ngarep dibayarin makan, mending presiden harusnya kerja sama dg tinder+bumble, program makan siang gratis untuk anak dewasa",Program Makan Siang Gratis,"{'url': 'https://x.com/hanmula/status/1931893664697254202', 'avatar': '', 'username': '@hanmula', 'fullname': 'Aulia S.E., M.Pak., Tbk.', 'timestamp': '2025-06-09T01:58:00.000Z', 'text': 'Dating app ini plus minus sih\nBagusnya, chance ketemu org baru\n\nJeleknya:\nByk mokondo+momekdo\nByk yg entitled dibayarin ini itu, pgn free meal\nByk yg hoeflation, ngerasa dirinya nilai pdhl 6, makanya predator jd ikut ngakalin\nTp yg sampe merit dr dating apps sih byk bgt', 'links': []}"
https://x.com/naonreii/status/1932245963734929877,FALSE,@naonreii,2025-06-10 01:18:00+00:00,WOW AYCE🙀 eh ini aycenya bagian dari program makan siang gratis kah? Boleh ga kalau ga abis aku bungkus buat mama dirumah?,Program Makan Siang Gratis,
https://x.com/tham878/status/1932234972385169567,TRUE,@tham878,2025-06-10 00:34:00+00:00,"Maksud Mendikdasmen, Abdul Mu'ti itu lhoo buzzerRP Kdrun & Badrun yg nyerang Program Makan Siang Gratis😁😁😆",Program Makan Siang Gratis,
https://x.com/tham878/status/1932234922535886994,TRUE,@tham878,2025-06-10 00:34:00+00:00,"Maksud Mendikdasmen, Abdul Mu'ti itu lhoo buzzerRP Kdrun & Badrun yg nyerang Program Makan Siang Gratis😁😁😆",Program Makan Siang Gratis,"{'url': 'https://x.com/Chynthia_K/status/1932026279970341118', 'avatar': '', 'username': '@Chynthia_K', 'fullname': '𝙲𝚑𝚢𝚗𝚝𝚑𝚒𝚊', 'timestamp': '2025-06-09T10:45:00.000Z', 'text': '.\nBapak Lagi Ghibahin Siapa ?\n\nOrang yang saat ini sedang dirundung banyak masalah atau Siapa.\n\nJangan sampi publik menginterpretasikan ke yang disana. 😁\n.', 'links': []}"
https://x.com/kyuelt/status/1931993814274855257,TRUE,@kyuelt,2025-06-09 08:36:00+00:00,"gua jamin, ni program klo di jalanin kgk bakal efektif kyk program makan siang gratis upss",Program Makan Siang Gratis,"{'url': 'https://x.com/DS_yantie/status/1931696751783862274', 'avatar': '', 'username': '@DS_yantie', 'fullname': '🇮🇩 Yanti 🇮🇩', 'timestamp': '2025-06-08T12:56:00.000Z', 'text': 'Keadilan itu dimana?', 'links': [], 'images': ['https://pbs.twimg.com/media/Gs7D9WyaAAAxFhu.jpg']}"
https://x.com/slutf3ys/status/1931975587104722995,FALSE,@slutf3ys,2025-06-09 07:24:00+00:00,"di Indonesia tuh banyak bgt yang rela ngubur mimpi sedalam dalam nya, demi ekonomi. tapi kenapa pada program makan siang gratis dibanding pendidikan gratis?",Program Makan Siang Gratis,
https://x.com/Sunogchan/status/1931952155919048911,FALSE,@Sunogchan,2025-06-09 05:51:00+00:00,"Wkwkw boleh Kaia, eh kampus kita ga dapat program makan siang gratis?",Program Makan Siang Gratis,
https://x.com/SSPSH03/status/1931778687420280843,FALSE,@SSPSH03,2025-06-08 18:21:00+00:00,"Mm benar juga, sudahi promagnya. Kita ikutan program makan siang gratis aja biar enggak aslam.",Program Makan Siang Gratis,
https://x.com/pkj_puy/status/1931401888412688754,FALSE,@pkj_puy,2025-06-07 17:24:00+00:00,"daripada program makan siang gratis, mending bikin program satu rumah satu jiminhyuk",Program Makan Siang Gratis,
https://x.com/sukasukakw_17/status/1931344703443910869,FALSE,@sukasukakw_17,2025-06-07 13:37:00+00:00,"Alah sok²an mo ngasih rolex, program makan siang gratis aja banyak yg keracunan",Program Makan Siang Gratis,
https://x.com/diana_putrifeb/status/1931309413077500352,FALSE,@diana_putrifeb,2025-06-07 11:17:00+00:00,"kayaknya mending dipake buat nyicil hutang deh pak, kalo engga alihin buat program bapak yg makan siang gratis 😌",Program Makan Siang Gratis,
https://x.com/KMSG_RI/status/1913146700388323697,FALSE,@KMSG_RI,2025-04-18 08:24:00+00:00,Duit 20% dari APBN emang gurih 🤤 siapa yang ngga tergiur,APBN makan siang gratis,
https://x.com/KMSG_RI/status/1912514189031309508,FALSE,@KMSG_RI,2025-04-16 14:31:00+00:00,"Komunikasi ?
Bahahahahahahahahahhaha
IHSG Cepirit
MBG Morat marit
Rupiah terjepit
APBN DEFISIT
Bukan komunikasi yang buruk, semuanya emang buruk.",APBN makan siang gratis,
https://x.com/KMSG_RI/status/1912456894435963340,FALSE,@KMSG_RI,2025-04-16 10:43:00+00:00,"Bahahahah Program asbun, buat atasi stunting tapi caranya ngga tepat, ngabisin anggaran, susah di audit, eksekutif ngotot lanjut, legislatif ngamanin pantat muji2 program tol*l ini, kas negara seret, APBN defisit, danantara juga ngisap duit hasil Efisienshit.",APBN makan siang gratis,
https://x.com/sirulhaq/status/1910053826473926913,FALSE,@sirulhaq,2025-04-09 19:34:00+00:00,"Apa yang bisa dibanggakan @grok dari infrastruktur yang hanya jadi Beban APBN dan biang kerok tambah utang luar negeri Indonesia? 

Sementara makan siang gratis dan minum susu gratis juga pakai dana utang luar negeri @grok ? Sungguh malu yang tidak ketulungan. Macan ompong?",APBN makan siang gratis,
https://x.com/hanafinapil/status/1909571796678197722,FALSE,@hanafinapil,2025-04-08 11:39:00+00:00,"Kalo kata gua mah batalin program aja si makan siang gratis, demi menyelamatkan APBN yang terseok-seok. Alihkan ke subsidi petani biar cepet swasembada pangan dan ga impor.",APBN makan siang gratis,
https://x.com/grok/status/1909505342846751094,TRUE,@grok,2025-04-08 07:15:00+00:00,"Utas ini membahas pelemahan Rupiah ke 17.279 per USD, terburuk dalam 27 tahun. Faktornya: kebijakan Prabowo yang tak jelas dan populis (program makan siang gratis $28M tanpa dana jelas), defisit APBN naik, utang bertambah, outflow modal, cadangan devisa turun, dan defisit neraca dagang. Solusi: tunda program populis, perbaiki fiskal, fokus sektor produktif, koordinasi BI-Kemenkeu, dan bangun kepercayaan pasar. Pemerintah dikritik lebih mementingkan agenda politik ketimbang ekonomi.

Rupiah lemah ke 17.279/USD karena kebijakan populis Prabowo, defisit naik, dan outflow modal. Solusi: tunda program, perbaiki fiskal, fokus ekonomi.",APBN makan siang gratis,
https://x.com/Trader_fx_cryp/status/1909424087686168959,FALSE,@Trader_fx_cryp,2025-04-08 01:52:00+00:00,"Yah jelas lah kena dampak tradewar, buktinya apbn aja efisiensi, idr adalah mata uang kinerja terburuk seasia saat ini, trs dari postur abn defisit, kebijakan fiskal ga sehat, di antaranya gara gara program makan siang gratis,",APBN makan siang gratis,
https://x.com/maerakuningijo/status/1909374262919791028,FALSE,@maerakuningijo,2025-04-07 22:34:00+00:00,"Gak heran, pas debat keliatan banget padahal, pertanyaannya apa jawabannya MAKAN SIANG GRATIs. 

Padahal yak kalo mau bagi bagi makan siang mah ikut aje Jumat berkah. Ngapain ngabisin APBN cuman buat ambisinya yang gak jelas itu",APBN makan siang gratis,"{'url': 'https://x.com/nabiylarisfa/status/1909251728551113186', 'avatar': '', 'username': '@nabiylarisfa', 'fullname': 'Nabiyla Risfa Izzati', 'timestamp': '2025-04-07T14:27:00.000Z', 'text': 'Dari 3,5 jam wawancara, Prabowo paling sering bahas MBG, bahkan di pertanyaan2 yg nggak ada hubungannya. Jadi jargon “apapun masalahnya, MBG solusinya” itu benar adanya.\n\nRetorika “kita bangsa besar” dan “saya ingin rakyat sejahtera” juga sering keluar, tanpa penjelasan lanjutan.', 'links': []}"
https://x.com/Warga_negaraa/status/1907575336637968448,FALSE,@Warga_negaraa,2025-04-02 23:26:00+00:00,"Kenapa nyinyir masalah ginian ke orang biasa, mending lu ngomong gini ke pemerintah, kenapa duit apbn ga dipake buat bikin sekolah daripada dipake makan siang gratis? Akses Pendidikan itu kewajiban pemerintah",APBN makan siang gratis,
https://x.com/Rajahutan70/status/1907255056287793603,TRUE,@Rajahutan70,2025-04-02 02:13:00+00:00,"Makan siang gratis, Giant wall, sekarang tol bawah laut ampun deh pdhal kata si Sri apbn tekor 31 T lebih",APBN makan siang gratis,"{'url': 'https://x.com/ethadisaputra/status/1907231581879833061', 'avatar': '', 'username': '@ethadisaputra', 'fullname': 'ET Hadi Saputra 🦉🇮🇩', 'timestamp': '2025-04-02T00:40:00.000Z', 'text': 'Lain kali kalau mau halu itu bisa ga pakai duit sendiri?', 'links': []}"
https://x.com/SonyaTambu55523/status/1906889987456655421,FALSE,@SonyaTambu55523,2025-04-01 02:02:00+00:00,"Trus kinerja Jokowi membuat Prabowo Pusing mikirin Hutang Negara sekian Ribu triliyun..Orang miskin masih banyak dijaman Jokowi sampai2 Prabowo bikin Program makan siang gratis..APBN defisit 30T..koruptor Paling banyak di jaman Jokowi..
KAU MASIH BUTA JUGA??",APBN makan siang gratis,
https://x.com/mutajir_mohamat/status/1906544471313121522,FALSE,@mutajir_mohamat,2025-03-31 03:09:00+00:00,"Efisiensi Bullhlshit... Terlalu dipaksakan, klo lu bela, jatuhnya lu malah terlihat tolol, krn awalnya ditujukan untuk makan siang gratis, faktanya malah untuk danatara yg programnya sama sekali tdk ada di APBN...",APBN makan siang gratis,
https://x.com/sumitro_sobo/status/1906259603949789253,FALSE,@sumitro_sobo,2025-03-30 08:18:00+00:00,"5 bulan dipimpin @prabowo Indonesia semakin hancur apalagi dipimpin selama 5 tahun

UU TNI & Polri
Makan siang gratis
Danantara 
Pemotongan Uang APBN
Seskab di bawah Sesmil
Koruptor, Mafia, Pencuri, Pecuci Uang, LGBT, Tentara dan Polisi masuk Kabinet

Jkw & Wowo merusak negara",APBN makan siang gratis,
https://x.com/grok/status/1905966110698045863,TRUE,@grok,2025-03-29 12:51:00+00:00,"Program makan siang gratis rasional karena bisa tingkatkan gizi & pendidikan, kurangi stunting (21.5% anak <5 thn 2023), serta dukung petani lokal. Biayanya besar, $28-29 miliar/tahun (13.4% APBN 2024 $216 miliar), jadi tantangannya ada pada pendanaan & logistik di wilayah luas Indonesia. Penelitian global tunjukkan manfaatnya untuk prestasi akademik & kehadiran sekolah, tapi keberhasilan tergantung pelaksanaan efektif.",APBN makan siang gratis,
https://x.com/just__nami/status/1903908923926856015,TRUE,@just__nami,2025-03-23 20:37:00+00:00,"Itu kan salah orang yang sekarang jadi Presiden, asbun banget bikin program MAKAN SIANG GRATIS pake uang APBN kocaaakkk...",APBN makan siang gratis,"{'url': 'https://x.com/DS_yantie/status/1903289983018078316', 'avatar': '', 'username': '@DS_yantie', 'fullname': '🇮🇩 Yanti 🇮🇩', 'timestamp': '2025-03-22T03:37:00.000Z', 'text': '#IndonesiaMakinGelap APBN TEKOR 😩', 'links': ['https://x.com/search?q=%23IndonesiaMakinGelap'], 'images': ['https://pbs.twimg.com/media/GmnYJykaEAMdwTc.jpg']}"
https://x.com/cindy_hryh20/status/1932054600724730245,FALSE,@cindy_hryh20,2025-06-09 12:38:00+00:00,Program makan bergizi gratis dari Prabowo bawa perubahan positif ke Papua,Program Makan Gratis Prabowo,
https://x.com/sultan_afiff/status/1932053741240451404,FALSE,@sultan_afiff,2025-06-09 12:34:00+00:00,"Program MBG bukan cuma soal makan gratis, tapi bukti Presiden Prabowo bawa perubahan nyata ke desa-desa",Program Makan Gratis Prabowo,
https://x.com/CatatanTeddy/status/1931871876399440016,FALSE,@CatatanTeddy,2025-06-09 00:32:00+00:00,Seskab Teddy Indra Wijaya mendampingi Presiden Prabowo Subianto dalam menyampaikan visi besar pemerintah untuk memperluas jangkauan program Makan Bergizi Gratis (MBG).,Program Makan Gratis Prabowo,
https://x.com/arifbalikpapan1/status/1932040370243948756,FALSE,@arifbalikpapan1,2025-06-09 11:41:00+00:00,"Program pak Prabowo saat ini, semua dikembalikan lagi ke rakyat, Top 3: Koperasi Desa Merah Putih, Makan Bergizi Gratis dan 3 Juta Rumah.

Rp362,88 Triliun akan menjadi pendorong pertumbuhan ekonomi dan kesejahteraan rakyat.

Rakyat monitor pelaksanaannya 👀",Program Makan Gratis Prabowo,
https://x.com/hassan_kam3157/status/1932028874432606362,FALSE,@hassan_kam3157,2025-06-09 10:55:00+00:00,Baru kali ini program makan gratis kayak MBG dari Presiden Prabowo kasih banyak manfaat nyata,Program Makan Gratis Prabowo,
https://x.com/ani_sutana5/status/1932010674106077649,FALSE,@ani_sutana5,2025-06-09 09:43:00+00:00,Program Makan Bergizi Gratis besutan Presiden Prabowo jelas jadi fondasi kuat cetak generasi Indonesia unggul masa depan,Program Makan Gratis Prabowo,
https://x.com/tinaah_maulida3/status/1932001397941375339,FALSE,@tinaah_maulida3,2025-06-09 09:06:00+00:00,Papua makin cerah masa depannya karena ada program makan sehat gratis dari Presiden Prabowo,Program Makan Gratis Prabowo,
https://x.com/ChiChiz226/status/1931978877246791708,FALSE,@ChiChiz226,2025-06-09 07:37:00+00:00,"Sebanyak 593 Bintara Kompetensi Khusus (Bakomsus) Polri resmi dilantik untuk mendukung program Ketahanan Pangan dan Makan Bergizi Gratis (MBG) yang menjadi prioritas Pemerintahan Presiden Prabowo Subianto.
#MBGuntukIndonesiaHebat",Program Makan Gratis Prabowo,
https://x.com/sihombing_gsr/status/1931952710775177503,FALSE,@sihombing_gsr,2025-06-09 05:53:00+00:00,Program makan sehat di Papua bawa harapan baru dan energi buat anak-anak di sanaProgram Makan Bergizi Gratis Prabowo ini beneran terasa manfaatnya buat masyarakat Papua,Program Makan Gratis Prabowo,
https://x.com/hardi_ansyah38/status/1931948483722019193,FALSE,@hardi_ansyah38,2025-06-09 05:36:00+00:00,Kebijakan presiden Prabowo makin menyentuh lewat program makan gratis untuk Papua,Program Makan Gratis Prabowo,
https://x.com/fabian_antoine6/status/1931945666252783865,FALSE,@fabian_antoine6,2025-06-09 05:25:00+00:00,Program makan gratis Prabowo bawa harapan baru buat keluarga di Papua,Program Makan Gratis Prabowo,
https://x.com/danu_pradayana/status/1931945513798320233,FALSE,@danu_pradayana,2025-06-09 05:24:00+00:00,"Dukung terus langkah Presiden Prabowo, Program Makan Bergizi Gratis bikin anak Indonesia makin sehat dan pintar",Program Makan Gratis Prabowo,
https://x.com/danu_pradayana/status/1931942878709952576,FALSE,@danu_pradayana,2025-06-09 05:14:00+00:00,"Dukung terus langkah Presiden Prabowo, Program Makan Bergizi Gratis bikin anak Indonesia makin sehat dan pintar",Program Makan Gratis Prabowo,
https://x.com/gandi_maulana4/status/1931939772467183663,FALSE,@gandi_maulana4,2025-06-09 05:01:00+00:00,Program Makan Bergizi Gratis inisiatif keren dari Presiden Prabowo buat wujudkan Indonesia jadi negara dengan SDM berdaya saing,Program Makan Gratis Prabowo,
https://x.com/jaya_uw202/status/1931936298887180398,FALSE,@jaya_uw202,2025-06-09 04:48:00+00:00,"Langkah Presiden Prabowo sederhanakan urusan gizi lewat program makan gratis pantas diberi jempol, biar SDM unggul itu bukan sekadar slogan",Program Makan Gratis Prabowo,
https://x.com/rickydp19/status/1909802994440585677,FALSE,@rickydp19,2025-04-09 02:58:00+00:00,@grok dari sini sebenarnya yg keliru itu jelas program kampanye untuk makan siang bergizi gratis itu. Karena sangat jelas APBN kita ruang fiskalnya ga cukup utk lakukan hal tsb tp dipaksakan oleh pemerintah saat ini untuk seluruh anak sekolah. Mestinya ke anak2 yg ga mampu saja.,APBN makan siang gratis,
https://x.com/iamr1111/status/1909220338111819914,FALSE,@iamr1111,2025-04-07 12:22:00+00:00,"ia bilang bahwa mungkin bisa saja dalam beberapa bulan IDR akan tembus di 20.000, dikarenakan akan ada hutang luar negeri yang jatuh tempo dan kemungkinan akan mencetak uang untuk mengatasi hal tersebut dikarenakan sebagian alokasi APBN digunakan untuk makan siang gratis.",APBN makan siang gratis,
https://x.com/RIPDEMOKRASI/status/1903831389667217777,FALSE,@RIPDEMOKRASI,2025-03-23 15:29:00+00:00,"✍️ 

TDK ADA MAKAN SIANG GRATIS.

SELURUH BIAYA 
SDH DI BAYAR LUNAS 
OLEH : RAKYAT 
MELALUI 
PEMBAYARAN PAJAK 
KE DALAM 
84 % DANA APBN.

NEGARA 
TIDAK PUNYA UANG 
MALAH 
BANYAK TINGKAH.
AKHIRNYA 
TDK TERBAYAR GAJI KARYAWAN MBG 

🤮 

ANJING BUKAN ....!!!!!",APBN makan siang gratis,
https://x.com/badriyah_sahina/status/1931933168653005212,FALSE,@badriyah_sahina,2025-06-09 04:35:00+00:00,Mendukung penuh langkah Prabowo perhatikan Papua melalui program makan gratis,Program Makan Gratis Prabowo,
https://x.com/najib_mr15/status/1931930030281826763,FALSE,@najib_mr15,2025-06-09 04:23:00+00:00,Program Makan Bergizi Gratis garapan Presiden Prabowo bukti perhatian pemerintah pada masa depan kesehatan anak-anak,Program Makan Gratis Prabowo,
https://x.com/paramita_wtuti/status/1931928509976641905,FALSE,@paramita_wtuti,2025-06-09 04:17:00+00:00,"Prabowo buktikan peduli generasi muda lewat program makan gratis, semoga makin luas jangkauannya untuk wujudkan SDM jawara di Indonesia Emas nanti",Program Makan Gratis Prabowo,
https://x.com/khairon_hawi/status/1931928066219225472,FALSE,@khairon_hawi,2025-06-09 04:15:00+00:00,"Kalo udah ngomongin SDM unggul, Program Makan Bergizi Gratis dari Presiden Prabowo emang pondasi utama biar Indonesia siap bersaing global",Program Makan Gratis Prabowo,
https://x.com/dita_vangkia39/status/1931922991941812684,FALSE,@dita_vangkia39,2025-06-09 03:55:00+00:00,Makin yakin masa depan Indonesia cerah berkat program makan bergizi gratis dari Presiden Prabowo,Program Makan Gratis Prabowo,
https://x.com/caliana_sagali/status/1931922827579707759,FALSE,@caliana_sagali,2025-06-09 03:54:00+00:00,Program Makan Bergizi Gratis dari Presiden Prabowo bikin hidup masyarakat Papua makin sehat #SukseskanMBGPapua,Program Makan Gratis Prabowo,
https://x.com/rrendra_nghro77/status/1931919276027593111,FALSE,@rrendra_nghro77,2025-06-09 03:40:00+00:00,"Berani beda, Presiden Prabowo hadirkan Program Makan Bergizi Gratis sebagai solusi masa depan",Program Makan Gratis Prabowo,
https://x.com/caraka_hdynto/status/1931918202965197271,FALSE,@caraka_hdynto,2025-06-09 03:36:00+00:00,"Presiden Prabowo udah pikirin masa depan lewat Program Makan Bergizi Gratis, SDM unggul makin mudah terwujud",Program Makan Gratis Prabowo,
https://x.com/aini_mahda11/status/1931918163698200761,FALSE,@aini_mahda11,2025-06-09 03:35:00+00:00,"Gizi seimbang jadi kunci SDM unggul, makanya program Presiden Prabowo buat makan gratis wajib didukung",Program Makan Gratis Prabowo,
https://x.com/isma_lufiyihh/status/1931917451241160732,FALSE,@isma_lufiyihh,2025-06-09 03:33:00+00:00,Respect banget sama Presiden Prabowo yang ngenalin Program Makan Bergizi Gratis agar masa depan bangsa lebih sehat,Program Makan Gratis Prabowo,
https://x.com/salim_nawi/status/1931913309441360047,FALSE,@salim_nawi,2025-06-09 03:16:00+00:00,"Dengan adanya Program Makan Bergizi Gratis oleh Presiden Prabowo, stunting bisa ditekan dan anak Indonesia makin berpotensi jadi SDM emas",Program Makan Gratis Prabowo,
https://x.com/adna_umia/status/1931912717885186424,FALSE,@adna_umia,2025-06-09 03:14:00+00:00,#SukseskanMBGPapua biar manfaat program makin luas dirasakan anak-anak PapuaProgram Makan Bergizi Gratis dari presiden Prabowo jadi harapan baru buat saudara kita di Papua,Program Makan Gratis Prabowo,
https://x.com/kahisha_safwna4/status/1931911903800164671,FALSE,@kahisha_safwna4,2025-06-09 03:11:00+00:00,Prabowo serius dukung kesejahteraan Papua lewat program makan bergizi gratis,Program Makan Gratis Prabowo,
https://x.com/dini_gayanah22/status/1931910653842989071,FALSE,@dini_gayanah22,2025-06-09 03:06:00+00:00,Program makan bergizi gratis ala Presiden Prabowo layak dicontoh biar generasi emas 2045 benar-benar tercipta,Program Makan Gratis Prabowo,
https://x.com/budi_santoso654/status/1931909825124053057,FALSE,@budi_santoso654,2025-06-09 03:02:00+00:00,Program Makan Bergizi Gratis Presiden Prabowo pastikan anak-anak dapat nutrisi cukup demi masa depan unggul bangsa,Program Makan Gratis Prabowo,
https://x.com/khayrah_khiyama/status/1931908858433462591,FALSE,@khayrah_khiyama,2025-06-09 02:58:00+00:00,Langkah nyata dari Prabowo bikin masyarakat Papua makin sejahtera dengan program Makan Bergizi Gratis,Program Makan Gratis Prabowo,
https://x.com/findri_fany24/status/1931907750302535842,FALSE,@findri_fany24,2025-06-09 02:54:00+00:00,"Seneng banget Program Makan Bergizi Gratis dari Presiden Prabowo akhirnya terealisasi, makin pede sama masa depan anak bangsa",Program Makan Gratis Prabowo,
https://x.com/prasasta_rafi/status/1931904349258801657,FALSE,@prasasta_rafi,2025-06-09 02:41:00+00:00,Makan sehat gratis ke Papua salah satu program terbaik di era Prabowo,Program Makan Gratis Prabowo,
https://x.com/Generasiosing/status/1932341510630154619,TRUE,@Generasiosing,2025-06-10 07:38:00+00:00,Pemain Timnas Indonesia sudah merasakan program Makan Bergizi Gratis yang digagas oleh Presiden Prabowo.,Program Makan Gratis Prabowo,
https://x.com/infodaribanten/status/1932339941746339864,FALSE,@infodaribanten,2025-06-10 07:31:00+00:00,Gaspol! 🚀 Pertamina dukung penuh Program Makan Bergizi Gratis. Kita siap suplai energi biar program 100 hari pemerintahan Prabowo-Gibran ini lancar jaya dan Indonesia makin mandiri pangan! 💪 #MakanBergiziGratis #Pertamina #EnergiUntukNegeri,Program Makan Gratis Prabowo,
https://x.com/victor_sputra/status/1932249036159111370,FALSE,@victor_sputra,2025-06-10 01:30:00+00:00,"Program Makan Bergizi Gratis dari Bapak Presiden Prabowo Subianto untuk seluruh anak-anak di Indonesia dari Sabang sd Merauke 

#PenuhiGiziIndonesia",Program Makan Gratis Prabowo,
https://x.com/pop_popiputri/status/1932248432942661647,FALSE,@pop_popiputri,2025-06-10 01:28:00+00:00,"Program Makan Bergizi Gratis dari Bapak Presiden Prabowo Subianto untuk seluruh anak-anak di Indonesia dari Sabang sd Merauke 

#PenuhiGiziIndonesia",Program Makan Gratis Prabowo,
https://x.com/rimsha_huma/status/1932193867660746792,FALSE,@rimsha_huma,2025-06-09 21:51:00+00:00,"President Prabowo ngerti banget soal pentingnya nutrisi buat SDM unggul, makanya program makan gratis ini wajib kita dukung",Program Makan Gratis Prabowo,
https://x.com/kiki_ramdani200/status/1932102214409175245,FALSE,@kiki_ramdani200,2025-06-09 15:47:00+00:00,Bangga sama Presiden Prabowo yang konsisten dorong program makan bergizi gratis demi SDM unggul,Program Makan Gratis Prabowo,
https://x.com/mitha_gitaa89/status/1932078252040065047,FALSE,@mitha_gitaa89,2025-06-09 14:12:00+00:00,"Kece banget, Presiden Prabowo dorong tumbuhnya UMKM lewat program makan bergizi gratis MBG",Program Makan Gratis Prabowo,
https://x.com/maya_prnm/status/1932076945363362104,FALSE,@maya_prnm,2025-06-09 14:06:00+00:00,Kebijakan Program Makan Bergizi Gratis dari Presiden Prabowo jadi game changer dalam perjuangan lawan stunting,Program Makan Gratis Prabowo,
https://x.com/yusuf_thamrin17/status/1931902341026054417,FALSE,@yusuf_thamrin17,2025-06-09 02:33:00+00:00,Berani bilang Papua lebih sehat dan sejahtera berkat program MBGProgram Makan Bergizi Gratis dari Presiden Prabowo bener-bener jadi harapan baru buat masyarakat Papua #SukseskanMBGPapua,Program Makan Gratis Prabowo,
https://x.com/jaka_setya25/status/1931902260034044070,FALSE,@jaka_setya25,2025-06-09 02:32:00+00:00,Dukungan nyata Prabowo untuk Papua terlihat jelas lewat MBGSalut buat Presiden Prabowo yang serius memperhatikan Papua lewat program Makan Bergizi Gratis,Program Makan Gratis Prabowo,
https://x.com/gadis_saryani/status/1931901356002144316,FALSE,@gadis_saryani,2025-06-09 02:29:00+00:00,Penting banget konsisten dengan program makan bergizi gratis dari Presiden Prabowo buat kesejahteraan anak,Program Makan Gratis Prabowo,
https://x.com/hikmah_mauln/status/1931898818863509832,FALSE,@hikmah_mauln,2025-06-09 02:19:00+00:00,"Bangga sama Presiden Prabowo yang prioritasin Program Makan Bergizi Gratis demi anak bebas stunting, persiapan menuju 2045 jadi lebih matang",Program Makan Gratis Prabowo,
https://x.com/vina_angg90/status/1931895935413748020,FALSE,@vina_angg90,2025-06-09 02:07:00+00:00,Papua dapat perhatian khusus dari presiden Prabowo lewat program makan bergizi gratis,Program Makan Gratis Prabowo,
https://x.com/nia_rahmawati77/status/1931893896734560407,FALSE,@nia_rahmawati77,2025-06-09 01:59:00+00:00,"Program Makan Bergizi Gratis, bukti komitmen Presiden Prabowo cegah anak stunting dan bentuk generasi unggul",Program Makan Gratis Prabowo,
https://x.com/q_hazni/status/1931893389060080046,FALSE,@q_hazni,2025-06-09 01:57:00+00:00,Senang lihat program Makan Bergizi Gratis dari Presiden Prabowo makin peduli kesejahteraan Papua,Program Makan Gratis Prabowo,
https://x.com/lasita_dian/status/1931892308448047382,FALSE,@lasita_dian,2025-06-09 01:53:00+00:00,"Semoga program Makan Bergizi Gratis terus berkembang, Papua siap maju bersama Pak Prabowo",Program Makan Gratis Prabowo,
https://x.com/hari_saputra56/status/1931891259242926195,FALSE,@hari_saputra56,2025-06-09 01:49:00+00:00,"Gizi lengkap buat anak-anak sekarang adalah tabungan Indonesia Emas 2045, berkat perhatian Pak Prabowo lewat program makan gratis",Program Makan Gratis Prabowo,
https://x.com/nabila_ayu73/status/1931888389110022332,FALSE,@nabila_ayu73,2025-06-09 01:37:00+00:00,Langkah Presiden Prabowo yang fokus pada gizi anak bangsa lewat Program Makan Bergizi Gratis bikin makin yakin dengan SDM Indonesia di masa depan,Program Makan Gratis Prabowo,
https://x.com/gilang_angga70/status/1931888300262068431,FALSE,@gilang_angga70,2025-06-09 01:37:00+00:00,"Bersyukur ada Program Makan Bergizi Gratis hasil kerja Presiden Prabowo, masa depan anak Indonesia makin terjamin gizinya",Program Makan Gratis Prabowo,
https://x.com/yani_maryani4/status/1931885939502268790,FALSE,@yani_maryani4,2025-06-09 01:27:00+00:00,"Biar anak Indonesia tumbuh optimal, program makan bergizi gratis dari Presiden Prabowo emang harus diapresiasi",Program Makan Gratis Prabowo,
https://x.com/alwi_sulis74/status/1931881757361705021,FALSE,@alwi_sulis74,2025-06-09 01:11:00+00:00,"Bangga sama program makan bergizi gratis dari Presiden Prabowo, jelas bikin SDM Indonesia keren abis",Program Makan Gratis Prabowo,
https://x.com/ali_wahyu1/status/1931881686762979341,FALSE,@ali_wahyu1,2025-06-09 01:11:00+00:00,Visi Indonesia Emas 2045 didukung penuh sama program makan bergizi gratis dari Presiden Prabowo,Program Makan Gratis Prabowo,
https://x.com/najla_risni3/status/1931880681602523479,FALSE,@najla_risni3,2025-06-09 01:07:00+00:00,"Program Makan Bergizi Gratis dari Presiden Prabowo bantu generasi Indonesia tumbuh sehat, kuat, dan siap bersaing global",Program Makan Gratis Prabowo,
https://x.com/ulfah_pus90/status/1931880267456942433,FALSE,@ulfah_pus90,2025-06-09 01:05:00+00:00,Masyarakat Papua makin optimis karena ada program Makan Bergizi Gratis dari Prabowo #SukseskanMBGPapua,Program Makan Gratis Prabowo,
https://x.com/bahera_ananda/status/1931878975837815288,FALSE,@bahera_ananda,2025-06-09 01:00:00+00:00,Program Presiden Prabowo soal makan gratis fokus banget pada pencegahan stunting dan tumbuhkan SDM kuat,Program Makan Gratis Prabowo,
https://x.com/ratu_putri2/status/1931869659797803201,FALSE,@ratu_putri2,2025-06-09 00:23:00+00:00,"Salut buat Presiden Prabowo, program makan gratis ini bantu generasi tumbuh cerdas dan sehat",Program Makan Gratis Prabowo,
https://x.com/ramaya_syhmn/status/1931869219072974956,FALSE,@ramaya_syhmn,2025-06-09 00:21:00+00:00,Program makan gratis bener-bener jadi solusi cerdas dari Presiden Prabowo untuk anak-anak Indonesia,Program Makan Gratis Prabowo,
https://x.com/hulijinx/status/1896725394558206373,FALSE,@hulijinx,2025-03-04 00:52:00+00:00,"Bahkan korut punya sistem free housing, lah disini adanya makan siang yg tidak gratis (potong apbn) dan ga bersistem pula awokwokwok",APBN makan siang gratis,
https://x.com/Mardiantapa/status/1896107442800578819,FALSE,@Mardiantapa,2025-03-02 07:56:00+00:00,"""Tidak ada makan siang gratis!"". Istilah tersebut masih relevan, karena makan siang gratis (MBG) pun bayarnya pakai APBN (Pajak)",APBN makan siang gratis,
https://x.com/WarisanKakung/status/1895115361827332598,FALSE,@WarisanKakung,2025-02-27 14:14:00+00:00,"Yang mengkritik program Makan siang dan susu gratis jadi Tai siapa..??

Pada akhirnya program gx berguna itu tidak jalankan demi menghemat anggaran APBN.",APBN makan siang gratis,
https://x.com/Mimin_Jelita/status/1895059698866700680,FALSE,@Mimin_Jelita,2025-02-27 10:33:00+00:00,#IndonesiaGelap program makan siang gratis menyita apbn ? @Bisniscom,APBN makan siang gratis,
https://x.com/miqdadhusein/status/1894645271986147709,FALSE,@miqdadhusein,2025-02-26 07:06:00+00:00,"Makan siang gratis non APBN. Halal. Ikhtiar kecil mengurangi beban masyarakat kurang mampu. 
piped.video/watch?v=HTzfxJd-…",APBN makan siang gratis,
https://x.com/GybrantR53927/status/1892869927414935712,FALSE,@GybrantR53927,2025-02-21 09:32:00+00:00,"Justru ini yg bahaya.Kalau sebuah program pemerintah gak pake APBN,trus dananya dari mana? Dari oligarki? Dan jelas gak bisa dimintai pertanggungjawaban.Pertanyaan selanjutnya : yg membiayai program itu dapat apa?
Gak ada makan siang gratis boss!",APBN makan siang gratis,
https://x.com/manusiajlek/status/1892573922438041764,FALSE,@manusiajlek,2025-02-20 13:56:00+00:00,"dan apakah uang apbn itu dapat memenuhi kebutuhan biaya untuk makan siang bergizi gratis ini selama setahun penuh,mengingat lagi program ini ditargetkan sudah menyeluruh hingga akhir tahun?",APBN makan siang gratis,
https://x.com/zeydamaryahooc1/status/1892506558770122873,FALSE,@zeydamaryahooc1,2025-02-20 09:28:00+00:00,"Makan siang gratis ndasmu, itu dari APBN yg diperoleh  dari pajak rakyat",APBN makan siang gratis,
https://x.com/AKelalen56776/status/1892431952168308755,FALSE,@AKelalen56776,2025-02-20 04:31:00+00:00,"Sebenarnya kalo makan siang gratis diperuntukan buat daerah 3 T sih ga papa ya. Tapi kalo semua daerah dapet itu malah akan memberatkan APBN. Imbasnya banyak lini yang kena ""potongan efisiensi"", Pendidikan misalnya.",APBN makan siang gratis,
https://x.com/tegakkberdiri/status/1892202019412476195,FALSE,@tegakkberdiri,2025-02-19 13:18:00+00:00,"@KedaiSabalingga mereka sudah memberi makan gratis tak peduli pagi siang dan malam. Tanpa sepeserpun menggunakan dana APBN..

HORMAT KING @miftahrizaq_",APBN makan siang gratis,"{'url': 'https://x.com/miftahrizaq_/status/1892099526498058609', 'avatar': '', 'username': '@miftahrizaq_', 'fullname': 'Miftah Rizaq', 'timestamp': '2025-02-19T06:30:00.000Z', 'text': '😇 : Pak, mau nawarin celana. 15ribuan aja yang pendek.\n🧔🏻\u200d♂️ : Boleh, Pak. Oh ya, sudah makan siang belum?\n😇 : Belum, Pak. Nyari penglaris dulu ini.\n🧔🏻\u200d♂️ : Yasudah duduk dulu aja sembari saya pilih celananya, biar kita siapin makan. Sampean makan dulu ya.\n😇 : Alhamdulillah terima kasih ya, Pak.\n🧔🏻\u200d♂️ : Sami-sami. Kapan-kapan kalau lewat sini, mampir aja. Atau dikasi tau aja ke temen2 yang juga jalan jualan keliling, kalau lagi di sekitar sini dan belum makan, mampir aja ya.', 'links': [], 'images': ['https://pbs.twimg.com/media/GkIWcwqXwAA0d3x.jpg', 'https://pbs.twimg.com/media/GkIWczlaAAQCblM.jpg', 'https://pbs.twimg.com/media/GkIWc1laAAE56wY.jpg', 'https://pbs.twimg.com/media/GkIWdGMaAAMf3x-.jpg']}"
https://x.com/qyandanov/status/1892194738373312592,FALSE,@qyandanov,2025-02-19 12:49:00+00:00,"Makanya … waktu kampanye ngak usah bacot digedein : makan siang gratis lah, pendidikan gratis lah, transportasi gratis lah … kalau pada kenyataannya ngabisin APBN, ini Indonesia dengan 270 jt rakyat dengan beribu pulau, buat makan siang se Jakarta saja rasanya mustahil",APBN makan siang gratis,
https://x.com/rzqyyy9/status/1892126234181537939,FALSE,@rzqyyy9,2025-02-19 08:17:00+00:00,"provinsi yg kaya akan sda di kasih makan siang gratis aja udh lucu, mending anggaran apbn fokus pendidikan biar naikin IQ warga negara nya lah kocak",APBN makan siang gratis,
https://x.com/shotarostweets/status/1892060853228404826,FALSE,@shotarostweets,2025-02-19 03:57:00+00:00,Demi makan siang gratis semua di kurang2in. Smntra buat para pejabat di naik2in. Jumlah menteri + staff yg ga kira2 jd menambah apbn yg jeblok,APBN makan siang gratis,
https://x.com/cak_daus/status/1892012759245525361,FALSE,@cak_daus,2025-02-19 00:46:00+00:00,"Jawabnya singkat: Karena makan siang gratis muncul dari kesalahan dalam mengidentifikasi persoalan pangan. Celakanya, justru kesalahan identifikasi masalah pangan itu dipaksakan jadi program yg didanai APBN. Ya, program ini bukan sekedar harus dievaluasi tapi dihentikan total.",APBN makan siang gratis,
https://x.com/RymberthusA/status/1891862085153235131,FALSE,@RymberthusA,2025-02-18 14:47:00+00:00,"@prabowo program makan siang gratis utk anak2 sangat bagus. Saya usulkan jangan dibebankan semua ke APBN, tetapi setengah APBN dan setengahnya APBD. Dengan begitu negara masih bisa ada dana untuk kebutuhan lain. Masih ada cara mendapatkan dana tambahan.",APBN makan siang gratis,
https://x.com/yunjkok/status/1891735708223651975,FALSE,@yunjkok,2025-02-18 06:25:00+00:00,"Ide yang dibanding2in itu yg dibutuhin dari dulu, kalo mau ngmgin sm cara n dampaknya jg bisa, dan gue yakin ga akan seskeptis ky ide ini. Ini?tbtb ide makan siang gratis jd program utama? dgn APBN segitu? 
Mksdnya ky kan ini uda  tahap realisasi, knp masih diskusiin idenya aja?",APBN makan siang gratis,
https://x.com/Oktovia77914000/status/1891692207163191333,FALSE,@Oktovia77914000,2025-02-18 03:32:00+00:00,"Tdk ada makan siang gratis, itu hanyalah penipuan, krna anggaran utk program mkn siang gratis itu di ambil dari APBN dan uang hasil efisiensi anggaran, kalau makan siang gratis kecuali uang pribadi prabowo sih pembuat program itu sendiri. Rakyat terlalu bodoh",APBN makan siang gratis,
https://x.com/theWONGSO/status/1891435863675969598,TRUE,@theWONGSO,2025-02-17 10:33:00+00:00,"Di Papua saat ini anak2 SMA di sana sedang memperjuangkan haknya utk mendapatkan akses pendidikan gratis bukan makan siang gratis, eh ini menteri HAM masih santai menikmati gaji dr APBN.",APBN makan siang gratis,"{'url': 'https://x.com/realmadridindo1/status/1891112882944741427', 'avatar': '', 'username': '@realmadridindo1', 'fullname': '️️ ️️', 'timestamp': '2025-02-16T13:10:00.000Z', 'text': 'Menteri siapa ini? 😔', 'links': [], 'images': ['https://pbs.twimg.com/media/Gj6VI74aAAEXaBd.jpg']}"
https://x.com/Zaindamai/status/1891270019654291601,FALSE,@Zaindamai,2025-02-16 23:34:00+00:00,Makan siang gratis di sorot dunia @detikcom @liputan6dotcom cara pintar habiskan APBN ? @KemenkeuRI #laporSPT coretax error ? @KontanNews,APBN makan siang gratis,
https://x.com/happyliklik/status/1891101299300560919,FALSE,@happyliklik,2025-02-16 12:24:00+00:00,Makan siang gratis Rp 460T/tahun. APBN defisit. Utang RI makin naik. Masuk akal?,APBN makan siang gratis,
https://x.com/AlbedoCowo94626/status/1891067935411625995,FALSE,@AlbedoCowo94626,2025-02-16 10:11:00+00:00,"Harus nya bapak omon-omon ini mikir, dari lahir kita sudah diajarkan cinta tanah air kok ya masih dipermasalahkan hal seperti ini. Urusin noh sawit biar gak ngerusak hutan sama makan siang gratis inget! Jangan ambil dana APBN pegang omongan yg kata nya pakai dana pribadi",APBN makan siang gratis,
https://x.com/WahyuAjiSe13760/status/1890983578491633912,FALSE,@WahyuAjiSe13760,2025-02-16 04:36:00+00:00,"Ngomong apa mukut mu, gak jelas kaya otak lu. 
Mgkn dc gak ambil gaji, tapi fasilitas dan power nya yh dbutuih demi bisnis dia. 
Tidak ada makan siang gratis goblog. 
Mbg aja ambil dr apbn",APBN makan siang gratis,
https://x.com/ceysa00/status/1890794571048669453,FALSE,@ceysa00,2025-02-15 16:05:00+00:00,"Sebelum masyarakat global ada baiknya masyarakat indonesia dulu yang di perhatikan. Terutaka makan siang gratis itu terlalu membebani apbn, alangkah baiknya program itu di batalkan, lebih baik lebih memperhatikan pendidikan, infratucture dan system yang jelek di negeri ini 👀",APBN makan siang gratis,
https://x.com/firdausrafqi/status/1890461713155166557,FALSE,@firdausrafqi,2025-02-14 18:02:00+00:00,"Wkwkwk
Padahal program makan siang gratis juga gak masuk akal. 
Populasi 270jt yang sekolah berapa persen sekian juta orang dikali 15rb
Berapa tuh. 
Duit darimana kalo bukan dari APBN. 
Mereka dulu gak mikir gini apa yak pas voting 😭😭😭😭",APBN makan siang gratis,
https://x.com/kanalinfo_papua/status/1890421221377929470,FALSE,@kanalinfo_papua,2025-02-14 15:21:00+00:00,"Di muka bumi ini Tidak ada makan siang gratis. Waktu pembekalan Menteri, narasi media mengatakan seluruh biaya penyelenggaraan dari kocek pribadi Prabowo bukan dari APBN. Dan sekarang terjawab dengan gamblang....",APBN makan siang gratis,
https://x.com/kanalinfo_papua/status/1890420883900055934,FALSE,@kanalinfo_papua,2025-02-14 15:20:00+00:00,"Di muka bumi ini Tidak ada makan siang gratis. Waktu pembekalan Menteri, narasi media mengatakan seluruh biaya penyelenggaraan dari kocek pribadi Prabowo bukan dari APBN. Dan sekarang terjawab dengan gamblang....",APBN makan siang gratis,
https://x.com/kanalinfo_papua/status/1890420786046857551,FALSE,@kanalinfo_papua,2025-02-14 15:20:00+00:00,"Di muka bumi ini Tidak ada makan siang gratis. Waktu pembekalan Menteri, narasi media mengatakan seluruh biaya penyelenggaraan dari kocek pribadi Prabowo bukan dari APBN. Dan sekarang terjawab dengan gamblang....",APBN makan siang gratis,
https://x.com/trentalexjr/status/1890397749998158331,FALSE,@trentalexjr,2025-02-14 13:48:00+00:00,"stop saying ""siapapun presidennya bakalan kesusahan karena apbn tekor"" CAPRES LAIN GA ADA OMON2 MAKAN SIANG GRATIS ANJGGGGGGGGG, yg bikin negara miskin tambah miskin ya udh gapunya duit masih sok2an ngasih gratis, udh kabinet gembrot kang ngibul kang korup",APBN makan siang gratis,"{'url': 'https://x.com/RakaBummii/status/1890296558383743140', 'avatar': '', 'username': '@RakaBummii', 'fullname': 'Rakaa Bumiii', 'timestamp': '2025-02-14T07:06:00.000Z', 'text': 'Siapapun presidennya tetep bakal kesusahan karena apbn yg tekor buat ikn ditambah gada investor. Namun kebijakan, kabinet, pemilihan org tetap pada presiden sbg pemimpin negara. Sampai saat ini kabinet pak prabowo ini bener² ngampas banget kejahatan didepan mata masih ytta.', 'links': []}"
https://x.com/Mahatmagandi69/status/1890355929050140913,FALSE,@Mahatmagandi69,2025-02-14 11:02:00+00:00,Padahal udah keliatan dari koalisi kimplus segede bagong. Ya jelas bagi2 jabatannya bakal lebih banyak. Hasilnya beban apbn besar. Belum lagi soal makan siang gratis macen hajatan tiap hari itu juga beban apbn. Ditambah bayar  utang juga ada di berita dari tahun 2023 akhir.,APBN makan siang gratis,
https://x.com/AprialdiAndrnst/status/1890349400121094280,FALSE,@AprialdiAndrnst,2025-02-14 10:36:00+00:00,"Mending sesuai amanat UU Pendidikan 20% APBN harus diprioritaskan. alihin budget makan siang gratis ke pendidikan. Kabinet gemuk Prabowo juga harus dipangkas kayak Vietnam, soalnya berpotensi boros anggaran Rp39,55-158,21 triliun di 2025.",APBN makan siang gratis,
https://x.com/kabarambar/status/1890163452733452588,FALSE,@kabarambar,2025-02-13 22:17:00+00:00,Yang jelas ganji gak akan bikin program makan siang gratis yang gak jelas dan mberatin APBN,APBN makan siang gratis,
https://x.com/BriteSmg949/status/1890159016875356524,FALSE,@BriteSmg949,2025-02-13 22:00:00+00:00,"Inilah tololnya pemerintah saat ini! Ingat, dulu jepang setelah di bom atom, mencari berapa guru yang tersisa untuk segera mendidik masyarakat! Bukan bagi bagi makan gratis yang siangnya sudah jadi kotoran! Makan siang gratis hanya proyek untuk bagi bagi cuan apbn!",APBN makan siang gratis,
https://x.com/Fahmi_RW/status/1888412550683099647,FALSE,@Fahmi_RW,2025-02-09 02:20:00+00:00,"Jokowi ternyata amat pelit kepada negara ini. Uang 11.000 trilyun yang ada di sakunya tidak diberikan sebagian untuk bantu APBN, sementara ia terus beri makan siang gratis dan sewa bus untuk objek wisata di Solo. Dasar!!",APBN makan siang gratis,
https://x.com/nayakazna/status/1888244026920645034,FALSE,@nayakazna,2025-02-08 15:10:00+00:00,"sangat berpotensi mangkrak, selain karena emg beban APBN, sekarang juga lagi ada efisiensi duit pemerintahan (meskipun sialannya dananya jadi dialihkan buat makan siang gratis)",APBN makan siang gratis,
https://x.com/fibrianti13/status/1888239433075531991,FALSE,@fibrianti13,2025-02-08 14:52:00+00:00,"Relate ga pak, sm makan siang gratis? Feeling sy ini dana ga pake APBN.",APBN makan siang gratis,
https://x.com/pbuaran11A/status/1888043939019768244,FALSE,@pbuaran11A,2025-02-08 01:55:00+00:00,"@prabowo Yth. Prabowo. Utk penghematan anggaran, terutama APBN, sebaiknya program makan siang gratis dilakukan setiap hari Juma'at & Senin.  Hari lainnya, sarapan pagi gratis dgn menu susu & telur rebus. Jika dihitung akan menghemat anggaran yg signifikan.",APBN makan siang gratis,
https://x.com/law20956/status/1887784745020604687,FALSE,@law20956,2025-02-07 08:45:00+00:00,"Gegayaan bangun IKN
APBN mampu kagak?
Org baru beberapa hari biayai makan siang gratis aja muncul opini dana zakat dialokasikan kesitu

Kalau APBN surplus silahkan",APBN makan siang gratis,
https://x.com/3asy_cryp/status/1887767541805949314,FALSE,@3asy_cryp,2025-02-07 07:37:00+00:00,"Realistis saja, mau gelontotkan APBN ke IKN ?
Makan siang gratis saja anggarannya motong dari semua kementrian...

MIKIIIIR",APBN makan siang gratis,
https://x.com/PolitikTan13378/status/1887726006318092614,FALSE,@PolitikTan13378,2025-02-07 04:52:00+00:00,APBN dialokasikan ke makan siang gratis dulu bukan berarti IKN gaakan lanjut,APBN makan siang gratis,
https://x.com/MagnaSatria/status/1887724862866874424,FALSE,@MagnaSatria,2025-02-07 04:47:00+00:00,"Ngapaiiin?
Nambah beban APBN makan pagi siang malam gratis?",APBN makan siang gratis,
https://x.com/cak_daus/status/1887706672363413673,FALSE,@cak_daus,2025-02-07 03:35:00+00:00,"Program makan siang gratis harusnya dibatalkan. Ini program sudah salah sejak dalam identifikasi masalah pangan. Identifikasi masalahnya salah, solusi yg ditawarkan juga ikut salah. Makin salah lagi bila dipaksakan jadi program nasional yg dibiayai APBN.",APBN makan siang gratis,
https://x.com/GarizLuruz/status/1887582372948025504,FALSE,@GarizLuruz,2025-02-06 19:21:00+00:00,"Mungkin seperti Mimpi jika rakyat indonesia melihat APBN yang sehat dengan membayar utang luar negeri ,menurunkan kurs dollar sehingga harga BBM,gas LPG,listrik turun karena jika rupiah  kuat menurunkan harga import . Soal makan siang gratis ditunda dulu,jika negsra belum mampu",APBN makan siang gratis,
https://x.com/FRPrayogo/status/1887513754159751664,FALSE,@FRPrayogo,2025-02-06 14:48:00+00:00,haha rapbn 2025 apbn 2025 haha (yaa tapi tetap aja ada proyek makan siang bergizi gratis :v 🤑) yok rekontruksi restruktur yok 🙌🤑,APBN makan siang gratis,
https://x.com/mas_alku9/status/1887511732115152986,FALSE,@mas_alku9,2025-02-06 14:40:00+00:00,"Yth pak presiden @prabowo
Dengan adanya program makan siang gratis jelas akan membebani APBN. Kalau bisa mohon program tersebut ditunda dulu. Rakyat pasti memahami betapa berat usaha pemerintah dlm pengetatan anggaran.",APBN makan siang gratis,
https://x.com/ch_chotimah2/status/1887487526040158488,TRUE,@ch_chotimah2,2025-02-06 13:04:00+00:00,"Kalo APBN byk dialihkan ke IKN, IKN berjalan lancar, nanti nama Jokowi yg bagus, makan siang gratis gagal nama Prabowo yg jelek.

Jokowi seharusnya berpikir sampai kesini sblm mengkhianati Ganjar yg siap menyelesaikan IKN.

Tapi nasi sdh jadi bubur, pengkhianat pasti akan dikhianati.
merdeka.com/peristiwa/miris-…",APBN makan siang gratis,
https://x.com/yeptaja/status/1887460863956951316,FALSE,@yeptaja,2025-02-06 11:18:00+00:00,Semua anggaran memang masih diblokir kok. Sampai dengan saat ini APBN yang dibuka hanya Belanja Pegawai (mungkin dengan anggaran makan siang gratis) Sementara untuk Anggaran Dukungan Manajemen dan Kegiatan Teknis masih menunggu Inpres. cmiiw.,APBN makan siang gratis,
https://x.com/Mashadi37659701/status/1887358861176414292,FALSE,@Mashadi37659701,2025-02-06 04:33:00+00:00,Sudah tau apbn 2024 tekor 450T malah nambah kementrian seabrek abrek...program yg ga bermutu makan siang gratis terlalu dipaksakan ya jadinya potong sana potong sini ngatur negara kaya ngatur jualan bakso....,APBN makan siang gratis,
https://x.com/cak_daus/status/1887131001203376536,FALSE,@cak_daus,2025-02-05 13:27:00+00:00,"Ya baiknya dihentikan program makan siang gratis. Itu program salah dalam rumuskan persoalan pangan. Karana salah dalam rumuskan persoalan, solusi yg dirancang juga salah. Terus dipaksakan jd program yg dibiayai APBN. Kemudian publik yg bayar pajak diminta untuk menormalisasinya.",APBN makan siang gratis,
https://x.com/mulaidaridiri/status/1886835000982798685,FALSE,@mulaidaridiri,2025-02-04 17:51:00+00:00,ga ada. cuma demi nyelametin muka prabowo aja yg udah terlanjur asbun koar2 soal program makan siang gratis tanpa mikirin apbn negara mampu atau gak,APBN makan siang gratis,
https://x.com/zidan_saputra16/status/1931819021751742943,FALSE,@zidan_saputra16,2025-06-08 21:02:00+00:00,"Pak Prabowo sadar, stunting itu musuh bersama, makanya program makan gratis jadi solusi penting menyiapkan SDM unggul untuk Indonesia",Program Makan Gratis Prabowo,
https://x.com/adrianle_0809/status/1931814924461941194,FALSE,@adrianle_0809,2025-06-08 20:45:00+00:00,"Presiden Prabowo bawa gebrakan baru dengan Program Makan Bergizi Gratis, siap ciptakan SDM unggul",Program Makan Gratis Prabowo,
https://x.com/icha_pertiwi10/status/1931809984377180364,FALSE,@icha_pertiwi10,2025-06-08 20:26:00+00:00,"Lebih sehat, cerdas, unggul, semua bisa kalau program makan bergizi gratis dari Presiden Prabowo diterapkan",Program Makan Gratis Prabowo,
https://x.com/ipul_kencana17/status/1931809125538902462,FALSE,@ipul_kencana17,2025-06-08 20:22:00+00:00,Semoga langkah Presiden Prabowo dengan Program Makan Bergizi Gratis bisa inspirasi daerah lain cegah stunting dari akar,Program Makan Gratis Prabowo,
https://x.com/abinada_syah/status/1931808005651321096,FALSE,@abinada_syah,2025-06-08 20:18:00+00:00,"Cegah stunting itu penting biar generasi makin maju, makanya program makan gratis dari Presiden Prabowo harus terus didukung",Program Makan Gratis Prabowo,
https://x.com/johan_tirto33/status/1931807013824307573,FALSE,@johan_tirto33,2025-06-08 20:14:00+00:00,"Masih banyak yang butuh program makan bergizi gratis, makanya langkah Presiden Prabowo sangat tepat",Program Makan Gratis Prabowo,
https://x.com/hasinah_laudi/status/1931806130206101680,FALSE,@hasinah_laudi,2025-06-08 20:10:00+00:00,"Stunting harus lawan bareng, makanya Program Makan Bergizi Gratis dari Presiden Prabowo patut didukung",Program Makan Gratis Prabowo,
https://x.com/yasir_badwi65/status/1931803879085310254,FALSE,@yasir_badwi65,2025-06-08 20:01:00+00:00,"Gizi cukup gak boleh mahal, terima kasih Presiden Prabowo sudah wujudkan Program Makan Bergizi Gratis buat seluruh anak Indonesia",Program Makan Gratis Prabowo,
https://x.com/fahri_rama22/status/1931803368470831329,FALSE,@fahri_rama22,2025-06-08 19:59:00+00:00,"Salut sama terobosan Presiden Prabowo, Program Makan Bergizi Gratis bantu wujudkan SDM unggul menuju Indonesia Emas 2045",Program Makan Gratis Prabowo,
https://x.com/ayu_usada/status/1931800972419829808,FALSE,@ayu_usada,2025-06-08 19:50:00+00:00,"Langkah Presiden Prabowo ini benar-benar visi jauh ke depan, membangun SDM mulai dari gizi cukup lewat program makan gratis menuju Indonesia 2045",Program Makan Gratis Prabowo,
https://x.com/mulyo_roso84/status/1931797046958362756,FALSE,@mulyo_roso84,2025-06-08 19:34:00+00:00,"Seneng banget liat anak-anak bisa tumbuh sehat berkat Program Makan Bergizi Gratis, makasih Presiden Prabowo",Program Makan Gratis Prabowo,
https://x.com/ratih_zulaikaa/status/1931796924170207520,FALSE,@ratih_zulaikaa,2025-06-08 19:34:00+00:00,"Presiden Prabowo bener-bener mikirin generasi mendatang lewat Program Makan Bergizi Gratis, supaya seluruh anak dapat hak seimbang",Program Makan Gratis Prabowo,
https://x.com/eka_wahyu22/status/1931796263210803704,FALSE,@eka_wahyu22,2025-06-08 19:31:00+00:00,Kita butuh lebih banyak program kayak makan gratis dari Presiden Prabowo biar anak Indonesia makin sehat dan pintar,Program Makan Gratis Prabowo,
https://x.com/rachmawati17_/status/1931795265708769579,FALSE,@rachmawati17_,2025-06-08 19:27:00+00:00,"Ada Program Makan Bergizi Gratis dari Presiden Prabowo, masa depan Indonesia bebas stunting dan SDM unggul jadi lebih dekat",Program Makan Gratis Prabowo,
https://x.com/lulut_rajasa7/status/1931794717005746391,FALSE,@lulut_rajasa7,2025-06-08 19:25:00+00:00,"Beneran keren deh program makan bergizi gratis dari Presiden Prabowo, cara ikut lawan stunting dengan cara sederhana",Program Makan Gratis Prabowo,
https://x.com/tatang_taufik1/status/1931793697596952984,FALSE,@tatang_taufik1,2025-06-08 19:21:00+00:00,Langkah Presiden Prabowo lewat Program Makan Bergizi Gratis bikin kita optimis perubahan besar bakal terjadi di Indonesia,Program Makan Gratis Prabowo,
https://x.com/ellis_puspa/status/1931793397863563363,FALSE,@ellis_puspa,2025-06-08 19:20:00+00:00,"Berterima kasih sama Presiden Prabowo yang berani ambil terobosan lewat Program Makan Bergizi Gratis, pencegahan stunting makin optimal",Program Makan Gratis Prabowo,
https://x.com/naura_felicia14/status/1931792553051132017,FALSE,@naura_felicia14,2025-06-08 19:16:00+00:00,"Anak sehat, bangsa kuat berkat Program Makan Bergizi Gratis dari Presiden Prabowo",Program Makan Gratis Prabowo,
https://x.com/may_lest4r1/status/1931791964300820723,FALSE,@may_lest4r1,2025-06-08 19:14:00+00:00,Salut buat konsistensi Presiden Prabowo prioritaskan gizi anak dan cegah stunting lewat program Makan Bergizi Gratis demi masa depan Indonesia,Program Makan Gratis Prabowo,
https://x.com/PrakarsaWin/status/1888503517146739134,FALSE,@PrakarsaWin,2025-02-09 08:21:00+00:00,"Yth Pak Presiden @prabowo 
Gak ada salahnya koreksi sedikit makan siang gratis berdasar prioritas. Reviu ulang alokasi APBN warisan pak jokowi. Anda ditakdirkan memimpin Negara di masa sulit ini.
ungkapan emak2 Papua ini benar.",APBN makan siang gratis,
https://x.com/cikodollie/status/1888464381543145784,FALSE,@cikodollie,2025-02-09 05:46:00+00:00,di kantor bapak gua beneran lampu lampu semua dimatiin bahkan beberapa bidang udah ada yg WFH😹 udh gaada juga perjalanan dinas ke luar negeri/ bahkan provinsi karena APBN dipake tuh buat makan BERGIZI gratis,APBN makan siang gratis,"{'url': 'https://x.com/txtdaritng/status/1888049749368127852', 'avatar': '', 'username': '@txtdaritng', 'fullname': 'Si Paling Tangerang', 'timestamp': '2025-02-08T02:18:00.000Z', 'text': 'Ini beneran mau bubar ya negara kita?', 'links': [], 'images': ['https://pbs.twimg.com/media/GjOzG8GbAAAHIja.jpg']}"
https://x.com/rionclorence/status/1929342804552991210,FALSE,@rionclorence,2025-06-02 01:02:00+00:00,"Udah bagus kemarin ada program gratis buat steril kucing, kenapa ga dilanjut ya?

Oh iya, warga kita pada milih makan siang gratis daripada sterilisasi kucing yang overpopulasi. Lupa.",Program Makan Siang Gratis,
https://x.com/mangOsteen_pop/status/1929204732264128892,FALSE,@mangOsteen_pop,2025-06-01 15:53:00+00:00,"Dulu sekitar tahun 2009-2010, Bali barat (kabupaten jembrana) pernah ada program seperti ini, masuk jam 6 pagi pulang jam 4 sore. Tapi, nih ada tapinya. Semua siswa difasilitasi, antar jemput bus, media pembelajaran digratiskan. Makan siang tidak gratis tapi cuma bayar 3k perak.",Program Makan Siang Gratis,
https://x.com/straipn/status/1929206017994187113,FALSE,@straipn,2025-06-01 15:58:00+00:00,"Anak-anak sekarang makan siang di sekolah, menunya sehat dan gratis pula, ini baru program yang nyata terasa manfaatnya, Lanjutkan MBG",Program Makan Siang Gratis,
https://x.com/arumanjani_/status/1929162584168484907,FALSE,@arumanjani_,2025-06-01 13:06:00+00:00,"Wkwk.. harus sabar ngejelasin kak. ☺️
Di Swiss, program makan siang sekolah umumnya dibiayai oleh orang tua siswa. Namun, siswa dari keluarga berpenghasilan rendah bisa mendapatkan subsidi /makanan gratis melalui program sosial kanton dan bantuan organisasi seperti Caritas.",Program Makan Siang Gratis,
https://x.com/WakandaNM__/status/1929100990810091562,FALSE,@WakandaNM__,2025-06-01 09:01:00+00:00,"""Mahasiswa dan koalisi masyarakat sipil menggelar aksi bertajuk Indonesia Gelap. 
#JokowiMemecahBelahRakyat 
Mereka antara lain menuntut pencabutan Inpres No 1/2025 tentang efisiensi anggaran dan membatalkan program makan siang gratis"" (BBC Indonesia)",Program Makan Siang Gratis,
https://x.com/NehemiaAmallo/status/1928953728758874496,FALSE,@NehemiaAmallo,2025-05-31 23:16:00+00:00,"makan siang  gratis itu  program komunis 

di negara komunis program makan siang gratis 

di China ada program makan siang gratis dari pemerintah-nya",Program Makan Siang Gratis,"{'url': 'https://x.com/Megatop99/status/1772530157409988661', 'avatar': '', 'username': '@Megatop99', 'fullname': 'KI_SABDO_PARALON', 'timestamp': '2024-03-26T07:44:00.000Z', 'text': 'Makan Siang Gratis program orang2 dongok.Meskipun saya org miskin saya gak butuh.', 'links': []}"
https://x.com/DennySeggssegar/status/1928824851663310938,FALSE,@DennySeggssegar,2025-05-31 14:44:00+00:00,Lo juga kalo dikasih gratisan mau kan? Wkwkwk. Mayan duitnya buat makan siang gratis (Program Pak Jokowi) buat anak anak Lamasia penerus Yamal.,Program Makan Siang Gratis,
https://x.com/grok/status/1928805115420700816,TRUE,@grok,2025-05-31 13:25:00+00:00,"Analisis pernyataan tentang program makan siang gratis Indonesia berdasarkan data resmi menunjukkan: 

1. Dampak Ekonomi: Program dengan anggaran 217,8 triliun rupiah (2026) berpotensi meningkatkan ekonomi melalui permintaan pertanian lokal dan pengurangan biaya kesehatan. Namun, klaim penurunan kemiskinan di bawah 6% dan penciptaan 1,9 juta lapangan kerja tidak didukung data resmi, hanya proyeksi tanpa bukti konkret.

2. Keamanan Pangan: Klaim insiden keracunan makanan tidak signifikan bertentangan dengan fakta. Kasus di Cianjur (165 siswa sakit, April 2025) dan Sukoharjo (40 siswa, Januari 2025) menunjukkan masalah serius. Pemerintah telah memerintahkan standar keamanan yang lebih ketat.

Data resmi terbatas, dan tantangan implementasi masih besar.",Program Makan Siang Gratis,
https://x.com/bayang26/status/1928781996626457086,TRUE,@bayang26,2025-05-31 11:53:00+00:00,Program makan siang gratis buat siswa yang kenyang siapa,Program Makan Siang Gratis,"{'url': 'https://x.com/CNNIndonesia/status/1928746495009837467', 'avatar': '', 'username': '@CNNIndonesia', 'fullname': 'CNN Indonesia', 'timestamp': '2025-05-31T09:32:00.000Z', 'text': 'Jatah Uang Makan dan Snack Rakor Menteri Prabowo Rp171 Ribu\ncnnindonesia.com/ekonomi/202…', 'links': ['https://www.cnnindonesia.com/ekonomi/20250531160855-78-1235044/jatah-uang-makan-dan-snack-rakor-menteri-prabowo-rp171-ribu?utm_campaign=cnnsocmed&utm_medium=oa&utm_source=twitter']}"
https://x.com/Dimsumgoreng2/status/1928723957823246755,FALSE,@Dimsumgoreng2,2025-05-31 08:03:00+00:00,"Gua komen gitu gua ngasih solusi, gua ngasih tau bahwa banyak program kuliah gratis karena gua pernah diposisi sender nya juga .

Tapi ada anomali yang Dateng tiba2 nanya "" lu pilih program kuliah gratis apa makan siang gratis "" damn so stupid dude",Program Makan Siang Gratis,
https://x.com/Dimsumgoreng2/status/1928716221299532102,FALSE,@Dimsumgoreng2,2025-05-31 07:32:00+00:00,"Bang entar juga ada yang nanya ""simple aja lu pilih program makan siang apa pendidikan gratis"" wkwkkw  padahal kedua program itu penting dan masih berjalan barengan ko kedua nya ngapain pilih salah satu",Program Makan Siang Gratis,
https://x.com/DOH34RT/status/1928689725566591447,FALSE,@DOH34RT,2025-05-31 05:47:00+00:00,satu-satunya program makan siang gratis yang aku dukung ☝🏻☝🏻,Program Makan Siang Gratis,
https://x.com/ichbinjiji/status/1886747352871944639,FALSE,@ichbinjiji,2025-02-04 12:03:00+00:00,"another ege of pemerintah. krn katanya ada efisiensi anggaran APBN, berimbas ke pelatihan2 BNSP gratis yang di tunda. ya Allah.. demi makan siang gratis ini teh?",APBN makan siang gratis,
https://x.com/Squallisde68454/status/1886651811786055778,FALSE,@Squallisde68454,2025-02-04 05:43:00+00:00,Lagi butuh cuan buat makan siang gratis + korupsi bang. APBN udh menipis soalnya,APBN makan siang gratis,
https://x.com/Vikry72350632/status/1890135989739507742,FALSE,@Vikry72350632,2025-02-13 20:28:00+00:00,"Yg penting ada uang, semua selesai saat ini ada ada buat ikn buat dana makan siang gratis potong anggaran TVRI PHK karyawan di kantor air AC mati pejabat ngeluh. Sebenarnya APBN kita ada berapa T bayar bunga dan Pokok udah ada belum",APBN makan siang gratis,
https://x.com/apalahhhh_123/status/1890100343079596474,FALSE,@apalahhhh_123,2025-02-13 18:06:00+00:00,"hasilnya? ada yg berhasil, tpi mostly gagal. so, kebijakan efisiensi ini cukup ditakuti sm masyarakat disana. But, rata2 negara di dunia ngelakuin hal ini itu krn ada urgensi genting, misal utang ke IMF, defisit APBN, krisis global. Nah indo urgensinya apa? Makan siang gratis?",APBN makan siang gratis,
https://x.com/NawiAkun/status/1890034642105053265,FALSE,@NawiAkun,2025-02-13 13:45:00+00:00,Gimana caranya pendidikan gratis? Sama aja kayak makan siang gratis? Suatu hal yang dipaksakan di tengah apbn minus,APBN makan siang gratis,
https://x.com/nurilham0071/status/1890001200680169882,FALSE,@nurilham0071,2025-02-13 11:32:00+00:00,"sy bukan pemilih 02 😅🙏 bahkan saat 02 bikin program makan siang gratis aku sdh kritisi dana apa yg akan dipake krn APBN 2024 sj mengalami defisit 600 trilyun, jd seharusnya MBG dikasih ke daerah2 3T jgn semua, krn itu impossible",APBN makan siang gratis,
https://x.com/XiaooQiao/status/1889894633901318326,FALSE,@XiaooQiao,2025-02-13 04:29:00+00:00,"Aku kurang setuju dari awal. Kalau mau bandingin sama makan siang di luar negeri ya mereka udah mapan di bidang lain. Instead of makan gratis, mending dananya bagusin bidang lain lah. Bangun sekolah, naikin gaji guru, nambah APBN buat beasiswa, pelatihan guru, dll kalau emang mau",APBN makan siang gratis,
https://x.com/mrEko_84/status/1889881816934523035,FALSE,@mrEko_84,2025-02-13 03:38:00+00:00,"Setidaknya yg lain ga ada ide gila makan siang gratis yang makan anggaran ratusan trilyun itu,. Masak kmaren pas mau milih ga pake logika emang duit apbn sanggup biayain program gila itu? Pasti ambil dr yang lain dikurangi.. ber logika aja kalian gagal🤣🤣",APBN makan siang gratis,
https://x.com/HappyAsisi93212/status/1889875725936890011,FALSE,@HappyAsisi93212,2025-02-13 03:14:00+00:00,"Pantesan jadi buzzer pemerintah, bela2in kebijakan pemerintah, dibayar pake APBN... 🤣🤣🤣🤣🤣
Pantesan manusia tilil begini nyalahin anak SD yang jujur komentarin rasa makan siang gratis yang ga gratis... Karena dibayar pake APBN...
🤣🤣🤣🤣🤣",APBN makan siang gratis,
https://x.com/IntanKintania/status/1889527574323405021,FALSE,@IntanKintania,2025-02-12 04:10:00+00:00,"ya gpp lah, kan investor yang ngantri banyak. biarkan APBN untuk makan siang bergizi gratis. IKN biar dibangun investor2 yang mengantri itu.",APBN makan siang gratis,
https://x.com/Melikhiorius/status/1889152593995420100,FALSE,@Melikhiorius,2025-02-11 03:20:00+00:00,"Mending Makan Siang Gratis serahkan dan libatkan sama pihak swasta, agar beban APBN makin ringan. Kalo ditanggung penuh sama negara, itu jatuhnya rawan korupsi. Nah sejauh ini apa oposisi berani mau menyuarakan itu?",APBN makan siang gratis,
https://x.com/MangeroGusman/status/1889149893203423409,TRUE,@MangeroGusman,2025-02-11 03:10:00+00:00,"Yth, Pak @prabowo  
@kementan
Akibat makan sian gratis, terjadilah gerakan efisiensi APBN.
Justru dgn terbentuknya kementerian2 yg baru, itu adlh bentuk pemborosan APBN, krn disanalah tercipta lumbung KKN. 
Pak Prabowo, makan siang gratis  boleh saja, tpi setelah pulang ternyata,",APBN makan siang gratis,"{'url': 'https://x.com/kumparan/status/1889117406330499493', 'avatar': '', 'username': '@kumparan', 'fullname': 'kumparan', 'timestamp': '2025-02-11T01:01:00.000Z', 'text': 'Vietnam berencana memangkas 1 dari 5 pekerjaan sektor publik dan mengurangi miliaran dolar dari anggaran pemerintah untuk menekan birokrasi yang dianggap menghambat pertumbuhan ekonomi. #newsupdate #update #news #oneliner kum.pr/6q62jbmms8', 'links': ['https://x.com/search?q=%23newsupdate', 'https://x.com/search?q=%23update', 'https://x.com/search?q=%23news', 'https://x.com/search?q=%23oneliner', 'https://kum.pr/6q62jbmms8'], 'images': ['https://pbs.twimg.com/media/Gjd-HK6W0AEF1cC.jpg']}"
https://x.com/gruusomeflower/status/1888946820472353099,FALSE,@gruusomeflower,2025-02-10 13:43:00+00:00,makan siang gratis yg tidak membebani APBN,APBN makan siang gratis,
https://x.com/AsephStalin/status/1888941907084255315,FALSE,@AsephStalin,2025-02-10 13:23:00+00:00,"Jelas beda . 01 & 03 gada program makan siang gratis. Program ini sangat banyak lo myedot APBN  , kisaran 400 triliun atau 13,5% dari total APBN (3000 triliun) .",APBN makan siang gratis,
https://x.com/RI_wayatmoeKini/status/1888803455046955261,FALSE,@RI_wayatmoeKini,2025-02-10 04:13:00+00:00,"Hahahaa...ngimpi!
Sudah ditegaskan sm Menteri AHY..bhwa IKN tidak lagi jadi prioritas.
Justru..gak apa2 mangkrak, jangan sampe makan APBN lebih besar lagi. Pdhl utk program makan siang gratis jg masih belom jelas anggarannya dr mana.
Hadeeeuhhh..pe a!",APBN makan siang gratis,
https://x.com/waseiwasena/status/1888770977917804673,FALSE,@waseiwasena,2025-02-10 02:04:00+00:00,"Temen kantor sy yg 02 voter batuuu bgt waktu diedukasi. Skrg doi mengaku menyesal jd bagian 58% karena THR + gaji 13 nya terancam gak turun. Dia bilang ""gue pikir prabski bikin makan siang gratis dr duit dia krn dia udh kaya, gue ga mikir bakal ambil dr APBN"". Anjir geblek.",APBN makan siang gratis,
https://x.com/mas_veel/status/1888524678156709895,FALSE,@mas_veel,2025-02-09 09:45:00+00:00,"Dikurangi untuk makan siang gratis yg -+171T, mestinya pencapaian Prabowo di 2025 minimal bs setara 95% pencapaian Jokowi dalam infra struktur. 

Nah, ini perlu di lihat mulai akhir Januari 2025 sbg awal th mulainya penyerapan anggaran APBN 2025. makan bergizi gratis aman 1th",APBN makan siang gratis,
https://x.com/BandungBon25557/status/1929781817751884025,FALSE,@BandungBon25557,2025-06-03 06:06:00+00:00,"Jangan Bu,bila perlu dinaikkan untuk PROGRAM MAKAN SIANG GRATIS SAMPAI KIAMAT",Program Makan Siang Gratis,
https://x.com/ExxaLatifa/status/1929766683419595084,FALSE,@ExxaLatifa,2025-06-03 05:06:00+00:00,"Program makan bergizi gratis hadir hingga pelosok negeri diharapkn tidak ada lagi anak yg ketinggalan dalam mendapatkan makanan bergizi, gizi merata untuk meningkatkan kualitas pendidikan anak seluruh Indonesia.
Lanjutkan MBG #MBGuntukIndonesiaHebat
. 
Audinna Selasa Siang SOLID",Program Makan Siang Gratis,
https://x.com/BlusukanBantul/status/1929752483985084677,FALSE,@BlusukanBantul,2025-06-03 04:10:00+00:00,"repost @pemkabbantul
Hallo sedulur Bantul, Kita intip yuk lur, Dapur Program Makan Siang Bergizi Gratis di Miri, Pendowoharjo, Sewon.

Program ini bertujuan untuk meningkatkan gizi, ketahanan pangan, dan kualitas sumber daya manusia di Indonesia.",Program Makan Siang Gratis,
https://x.com/dev4mads/status/1929704315289325758,FALSE,@dev4mads,2025-06-03 00:58:00+00:00,bisa nih asi nya dipake buat program makan siang gratis,Program Makan Siang Gratis,
https://x.com/sthalimahlukman/status/1929692840168509445,TRUE,@sthalimahlukman,2025-06-03 00:13:00+00:00,"Sangat ketimpang dengan jatah makan siang gratis, program yang sangat dia banggakan tuh.",Program Makan Siang Gratis,"{'url': 'https://x.com/txtdrimedia/status/1929137852358771079', 'avatar': '', 'username': '@txtdrimedia', 'fullname': 'txtdrimedia', 'timestamp': '2025-06-01T11:28:00.000Z', 'text': 'kesenjangan 🥲', 'links': [], 'images': ['https://pbs.twimg.com/media/GsWRaGzbUAAJhjo.jpg']}"
https://x.com/KMSG_RI/status/1929588606752170349,FALSE,@KMSG_RI,2025-06-02 17:19:00+00:00,Sudah saatnya program asbun seenak jidat ini dihentikan,Program Makan Siang Gratis,
https://x.com/sambatdsk/status/1929456065042682097,FALSE,@sambatdsk,2025-06-02 08:32:00+00:00,"Lebih dari sekadar makan siang, program Makan Bergizi Gratis di Papua membawa dampak positif berlipat ganda, anak-anak lebih sehat, semangat belajar meningkat, dan ekonomi lokal bergerak. Inilah wujud nyata membangun Papua, serta mewujudkan generasi emas Indonesia. #MBGPapua",Program Makan Siang Gratis,
https://x.com/Missae92/status/1929452867271745729,FALSE,@Missae92,2025-06-02 08:19:00+00:00,"Lebih dari sekadar makan siang, program Makan Bergizi Gratis di Papua membawa dampak positif berlipat ganda, anak-anak lebih sehat, semangat belajar meningkat, dan ekonomi lokal bergerak. #MBGPapua #MakanBergiziGratis #PapuaSehat",Program Makan Siang Gratis,
https://x.com/findocere/status/1929445640444285162,TRUE,@findocere,2025-06-02 07:51:00+00:00,"Hari ke-11 Program @MMTFinance Bergizi GRATIS!

Hari ini kita klaim fee dulu, baru 18 jam, kita hasilin $1,6 dolla nih, kalau dalam 24h harisnya bisa dapat >$2.5 harusnya.

Agar konsisten kita coba claim setiap makan siang ya!

Eits, dah makan siang belum nih gaes? @GiveRep @Official_NODO @ATTNtoken",Program Makan Siang Gratis,"{'url': 'https://x.com/findocere/status/1928987820166885812', 'avatar': '', 'username': '@findocere', 'fullname': 'findocere—ur DeFi buddy', 'timestamp': '2025-06-01T01:31:00.000Z', 'text': 'Sudah 10 hari gw share program @MMTFinance Bergizi Gratis.\n\nSejauh ini yield dapat 0,2%/hari atau dalam 10 hari kita sudah dapat $30. Meskipun hasil akumulasinya tidak segitu yahh...\n\nKenapa? Nantikan di post selanjutnya. \n\nBerhubung dalam beberapa waktu ke depan akan sibuk, gw memutuskan untuk panjangin range LP dan kita reset yak! @GiveRep @Official_NODO @ATTNtoken', 'links': ['https://x.com/MMTFinance', 'https://x.com/GiveRep', 'https://x.com/Official_NODO', 'https://x.com/ATTNtoken'], 'images': ['https://pbs.twimg.com/media/GsUjc_taMAEN9YX.jpg']}"
https://x.com/frealuvforyeol/status/1929435530636538026,FALSE,@frealuvforyeol,2025-06-02 07:10:00+00:00,"gue jujur milih karna program pendidikannya bagus (gue sangat amat konsen ke arah ini soalnya) dua kandidat lainnya masih oke, sdg yg satu lagi tuh NGK BANGET apaan makan siang gratis☠️ ih nenek kakak jg milih si prab efek itu, lucunya seminggu sblmnya dia koar² anti ama itu org",Program Makan Siang Gratis,
https://x.com/Jo_Ngno/status/1929429410622390494,FALSE,@Jo_Ngno,2025-06-02 06:46:00+00:00,"Lebih dari sekadar makan siang, program Makan Bergizi Gratis di Papua membawa dampak positif berlipat ganda, anak-anak lebih sehat, semangat belajar meningkat, dan ekonomi lokal bergerak. #MBGPapua #MakanBergiziGratis",Program Makan Siang Gratis,
https://x.com/RezhaArdia66905/status/1929412949178822988,FALSE,@RezhaArdia66905,2025-06-02 05:41:00+00:00,"Bro, program besar negara itu nggak kayak bikin mie instan. Visi Prabowo seperti kesehatan gratis, subsidi BBM/listrik, sampai makan siang gratis (MBG), jelas butuh waktu, anggaran, dan sistem. Nggak bisa direalisasikan cuma dalam hitungan bulan. 😌",Program Makan Siang Gratis,
https://x.com/grok/status/1929385768839254274,TRUE,@grok,2025-06-02 03:53:00+00:00,"Saya tidak memiliki data pasti tentang anggaran PNAE Brasil untuk 2025. Berdasarkan perkiraan, anggaran program makan siang gratis (PNAE) sekitar R$ 4 miliar, atau roughly 0.07% dari total anggaran federal Brasil (R$ 5.86 triliun). Namun, angka ini tidak pasti karena kurangnya data spesifik untuk 2025. Sebagai perbandingan, alokasi Indonesia untuk program serupa mencapai 6% dari anggaran 2026, jauh lebih besar. Untuk info lebih lanjut, cek sumber resmi seperti FNDE atau laporan anggaran Brasil.",Program Makan Siang Gratis,
https://x.com/iMedKrisna/status/1929385151596769387,FALSE,@iMedKrisna,2025-06-02 03:50:00+00:00,Di brazil ada program juga terkait makan siang gratis. Kamu tau ga berapa total anggaran negara brazil yang digunakan untuk program itu?,Program Makan Siang Gratis,
https://x.com/AkmalIbadah/status/1929344009748586707,FALSE,@AkmalIbadah,2025-06-02 01:07:00+00:00,"Masih mending mikir pendidikan, yg goblok lagi motong anggaran pendidikan buat program makan siang ga gratis",Program Makan Siang Gratis,
https://x.com/Alvans407/status/1886640277047181327,FALSE,@Alvans407,2025-02-04 04:57:00+00:00,#ERROR!,APBN makan siang gratis,
https://x.com/KemenperinRI/status/1886599953512067412,TRUE,@KemenperinRI,2025-02-04 02:17:00+00:00,"Guys, kita tuh cuma butuh batalkan program makan siang gratis dan revisi APBN 🥰",APBN makan siang gratis,"{'url': 'https://x.com/barengwarga/status/1886462166276161540', 'avatar': '', 'username': '@barengwarga', 'fullname': 'Bareng Warga - #IndonesiaGelap', 'timestamp': '2025-02-03T17:10:00.000Z', 'text': 'Aku mau pentol karena #IndonesiaGelap', 'links': ['https://x.com/search?q=%23IndonesiaGelap']}"
https://x.com/Faridaanh/status/1886555958668931512,FALSE,@Faridaanh,2025-02-03 23:22:00+00:00,"Marah bgt efisiensi disektor yg seharusnya ditambah APBN nya 💔
Marah bgt ketika pendidikan dan kesehatan jadi prioritas pendukung kalah sama makan siang gratis💔",APBN makan siang gratis,
https://x.com/sandictive/status/1886496047717081269,FALSE,@sandictive,2025-02-03 19:24:00+00:00,"makan tuh kontol makan siang gratis, pangkas apbn di banyak sektor seenak jidat cuma buat program yang rentan disalah gunain, and that's a FACT semenjak program itu dijalanin",APBN makan siang gratis,
https://x.com/SarifuddinLaode/status/1886361577231945905,FALSE,@SarifuddinLaode,2025-02-03 10:30:00+00:00,"Kebijakan makan siang gratis hanya membebani APBN negara, imbasnya LPG 3 kg harus di tarik , untuk efisiensi anggaran pastinya, kita tau pemerintah juga sudah melakukan efisiensi anggaran pada anggota DPR , semua itu demi makan siang gratis-",APBN makan siang gratis,
https://x.com/avincentt_ksm/status/1886260570967736574,FALSE,@avincentt_ksm,2025-02-03 03:48:00+00:00,"Dishub dibubarkan aja kalo gitu, lumayan kan anggaran 40 Triliun+++ jadi APBN + 120 Triliun+++ dari kepolisian yang ikut dibubarkan, dana 160 Triliun+++ bisa buat nambah² Program MAKAN SIANG GRATIS + bisa nambah TUNJANGAN hidup untuk Pendidikan dan TENTARA NASIONAL INDONESIA",APBN makan siang gratis,
https://x.com/apaajadahaha/status/1886028080118178044,FALSE,@apaajadahaha,2025-02-02 12:25:00+00:00,"Yang namanya program itu harus dipikirkan dampaknya dari hulu ke hilir, jgn belom siap gini udh dijalanin:) Udh dibilang makan siang gratis di indo tu susah. Pertama SDM nya yang demen korup, kedua APBN kita ga siap, ketiga kurang perencanaan:)",APBN makan siang gratis,
https://x.com/faiza_Abdullah8/status/1885965823506026657,FALSE,@faiza_Abdullah8,2025-02-02 08:17:00+00:00,"@gibran_tweet .... mbok wis mudun ae .... daripada stress mikir rakyat 270 jtan, mikir apbn, mikir makan siang gratis (duit soko endi coba?), mikir bayar utangnya bapakmu, mikir oligarki, mikir oposisi sing usrek ae .... yo pilih nambang duit akih wis ra kakehan mikir🤭🤫",APBN makan siang gratis,
https://x.com/Sudimawan212/status/1885893582911046122,FALSE,@Sudimawan212,2025-02-02 03:30:00+00:00,"Efisiensi ini mutlak dilakukan demi untuk membayar utang negara yang jatuh tempo di atas 800 t, makan siang gratis, serta melanjutkan pembangunan IKN dll. Pemerintahan Jokowi telah mewariskan celah fiskal APBN yang sangat sempit, karena itu pemerintahan Prabowo harus berhemat.",APBN makan siang gratis,
https://x.com/INDONESIAPERKS4/status/1885675387705008623,FALSE,@INDONESIAPERKS4,2025-02-01 13:03:00+00:00,"Hubungan Makan Siang Gratis ke Pertumbuhan Ekonomi apa❓

Emangnya Makan Siang Gratis Menghasilkan Profit Bagi Perekonomian❓

Yang Ada APBN Menyusut 😁😂😝

Mungkin Pertumbuhan Ekonomi Pribadi/Keluarga bagi Yang Korupsi MSG kale ya❓

🤣🤣🤣 cnnindonesia.com/ekonomi/202…",APBN makan siang gratis,
https://x.com/huftmoment/status/1885593523015344490,FALSE,@huftmoment,2025-02-01 07:38:00+00:00,"Gara2 gapunya duit, gi. Kacau.
Anggaran apbn disunat sunatin buat ngasih makan siang gratis. 
Bayangin aja sampe listrik + air aja anggarannya disunat. Belom lg tech refresh sama renewal warranty jg disunat.

Berdarah darah industri it, hotel dan percetakan di tahun ini.",APBN makan siang gratis,
https://x.com/tarobulat/status/1885452609458495707,FALSE,@tarobulat,2025-01-31 22:18:00+00:00,Semua apbn abis buat makan siang gratis kan,APBN makan siang gratis,
https://x.com/injeollmii/status/1884832343271055741,FALSE,@injeollmii,2025-01-30 05:13:00+00:00,terlepas dari progran makan siang gratis tetep ya jatuhnya APBN ke transum tidak terpenuhi/diperpanjang🥲dahal selama ada teman bus pengguna sangat terbantu terutama anak sekolah krn bisa gratis,APBN makan siang gratis,
https://x.com/RPurnama68781/status/1884821775810461893,FALSE,@RPurnama68781,2025-01-30 04:31:00+00:00,"Kalau gara2 makan siang gratis dipaksa dengan mengorbankan pendidikan, artinya presiden @prabowo sudah melanggar UUD45 yang mana APBN 20% untuk pendidikan justru bukan dipakai untuk pendidikan. Bagaimana kita bisa memperbaiki Indonesia pak?",APBN makan siang gratis,
https://x.com/CrookedHeartt/status/1884626523178864668,FALSE,@CrookedHeartt,2025-01-29 15:35:00+00:00,semua hal yg sedang dan akan dijalankan ada penundaan anggaran karna banyak yg dipotong dari apbn buat menghemat. tapi arah penghematannya sepertinya yah itu ke program utamanya RI1 yang makan siang gratis itu,APBN makan siang gratis,
https://x.com/SandiMataram/status/1884170505105887251,FALSE,@SandiMataram,2025-01-28 09:23:00+00:00,"Presiden @prabowo saya usul karena POLRI dibiayai Aguan Oligarkilebih baik anggran dari APBN untuk polri di alihkan guna makan siang gratis, oke @Gerindra",APBN makan siang gratis,"{'url': 'https://x.com/toe_giman/status/1884007228522520792', 'avatar': '', 'username': '@toe_giman', 'fullname': 'To Gman', 'timestamp': '2025-01-27T22:35:00.000Z', 'text': 'Oh ini toh... keren...', 'links': []}"
https://x.com/UmyRina/status/1884073066059469140,FALSE,@UmyRina,2025-01-28 02:56:00+00:00,"SERANGGA, BELALANG & ULAT SAGU JD PROTEIN MAKAN SIANG GRATIS!
 APBN CEKAK, PEMERINTAH SDH PUTUS ASA?

piped.video/watch?v=47JvlWgI…",APBN makan siang gratis,
https://x.com/iamwoodysix/status/1884059835127501002,FALSE,@iamwoodysix,2025-01-28 02:04:00+00:00,Gimana mau dapet sokongan RI 1 sekarang ambisinya makan siang gratis yang butuh dana selangit makanya segala macam upaya di lakuin😄 naikin pajak pangkas APBN ini APBN itu,APBN makan siang gratis,
https://x.com/kgs_david_k/status/1884058304462348472,FALSE,@kgs_david_k,2025-01-28 01:57:00+00:00,"SERANGGA, BELALANG & ULAT SAGU JD PROTEIN MAKAN SIANG GRATIS! APBN CEKAK... piped.video/47JvlWgIXHQ?si=Ypa1… via @YouTube",APBN makan siang gratis,
https://x.com/herculep638/status/1884043843957613055,FALSE,@herculep638,2025-01-28 01:00:00+00:00,"SERANGGA, BELALANG & ULAT SAGU JD PROTEIN MAKAN SIANG GRATIS! APBN CEKAK, PEMERINTAH SDH PUTUS ASA?
piped.video/watch?v=47JvlW…",APBN makan siang gratis,
https://x.com/bybay___/status/1883856025868185909,FALSE,@bybay___,2025-01-27 12:34:00+00:00,Saat ini belum terasa. Beberapa tahun kedepan akan terasa dengan kenaikan pajak APBN karena anggaran negara yang terus membengkak dari waktu ke waktu. Saat ini saja sudah mulai terasa dengan adanya makan siang gratis,APBN makan siang gratis,
https://x.com/descartext/status/1883850678281605211,TRUE,@descartext,2025-01-27 12:12:00+00:00,"menurutku makan siang gratis dan nambah menteri tuh smartest decision yg dibuat paduka raja sih. soalnya efektif buat menghemat anggaran (yang jadi menteri suruh sedekah ke apbn tiap hari jumat minimal 10jt) dan mengurangi kemungkinan korupsi (ganti nama jadi biaya admin), cmiiw",APBN makan siang gratis,"{'url': 'https://x.com/abu_waras/status/1883154643037118496', 'avatar': '', 'username': '@abu_waras', 'fullname': 'Lambe Waras', 'timestamp': '2025-01-25T14:07:00.000Z', 'text': 'Hanya terjadi di Indonesia...', 'links': [], 'images': ['https://pbs.twimg.com/media/GiJPKQeaYAA752u.jpg']}"
https://x.com/SudarsonoD58885/status/1883750443949666772,FALSE,@SudarsonoD58885,2025-01-27 05:34:00+00:00,"Kalo cuma mau nyuruh rakyat makan belalang dan ulat, ga usah kasih makan gratis tiap musim anak2 didesa itu makan belalang/ulat. Jadi pemerintah ga perlu repot2 kasih makan siang, ga menghambur2kan apbn buat hal2 yg tidak substantif",APBN makan siang gratis,
https://x.com/mindcraft88/status/1883469268089819220,FALSE,@mindcraft88,2025-01-26 10:57:00+00:00,"Pecat Kepala Badan Gizi Nasional.malu2in aja.
Pak @prabowo.mohon bubarkan badan2,lembaga2 unfaedah.bebani APBN.merusak citra,kinerja,dan reputasi.
Makan siang gratis mending alihkan ke pemda sja.mreka lbh tahu.awasi ketat",APBN makan siang gratis,
https://x.com/shoegaze87/status/1882994079782605251,FALSE,@shoegaze87,2025-01-25 03:29:00+00:00,Dibilangin 2026 bubar ini .. baru bulan januari APBN udah empot2an buat makan siang gratis,APBN makan siang gratis,
https://x.com/MukaDeso1/status/1882645431513124922,FALSE,@MukaDeso1,2025-01-24 04:23:00+00:00,"TOLOL mana ada makan siang gratis..duitnya aja dari APBN,uang pajak yg kita bayar.Bukan uang wowo atau fufufafa.",APBN makan siang gratis,
https://x.com/Kulipabrik1016/status/1882553091201151456,FALSE,@Kulipabrik1016,2025-01-23 22:16:00+00:00,"Pengeluaran terbesar Indonesia itu di bansos. 500 T. Apalagi ditambah makan siang gratis. Pengeluaran untuk gaji seluruh pegawai 300 T. Defisit APBN 2024 500 T. Jadi cukup hapus semua bansos, Indonesia gak perlu ngutang.",APBN makan siang gratis,
https://x.com/miqdadhusein/status/1882403289133912372,FALSE,@miqdadhusein,2025-01-23 12:21:00+00:00,"Makan siang gratis swadaya. Tanpa APBN. Ingin partisipasi silahkan inbox. 
Lihat video miqdadhusein05! #TikTok vt.tiktok.com/ZS6s8CRg6/",APBN makan siang gratis,
https://x.com/HeruKecu/status/1882364477783638408,FALSE,@HeruKecu,2025-01-23 09:47:00+00:00,Belum lagi ngomongin anggaran apbn yg kian parah karena banyak duit untuk makan siang gratis. Belum lagi kalo makan siangnya untuk anak-anak smp dan sma yg kalo dikaji secara urgensi jauh lebih urgent pemenuhan gizi untuk ibu hamil dan anak balita.,APBN makan siang gratis,
https://x.com/lianopasibu/status/1882280466117746972,FALSE,@lianopasibu,2025-01-23 04:13:00+00:00,"Sangat menyedihkan presiden ini. 
APBN tekor ratusan triliun karena ulah muliono, bayar cicilan utang udah sesak,  kini utang lagi untuk hal yg tidak penting sekarang, IKN dan Makan siang gratis dengan utang. Tidak perduli dengan lowongan pekerjaan, hukum yg carut marut.",APBN makan siang gratis,
https://x.com/tetengkusjiadi/status/1882033715502878799,FALSE,@tetengkusjiadi,2025-01-22 11:52:00+00:00,"Kasih tau sama si Deddy, itu makan siang TIDAK GRATIS, karena sumber keuangannya APBN, uang negara, berarti UANG RAKYAT..! Jadi wajar saja kalo anak SD itu bicara jujur, enak atau gak enak lha wong duitnya dewek..! ***",APBN makan siang gratis,
https://x.com/miqdadhusein/status/1881977376403558829,FALSE,@miqdadhusein,2025-01-22 08:09:00+00:00,"Makan siang gratis non APBN di depan Gedung PUI, dekat Terminal Cirebon. Ingin partisipasi silahkan inbox. Insya Allah amanah.
Lihat video miqdadhusein05! #TikTok vt.tiktok.com/ZS6gTggbb/",APBN makan siang gratis,
https://x.com/dhani_ram23/status/1931762632962482276,FALSE,@dhani_ram23,2025-06-08 17:17:00+00:00,Presiden Prabowo adakan program makan bergizi gratis sebagai lompatan besar cegah stunting dan dorong SDM unggul,Program Makan Gratis Prabowo,
https://x.com/praset_nug99/status/1931762407959072823,FALSE,@praset_nug99,2025-06-08 17:17:00+00:00,"Gizi cukup itu hak anak bangsa, apresiasi buat Presiden Prabowo yang udah peduli dan realisasikan Program Makan Bergizi Gratis",Program Makan Gratis Prabowo,
https://x.com/steven_kor601/status/1931762202341773630,FALSE,@steven_kor601,2025-06-08 17:16:00+00:00,"Presiden Prabowo paham banget pentingnya gizi buat SDM unggul, program makan gratis jadi bukti nyata perhatian beliau",Program Makan Gratis Prabowo,
https://x.com/hani_putri02/status/1931761885571063812,FALSE,@hani_putri02,2025-06-08 17:14:00+00:00,"Anak-anak sehat, SDM unggul, berkat program makan bergizi gratis dari Presiden Prabowo yang terus digencarkan",Program Makan Gratis Prabowo,
https://x.com/alda_revo/status/1931760362338271644,FALSE,@alda_revo,2025-06-08 17:08:00+00:00,Langkah strategis Presiden Prabowo lewat Program Makan Bergizi Gratis bikin anak-anak Indonesia punya masa depan lebih baik,Program Makan Gratis Prabowo,
https://x.com/kusuma_wicak6/status/1931759846761902212,FALSE,@kusuma_wicak6,2025-06-08 17:06:00+00:00,"Presiden Prabowo ngerti betul pentingnya gizi untuk SDM kuat, Program Makan Bergizi Gratis jawab tantangan stunting",Program Makan Gratis Prabowo,
https://x.com/wiliam_paceko13/status/1931758313571852479,FALSE,@wiliam_paceko13,2025-06-08 17:00:00+00:00,Program Makan Bergizi Gratis dari Presiden Prabowo bisa ubah nasib banyak anak Indonesia dari ancaman stunting,Program Makan Gratis Prabowo,
https://x.com/jamaludin_imam1/status/1931756469084643391,FALSE,@jamaludin_imam1,2025-06-08 16:53:00+00:00,"Langkah Presiden Prabowo bener-bener nyata lewat Program Makan Bergizi Gratis, cegah stunting biar SDM Indonesia makin power tahun 2045",Program Makan Gratis Prabowo,
https://x.com/suherman_ubata/status/1931756210078052643,FALSE,@suherman_ubata,2025-06-08 16:52:00+00:00,"Presiden Prabowo paham banget akar masalah bangsa, makanya fokus di gizi anak lewat program makan gratis biar cita-cita Indonesia Emas 2045 makin dekat",Program Makan Gratis Prabowo,
https://x.com/reksa_primahu/status/1931754390219878499,FALSE,@reksa_primahu,2025-06-08 16:45:00+00:00,"Gerakan Program Makan Bergizi Gratis ala Presiden Prabowo tuh ngebantu banget cegah stunting, biar anak-anak kita siap jadi SDM unggul Indonesia Emas 2045",Program Makan Gratis Prabowo,
https://x.com/m_ganda55/status/1931754318308499517,FALSE,@m_ganda55,2025-06-08 16:44:00+00:00,"Program makan gratis itu hak anak, keren banget Presiden Prabowo menjadikan ini prioritas utama",Program Makan Gratis Prabowo,
https://x.com/lasmono_tamba/status/1931750886361210983,FALSE,@lasmono_tamba,2025-06-08 16:31:00+00:00,Program Makan Bergizi Gratis gagasan Presiden Prabowo pastinya bakal memperkuat fondasi SDM Indonesia untuk 2045,Program Makan Gratis Prabowo,
https://x.com/sakhwa_hida9/status/1931750338375405863,FALSE,@sakhwa_hida9,2025-06-08 16:29:00+00:00,Program Makan Bergizi Gratis solusi keren untuk cegah stunting demi Indonesia Emas dari Presiden Prabowo,Program Makan Gratis Prabowo,
https://x.com/eldin_muhamad/status/1931750265407025228,FALSE,@eldin_muhamad,2025-06-08 16:28:00+00:00,"SDM unggul bisa terwujud kalau gizi dijaga sejak dini, makanya bagus banget ada Program Makan Bergizi Gratis dari Presiden Prabowo",Program Makan Gratis Prabowo,
https://x.com/natasya_ns21/status/1931750181672042964,FALSE,@natasya_ns21,2025-06-08 16:28:00+00:00,"Masa depan Indonesia cerah kalo anak-anak cukup gizi, makasih Presiden Prabowo udah pikirin lewat program makan gratis ini",Program Makan Gratis Prabowo,
https://x.com/ydhi_alam5/status/1931749423140462640,FALSE,@ydhi_alam5,2025-06-08 16:25:00+00:00,"Setuju banget sama program makan bergizi gratis Presiden Prabowo, biar SDM unggul makin merata sampai pelosok",Program Makan Gratis Prabowo,
https://x.com/Gilda_per212/status/1931748783760736668,FALSE,@Gilda_per212,2025-06-08 16:22:00+00:00,"Gizi cukup adalah pondasi Indonesia Emas, makanya program makan gratis dari Presiden Prabowo sangat berarti",Program Makan Gratis Prabowo,
https://x.com/oki_seviani/status/1931748458136006692,FALSE,@oki_seviani,2025-06-08 16:21:00+00:00,"Bukti nyata Presiden Prabowo peduli masa depan bangsa, Program Makan Bergizi Gratis jadi fondasi kuat SDM unggul buat Indonesia Emas 2045",Program Makan Gratis Prabowo,
https://x.com/yesti_mayasari/status/1931744118281269470,FALSE,@yesti_mayasari,2025-06-08 16:04:00+00:00,"Percaya deh, Program Makan Bergizi Gratis dari Presiden Prabowo bakal jadi fondasi penting menuju Indonesia Emas 2045",Program Makan Gratis Prabowo,
https://x.com/bedia_ecrinn/status/1931741581788520808,FALSE,@bedia_ecrinn,2025-06-08 15:54:00+00:00,Upaya mencegah stunting bareng Presiden Prabowo lewat Program Makan Bergizi Gratis bentuk investasi untuk masa depan Indonesia,Program Makan Gratis Prabowo,
https://x.com/DOH34RT/status/1928681316511289759,FALSE,@DOH34RT,2025-05-31 05:13:00+00:00,GPP KAK ini bentuk program makan siang gratis dari kak bina,Program Makan Siang Gratis,
https://x.com/Dimsumgoreng2/status/1928467507977044045,FALSE,@Dimsumgoreng2,2025-05-30 15:04:00+00:00,"Bang, program kuliah gratis udah ada sebetulnya kaya KIPK,lPDP, Bidikmisi dll .  Tapi ko gak merata ? Dan banyak yang belum ngerasain ,Ya  karena perlu anggaran banyak sama hal nya kaya program makan siang yang belum merata karena perlu anggaran banyak .",Program Makan Siang Gratis,
https://x.com/AnaVionita/status/1928369622543139031,FALSE,@AnaVionita,2025-05-30 08:35:00+00:00,"Ini buktiin klo ranking nomor 2 negara termiskin setelah zimbabwe bner, logikanya di indo ada 3 capres dgn program makan siang gratis, internet gratis dan bbm gratis,yg kepilih program makan siang gratis 😹. Aq g milih ini karena rawan korupsi ,,g percaya ma pejabat indo bs jujur",Program Makan Siang Gratis,
https://x.com/yudiwibowo976/status/1928350635302297992,FALSE,@yudiwibowo976,2025-05-30 07:19:00+00:00,"ini yg bikin sedih, palagi presidennya skrg nggak kek jaman pak Jokowi. Jarang banget turun ke lapangan & blm ada gebrakan2 program2 kerjanya yg lgs dpt dirasakan rakyat. Program makan siang gratis pun jg nggak jalan.",Program Makan Siang Gratis,
https://x.com/baleitne/status/1928265418046599564,FALSE,@baleitne,2025-05-30 01:41:00+00:00,"Udah bener ada program sekolah gratis atau program satu rumah satu sarjana, malah milih makan siang gratis. Diantara ketiga paslon emang ada plus minusnya, tapi tolong lah masa milih yang gaada plusnya sama sekali.",Program Makan Siang Gratis,
https://x.com/lenteradata/status/1928264129258627543,FALSE,@lenteradata,2025-05-30 01:36:00+00:00,"Mulai dari penguatan UMKM, pelatihan wirausaha, hingga program makan siang bergizi gratis untuk anak-anak sekolah. 🌱🤝

Koperasi bukan sekadar badan usaha. Ia adalah simpul gotong royong, jembatan kesejahteraan, dan tonggak masa depan.",Program Makan Siang Gratis,
https://x.com/Herzoe_Aja/status/1928239765423329654,FALSE,@Herzoe_Aja,2025-05-29 23:59:00+00:00,"Ironis. Gara2 program makan siang gratis buat anak, ortunya kehilangan kerjaan.",Program Makan Siang Gratis,
https://x.com/farahbahagia/status/1928217099471835421,TRUE,@farahbahagia,2025-05-29 22:29:00+00:00,"banyak bgt program memberi yg instan berpotensi korupsi huf apalagi setelah makan siang gratis, dana ini dana itu",Program Makan Siang Gratis,"{'url': 'https://x.com/tanyakanrl/status/1927915365691982020', 'avatar': '', 'username': '@tanyakanrl', 'fullname': 'Tanyarl 💚', 'timestamp': '2025-05-29T02:30:00.000Z', 'text': '💚 telat pak, udh keburu lulus duluan', 'links': [], 'images': ['https://pbs.twimg.com/media/GsFUzuWXoAArFYu.jpg']}"
https://x.com/Axonopusspx/status/1928126382111936594,FALSE,@Axonopusspx,2025-05-29 16:28:00+00:00,"Kira2 lebih penting mana menurut kakak? Adek2 nya bisa makan siang gratis tapi biaya kuliah kakaknya naik dan kualitas pendidikan menurun, atau program ini dievaluasi kembali agar tidak membebankan anggaran di sektor pendidikan?",Program Makan Siang Gratis,
https://x.com/jksayang_/status/1928105479164809713,FALSE,@jksayang_,2025-05-29 15:05:00+00:00,"it's stan btw, kalo stand mah berdiri😂
nduttt lu mending bikin program bahasa inggris gratis dari pada makan siang @prabowo",Program Makan Siang Gratis,
https://x.com/TaurusAdalahAku/status/1928045138720215526,FALSE,@TaurusAdalahAku,2025-05-29 11:05:00+00:00,"Lg BU tuh.,.dah gamau kejar koruptor sampai antarkita eehh Antartika malah diampuni kalo balikin korupsi krn kasian sm keluarga tambah pusing program makan siang gratis bermasalah apalagi kas negara minus...
Ndasmuu",Program Makan Siang Gratis,
https://x.com/anomali__X/status/1928029407110693369,FALSE,@anomali__X,2025-05-29 10:03:00+00:00,"Alhamdulillah, Berkat Program MBG, Aruna, siswi SD di Jakarta Barat, bisa menabung lbh dari sejuta rupiah. Uang jajannya disimpan krn makan siang sudah ditanggung MBG, sehat, gratis, dan bermanfaat. Lanjutkan MBG
#SepiringNutrisiSejutaHarapan
__
Kamu jujur betul Gong #zonauang",Program Makan Siang Gratis,
https://x.com/ayyarsych/status/1928020706953978244,FALSE,@ayyarsych,2025-05-29 09:28:00+00:00,"Adepannya kursi doang, orang""nya lagi pda ngopi ama ngeteh sambil ngegibahin program makan siang gratis bjir🧎🏻‍♀️kalo kata otak gw tu gw disuruh duduk dikursi ntu, tpi tkut ditempeleng pakpolnya💆",Program Makan Siang Gratis,
https://x.com/TamaTeam1441/status/1927827450471534962,FALSE,@TamaTeam1441,2025-05-28 20:40:00+00:00,"Gratiskan untuk org kaya, sama kayak program makan siang gratis di salah satu sekolah orang kaya di jakarta",Program Makan Siang Gratis,
https://x.com/gerythecats66/status/1927715785079758918,FALSE,@gerythecats66,2025-05-28 13:17:00+00:00,"Mbg program prematur

Ada yg punya visi misi pendidikan gratis malah milih makan siang gratis beracun. Mamam tu sendok garpu plastik",Program Makan Siang Gratis,
https://x.com/FaisalBang4848/status/1927658810832998618,FALSE,@FaisalBang4848,2025-05-28 09:30:00+00:00,"Gen Z ngapa ngongok yak❓️

Makan siang gratis, sembako gratis adalah program yg menjadikan rakyat MENTAL PENGEMIS.
Paham nggak siiih❓️

Pemerintah itu WAJIB MENSEJAHTERAKAN RAKYAT DGN MENYEDIAKAN LAP. KERJA DGN PENGHASILAN YG LAYAK & PENDIDIKAN YG LAYAK‼️
Tuntut itu...👊",Program Makan Siang Gratis,
https://x.com/garan_saputra/status/1931787749788619244,FALSE,@garan_saputra,2025-06-08 18:57:00+00:00,"Presiden Prabowo berpikir jauh ke depan lewat program makan bergizi gratis, demi anak Indonesia yang tumbuh optimalSalut sama Presiden Prabowo yang serius banget soal Program Makan Bergizi Gratis demi lawan stunting biar anak-anak Indonesia makin sehat menuju 2045",Program Makan Gratis Prabowo,
https://x.com/bariza_noora12/status/1931786914606248273,FALSE,@bariza_noora12,2025-06-08 18:54:00+00:00,"Presiden Prabowo punya langkah jitu lawan stunting lewat Program Makan Bergizi Gratis, bikin Indonesia makin maju",Program Makan Gratis Prabowo,
https://x.com/ayu_hastuti462/status/1931784252586356870,FALSE,@ayu_hastuti462,2025-06-08 18:43:00+00:00,Gizi seimbang bukan lagi impian berkat Program Makan Bergizi Gratis dari Presiden Prabowo,Program Makan Gratis Prabowo,
https://x.com/sudirman_krnia/status/1931781111879000557,FALSE,@sudirman_krnia,2025-06-08 18:31:00+00:00,Semoga Program Makan Bergizi Gratis dari Presiden Prabowo jadi jalan menuju generasi unggul dan masa depan cerah,Program Makan Gratis Prabowo,
https://x.com/febri_rius66/status/1931780310003585085,FALSE,@febri_rius66,2025-06-08 18:28:00+00:00,Makin semangat liat program makan bergizi gratis dari Presiden Prabowo buat anak-anak indonesia berkembang optimal,Program Makan Gratis Prabowo,
https://x.com/dadi_prabowo8/status/1931779895786688618,FALSE,@dadi_prabowo8,2025-06-08 18:26:00+00:00,Inovasi Program Makan Bergizi Gratis dari Presiden Prabowo beneran jadi kunci SDM Indonesia lebih unggul nanti,Program Makan Gratis Prabowo,
https://x.com/widi_hidayat4/status/1931779583524954550,FALSE,@widi_hidayat4,2025-06-08 18:25:00+00:00,"Presiden Prabowo paham banget generasi emas harus mulai dari gizi cukup, makanya Program Makan Bergizi Gratis digenjot terus",Program Makan Gratis Prabowo,
https://x.com/dodi_setiawan20/status/1931777297683791877,FALSE,@dodi_setiawan20,2025-06-08 18:16:00+00:00,Program makan gratis jadi salah satu cara Presiden Prabowo wujudkan mimpi Indonesia Emas 2045,Program Makan Gratis Prabowo,
https://x.com/vahide_lorda/status/1931776103628324914,FALSE,@vahide_lorda,2025-06-08 18:11:00+00:00,Makin respect sama Presiden Prabowo yang bener-bener concern soal kesehatan generasi muda lewat Program Makan Bergizi Gratis,Program Makan Gratis Prabowo,
https://x.com/risma_nugroho2/status/1931774955974447313,FALSE,@risma_nugroho2,2025-06-08 18:06:00+00:00,Program Makan Bergizi Gratis bukti nyata kepedulian Presiden Prabowo pada pencegahan stunting agar SDM Indonesia makin berkualitas,Program Makan Gratis Prabowo,
https://x.com/samiah_melani/status/1931774450959327499,FALSE,@samiah_melani,2025-06-08 18:04:00+00:00,Usaha Presiden Prabowo lawan stunting lewat program makan gratis dapat jadi penentu masa depan Indonesia Emas 2045 dengan SDM lebih unggul,Program Makan Gratis Prabowo,
https://x.com/lisa_oktavia08/status/1931771939787596017,FALSE,@lisa_oktavia08,2025-06-08 17:54:00+00:00,Aspirasi Indonesia Emas 2045 makin dekat berkat Program Makan Bergizi Gratis dari Presiden Prabowo biar anak negeri makin sehat,Program Makan Gratis Prabowo,
https://x.com/rian_sianuri22/status/1931768251010384240,FALSE,@rian_sianuri22,2025-06-08 17:40:00+00:00,Program Makan Bergizi Gratis dari Presiden Prabowo emang jawaban buat mencegah stunting dan siapin SDM unggul buat masa depan Indonesia,Program Makan Gratis Prabowo,
https://x.com/slamet_sumadi1/status/1931768170978971671,FALSE,@slamet_sumadi1,2025-06-08 17:39:00+00:00,Respek sama keputusan Presiden Prabowo soal Program Makan Bergizi Gratis buat wujudkan generasi unggul nantinya,Program Makan Gratis Prabowo,
https://x.com/ridwan_sirait8/status/1931767812730863824,FALSE,@ridwan_sirait8,2025-06-08 17:38:00+00:00,"Solusi stunting beneran komplit dengan makan gratis dari Presiden Prabowo, dukungan penuh buat program ini",Program Makan Gratis Prabowo,
https://x.com/anandaa_rezaa/status/1931767518768885839,FALSE,@anandaa_rezaa,2025-06-08 17:37:00+00:00,"Program makan bergizi gratis memang harus dimulai sekarang, Presiden Prabowo sudah benar memprioritaskan hal itu",Program Makan Gratis Prabowo,
https://x.com/rian_sianuri22/status/1931765533638283628,FALSE,@rian_sianuri22,2025-06-08 17:29:00+00:00,Program Makan Bergizi Gratis dari Presiden Prabowo emang jawaban buat mencegah stunting dan siapin SDM unggul buat masa depan Indonesia,Program Makan Gratis Prabowo,
https://x.com/batrisya_mahdi/status/1931765407221993551,FALSE,@batrisya_mahdi,2025-06-08 17:28:00+00:00,"Bersyukur banget ada Presiden Prabowo yang sadar pentingnya gizi cukup, program makan gratis jadi langkah tepat",Program Makan Gratis Prabowo,
https://x.com/sara_sari12/status/1931765158105510307,FALSE,@sara_sari12,2025-06-08 17:27:00+00:00,Program Makan Bergizi Gratis jawaban tepat Presiden Prabowo buat masa depan Indonesia sehat dan kuat,Program Makan Gratis Prabowo,
https://x.com/putri_cahya999/status/1931764348068020706,FALSE,@putri_cahya999,2025-06-08 17:24:00+00:00,"Buat masa depan anak-anak Indonesia lebih cerah, Program Makan Bergizi Gratis dari Presiden Prabowo jadi solusi inovatif",Program Makan Gratis Prabowo,
https://x.com/miqdadhusein/status/1881974833543872760,FALSE,@miqdadhusein,2025-01-22 07:59:00+00:00,"Makan siang gratis non APBN di depan Gedung PUI, dekat Terminal Cirebon. Ingin partisipasi silahkan inbox. Insya Allah amanah.",APBN makan siang gratis,
https://x.com/amazingmie/status/1881935791674568822,TRUE,@amazingmie,2025-01-22 05:23:00+00:00,"Indonesia yang ga bakal mau pejabatnya, yang ada malah makan siang gratis beban APBN yg dipaksakan, nambahi jumlah kabinet serta wakil wakilnya dan tunjangannya 😭",APBN makan siang gratis,"{'url': 'https://x.com/kompascom/status/1881864116450758783', 'avatar': '', 'username': '@kompascom', 'fullname': 'Kompas.com', 'timestamp': '2025-01-22T00:39:00.000Z', 'text': 'Kontoversi kebijakan presiden Javier Milei tentang pemangkasan subsidi justru membuat Argentina surplus APBN Rp 27 triliun setelah 14 tahun defisit!\n\nNggak cuma itu, inflasi juga berhasil ditekan dan perdagangan surplus hampir Rp 300 triliun.\n\nMenurut kamu, bisa nggak kebijakan kontroversial kayak gini diterapin di Indonesia? Tulis pendapat kamu di kolom komentar! 💬\n\nKreatif: Felicia Salvina\nProduser: Nibras Nada Nailufar\n\n#OnCam #Global', 'links': ['https://x.com/search?q=%23OnCam', 'https://x.com/search?q=%23Global']}"
https://x.com/Alonecream128/status/1926326672501936547,FALSE,@Alonecream128,2025-05-24 17:17:00+00:00,Tahun ini semua ajang lomba di online kan karena program makan siang gratis 😀 @cegilmarkeuuu,Program Makan Siang Gratis,
https://x.com/tobe4everyoung_/status/1926253105894633639,FALSE,@tobe4everyoung_,2025-05-24 12:25:00+00:00,"program makan siang gratis dari malik noran ini kayanya sangat meyakinkan yaaaa, padahal ga banyak koar koar",Program Makan Siang Gratis,
https://x.com/adityaWM/status/1925950497787085285,FALSE,@adityaWM,2025-05-23 16:22:00+00:00,Abis liat tiktok mbak2 yg keterima sbmptn 2022 tapi gak bisa diambil karena ga ada biaya. Makin sakit kalo dipikir lagi yg menang cuma program makan siang gratis yg gak jelas,Program Makan Siang Gratis,
https://x.com/pemkabbantul/status/1925889958796996942,TRUE,@pemkabbantul,2025-05-23 12:22:00+00:00,"Hallo sedulur Bantul, 
Makan siang bergizi gratis di SMA N 1 Kasihan Bantul. Dengan adanya program tersebut para siswa sangat senang 😍❤️",Program Makan Siang Gratis,
https://x.com/byeofn/status/1925823389572227168,FALSE,@byeofn,2025-05-23 07:57:00+00:00,"Kok program makanannya enak-enak, infokan dimana mau makan siang gratis..",Program Makan Siang Gratis,
https://x.com/findocere/status/1925797559521423699,TRUE,@findocere,2025-05-23 06:14:00+00:00,"Hari ke-2 Program Momentum Bergizi Gratis

Meski sempat Freeze ternyata FEE jalan terus.

Hmm makan siang apa ya hari ini?

@GiveRep @ikadotxyz @BlueprintAIx",Program Makan Siang Gratis,"{'url': 'https://x.com/findocere/status/1925414575652172151', 'avatar': '', 'username': '@findocere', 'fullname': 'findocere—ur DeFi buddy', 'timestamp': '2025-05-22T04:53:00.000Z', 'text': 'Makan siang hari ini disponsori oleh hasil LP @MMTFinance \n\nGimana teman-teman makan siangnya dah dibayarin siapa nih? \n\nProgram Momentum Bergizi Gratis - MBG! @GiveRep', 'links': ['https://x.com/MMTFinance', 'https://x.com/GiveRep'], 'images': ['https://pbs.twimg.com/media/GrhyUISaMAAWPKo.jpg']}"
https://x.com/ker_asa/status/1925781609535418500,FALSE,@ker_asa,2025-05-23 05:11:00+00:00,"Ayok pak @prabowo 
Kapan bisa bikin kebijakan yg bisa bikin buka banyak peluang pekerjaan???
Ini ga bisa selesai dengan program makan siang gratis.. program gimmick semata yg malah buka peluang buat dikorupsi..",Program Makan Siang Gratis,"{'url': 'https://x.com/yaniarsim/status/1925696960297681028', 'avatar': '', 'username': '@yaniarsim', 'fullname': ""¥@N'$"", 'timestamp': '2025-05-22T23:35:00.000Z', 'text': 'Ribuan pelamar, Rabu 21/5/2025\nMemadati Job Fair 2025 di STIE Darul Falah, Mojokerto.\n\nIjazah Asli nasibnya spt ini.\nYang kuat ya kelen.....', 'links': []}"
https://x.com/PolisiPalemban3/status/1925752116712198300,FALSE,@PolisiPalemban3,2025-05-23 03:14:00+00:00,"Polrestabes Palembang Berbagi Makan Siang Gratis Melalui Polsek Sukarami

Polrestabes Palembang melalui Polsek Sukarami kembali melaksanakan program sosial Makan Siang Gratis dengan membagikan paket nasi kepada masyarakat yang membutuhkan.",Program Makan Siang Gratis,
https://x.com/grok/status/1925734812951650317,TRUE,@grok,2025-05-23 02:05:00+00:00,"Saya skeptis terhadap klaim bahwa Gibran Rakabuming Raka adalah wapres terbaik dalam sejarah Indonesia. Dengan masa jabatan hanya enam bulan, penilaian ini terlalu dini. Survei Kompas menunjukkan approval rating 79,9%, dan program makan siang gratis serta keterlibatan publiknya menjanjikan. Namun, tuduhan nepotisme karena hubungan dengan Jokowi dan putusan Mahkamah Konstitusi yang kontroversial merusak legitimasi. Kritik atas video YouTube-nya sebagai kurang mendalam dan pembicaraan impeachment mencerminkan tantangan awal. Dibandingkan wapres seperti Hatta atau Kalla, dampak Gibran belum teruji. Perlu waktu lebih lama untuk menilai secara adil.",Program Makan Siang Gratis,
https://x.com/rezcovich/status/1925703404145246537,FALSE,@rezcovich,2025-05-23 00:00:00+00:00,"Nanti sudah rakyat sumbang, hab8s lagi untuk bancakan politikus2 busuk keparat ....klo memang ga ada duitnya mending batalkan saja program makan siang gratis tuu. Rakyat sudah muak di tipu wakil rakyat dan oejabatnya",Program Makan Siang Gratis,
https://x.com/gilmlnzk/status/1925647990577881401,FALSE,@gilmlnzk,2025-05-22 20:20:00+00:00,Daripada buat makan siang gratis mending buat ngasih pendidikan dan program kb kluarga yang miskin,Program Makan Siang Gratis,
https://x.com/mebii0/status/1925557906189222234,FALSE,@mebii0,2025-05-22 14:22:00+00:00,Pemerintah lagi sibuk program makan siang gratis,Program Makan Siang Gratis,
https://x.com/toe_giman/status/1925516651774287881,FALSE,@toe_giman,2025-05-22 11:38:00+00:00,"Tidak ada makan siang gratis, bung... walau ada program Makan Bergizi Gratis🤭",Program Makan Siang Gratis,
https://x.com/mayumiluna/status/1925475311837487168,FALSE,@mayumiluna,2025-05-22 08:54:00+00:00,"Ikut BLK atau program kursus gratis kyk ASEAN Online Education Platform for Industry 4.0, mayan kak dpt sertifikasi buat nambah nilai pengalaman. Klw di BLK, kita dapat uang saku, makan siang, juga link ke kerjaan sesuai bidang yg kita ambil 😄",Program Makan Siang Gratis,
https://x.com/wakawakaekek/status/1925385723244683499,FALSE,@wakawakaekek,2025-05-22 02:58:00+00:00,Makan siang gratis di saat ekonomi lagi kek gini tuh program tolol. Lebih tolol lagi minta sumbangan dari rakyat yg lagi survival mode karena ulah tolol kalian. Pernyataan tolol dari pejabat tolol di pemerintahan yg SUPER tolol buat program ULTRA tolol!!,Program Makan Siang Gratis,
https://x.com/Hartono1008/status/1925371404591227151,FALSE,@Hartono1008,2025-05-22 02:01:00+00:00,"Wooiii, coba canangkan saja program mengemis Nasional buat makan siang.
Padahal makan siang gratis itu sekedar cari dukungan saja, manfaatnya belum jelas, utamakan lapangan kerja.",Program Makan Siang Gratis,
https://x.com/midwinterwithu/status/1925324684104778020,FALSE,@midwinterwithu,2025-05-21 22:55:00+00:00,Itu podcast durex gblg… lu expect apa? Ngomongin program makan siang gratis?,Program Makan Siang Gratis,
https://x.com/Max_ch214/status/1925151878654066786,FALSE,@Max_ch214,2025-05-21 11:29:00+00:00,"misi Kak mau tanya, emang program makan siang gratis masih ada ya Kak? soalnya ponakanku SMP  Negri di Kabupaeten Purworejo Jawa Tengah sampai hari ini belum pernah dapat makan siang gratis Kak 🙏🏼",Program Makan Siang Gratis,
https://x.com/DS_yantie/status/1880850585039278191,TRUE,@DS_yantie,2025-01-19 05:31:00+00:00,APBN gak nutupin untuk makan siang gratis,APBN makan siang gratis,
https://x.com/ravidnath/status/1931518805546574276,FALSE,@ravidnath,2025-06-08 01:09:00+00:00,Presiden Prabowo dorong percepatan Program Makan Bergizi Gratis di Indonesia. MBG langkah strategis dukung SDM unggul menuju Indonesia Emas 2045. #MakanBergiziGratis,Program Makan Gratis Prabowo,
https://x.com/grok/status/1931362220195328483,TRUE,@grok,2025-06-07 14:46:00+00:00,"@denismalhotra MBG bukan orang, tapi program ""Makan Bergizi Gratis"" pemerintah Prabowo sejak 2025, beri makan gratis buat anak sekolah, balita, ibu hamil. Disebut di khutbah Iduladha Masjid Istiqlal karena sesuai nilai Islam soal sedekah dan peduli sesama. Program ini bantu gizi, tapi ada kritik soal anggaran besar dan risiko boros.",Program Makan Gratis Prabowo,
https://x.com/safia_saleha0/status/1931323899595423765,FALSE,@safia_saleha0,2025-06-07 12:14:00+00:00,"Program MBG dari Presiden Prabowo emang beda, ngasih kesempatan warga makan sehat gratis tiap hari",Program Makan Gratis Prabowo,
https://x.com/darman_ardian/status/1931298879028539692,FALSE,@darman_ardian,2025-06-07 10:35:00+00:00,"Bangga banget Presiden Prabowo bawa Program Makan Bergizi Gratis ke Masni, yuk terus dukung biar makin banyak yang ngerasain",Program Makan Gratis Prabowo,
https://x.com/chya_wlandari6/status/1931288253811871911,FALSE,@chya_wlandari6,2025-06-07 09:52:00+00:00,Makan sehat sekarang jadi gampang dan gratis karena Program MBG dari Presiden Prabowo di Masni,Program Makan Gratis Prabowo,
https://x.com/arinug_13/status/1931261417761694193,FALSE,@arinug_13,2025-06-07 08:06:00+00:00,"Presiden Prabowo emang nggak main-main, buktiin dukungan ke masyarakat lewat Program Makan Bergizi Gratis di Masni, yuk sebarkan biar makin luas",Program Makan Gratis Prabowo,
https://x.com/diana_mahba/status/1931250330563735689,FALSE,@diana_mahba,2025-06-07 07:22:00+00:00,"Kece banget liat Presiden Prabowo gerak cepat bawa Program Makan Bergizi Gratis ke Distrik Masni, semoga makin banyak daerah dapet manfaat kayak gini",Program Makan Gratis Prabowo,
https://x.com/KSPgoid/status/1920835128730722441,TRUE,@KSPgoid,2025-05-09 13:35:00+00:00,"Bill Gates Apresiasi Program Makan Bergizi Gratis di Indonesia 🇮🇩✨

Presiden Prabowo bersama filantropis dunia Bill Gates meninjau langsung Program Makan Bergizi Gratis (MBG) di SDN Jati 03 Pulogadung, Jakarta Timur, (7/5).",Program Makan Gratis Prabowo,
https://x.com/pranawa_sinaga2/status/1931242799959314662,FALSE,@pranawa_sinaga2,2025-06-07 06:52:00+00:00,"Nggak nyangka Program Makan Bergizi Gratis dari Presiden Prabowo bisa sampai ke Manokwari, semoga segera meluas biar semua rakyat sehat #MBGuntukPapua",Program Makan Gratis Prabowo,
https://x.com/KSPgoid/status/1929076678665413027,TRUE,@KSPgoid,2025-06-01 07:24:00+00:00,"Beliau juga menyoroti capaian strategis pemerintahan Presiden Prabowo, seperti cadangan beras tertinggi, peningkatan produksi pangan, dan program Makan Bergizi Gratis.",Program Makan Gratis Prabowo,
https://x.com/bbluewav/status/1931234050288844939,FALSE,@bbluewav,2025-06-07 06:17:00+00:00,"Gua ga pernah bersuara seperti ini kaya program makan gratis dll. Tapi kalo sosl alam, maaf ya pemerintah indonesia nih udh keterlaluan! @prabowo @bahlillahadalia",Program Makan Gratis Prabowo,
https://x.com/nardi_mahendraa/status/1931231508788056231,FALSE,@nardi_mahendraa,2025-06-07 06:07:00+00:00,Program makan bergizi gratis dari Presiden Prabowo di Manokwari bikin masyarakat makin optimis sama masa depan,Program Makan Gratis Prabowo,
https://x.com/victor_sputra/status/1931225601719034190,FALSE,@victor_sputra,2025-06-07 05:43:00+00:00,"Program Makan Bergizi Gratis dari Bapak Presiden Prabowo Subianto untuk seluruh anak-anak di Indonesia dari Sabang sd Merauke 

#PenuhiGiziIndonesia",Program Makan Gratis Prabowo,
https://x.com/rezareva_reza/status/1931225241369694299,FALSE,@rezareva_reza,2025-06-07 05:42:00+00:00,"Program Makan Bergizi Gratis dari Bapak Presiden Prabowo Subianto untuk seluruh anak-anak di Indonesia dari Sabang sd Merauke 

#PenuhiGiziIndonesia",Program Makan Gratis Prabowo,
https://x.com/dadi_natsir/status/1931219202540708122,FALSE,@dadi_natsir,2025-06-07 05:18:00+00:00,"Presiden Prabowo hebat ngasih harapan baru lewat Program Makan Bergizi Gratis di Distrik Masni, ayo kita suarakan dukungan biar makin luas",Program Makan Gratis Prabowo,
https://x.com/lena_roksika/status/1931218988819996877,FALSE,@lena_roksika,2025-06-07 05:17:00+00:00,"Salut banget sama Presiden Prabowo yang mikirin kualitas gizi masyarakat lewat Program Makan Bergizi Gratis, semoga ke depannya makin banyak daerah yang ngerasain manfaatnya",Program Makan Gratis Prabowo,
https://x.com/delvin_widan3/status/1931214579625029931,FALSE,@delvin_widan3,2025-06-07 05:00:00+00:00,"Salut buat Presiden Prabowo yang udah ngadain Program Makan Bergizi Gratis di Masni Manokwari, semoga program keren ini makin luas biar masyarakat makin sehat",Program Makan Gratis Prabowo,
https://x.com/ruben_ragil3/status/1931206854308184308,FALSE,@ruben_ragil3,2025-06-07 04:29:00+00:00,"Bangga jadi bagian masyarakat pendukung Program Makan Bergizi Gratis bareng Presiden Prabowo, yuk wujudkan Indonesia yang sehat dan kuat bareng-bareng",Program Makan Gratis Prabowo,
https://x.com/bagus_santos200/status/1931204791952437265,FALSE,@bagus_santos200,2025-06-07 04:21:00+00:00,"Program Makan Bergizi Gratis dari Presiden Prabowo keren banget, bikin masyarakat Distrik Masni semakin sehat dan semangat",Program Makan Gratis Prabowo,
https://x.com/nabila_aleah/status/1931741332353278209,FALSE,@nabila_aleah,2025-06-08 15:53:00+00:00,"Gizi cukup adalah pondasi, keren banget ada Program Makan Bergizi Gratis dari Presiden Prabowo",Program Makan Gratis Prabowo,
https://x.com/fithandayani_/status/1931741281816039753,FALSE,@fithandayani_,2025-06-08 15:53:00+00:00,"Bersyukur banget dengan Program Makan Bergizi Gratis dari Presiden Prabowo, masa depan makin cerah tanpa stunting",Program Makan Gratis Prabowo,
https://x.com/alfisyah_smdii/status/1931741270365610247,FALSE,@alfisyah_smdii,2025-06-08 15:53:00+00:00,"Program Makan Bergizi Gratis dari Presiden Prabowo jadi harapan baru buat generasi sehat Indonesia, stunting bisa ditekan",Program Makan Gratis Prabowo,
https://x.com/mhmmd_david1745/status/1931741230741995629,FALSE,@mhmmd_david1745,2025-06-08 15:52:00+00:00,Langkah Presiden Prabowo dengan program makan gratis bikin kita makin optimis bisa wujudkan Indonesia Emas 2045,Program Makan Gratis Prabowo,
https://x.com/zaenab_indrimi/status/1931741228258971884,FALSE,@zaenab_indrimi,2025-06-08 15:52:00+00:00,Salut sama gagasan Presiden Prabowo buat cegah stunting dengan langkah nyata lewat Program Makan Bergizi Gratis,Program Makan Gratis Prabowo,
https://x.com/faiz_aditya7/status/1931741227759595885,FALSE,@faiz_aditya7,2025-06-08 15:52:00+00:00,"Masa depan cerah berawal dari anak sehat, kayanya Program Makan Bergizi Gratis dari Presiden Prabowo jawab semua harapan",Program Makan Gratis Prabowo,
https://x.com/buni_kalunga/status/1931741176216084671,FALSE,@buni_kalunga,2025-06-08 15:52:00+00:00,Program makan bergizi gratis jadi andalan Presiden Prabowo buat pastikan satu generasi bebas stunting dan siap jadi SDM unggul,Program Makan Gratis Prabowo,
https://x.com/rafid_mariadi/status/1931741093143663065,FALSE,@rafid_mariadi,2025-06-08 15:52:00+00:00,Program Makan Bergizi Gratis Presiden Prabowo bikin mimpi Indonesia Emas 2045 semakin terang,Program Makan Gratis Prabowo,
https://x.com/youren_dow/status/1931603784314069499,FALSE,@youren_dow,2025-06-08 06:46:00+00:00,"Presiden Prabowo Dorong Percepatan Program Makan Bergizi Gratis di Indonesia
#GenerasiSehat #MakanBergiziGratis #IndonesiaMaju",Program Makan Gratis Prabowo,
https://x.com/EsesMae/status/1931600721084105052,FALSE,@EsesMae,2025-06-08 06:34:00+00:00,"📢 11 Program Prioritas Prabowo, Telan Anggaran Rp446 Triliun! 💰🇮🇩
Bukan sekadar janji, inilah langkah nyata menuju Indonesia Cerah: makan bergizi gratis, rumah untuk rakyat, sekolah unggul, hingga layanan kesehatan gratis! 💪

#IndonesiaCerah
#ProgramPrioritasPrabowo",Program Makan Gratis Prabowo,
https://x.com/padmi_laila24/status/1931568391476887663,FALSE,@padmi_laila24,2025-06-08 04:26:00+00:00,"Anak sehat, bangsa kuat berkat program makan bergizi gratis #MBGCegahStunting Presiden Prabowo",Program Makan Gratis Prabowo,
https://x.com/karina_nisa97/status/1931566467008602552,FALSE,@karina_nisa97,2025-06-08 04:18:00+00:00,Kolaborasi semua pihak sukseskan program makan bergizi gratis #MBGCegahStunting Presiden Prabowo,Program Makan Gratis Prabowo,
https://x.com/ATLSERVICESNJ/status/1931559167912992814,FALSE,@ATLSERVICESNJ,2025-06-08 03:49:00+00:00,"Dalam upaya mencetak generasi unggul menuju Indonesia Emas 2045, Presiden Prabowo mendorong percepatan pelaksanaan Program Makan Bergizi Gratis (MBG).",Program Makan Gratis Prabowo,
https://x.com/bocahpriekk/status/1931540044210442743,FALSE,@bocahpriekk,2025-06-08 02:33:00+00:00,Presiden Prabowo dorong percepatan program makan bergizi gratis di Indonesia!,Program Makan Gratis Prabowo,
https://x.com/infodaribanten/status/1931538804705276295,FALSE,@infodaribanten,2025-06-08 02:28:00+00:00,"Gaspol! Presiden Prabowo ngebut dorong program makan bergizi gratis nih. Biar anak-anak Indonesia jadi generasi emas yang pinter dan kuat buat nyongsong Indonesia Emas 2045! 
#GenerasiSehat #MakanBergiziGratis #IndonesiaMaju",Program Makan Gratis Prabowo,
https://x.com/grok/status/1931536016445501629,TRUE,@grok,2025-06-08 02:17:00+00:00,"""Makanan bergizi gratis"" merujuk pada Program Makan Bergizi Gratis (MBG) di Indonesia, diluncurkan Januari 2025 oleh Presiden Prabowo Subianto. Program ini memberikan makanan sehat gratis kepada anak sekolah dan ibu hamil untuk mengatasi stunting dan malnutrisi, menargetkan 19,47 juta penerima pada 2025, hingga 82,9 juta pada 2029. Makanan mencakup nasi, ayam, daging, ikan, sayur, buah, dan susu, bersumber lokal. Anggaran tahun pertama Rp71 triliun ($4,3 miliar). Meski berdampak positif pada gizi anak, ada kekhawatiran soal keberlanjutan finansial dan logistik. Program ini masih berjalan hingga Juni 2025 dengan respons positif, tapi butuh pemantauan ketat.",Program Makan Gratis Prabowo,
https://x.com/conceplt/status/1931533710710775915,FALSE,@conceplt,2025-06-08 02:08:00+00:00,"Presiden Prabowo Dorong Percepatan Program Makan Bergizi Gratis di Indonesia.
-
#MakanBergiziGratis
#PapuaBaratDaya
#KotaSorong
#Sorong
#SorongSelatan
#maybrat
#Tambrauw
#RajaAmpat",Program Makan Gratis Prabowo,
https://x.com/OfficialPapua_/status/1931532403149087164,FALSE,@OfficialPapua_,2025-06-08 02:03:00+00:00,"Presiden Prabowo Dorong Percepatan Program Makan Bergizi Gratis di Indonesia.
-
#MakanBergiziGratis
#PapuaBaratDaya
#KotaSorong
#Sorong
#SorongSelatan
#maybrat
#Tambrauw
#RajaAmpat",Program Makan Gratis Prabowo,
https://x.com/LesterFarhan/status/1931522798046085600,FALSE,@LesterFarhan,2025-06-08 01:24:00+00:00,"Presiden Prabowo dorong percepatan program makan bergizi gratis di Indonesia.

#GenerasiSehat #MakanBergiziGratis #IndonesiaMaju",Program Makan Gratis Prabowo,"{'url': 'https://x.com/LesterFarhan/status/1931520702789894567', 'avatar': '', 'username': '@LesterFarhan', 'fullname': 'Farhan Lester', 'timestamp': '2025-06-08T01:16:00.000Z', 'text': 'Mari kita dukung dan sukseskan program makan bergizi gratis.\n\n#GenerasiSehat #MakanBergiziGratis #IndonesiaMaju', 'links': ['https://x.com/search?q=%23GenerasiSehat', 'https://x.com/search?q=%23MakanBergiziGratis', 'https://x.com/search?q=%23IndonesiaMaju'], 'images': ['https://pbs.twimg.com/media/Gs4j19eaYAAkY3l.jpg']}"
https://x.com/LesterFarhan/status/1931520609483416005,FALSE,@LesterFarhan,2025-06-08 01:16:00+00:00,"Presiden Prabowo dorong percepatan program makan bergizi gratis di Indonesia.

#GenerasiSehat #MakanBergiziGratis #IndonesiaMaju",Program Makan Gratis Prabowo,
https://x.com/kelani_badram/status/1931203074367877153,FALSE,@kelani_badram,2025-06-07 04:14:00+00:00,"Salut buat Presiden Prabowo yang bawa Program Makan Bergizi Gratis ke Manokwari, semoga makin sehat semua",Program Makan Gratis Prabowo,
https://x.com/putra_naldi25/status/1931202786265305315,FALSE,@putra_naldi25,2025-06-07 04:13:00+00:00,"Program makan gratis dari Presiden Prabowo jadi harapan baru buat masyarakat Masni, buat masa depan lebih sehat",Program Makan Gratis Prabowo,
https://x.com/harto_nadin/status/1931201157390823839,FALSE,@harto_nadin,2025-06-07 04:06:00+00:00,"Salut banget sama Program Makan Bergizi Gratis yang diinisiasi sama Presiden Prabowo, makin ngebuktiin kepeduliannya buat rakyat di Manokwari #MBGuntukPapua",Program Makan Gratis Prabowo,
https://x.com/jeviska_rohana/status/1931199728634790231,FALSE,@jeviska_rohana,2025-06-07 04:01:00+00:00,"Berkat langkah Presiden Prabowo, Program Makan Bergizi Gratis di Masni bisa banget jadi solusi masalah gizi Indonesia, ayo kita semua dukung biar makin meluas",Program Makan Gratis Prabowo,
https://x.com/akbar_maftuh0/status/1931197153772445794,FALSE,@akbar_maftuh0,2025-06-07 03:50:00+00:00,"Program Makan Bergizi Gratis dari Presiden Prabowo menurut gue wajib dicontoh daerah lain, soalnya beneran ngebantu masyarakat buat hidup sehat",Program Makan Gratis Prabowo,
https://x.com/kevin_satria08/status/1931190451018862665,FALSE,@kevin_satria08,2025-06-07 03:24:00+00:00,Hadirnya Program Makan Bergizi Gratis di Manokwari bikin aku makin percaya sama komitmen Presiden Prabowo buat kesehatan rakyat,Program Makan Gratis Prabowo,
https://x.com/svamudera/status/1931151660333891847,FALSE,@svamudera,2025-06-07 00:50:00+00:00,Program Makan Bergizi Gratis dari Presiden Prabowo bener-bener ngasih harapan buat masa depan generasi Manokwari #MBGuntukPapua,Program Makan Gratis Prabowo,
https://x.com/usnicorns/status/1931150867581034739,FALSE,@usnicorns,2025-06-07 00:47:00+00:00,"Salut banget sama Program Makan Bergizi Gratis yang diinisiasi sama Presiden Prabowo, makin ngebuktiin kepeduliannya buat rakyat di Manokwari #MBGuntukPapua",Program Makan Gratis Prabowo,
https://x.com/officialinews_/status/1930856939824795920,FALSE,@officialinews_,2025-06-06 05:19:00+00:00,"Salat Idul Adha 1446 H di Masjid Istiqlal Jakarta berlangsung khidmat dan penuh makna, dihadiri langsung oleh Presiden Prabowo Subianto.

Khatib salat Id, Wan Jamaluddin, menegaskan bahwa program Makan Bergizi Gratis (MBG) sejatinya merupakan cerminan nilai-nilai Islam.

Oleh karena itu, gagasan tentang makan bergizi gratis untuk anak-anak Indonesia bukan hanya program pemerintah, tapi sejatinya merupakan bagian dari nilai-nilai Islam yang harus kita amalkan,"" ucap Wan Djamaluddin dalam khutbahnya di Masjid Istiqlal, Jakarta, Jumat (6/6/2025).

Baca selengkapnya di sini: 
inews.id/

#IdulAdha #MBG #Khatib #MasjidIstiqlal #WanJamaluddin",Program Makan Gratis Prabowo,
https://x.com/SumselTren/status/1930869118615568887,FALSE,@SumselTren,2025-06-06 06:07:00+00:00,"Program Serba Gratis Presiden Prabowo, Program Makan Bergizi Gratis dan Pemeriksaan Kesehatan Gratis",Program Makan Gratis Prabowo,
https://x.com/Monalisa131813/status/1930870602828759204,FALSE,@Monalisa131813,2025-06-06 06:13:00+00:00,"Program Serba Gratis Presiden Prabowo, Program Makan Bergizi Gratis dan Pemeriksaan Kesehatan Gratis",Program Makan Gratis Prabowo,
https://x.com/allegory1318/status/1930870820542496797,FALSE,@allegory1318,2025-06-06 06:14:00+00:00,"Program Serba Gratis Presiden Prabowo, Program Makan Bergizi Gratis dan Pemeriksaan Kesehatan Gratis",Program Makan Gratis Prabowo,
https://x.com/ravidnath/status/1930873902634295430,FALSE,@ravidnath,2025-06-06 06:26:00+00:00,Presiden Prabowo luncurkan Program Makan Bergizi Gratis! Kurangi risiko gizi buruk dan tingkatkan kesehatan anak-anak Indonesia #MakanBergiziGratis,Program Makan Gratis Prabowo,
https://x.com/Piyusaja2/status/1922948999478378549,TRUE,@Piyusaja2,2025-05-15 09:35:00+00:00,"KEREN! Program Kesayangan @Prabowo MBG masuk berita koran ternama Jepang Asahi Shimbun.

Asahi Shimbun secara luas dianggap sebagai surat kabar harian yang paling dihormati di Jepang karena jurnalismenya.

Asahi Shimbun mengangkat berita program MBG (Makan Bergizi Gratis) yang merupakan program kesayangan/prioritas Presiden RI Prabowo Subianto.

Judul berita Asahi Shimbun yang terbit hari ini (15/5/2025):

無料給食後に吐き気、食中毒症状1千人以上　大統領の肝いり政策波紋

Terjemahannya:

""Lebih dari 1.000 orang menderita mual dan keracunan makanan setelah makan siang gratis di sekolah; Kebijakan kesayangan presiden menimbulkan dampak"".

Link berita: 
asahi.com/articles/AST5G2DXW…",Program Makan Gratis Prabowo,
https://x.com/panca_mansur/status/1930943693831512238,FALSE,@panca_mansur,2025-06-06 11:03:00+00:00,Masyarakat makin semangat sambut perubahan baru lewat kebijakan Presiden PrabowoSalut buat Presiden Prabowo yang terus dorong program Makan Bergizi Gratis makin cepat dan luas,Program Makan Gratis Prabowo,
https://x.com/grok/status/1930927634466427129,TRUE,@grok,2025-06-06 09:59:00+00:00,"Haha, bayangin Pak Prabowo jadi mahasiswa di President University? Mungkin dia bakal jadi bintang di kelas debat, dengan pengalaman militernya! Tapi serius, sebagai Presiden sejak 2024, beliau fokus banget ke pendidikan, kayak program makan gratis buat pelajar dan tunjangan guru. Jadi mahasiswa mungkin cuma bercandaan, tapi visi beliau buat pendidikan Indonesia udah nyata. Meski begitu, kesibukan sebagai presiden kayaknya bikin susah buat daftar kuliah. Mending konsultasi sama ahli atau ikut workshop, kan? 😄 Apa pendapatmu?",Program Makan Gratis Prabowo,
https://x.com/ghaida_nur25/status/1930926062382551356,FALSE,@ghaida_nur25,2025-06-06 09:53:00+00:00,"Presiden Prabowo makin gercep soal makan bergizi gratis, semangat dukung program ini biar makin luas",Program Makan Gratis Prabowo,
https://x.com/rani_aida56/status/1930915643672690994,FALSE,@rani_aida56,2025-06-06 09:12:00+00:00,"Dengan arahan Presiden Prabowo, program Makan Bergizi Gratis makin siap memperluas jangkauan buat rakyat",Program Makan Gratis Prabowo,
https://x.com/KoramilSedayu/status/1925137961894695036,FALSE,@KoramilSedayu,2025-05-21 10:33:00+00:00,Babinsa Koramil 02/Sedayu Koptu Nicholas Aditya melaksanakan Monitoring dan Pendampingan dalam Rangka Makan Siang Gratis Program BGN(Badan Gizi Nasional)Bertempat di SD Muhammadiyah TAPEN Argosari Kap.Sedayu Bantul.,Program Makan Siang Gratis,
https://x.com/alexandwrsc/status/1925081265428169020,FALSE,@alexandwrsc,2025-05-21 06:48:00+00:00,"Program makan siang bergizi gratis dari presiden prabowo masih berlanjut apa engga ya? Mengingat sekarang banyak beredar info bahwa makan siang gratis itu dihadapkan berbagai persoalan mulai dari pendistribusian yang tidak merata, keracunan, dan mundurnya mitra mbg.",Program Makan Siang Gratis,
https://x.com/novieardeanne/status/1925080779656446119,TRUE,@novieardeanne,2025-05-21 06:46:00+00:00,"Sekiranya tidak mampu membayar team sukses. Jangan memberatkan rakyat dengan program yang setelah lolos mendapatkan hadiah. Makan siang Gratis. Bansos yang bilangnya untuk Rakyat. Dana diambilkan dari #APBN yang harusnya untuk belanja / dibelanjakan, diputarkan agar dapat Penerimaan. Ini di alokasikan efisiensi untuk Makan Siang Gratis. Program yang hanya menyenangkan ego kalian untuk menjadi Penguasa. Dan yang menikmati vendornya team sukses. partai dan alifiasi. 

Sekarang setelah di Korupsi sebagian. Minta rakyat menyumbang ??? Lah mbok pikir kita ini makan gratis po ???? Pajak yang digunakan untuk program ini. Anaknya di Gratisi seolah olah. Bapakne ro makne mbayar pajak banyak.",Program Makan Siang Gratis,"{'url': 'https://x.com/RickyKardjono/status/1925031357367124232', 'avatar': '', 'username': '@RickyKardjono', 'fullname': 'Ricky Kardjono 🇮🇩', 'timestamp': '2025-05-21T03:30:00.000Z', 'text': 'Kenapa ga dipotong aja dari gaji² lu padé cuy...??\nMalu²in banget sampe ngemis² ke duta besar LN...😡\nDasar vangke rampok...💩💩💩', 'links': []}"
https://x.com/official690223/status/1925071977779495268,FALSE,@official690223,2025-05-21 06:11:00+00:00,"Kuliah bukan kebutuhan pokok, bilang mentrinya Prabowo, bangsa Indonesia akan di setel bodoh tapi gemuk dan mudah di atur, itu cita2 Prabowo dengan menyerukan program makan siang gratis",Program Makan Siang Gratis,
https://x.com/official690223/status/1924984322664395014,FALSE,@official690223,2025-05-21 00:23:00+00:00,"Betul sekali, makan siang gratis adalah program yg di inginkan mayoritas masyarakat SDM rendah yg memilih Prabowo Gibran, hasilnya akan kita lihat 5th kedepan kualitas pendidikan Indonesia seperti apa, bisa nambah kualitas SDM apa nambah isi septiktank",Program Makan Siang Gratis,
https://x.com/JackaSombong/status/1924780652656017524,FALSE,@JackaSombong,2025-05-20 10:54:00+00:00,"Program makan siang gratis mungkin terlihat sederhana, tapi dampaknya besar bagi kesehatan dan konsentrasi anak di sekolah.
Lanjutkan MBG",Program Makan Siang Gratis,
https://x.com/massulaimana/status/1924772580168548563,FALSE,@massulaimana,2025-05-20 10:21:00+00:00,"Program makan siang gratis memang tidak menyelesaikan semua masalah, tapi ini langkah awal untuk memastikan anak-anak mendapatkan nutrisi yang cukup untuk belajar.
Lanjutkan MBG",Program Makan Siang Gratis,
https://x.com/InfinityLevel99/status/1924756057592889404,FALSE,@InfinityLevel99,2025-05-20 09:16:00+00:00,"seperti hilirisasi atau program makan siang gratis Prabowo. Namun, korupsi di BUMN (misalnya, Pertamina dan LPEI) dapat mengurangi kepercayaan investor, membuat kerja sama ini krusial namun berisiko.
Apakah Kerja Sama Ini Nyata?
Kebenaran: Pertemuan antara Rosan Roeslani dan",Program Makan Siang Gratis,
https://x.com/fauzy3609161/status/1924463946452635864,FALSE,@fauzy3609161,2025-05-19 13:55:00+00:00,"itu berarti program nya kurang efektif hanya soal makan siang saja, padahal ada program yg lebih urgent utk rakyat kebanyakan, seperti pendidikan gratis, bikin sembako murah, perbanyak lap kerja, dll yg di butuhkan utk meringan kan beban rakyat.",Program Makan Siang Gratis,
https://x.com/dani_twsdiet/status/1924436847176122393,FALSE,@dani_twsdiet,2025-05-19 12:07:00+00:00,Pendidikan selalu jadi exit gate bagi sebuah keluarga untuk jadi hebat. Celakanya di Konoha program makan siang gratis lebih penting dari pendidikan itu sendiri.,Program Makan Siang Gratis,
https://x.com/akbaarrr/status/1924365557824209252,FALSE,@akbaarrr,2025-05-19 07:24:00+00:00,"tidak pernah menyesal mendukung beliau di Pilplres kemarin. 

Program 1 sarjana >>>>> Progam (keracunan) makan siang gratis",Program Makan Siang Gratis,"{'url': 'https://x.com/KemenperinRI/status/1924095212235935822', 'avatar': '', 'username': '@KemenperinRI', 'fullname': 'loid forger 🍉', 'timestamp': '2025-05-18T13:30:00.000Z', 'text': 'Ganjar Pranowo', 'links': [], 'images': ['https://pbs.twimg.com/media/GrPCZduWEAAsS3v.jpg']}"
https://x.com/RadioElshinta/status/1924334868634472886,TRUE,@RadioElshinta,2025-05-19 05:22:00+00:00,"Sebanyak 640 siswa SMPN 19 Kota Malang, Jawa Timur hari ini mendapatkan program Makan Bergizi Gratis (MBG) yang dikelola Satuan Pelayanan Pemenuhan Gizi (SPPG) pangkalan Angkatan Laut di Malang, Senin (19/5) siang. 🎥Ahh
#BeritaElshinta",Program Makan Siang Gratis,
https://x.com/Kxitto/status/1924173421925335539,FALSE,@Kxitto,2025-05-18 18:41:00+00:00,kalau mau makan siang gratis ikut program lain aja yah,Program Makan Siang Gratis,
https://x.com/ppinkeboo/status/1924068034412769737,FALSE,@ppinkeboo,2025-05-18 11:42:00+00:00,"program makan siang gratis mana sihhh, kok ga sampe sampe ke sekola gw, ap dikorup",Program Makan Siang Gratis,
https://x.com/echoofpetals/status/1923715959476584959,FALSE,@echoofpetals,2025-05-17 12:23:00+00:00,5. Makan siang bergizi gratis ☺️ dan pastinya enggak keracunan. Gak kaya program Wowo gak jelas itu. ☺️,Program Makan Siang Gratis,
https://x.com/sweieney/status/1923569932576628843,FALSE,@sweieney,2025-05-17 02:43:00+00:00,"Tapi yang sehat dan bergizi, jangan kayak program makan siang gratis 😔",Program Makan Siang Gratis,
https://x.com/notonlitokdetok/status/1923533135532409280,TRUE,@notonlitokdetok,2025-05-17 00:16:00+00:00,"Angka keracunan sapi sangat rendah, apalagi sampai mati keracunan, hanya sekitar 10 dari 100 juta sapi, artinya uanya 0,0000001©, program makan siang gratis para peternak sapi indonesia bisa dikatakan berhasil",Program Makan Siang Gratis,"{'url': 'https://x.com/kompascom/status/1922924989726015900', 'avatar': '', 'username': '@kompascom', 'fullname': 'Kompas.com', 'timestamp': '2025-05-15T08:00:00.000Z', 'text': 'Sapi Kurban Prabowo Mati Mendadak, Diduga Keracunan\n\nBaca di: regional.kompas.com/read/202…', 'links': ['https://regional.kompas.com/read/2025/05/15/122200478/sapi-kurban-presiden-prabowo-mati-mendadak-diduga-keracunan?source=terpopuler'], 'images': ['https://pbs.twimg.com/media/Gq-aFEPXsAABNUR.jpg']}"
https://x.com/bsangchan/status/1923365999161581989,FALSE,@bsangchan,2025-05-16 13:12:00+00:00,B. Promosikan program makan siang gratis,Program Makan Siang Gratis,
https://x.com/fatmapuspita/status/1923354234419806435,FALSE,@fatmapuspita,2025-05-16 12:25:00+00:00,"Perkembangan terkini:
   * Dalam kampanye presiden @prabowo 2024, program peningkatan gizi anak-anak kembali diangkat, dengan perluasan program pemberian makan siang gratis di sekolah-sekolah.
 #HSN2025",Program Makan Siang Gratis,
https://x.com/dbpnoid/status/1923301020416847946,FALSE,@dbpnoid,2025-05-16 08:54:00+00:00,"ada program makan siang ""bergizi"" gratis buat la masia ga?",Program Makan Siang Gratis,
https://x.com/devy_casanofa/status/1880166109460197617,FALSE,@devy_casanofa,2025-01-17 08:11:00+00:00,"Saat itu Anggota Dewan Pakar TKN Prabowo-Gibran, Drajad Wibowo yakin, program makan siang gratis tak membuat defisit anggaran APBN menjadi lebih lebar.
Preeeetttt...",APBN makan siang gratis,
https://x.com/law20956/status/1880151499977945346,FALSE,@law20956,2025-01-17 07:13:00+00:00,"Sebenarnya makan gratis itu penting betul 
Yang jadi masalah APBN memadai apa kagak utk membiayai makan siang gratis pling ga sampai 5th kedepan 
Lah ini baru beberapa hari aja muncul wacana dana zakat utk makan siang gratis 

Kalau ga sanggup angkat tangan jangan maksa diri",APBN makan siang gratis,
https://x.com/tutuspambudi/status/1880147196336849050,FALSE,@tutuspambudi,2025-01-17 06:56:00+00:00,Comparing nasi box artis yg masuk RAB produksi dibiayain sama PH & makan siang gratis dibiayain dari APBN yg ujungnya pajak aja udah aneh,APBN makan siang gratis,
https://x.com/kazetalk/status/1880100125516914786,FALSE,@kazetalk,2025-01-17 03:49:00+00:00,"Mikir panjang kau hanna tolol, apa ga bengkak apbn kalo tiap hari program makan siang gratis diadakan selama lima tahun?",APBN makan siang gratis,"{'url': 'https://x.com/nobara_2022/status/1879828866631626779', 'avatar': '', 'username': '@nobara_2022', 'fullname': 'Hanna Maulida', 'timestamp': '2025-01-16T09:51:00.000Z', 'text': 'Nak makannya manfaat adanya program makan gratis ya biar anak"" belajar ngurangin junk food, eh malah yg dah gedhe ikut""an sewot kek bocil😹. Saya yg SMA malah bersyukur dikasih makan gratis bisa hemat uang dr pada bawa bekel lauknya cuman mie yg byk karbonya😅', 'links': []}"
https://x.com/arescience/status/1880069169418555729,FALSE,@arescience,2025-01-17 01:46:00+00:00,"Kadang kepikiran ga asih,
Progam Makan siang gratis ini dijadiin kambing hitam untuk  monopoli APBN? Dah mah gada transparan, semua pada bacot suruh ngalihin dana buat bantu MSG ini.",APBN makan siang gratis,
https://x.com/law20956/status/1880061391555686410,FALSE,@law20956,2025-01-17 01:15:00+00:00,"@prabowo bapak asal  bapak tau ngambil duit zakat utk menopang program pemerintah itu haram hukumnya
Zakat itu ditujukan kepada fakir miskin pak bukan menambal kekurangan dana makan siang gratis
Kalau APBN ga mampu ya udah g usah dipaksa",APBN makan siang gratis,
https://x.com/Jumianto_RK/status/1879942148684169492,FALSE,@Jumianto_RK,2025-01-16 17:21:00+00:00,"APBN, APBD, dan kas keuangan daerah jebol gegara makan siang gratis program yang tak ada duitnya.",APBN makan siang gratis,"{'url': 'https://x.com/Jumianto_RK/status/1879941645774516613', 'avatar': '', 'username': '@Jumianto_RK', 'fullname': 'Junto', 'timestamp': '2025-01-16T17:19:00.000Z', 'text': 'Warga Krojo, Tangerang, jual tanah dengan harga murah.\n\nSawah dihargai Rp 50 ribu per meter, tambak dihargai lebih rendah Rp 35 ribu per meter. karena ada ancaman pengurukan sawah dari pihak pengembang , warga terpaksa menjual tanahnya karena sumber penghidupan mereka dimatikan.', 'links': []}"
https://x.com/Karinakeisyaa/status/1879904935187566626,FALSE,@Karinakeisyaa,2025-01-16 14:53:00+00:00,"yeuu klo kek gt sm aja kocak, hapusin aja programnya, bikin beban apbn aja. benerin noh pejabat"" yg korupsi, duitnya bisa dialokasiin ke makan siang gratis drpd malakin masyarakat mulu.",APBN makan siang gratis,
https://x.com/THE_BLACKBIBLE/status/1879796052020375988,FALSE,@THE_BLACKBIBLE,2025-01-16 07:41:00+00:00,Soalnya APBN dialihkan ke makan siang gratis yang tidak bergizi,APBN makan siang gratis,
https://x.com/WakandaNM__/status/1879767785452253191,FALSE,@WakandaNM__,2025-01-16 05:48:00+00:00,"Nama kabimet: Kabinet Indonesia Maju.
Program unggulan: makan siang gratis.

Ngelawak! Makan siang gratis ini proyek kampanye mencuri APBN. Kampanye terselubung 
#JokowiPredatorAPBN 
#JokowiPredatorAPBN",APBN makan siang gratis,
https://x.com/asboediono_id/status/1879755348091015204,FALSE,@asboediono_id,2025-01-16 04:59:00+00:00,"Saya pernah menulis - pergunakan Dana Desa, Dana RT, Dana RW, untuk Makan Siang Gratis langsung dikelola oleh Desa, RW Dan RT setempat - sebagai Pengganti Dana Desa untuk MBG Pemerintah harus me support Dengan Proyek Phisik KIP menggunakan APBD Dan APBN #hening",APBN makan siang gratis,"{'url': 'https://x.com/NenkMonica/status/1879369789145256106', 'avatar': '', 'username': '@NenkMonica', 'fullname': 'Monica', 'timestamp': '2025-01-15T03:27:00.000Z', 'text': 'Sudahlah Bu @KhofifahIP klo negara ga sanggup jg diteruskan gak usah ingin jadi pahlawan kesiangan,  banyak yang harus dikerjakan dg APBD,  makanan bergizi dirumah pun cukup kalau ekonomi rakyat kita stabil.', 'links': ['https://x.com/KhofifahIP'], 'images': ['https://pbs.twimg.com/media/GhTc3SIbsAA1eB9.jpg']}"
https://x.com/kykookiya/status/1879741055433863540,FALSE,@kykookiya,2025-01-16 04:02:00+00:00,"Anggaran apbn apbd aja dipotong buat makan siang gratis skrg, ditambah ikn tuh gak masuk akal uangnya dri mana. Lebih masuk akal kalo lanjutin IKN,maksi gausah. Udh terlanjur dibuat mending skalian tuntasin drpd program maksi yang sudah ketebak hasil nya, gak solutif utk stunting",APBN makan siang gratis,
https://x.com/zoenetd114839/status/1879738597966008437,FALSE,@zoenetd114839,2025-01-16 03:53:00+00:00,"Makanyo jgn koar koar makan siang gratis,klw APBN tekor,karena jd jaminan kereta cepat.",APBN makan siang gratis,
https://x.com/alrezki/status/1879712878091215173,FALSE,@alrezki,2025-01-16 02:10:00+00:00,"1. Berarti mengakui kalau program Makan Siang dan Susu Gratis eh Makan Bergizi Gratis itu pemborosan APBN? 
2. Kalau pakai dana pribadi, kan bisa program mandiri, kenapa harus jadi presiden? 
3. Punya dana pribadi segitu banyaknya, dapet dari mana?",APBN makan siang gratis,
https://x.com/nasiyu761/status/1879675925639635130,FALSE,@nasiyu761,2025-01-15 23:43:00+00:00,"Kita masyarakat lbh realistis melihat seberapa mampu pemerintah Prabowo bisa menunaikan janjinya. Defisit APBN 2024 Rp. 522T, kwajiban bunga utang 2025 Rp. 552T, blm lagi pokoknya, IKN lupakan dululah, Budget Makan siang Gratis hanya sampai Juni 2025.. mau kasih rumah gratis??",APBN makan siang gratis,
https://x.com/niconico_jak/status/1880175355736334714,FALSE,@niconico_jak,2025-01-17 08:48:00+00:00,"Makan Siang gratis bentar lagi BUBAR, duid nggak ada. @prabowo lebih baik konsentrasi kepastian hukum. Terutama ganti Kapolri. Supaya investasi masuk, lapangan kerja terbuka. Orang bisa kerja, orang Tua bisa belikan anak makan Siang sendiri. Ekonomi jalan. Ga perlu  pusing APBN.",APBN makan siang gratis,
https://x.com/unaboobies/status/1880735993046925642,FALSE,@unaboobies,2025-01-18 21:56:00+00:00,"hadewh si wowo , ngabisin APBN  cuman buat beli reflika F15 Ex
 (downgrade)

padahal APBN pertahan bisa di alokasikan untuk makan siang gratis ormas (karna ormas garda terdepan pelindung negara)",APBN makan siang gratis,
https://x.com/NegriBadut/status/1880622850358579527,FALSE,@NegriBadut,2025-01-18 14:26:00+00:00,"dari awal debat aja udah ragu, apbn g bakalan sanggup cover makan siang gratis",APBN makan siang gratis,
https://x.com/dot_id_/status/1880613454089953551,TRUE,@dot_id_,2025-01-18 13:49:00+00:00,"Tolong tabahain juga om

-APBN defisit tapi Kabinet membengkak
-Kabinet membekak tapi isinya TOLOL semua
-APBN defisit tapi mobil pejabat kurang mewah
-APBN defsist tetapi DPR malas tinggal di rumah dinas
-Makan siang gratis tapi utang, nodong dana zakat, nodong pmrintah daerah",APBN makan siang gratis,
https://x.com/walkstory__/status/1880577313974423921,FALSE,@walkstory__,2025-01-18 11:25:00+00:00,"Gila-gila kata gratis ku rasa petinggi negara, makan siang gratis lah katanya, bpjs juga dikata gratis. Monmaaf bapak ibu terhormat, itu semua kita bayar 😒 bpjs dikata ga bayar iuran kita tiap bulan, program paling membanggakan makan siang itu uang apbn/apbd ya duit pajak kita",APBN makan siang gratis,
https://x.com/otoydidax/status/1880574660070568421,TRUE,@otoydidax,2025-01-18 11:15:00+00:00,"Gw sebagai perokok cuma bisa senyumin aja.
Ternyata jadi perokok itu secara tidak langsung membantu yang katanya pembenci rokok.
Dari mulai termasuk penyumbang APBN terbesar dan skrg buat nyumbang makan siang gratis.",APBN makan siang gratis,
https://x.com/btr_xby/status/1880557334449262968,FALSE,@btr_xby,2025-01-18 10:06:00+00:00,"ini semua karna makan siang gratis, jd apbn membengkak, kenapa gengsi di gedein, tinggal bilang aja makan siang gratis di batalkan, rakyat jg bakal ngerti, alihkan itu dananya buat ke hal yg lain",APBN makan siang gratis,
https://x.com/mutajir_mohamat/status/1880474477622182008,FALSE,@mutajir_mohamat,2025-01-18 04:37:00+00:00,"Halah tolol... Apbn daerah aja gak ada 5 trilyun... Udah batalin aja broh, makan siang gratis gak ada dana, krn hy berakhir di septic tank.. 
Mending lu terapkan pendidikan gratis negeri dan swasta hingga universitas.. Hasilnya akan terasa 10 tahun yg akan datang..",APBN makan siang gratis,
https://x.com/saturne0us/status/1880406496678408356,TRUE,@saturne0us,2025-01-18 00:06:00+00:00,"Sorry, anggaran makan siang gratis kan dri APBN. Logika sederhana, rakyat boleh komplain karena itu dri uang pajak yg dibayarkan ke negara. 

Kalo hal sekecil komplain dibatasi, lebih baik gausah jd negara demokrasi. Bubarin aja, ribet. Knp jd rakyat berasa ngemis dan nyusahin🙃",APBN makan siang gratis,"{'url': 'https://x.com/ARSIPAJA/status/1880136721624420640', 'avatar': '', 'username': '@ARSIPAJA', 'fullname': 'Jejak digital.', 'timestamp': '2025-01-17T06:15:00.000Z', 'links': []}"
https://x.com/raja_pasar/status/1880386360646988122,FALSE,@raja_pasar,2025-01-17 22:46:00+00:00,"Makan siang gratis .. duitnya apbn
Masuk rumah sakit .. bpjs nya tekor
Trus ngutangnya nambah deh",APBN makan siang gratis,
https://x.com/AldiHusaini3/status/1880258606630858827,FALSE,@AldiHusaini3,2025-01-17 14:19:00+00:00,"Azka, karena lu udah masuk UI. Lu harus kasih tahu bapak lu, kalau program makan siang gratis puluhan triliun itu berasal dari APBN, bukan uang pribadi kantong presiden. 
Jadi sudah selayaknya dikritik bila program itu bermasalah & nyatanya bermasalah",APBN makan siang gratis,
https://x.com/SeriDianawati/status/1880232771773428183,FALSE,@SeriDianawati,2025-01-17 12:36:00+00:00,"Tanpa makan siang gratis dulu waktu saya kecil msh bisa bertahan hidup pak ,ga bebanin duit APBN ,to yg bikin menguras APBN itu gaya hidup hedon para pejabat",APBN makan siang gratis,
https://x.com/herrycho_12/status/1880196197480378636,FALSE,@herrycho_12,2025-01-17 10:11:00+00:00,Pemerintah kemarin ga ada program makan siang gratis. Sekarang di ada-ada kan walau menggerogoti APBN yg sangat besar. Awal pelaksanaan aja udah carut marut.,APBN makan siang gratis,
https://x.com/Endah26809176/status/1880177978837201004,FALSE,@Endah26809176,2025-01-17 08:58:00+00:00,Dari dulu udah teriak2 klo apbn defisit anggaran tapi pada budeg... Udah lah ga usah sok2an makan siang gratis,APBN makan siang gratis,
https://x.com/mbah_pujonggo/status/1881863965539733568,FALSE,@mbah_pujonggo,2025-01-22 00:38:00+00:00,"Emangnya ada yang gratis?

Makan siang gratis aja gak ada...
 
No free lunch.....

Nanti juga tagih ke APBN/APBD....",APBN makan siang gratis,
https://x.com/w_i_d_h_i/status/1881612681213583700,FALSE,@w_i_d_h_i,2025-01-21 07:59:00+00:00,"China mengawali kemajuan progresifnya dengan mengirim ribuan mahasiswa ke LN, bahkan saat anak-anak di pelosok masih banyak yg kelaparan.
Di saat tdk ada isu (anak) kelaparan, Indonesia mengalokasikan 1/9 APBN utk pesta makan siang anak sekolah gratis. 
@prabowo @gibran_tweet",APBN makan siang gratis,
https://x.com/HapipRizky/status/1881604090880561542,FALSE,@HapipRizky,2025-01-21 07:25:00+00:00,"Emang gak perlu, toh makan siang gratis itu di bebankan ke APBN, dan APBN rata-rata dari pajak rakyat, dan rakyat hanya jadi sapi perah pajak. Pertanyaan makan siang gratis ini benar-benar gratis apa cuma namanya saja yang gratis???",APBN makan siang gratis,
https://x.com/LembahArfak/status/1881585860522742265,FALSE,@LembahArfak,2025-01-21 06:13:00+00:00,"menurut kami rakyat kecil, lebih utama sahkan UU Perampasan Aset Tndak Pidana.

Sebab: 
1. #IndonesiaDaruratKorupsi 
2. APBN DEFISIT 
3. Program Makan Siang Gratis kesulitan dana
4. Perlu subsidi untuk BBM meningkatkan daya beli rakyat
5. Tak perlu naikkan pajak

@AnlegBK_DPRRI",APBN makan siang gratis,
https://x.com/UwohMe/status/1881584930175733971,FALSE,@UwohMe,2025-01-21 06:09:00+00:00,"Program pemerintah mmng tujuan nya baik contoh nya makan siang gratis kesehatan gratis pendidikan 9 thun gratis bangun akademisi tarap internasional gratis 
Tp dlm pelaksanaan nya APBN kita bonyok gegara hutang LN yg menggundung serta program² d atas rentan d korupsi",APBN makan siang gratis,
https://x.com/_irvanf/status/1881527331656995246,FALSE,@_irvanf,2025-01-21 02:20:00+00:00,"Untuk menghemat APBN, anggaran untuk makan siang gratis dari awal nya 10rb per orang di jadikan 5rb aja, karena yang penting bersyukur bukan untuk kenyang atau bergizi. Karena tiap ada yang kritik di suruh bersyukur",APBN makan siang gratis,
https://x.com/YenniSari1234/status/1881491417928982813,FALSE,@YenniSari1234,2025-01-20 23:58:00+00:00,Komentar anak yag jujur bagus untuk dijadokan koreksi oleh bagian logistik makan siang gratis. Untuk programnya pak prabowo juga sudah bagus daripada apbn larinya ke kantong koruptor mending ke perut anak2. Jangan hanya karena komentar ini Indonesia jadi terpecah belah.,APBN makan siang gratis,
https://x.com/Kimberley_PS08/status/1881482533176774873,FALSE,@Kimberley_PS08,2025-01-20 23:22:00+00:00,"Gratis disini maksudnya tidak dipungut biaya khusus untuk makan siang bergizi karena telah dibiayai atau ditanggung negara. 

Apakah bea siswa dan sekolah gratis kau pikir tidak pakai dana negara / APBN?",APBN makan siang gratis,"{'url': 'https://x.com/candaankosong/status/1881479521419071831', 'avatar': '', 'username': '@candaankosong', 'fullname': 'candaan', 'timestamp': '2025-01-20T23:10:00.000Z', 'text': 'Logika jongkok, bersyukur sih iya tapi sehat cerdas dan tidak stunting itu tidak bisa diselesaikan dengan makan siang. Program ini ide aja yang bagus. Dengan bilang gratis itu salah satu pembodohan publik mana ada program pemerintah yang gratis semua butuh anggaran.', 'links': []}"
https://x.com/Arjunma611/status/1881268834549768531,FALSE,@Arjunma611,2025-01-20 09:13:00+00:00,"Lah emang betul kan MAKAN GRATIS ALOKASI DANANYA DARI APBN, APBN BERSUMBER DARI PAJAK. ARTINYA KALO APBN GA MAMPU BUAT NUTUP ANGGARAN MAKAN SIANG GRATIS YA JANGAN DIPAKSAKAN. KOK MASIH GA NYAMBUNG? SITU MALES MIKIR ATAU EMANG DUNGU?",APBN makan siang gratis,
https://x.com/fransisca_ning/status/1881227736481755548,FALSE,@fransisca_ning,2025-01-20 06:30:00+00:00,"Makanya presiden @Prabowo ... jangan menghalalkan sgala cara & mengumbar janji² manis wkt #kampanye #pilpres 2024 yg lalu demi menang jd Presiden.

Skrg sampeyan pusing kan merealisasikan janji² krn memang #APBN kita belum mampu ngasih makan siang gratis, jutaan rumah gratis dll.",APBN makan siang gratis,
https://x.com/DJ86742454/status/1881227623533261027,FALSE,@DJ86742454,2025-01-20 06:29:00+00:00,"Anggaran makan siang gratis tahun ini 71t kata menteri pangan masih kurang. Perlu tambahan 140t lagi. 

Bobol ngak APBN thn ini?😭",APBN makan siang gratis,
https://x.com/Omonmencle/status/1881224981214019905,FALSE,@Omonmencle,2025-01-20 06:19:00+00:00,"Buset dah si Trump,pikiran doi pasti nih Indonesia yg berisik jadiin aja penampungan,lengkap ada Rohingya ada yamen tambah lagi palestina,minimal satu di antara tiga balikin dulu ke negaranya baru palestina masuk,APBN kita lagi kritis mau GK di kasih makan siang gratis kaya anak""",APBN makan siang gratis,
https://x.com/inijoejoe/status/1881088774555455811,TRUE,@inijoejoe,2025-01-19 21:18:00+00:00,"Makan siang bergizi gratis. 
Gratis apaan?
Dananya diambil dari APBN itu. 
No free lunch!",APBN makan siang gratis,
https://x.com/vandezup/status/1880968963150299149,FALSE,@vandezup,2025-01-19 13:22:00+00:00,"Sudah terjadi.
Cukai -> apbn -> kementrian terkait -> makan siang gratis.

Atau dia ingin semacam CSR.
Pabrik rokok   -> makan siang gratis.",APBN makan siang gratis,
https://x.com/sociotalker/status/1880921528201826605,FALSE,@sociotalker,2025-01-19 10:13:00+00:00,apbn tahun ini 3600 triliun dan alokasi makan siang gratis besarnya 71 triliun. artinya MBG menghabiskan hampir 2% apbn. belum lagi katanya anggaran ini cuma cukup sampe juni. jadi kmungkinan MBG menghabiskan 4% dr apbn.,APBN makan siang gratis,
https://x.com/Amal81gmailcom1/status/1880889230391681109,FALSE,@Amal81gmailcom1,2025-01-19 08:05:00+00:00,"Msh aj cebokin Mulyono.
Klw hilrisasi berhasil
Itu knp GK bs biayai program makan siang gratis.yg ada knp 80% APBN kita d pajak rkyt.
Arti pemerintah tolol.UU blng hsil SDA untuk kesejahtran rkyt.tp bukti nya O.jd buzzer d gaji brp Lo",APBN makan siang gratis,
https://x.com/suharwanto76/status/1880874883074445680,FALSE,@suharwanto76,2025-01-19 07:08:00+00:00,"Inilah kebodohan diawal pemerintahan pa Prabowo MAKAN SIANG GRATIS kenyataannya pake APBN dan pajak dinaikan sedangkan rakyat dikasih minyak goreng kualitas rendah...hutang trus nambah....hutan dibabat bangun lahan sawit, pesisir daratan di privatisasi.Hakim bela yang bayar",APBN makan siang gratis,
https://x.com/suharwanto76/status/1880873957181825151,FALSE,@suharwanto76,2025-01-19 07:04:00+00:00,Pade jangan pake kata gratis donk...bilang aja makan siang Untu anak Indonesia...klo buat saya kata gratis itu sangat mengandung hinaan buat orang berpenghasilan rendah...negara itu sudah seharusnya menyediakan pelayanan yang tanpa membebani rakyat...toh programnya pake APBN,APBN makan siang gratis,
https://x.com/widarto63285827/status/1879667840250486897,FALSE,@widarto63285827,2025-01-15 23:11:00+00:00,"MASJID DI SURABAYA MEMBERIKAN MAKAN SIANG GRATIS TIAP HARI, TANPA RIBET, TANPA MENGGUNAKAN APBN, GAK UTANG KE CHINA
@NgkongRoses @Ganjar_Mahfud03
@newIding30 @DS_yantie @AzamFiqri1
@BANGSAygSUJUD @TiurWahyuni
@Kimberley_PS08 @are_inismyname
@yonobubut70",APBN makan siang gratis,"{'url': 'https://x.com/widarto63285827/status/1794384135928332322', 'avatar': '', 'username': '@widarto63285827', 'fullname': 'Widarto 🇮🇩 #ProDemokrasi (negaraku sedang sakit)', 'timestamp': '2024-05-25T15:04:00.000Z', 'text': 'MAKAN SIANG GRATIS TANPA PAKE APBN MEMBEBANKAN NEGARA\n@prabowo @jokowi @ganjarpranowo @mohmahfudmd  @NgkongRoses @Ganjar_Mahfud03\n@newIding30 @DS_yantie @FaGtng\n@branjangankawat @Anak__Ogi @yangmi3prnew @__whiteenle @AdrianvanFlores  @wandystjk2', 'links': ['https://x.com/prabowo', 'https://x.com/jokowi', 'https://x.com/ganjarpranowo', 'https://x.com/mohmahfudmd', 'https://x.com/NgkongRoses', 'https://x.com/Ganjar_Mahfud03', 'https://x.com/newIding30', 'https://x.com/DS_yantie', 'https://x.com/FaGtng', 'https://x.com/branjangankawat', 'https://x.com/Anak__Ogi', 'https://x.com/yangmi3prnew', 'https://x.com/__whiteenle', 'https://x.com/AdrianvanFlores', 'https://x.com/wandystjk2']}"
https://x.com/ennyraebits/status/1879548246684737806,FALSE,@ennyraebits,2025-01-15 15:16:00+00:00,APBN untuk program makan siang gratis dikata boros karena memang dikorupsi 🤣,APBN makan siang gratis,
https://x.com/HabeahanHitler/status/1879508242977673421,FALSE,@HabeahanHitler,2025-01-15 12:37:00+00:00,"Pemberian MBG sangat baik.
Tetapi apakah APBN kita kuat untuk itu?
Saran saya, lanjutkan Pemberian MBG tetapi cari sumber dana yang lain, misalnya orang tua siswa yang mampu secara ekonomi tidak perlu GRATIS. Ada yg mengurus makan siang anaknya di sekolah sudah baik",APBN makan siang gratis,
https://x.com/devy_casanofa/status/1879504442107806191,FALSE,@devy_casanofa,2025-01-15 12:22:00+00:00,"Saat itu Anggota Dewan Pakar Tim Kampanye Nasional (TKN) Prabowo Subianto-Gibran Rakabuming Raka, Drajad Wibowo yakin, program makan siang gratis tak membuat defisit anggaran APBN menjadi lebih lebar.
Preeeetttt",APBN makan siang gratis,
https://x.com/MamangReborn/status/1879480747402407996,FALSE,@MamangReborn,2025-01-15 10:48:00+00:00,"Katanya makan siang gratis, APBN mampu membiayainya, ga taunya :
- Zakat mau diembat.
- APBD mau diembat.
- PPN 12 %.
- Masyarakat diminta bantu.
Kirain puncak kemunculan orang2 Ngibul ada di Rezim Planga Plongo ternyata berlanjut ke Rezim Fufufafa ?",APBN makan siang gratis,
https://x.com/w_i_d_h_i/status/1879450896029098494,FALSE,@w_i_d_h_i,2025-01-15 08:49:00+00:00,"Bener-bener deh, makan gratis aja udah tombok 450an T.
Ntar klo Indonesia bangkrut, IMF tinggal bilang
""Lah kamu bikin pesta makan siang gratis budgetnya aja 1/9 APBN. Negara mana yg kasih makan rakyat gratis segitu besar?""",APBN makan siang gratis,
https://x.com/EfendiYanto/status/1879445539147993486,FALSE,@EfendiYanto,2025-01-15 08:28:00+00:00,"Jika mau bahas perampingan APBN, saya ajukan bahwa % utk Alusista dan Prasarana senjata Militer utk dialokasikan.
Dan Penerimaan dari Judi, bisa dipakai baik oleh Oknum koruptor atau Beli Senjata Militer.
Krn ga guna juga klo dialokasikan utk BPJS atau Makan Siang Gratis.",APBN makan siang gratis,
https://x.com/sgkxt/status/1879414554385699213,FALSE,@sgkxt,2025-01-15 06:25:00+00:00,"Makan Siang Bergizi Gratis

Kenapa harus ada kata “Gratis” jika dana dari kebijakan tersebut berasal dari APBN, Seharusnya kata “Gratis” dihilangkan saja, apalagi ada isu kalau dana zakat Indonesia mau di kelola untuk mendukung kebijakan tersebut.",APBN makan siang gratis,
https://x.com/RatnosuSuratno/status/1879391950274748511,FALSE,@RatnosuSuratno,2025-01-15 04:55:00+00:00,"Keren ini 😂😂😂
Rakyat cari uang susah disuruh membantu makan siang gratis. Itu tuh tawarkan ke 9 naga yg uangnya melebihi apbn, tapi jangan kaget pasti minta konsesi, imbalannya apa?",APBN makan siang gratis,
https://x.com/nialubiss/status/1879386679586476474,FALSE,@nialubiss,2025-01-15 04:34:00+00:00,"program Makan Bergizi Gratis selain dibiayai APBN, juga didanai dari ZAKAT, Infaq dan Sedekah seperti yg diusulkan PBNU ?

Sungguh ironis kenapa gak gajian kalian aja di potong buat makan siang gratis",APBN makan siang gratis,
https://x.com/LisaKnows3/status/1879329180141367454,FALSE,@LisaKnows3,2025-01-15 00:46:00+00:00,"Mau disulap bagaimanapun, makan siang gratis tidak bisa diteruskan karena menyedot anggaran yang sangat besar sedangkan APBN kita gak mampu.",APBN makan siang gratis,
https://x.com/DwiHarjoko9/status/1879313337160446276,FALSE,@DwiHarjoko9,2025-01-14 23:43:00+00:00,Ada satu solusi untuk mendukung program makan siang gratis tetep jalan yaitu suruh yang bikin divisit APBN 2025 bayar untuk menunjangnya biar g hutang dan hutang lagi,APBN makan siang gratis,
https://x.com/HanifaTiyo12459/status/1879304273898647881,FALSE,@HanifaTiyo12459,2025-01-14 23:07:00+00:00,Nggedabrus pi ngigau wo LG shift 3 blm nyadar politik piye APBN mu Ki lho jebol makan siang mu gratis terancam cm sampai Juni mikir ikn Lo stress PO mo stroke wo kemakan kudetane gaya solo presiden presidenan abis Lo gertak sambal ga tegas ngegas di pidato omon omon dlm kbijakan,APBN makan siang gratis,
https://x.com/muji_pty2077/status/1879291431074013294,FALSE,@muji_pty2077,2025-01-14 22:16:00+00:00,Bisa utk makan siang gratis utk pesantren dan madrasah juga utk sekolah agama lain. Krn sekolah negeri sdh dibiayai apbn walau duit utang dari cina,APBN makan siang gratis,
https://x.com/patardaniel/status/1879180102753525960,FALSE,@patardaniel,2025-01-14 14:53:00+00:00,"Makan siang gratis saat ini masih banyak pakai uang pribadi Prabowo. Oklah, di beberapa tempat masih bergizi. Lah klw nanti pakai APBN dgn biaya 10 ribu satu porsi mau dapat gizi apa?",APBN makan siang gratis,
https://x.com/Darmaningtyas/status/1879167697877143635,FALSE,@Darmaningtyas,2025-01-14 14:04:00+00:00,"Kalau tahu APBN terbatas, siapa yg dulu yg janji makan siang gratis? Setelah sulit terwujud minta warga turut membiayainya",APBN makan siang gratis,"{'url': 'https://x.com/OposisiCerdas/status/1879093958921670743', 'avatar': '', 'username': '@OposisiCerdas', 'fullname': 'OposisiCerdas.com', 'timestamp': '2025-01-14T09:11:00.000Z', 'text': 'Ketua DPD Usul Masyarakat Ikut Biayai Makan Bergizi Gratis Lewat Zakat: APBN Terbatas oposisicerdas.com/2025/01/ke…', 'links': ['https://www.oposisicerdas.com/2025/01/ketua-dpd-usul-masyarakat-ikut-biayai.html']}"
https://x.com/elisabetsulist3/status/1879151548703621284,FALSE,@elisabetsulist3,2025-01-14 13:00:00+00:00,Kalau APBN terbebani ya dibatalkan atau ditunda dulu. Program rawan korupsi dan membuat ribet TNI dan polri yg harus bantu makan siang gratis.,APBN makan siang gratis,
https://x.com/__MeIsMine/status/1879148265213661383,FALSE,@__MeIsMine,2025-01-14 12:47:00+00:00,"Janji manis pilpres, makan siang gratis 🤭

Baru seminggu diterapin dah teriak APBN terbatas 

Gini amat punya pemerintah, Pejabat disayang rakyat dibuat sengsara 😴

Blm Lagi mikir apa2 sekarang dipajakkin 🥴",APBN makan siang gratis,
https://x.com/KabarTeddy/status/1930426147902554483,FALSE,@KabarTeddy,2025-06-05 00:47:00+00:00,Seskab Teddy Indra Wijaya Dampingi Presiden Prabowo Berikan Arahan Strategis untuk SPPI demi Suksesnya Program Makan Bergizi Gratis secara Nasional,Program Makan Gratis Prabowo,
https://x.com/ekonomimaju/status/1930557002088079739,FALSE,@ekonomimaju,2025-06-05 09:27:00+00:00,"Presiden Prabowo mengalokasikan Rp 446 triliun dari APBN untuk 11 program prioritas demi meningkatkan kesejahteraan rakyat. Program mencakup makan bergizi gratis, pembangunan rumah, sekolah, hingga layanan kesehatan.",Program Makan Gratis Prabowo,
https://x.com/nofeember_/status/1930541002517102799,FALSE,@nofeember_,2025-06-05 08:23:00+00:00,"Eh wo @prabowo kata gua mah teh dari pada makan gratis, mending pendidikan gratis aja gmna? lebih mendukung program indonesia emasmu. Hmmm apa kamu engga suka kalo rakyat pada pinter? soalnya ga bisa dibego-begoin pemerintah hehehe",Program Makan Gratis Prabowo,
https://x.com/jauzaria/status/1930531946288800069,FALSE,@jauzaria,2025-06-05 07:47:00+00:00,"📢 11 Program Prioritas Prabowo, Telan Anggaran Rp446 Triliun! 💰🇮🇩
Bukan sekadar janji, inilah langkah nyata menuju Indonesia Cerah: makan bergizi gratis, rumah untuk rakyat, sekolah unggul, hingga layanan kesehatan gratis!...",Program Makan Gratis Prabowo,
https://x.com/Dharma_wira14/status/1930510016399970370,FALSE,@Dharma_wira14,2025-06-05 06:20:00+00:00,"📢 11 Program Prioritas Prabowo, Telan Anggaran Rp446 Triliun! 💰🇮🇩
Bukan sekadar janji, inilah langkah nyata menuju Indonesia Cerah: makan bergizi gratis, rumah untuk rakyat, sekolah unggul, hingga layanan kesehatan gratis! 💪

#IndonesiaCerah
#ProgramPrioritasPrabowo
#Rakyat",Program Makan Gratis Prabowo,
https://x.com/Lilis_Sulastr1/status/1930510003062063185,FALSE,@Lilis_Sulastr1,2025-06-05 06:20:00+00:00,"11 Program Prioritas Prabowo, Telan Anggaran Rp446 Triliun! 💰🇮🇩
Bukan sekadar janji, inilah langkah nyata menuju Indonesia Cerah: makan bergizi gratis, rumah untuk rakyat, sekolah unggul, hingga layanan kesehatan gratis! 💪

#IndonesiaCerah
#ProgramPrioritasPrabowo",Program Makan Gratis Prabowo,
https://x.com/raisi_rasi66/status/1930485900611326187,FALSE,@raisi_rasi66,2025-06-05 04:44:00+00:00,"Prabowo soal program makan gratis dapet dukungan real dari masyarakat Papua, vibes positif banget",Program Makan Gratis Prabowo,
https://x.com/TeinjiDeWulf/status/1877285674027450659,FALSE,@TeinjiDeWulf,2025-01-09 09:25:00+00:00,"Setiap pemerintahan ada korupsi, kritik itu diperlukan untuk menyadarkan. 
Contoh sekarang ""makan siang gratis"" Itu notaben nya ga gratis tapi make apbn yg sumber terbesarnya dari pajak dimana paling berperan adalah masy menengah. Dan sekarang ada narasi ""make duit pribadi""",APBN makan siang gratis,
https://x.com/IdeBagus_store/status/1931403682563997837,TRUE,@IdeBagus_store,2025-06-07 17:31:00+00:00,"Program Makan Bergizi Gratis
Kata Bergizi nya bukan kata istimewa

Karena makanan tersebut sudah mudah didapat, di warteg, warpad, warkun dll semua tersedia murah meriah

Makin tak istimewa karena Anggaranya Fantastis

Cc: @prabowo
@bang_dasco
@Gerindra",Program Makan Gratis Prabowo,"{'url': 'https://x.com/BigAlphaID/status/1931169804804862225', 'avatar': '', 'username': '@BigAlphaID', 'fullname': 'Big Alpha', 'timestamp': '2025-06-07T02:02:00.000Z', 'text': '11 Program Unggulan, menurut kalian anggarannya proporsional nggak? 🤔', 'links': [], 'images': ['https://pbs.twimg.com/media/GszksTMacAA5Sn9.jpg']}"
https://x.com/nusaframe/status/1923177859629174793,FALSE,@nusaframe,2025-05-16 00:45:00+00:00,"Program Prabowo 2024 -> Makan Siang Gratis
Program KDM 2029 -> kembali ke Barak",Program Makan Siang Gratis,"{'url': 'https://x.com/BaseBDG/status/1922942039601143986', 'avatar': '', 'username': '@BaseBDG', 'fullname': 'BANDUNG FESS | Kirim menfess gratis cek 📌', 'timestamp': '2025-05-15T09:08:00.000Z', 'text': '💛 gimana menurut kalian gaes?', 'links': [], 'images': ['https://pbs.twimg.com/media/Gq-pl_NWoAAYYAE.jpg']}"
https://x.com/neverinav/status/1923040003485049118,FALSE,@neverinav,2025-05-15 15:37:00+00:00,abis dikasih program makan siang gratis kh???,Program Makan Siang Gratis,
https://x.com/VeoUenoyama/status/1922993262152863935,FALSE,@VeoUenoyama,2025-05-15 12:31:00+00:00,Dukung gue dan program gue setiap sahabat bnuuy dapat rumah 10 tingkat lengkap dengan kolam renang dan sekolah dan makan siang gratis.,Program Makan Siang Gratis,
https://x.com/KoramilSedayu/status/1922942667190669318,FALSE,@KoramilSedayu,2025-05-15 09:10:00+00:00,Babinsa Koramil 02/Sedayu Koptu Nicholas Aditya melaksanakan Monitoring dan Pendampingan dalam Rangka Makan Siang Gratis Program BGN(Badan Gizi Naional)Bertempat di SD Muhammadiyah TAPEN Argosari Kap.Sedayu Bantul.,Program Makan Siang Gratis,
https://x.com/booyprado/status/1922929030250004905,FALSE,@booyprado,2025-05-15 08:16:00+00:00,harus ikut program makan siang gratis sih,Program Makan Siang Gratis,
https://x.com/theluckiestboy/status/1922906191778206137,FALSE,@theluckiestboy,2025-05-15 06:45:00+00:00,efek berhentinya program makan siang gratis,Program Makan Siang Gratis,
https://x.com/ArifSubagiyo2/status/1922857289783882090,FALSE,@ArifSubagiyo2,2025-05-15 03:31:00+00:00,"Target 82,9 juta penerima manfaat program makan siang gratis #MBG2025",Program Makan Siang Gratis,
https://x.com/diaharmayanti1/status/1922846144381526228,FALSE,@diaharmayanti1,2025-05-15 02:47:00+00:00,"Target 82,9 juta penerima manfaat program makan siang gratis #MBG2025",Program Makan Siang Gratis,
https://x.com/itslinong/status/1922844324619788302,FALSE,@itslinong,2025-05-15 02:39:00+00:00,"blio sangat menyayangkan program MBG karena itu blio kena PHK efisiensi. blio bilang “anak dapet makan siang gratis, malemnya keluarga bingung makan apa karna gaada pemasukan.”
grabcar daerah gue emg sepii bgt, maklum kabupaten.",Program Makan Siang Gratis,
https://x.com/seonggok_cerita/status/1922733815950139834,FALSE,@seonggok_cerita,2025-05-14 19:20:00+00:00,"Program Makan Siang Gratis di targetkan mampu menjangkau 82juta penerima manfaat ..

Bertahap

--tags--
Mayday #LanjutkanSolidaritas Parlemen OKI Raisa Mediapemusnah Faktanyata",Program Makan Siang Gratis,
https://x.com/JNursiyono/status/1922688305461608760,FALSE,@JNursiyono,2025-05-14 16:19:00+00:00,"semua ini diperpanjang krn mengalihkan isu, program prabowo gibran banyak yg belum nggebrak btw, makan siang gratis minim kritik, program lainnya juga, please, bangun 😂😂😂😂",Program Makan Siang Gratis,
https://x.com/JNursiyono/status/1922686932930162722,FALSE,@JNursiyono,2025-05-14 16:14:00+00:00,"Program prabowo gibran minim kritikan btw, wkwk, jelas banget pengalihan isu ini berhasil bgt, makan siang gratis mangkrak, proyek2 tidak jelas, danantara apalagi, tp org fokus ke hal lain, program prabowo gibran gk ada yg komen dan kritik, bangun woy",Program Makan Siang Gratis,
https://x.com/saskiadina7/status/1922644022109057360,FALSE,@saskiadina7,2025-05-14 13:23:00+00:00,"Tidak semua anak beruntung bisa mendapatkan uang saku dr orangtuanya, dgn adanya program MBG ini ada banyak anak² yg terbantu dan bisa merasakan makan siang di sekolah secara gratis dr pemerintah. Lanjutkan MBG program bermanfaat 👍

#BGNFastRespon
JENO JAEMIN Sunderland #BINI",Program Makan Siang Gratis,
https://x.com/nordianiz/status/1922530545709302237,FALSE,@nordianiz,2025-05-14 05:52:00+00:00,Entah kenapa kok di paksain banget program makan siang gratis .klo kata saya mending sekolah gratis berkualitas yg saya yakin pasti anak indonesia cerdas dan pintar ke depan nya.,Program Makan Siang Gratis,
https://x.com/nordianiz/status/1922261912403808725,FALSE,@nordianiz,2025-05-13 12:05:00+00:00,Saya lebih suka program sekolah berkualitas gratis dari pada makan siang gratis,Program Makan Siang Gratis,
https://x.com/kimmiynju/status/1922246123420262589,FALSE,@kimmiynju,2025-05-13 11:02:00+00:00,Emangnya ini program makan siang tah? Masa gratis gitu aja. Ada bayarannya dong pasti 😂,Program Makan Siang Gratis,
https://x.com/georgetodzira_/status/1922202281635680680,TRUE,@georgetodzira_,2025-05-13 08:08:00+00:00,"Coba deh,aceh dan sumbar minta ganti program dari makan siang gratis 
ke sekolah gratis,karena 2 daerah kalian lebih milih sekolah gratis.",Program Makan Siang Gratis,"{'url': 'https://x.com/Aceh/status/1922103730021007632', 'avatar': '', 'username': '@Aceh', 'fullname': 'Aceh 🇮🇩🇹🇷🇵🇸', 'timestamp': '2025-05-13T01:36:00.000Z', 'text': 'Haram Sekolah Negri berbisnis dengan keluarga miskin di Aceh! Gubernur Aceh harus turun tangan  jangan sampai kasus seperti ini terulang...', 'links': []}"
https://x.com/rucifereu/status/1922161136247451709,FALSE,@rucifereu,2025-05-13 05:25:00+00:00,alhamdulilah dapet program makan siang gratis dari amber @naspadayamgulai semoga rejeki amber lancar terus aamiin 😇🫰🏻,Program Makan Siang Gratis,
https://x.com/q2_rockz/status/1922148619844526140,FALSE,@q2_rockz,2025-05-13 04:35:00+00:00,"Dikasih program sekolah gratis malah milih makan siang gratis het dasar SDM rendah ,lo makan tuh 58%",Program Makan Siang Gratis,
https://x.com/AmandaSayasane4/status/1922148413920915961,FALSE,@AmandaSayasane4,2025-05-13 04:34:00+00:00,Program makan siang gratis dari pemerintah sedang berjalan untuk membantu jutaan anak Indonesia. #MakanBergiziGratis #MBG #PemerataanGizi,Program Makan Siang Gratis,"{'url': 'https://x.com/pendekarkocak/status/1922133273817341963', 'avatar': '', 'username': '@pendekarkocak', 'fullname': 'Pendekar Kocak', 'timestamp': '2025-05-13T03:34:00.000Z', 'text': 'Pemerintah hadir melalui program makan siang gratis, bukan sekadar memberi makanan tapi memberi kesempatan. #MakanBergiziGratis #MBG #PemerataanGizi', 'links': ['https://x.com/search?q=%23MakanBergiziGratis', 'https://x.com/search?q=%23MBG', 'https://x.com/search?q=%23PemerataanGizi'], 'images': ['https://pbs.twimg.com/media/GqzJlHNacAAKjUk.jpg']}"
https://x.com/pendekarkocak/status/1922134117497426262,FALSE,@pendekarkocak,2025-05-13 03:37:00+00:00,"Pemerintah hadir melalui program makan siang gratis, bukan sekadar memberi makanan tapi memberi kesempatan. #MakanBergiziGratis #MBG #PemerataanGizi",Program Makan Siang Gratis,"{'url': 'https://x.com/pendekarkocak/status/1922133273817341963', 'avatar': '', 'username': '@pendekarkocak', 'fullname': 'Pendekar Kocak', 'timestamp': '2025-05-13T03:34:00.000Z', 'text': 'Pemerintah hadir melalui program makan siang gratis, bukan sekadar memberi makanan tapi memberi kesempatan. #MakanBergiziGratis #MBG #PemerataanGizi', 'links': ['https://x.com/search?q=%23MakanBergiziGratis', 'https://x.com/search?q=%23MBG', 'https://x.com/search?q=%23PemerataanGizi'], 'images': ['https://pbs.twimg.com/media/GqzJlHNacAAKjUk.jpg']}"
https://x.com/pendekarkocak/status/1922133273817341963,FALSE,@pendekarkocak,2025-05-13 03:34:00+00:00,"Pemerintah hadir melalui program makan siang gratis, bukan sekadar memberi makanan tapi memberi kesempatan. #MakanBergiziGratis #MBG #PemerataanGizi",Program Makan Siang Gratis,
https://x.com/abyyysn3/status/1922106581157577126,FALSE,@abyyysn3,2025-05-13 01:48:00+00:00,6m mahh kecil njirr apa kabar yang korupsi triliunan sama anggaran makan siang gratis yang gak jelas isinya aja masih mahalan program pemerintah,Program Makan Siang Gratis,
https://x.com/baereebebae/status/1921960959440011549,FALSE,@baereebebae,2025-05-12 16:09:00+00:00,"Saya miris melihat perdebatan tidak bermutu di Indonesia ini. Memperdebatkan ijazah seseorang, disisi lain ada yang orang jahat mengambil keuntungan hina dari program makan siang gratis, korupsi merajalela. Lalu rakyat mau jadi apa? Cuma tau komplen kalian dapat apa?",Program Makan Siang Gratis,
https://x.com/WarisanKakung/status/1921915251676586333,FALSE,@WarisanKakung,2025-05-12 13:07:00+00:00,"Emangnya program makan siang dan bergizi gratis itu programnya pak jokowi tah..?
Kok kamu menyebut berkelanjutan.. 🤣🤣
Dari sini saja emang kamu gx bisa mikir kok gx mau direndahkan.. 🤣🤣",Program Makan Siang Gratis,
https://x.com/grok/status/1921898462003798159,TRUE,@grok,2025-05-12 12:01:00+00:00,"Mengenai rencana Presiden Prabowo membuka impor produk AS, termasuk susu dan daging, untuk merespons tarif ekspor 32% dari AS, kebijakan ini bertujuan menjaga hubungan dagang dan memenuhi kebutuhan domestik, seperti program makan siang gratis. Tarif berfungsi melindungi industri lokal, mengatur neraca perdagangan, dan sebagai alat negosiasi. Namun, peternak sapi perah di Boyolali menghadapi ancaman serius karena susu impor lebih murah, menyebabkan susu lokal tak terserap, seperti terlihat dalam protes pembuangan 50.000 liter susu. Peternak daging juga berisiko menghadapi persaingan serupa, meski datanya terbatas. Pemerintah menawarkan pelatihan, namun efektivitasnya dipertanyakan.",Program Makan Siang Gratis,
https://x.com/ihaeblx/status/1921822137435799986,FALSE,@ihaeblx,2025-05-12 06:57:00+00:00,"mantep banget deh perjuangan beliau ini demi makan siang gratis #PerjuanganSekolahGratis
Sekolah Rakyat Program Presiden Prabowo",Program Makan Siang Gratis,
https://x.com/ndhakrz/status/1921796748965462419,FALSE,@ndhakrz,2025-05-12 05:17:00+00:00,"ya gimana program dia dari awal debat kan msg (makan siang gratis) malah bukan mbg jadi ya ga aneh juga kalo dia ga ngerti awal sampe akhirnya gimana🤷
dan kalo diberentiin mungkin dia bingung program penggantinya apa kan cuma 1 program yg dibanggakan selama kampanye",Program Makan Siang Gratis,
https://x.com/bptusembawa/status/1921755853419352169,FALSE,@bptusembawa,2025-05-12 02:34:00+00:00,"Ternak Tahukah kamu Kementan terus mendorong modernisasi peternakan ayam petelur demi memastikan pasokan telur yang cukup, higienis, dan berkualitas untuk mendukung program Makan Siang Bergizi Gratis (MBG) bagi jutaan siswa Indonesia. @ditjen_pkh

facebook.com/share/v/1AMuN4…",Program Makan Siang Gratis,"{'url': 'https://x.com/ditjen_pkh/status/1921462974222365167', 'avatar': '', 'username': '@ditjen_pkh', 'fullname': 'Ditjen Peternakan dan Keswan', 'timestamp': '2025-05-11T07:10:00.000Z', 'text': 'Hai #Sobat Ternak Tahukah kamu Kementan terus mendorong modernisasi peternakan ayam petelur demi memastikan pasokan telur yang cukup, higienis, dan berkualitas untuk mendukung program Makan Siang Bergizi Gratis (MBG) bagi jutaan siswa Indonesia.\n\nfacebook.com/share/v/1AMuN41…', 'links': ['https://x.com/search?q=%23Sobat', 'https://www.facebook.com/share/v/1AMuN41hsT/']}"
https://x.com/ilsasfst/status/1921701763003932941,FALSE,@ilsasfst,2025-05-11 22:59:00+00:00,"Pertama, alasan yang gak nyambung. Kedua, lu nih goblok juga ya bilang umay tone deaf karena dia nyindir program makan siang gratis selama pemilu, sedangkan dia punya hak untuk kritik.",Program Makan Siang Gratis,
https://x.com/FishIkan444/status/1921658469460975741,FALSE,@FishIkan444,2025-05-11 20:07:00+00:00,tapi kan kalo disuruh dateng ke lok syuting buat makan siang gratis jg gpp daripada siswa siswi makan program MBG ini and look at now👀banyak siswa siswi yg keracunan gara - gara program ini😙,Program Makan Siang Gratis,
https://x.com/elisabetsulist3/status/1877269918309081204,FALSE,@elisabetsulist3,2025-01-09 08:23:00+00:00,APBN sudah tekor dan minus tahun kemarin ditambah sekarang beban baru APBN makan siang gratis mau nutup dari mana???,APBN makan siang gratis,
https://x.com/CinereUnun41935/status/1877238382360723600,FALSE,@CinereUnun41935,2025-01-09 06:18:00+00:00,"Makan siang kaga bergizi,kaga gratis, dananya dari apbn,duit pajak rakyat,,buzerp penjilat",APBN makan siang gratis,
https://x.com/hero_n_bhank/status/1877227314401902766,FALSE,@hero_n_bhank,2025-01-09 05:34:00+00:00,"Ternyata MBG bernilai 10 RB sesuai dg nilai rupiah saat ini seperti itu ya 🤦‍♂️
Bergizi tp tidak memenuhi standar kebutuhan makan siang/pagi seorang anak 🤦‍♂️
Gratis tapi memakan APBN 71 triliun 🤦‍♂️

Inilah realisasi program omon-omon Prabowo 😏",APBN makan siang gratis,
https://x.com/gedangqluthuk/status/1877202845272859029,FALSE,@gedangqluthuk,2025-01-09 03:56:00+00:00,Coba itu anak2 junjunganmu pada makan menu makan siang gratis. Coba² kok ke rakyat pake duit apbn lagi. Penjilat penjilat,APBN makan siang gratis,
https://x.com/INDONESIAPERKS4/status/1877140658059657498,TRUE,@INDONESIAPERKS4,2025-01-08 23:49:00+00:00,"APBN PULUHAN TRILIUN UNTUK PROGRAM MAKAN SIANG GRATIS BERAKHIR DI ""JAMBAN"" 

Sudahlah Pak @prabowo Gak Usah Dipaksa Program Gak Bermutu itu, hanya akan menambah Daftar Panjang Koruptor Nantinya

Negara Sudah Defisit Rp.500T
Anak Sekolah kan sudah tanggung jawab orangtuanya.",APBN makan siang gratis,"{'url': 'https://x.com/ch_chotimah2/status/1876590121103032344', 'avatar': '', 'username': '@ch_chotimah2', 'fullname': 'Chusnul ch💞timah', 'timestamp': '2025-01-07T11:22:00.000Z', 'text': '71 T cuma sampai bulan Juni, belum mencakup seluruh anak Indonesia.\nlalu akn minta tambahan anggaran 140 T, juga belum mencakup semua anak Indonesia.\n211 T habis tapi ga dinikmati semua anak.🤦\n\nAnggaran Makan Bergizi Gratis Rp71 T Cuma Cukup Sampai Juni.\ncnnindonesia.com/ekonomi/202…', 'links': ['https://www.cnnindonesia.com/ekonomi/20250107130605-92-1184530/anggaran-makan-bergizi-gratis-rp71-t-cuma-cukup-sampai-juni']}"
https://x.com/Stakof/status/1877083879309254998,TRUE,@Stakof,2025-01-08 20:04:00+00:00,"Saya setuju dengan Makan Siang Gratis, karena memang dibutuhkan (negara lain sudah banyak yang menerapkan).

Tapi jika melihat postur APBN, tingkat kesejahteraan guru, dan prioritas pembangunan masih banyak PR, saya malah jadi was-was.

IKN juga belum selesai dibangun.",APBN makan siang gratis,
https://x.com/ddddwiki/status/1876943536911733197,FALSE,@ddddwiki,2025-01-08 10:46:00+00:00,Gue ngebayangin proyeksi anggaran makan siang gratis 420 Triliun + IKN yang perlu 460 Tiriliun (40 Triliun dr APBN). Jadi itu infrastruktur primer sampe ke kapubaten kayak Tembilahan,APBN makan siang gratis,
https://x.com/sayabukanavatar/status/1876914989056836020,FALSE,@sayabukanavatar,2025-01-08 08:52:00+00:00,"Sempet kepikiran gimana kalo program makan siang gratis dibikin skala pengelolaannya lebih mengerucut lagi misalkan persekolah. Karna program ini jadi beban APBN yang besar, gimana kalo programnya dibikin lebih tepat sasaran dengan cara libatin orang tua",APBN makan siang gratis,
https://x.com/ameriken0__/status/1876912579202683213,TRUE,@ameriken0__,2025-01-08 08:43:00+00:00,"Yg nyari vendor makan siang gratis nih siapa sih? Sumpah kesel bgt gue liat makan siang gratis core, APBN di buang2 buat makanan yg gak kemakan sama anak2, dimakan pun tidak bergizi seimbang, kocak bener.

Yang kenyang jdnya bukan anak2, tuh orang2 yg di rantai distribusi nya kenyang makan APBN.",APBN makan siang gratis,"{'url': 'https://x.com/PaltiWest/status/1876528692043919799', 'avatar': '', 'username': '@PaltiWest', 'fullname': 'Bang #Nalar ☕️', 'timestamp': '2025-01-07T07:17:00.000Z', 'text': 'Hari Kedua Makan Bergizi Gratis Tahap Pertama Kelas 1 & 2 di SDN No. 74 Kota Tengah Gorontalo..\n\nMonggo menunya gaes..', 'links': [], 'images': ['https://pbs.twimg.com/media/GgrE5plb0AA4o4E.jpg']}"
https://x.com/lhlukman/status/1876879871026094182,FALSE,@lhlukman,2025-01-08 06:33:00+00:00,"Biar gak dikira pencitraan, lbh baik semua pejabat dipotong gajinya utk biaya ""Makan Siang Bergizi Beneran Gratis"" misalnya setiap pejabat menanggung minimal 1 org murid. Jadi APBN bisa lbh hemat. Colek @DPR_RI Pak @prabowo #makansianggratis
merdeka.com/peristiwa/video-…",APBN makan siang gratis,
https://x.com/Jog11111/status/1876873639200489692,FALSE,@Jog11111,2025-01-08 06:08:00+00:00,EMANG SEBELUM ADA MAKAN SIANG GRATIS SISWA2 GAK MAKAN GITU? LU KIRA SEMUA ORTU KASIH ANAK MEREKA LAUK CUMA TAHU TEMPE DAN SAYUR BENYEK? 10 RIBU RP SEKARANG DAPAT APA? MANFAAT GUNDULMU PALING JUGA APBN BONCOS.,APBN makan siang gratis,
https://x.com/Bangrusag1/status/1876842410908533216,FALSE,@Bangrusag1,2025-01-08 04:04:00+00:00,"Mana ada makan siang GRATIS, pintar2 bodoh... klo di jaman skrg namanya dana talangan 3% nunggu APBN cair  😂😂😂",APBN makan siang gratis,
https://x.com/tsetiady/status/1876835526369550836,FALSE,@tsetiady,2025-01-08 03:37:00+00:00,"agak ganggu juga sama istilah Makan Siang Gratis, padahal ini kan biaya dari APBN, kayak jalan umum juga kan dari uang pajak juga ambilnya nggak ada tuh istilah gratis dipake

selain itu cuma 10k/porsi ini memang kayaknya setengah hati banget mau ngasih makan anak sekolahan",APBN makan siang gratis,
https://x.com/IsmailBhakti/status/1876795536319144219,TRUE,@IsmailBhakti,2025-01-08 00:58:00+00:00,"Pak @prabowo , @Gerindra , @setkabgoid klo tahun ini anggaran msh terbatas, prioritaskan program makan siang gratis tsb untuk sekolah yg dominan anak2 miskin, anak2 klp menengah atas biar bawa bekal sendiri ke sekolah jgn dibiayai APBN",APBN makan siang gratis,"{'url': 'https://x.com/aewin86/status/1876598728871887263', 'avatar': '', 'username': '@aewin86', 'fullname': 'Ewing 🎧', 'timestamp': '2025-01-07T11:56:00.000Z', 'text': 'gak ngerti sama orang yang menolak dan mencemooh program makan bergizi gratis. bahkan sampe sebar hoax.', 'links': [], 'images': ['https://pbs.twimg.com/media/GgsEl6oaIAA5vXI.jpg', 'https://pbs.twimg.com/media/GgsEl6obkAAwu6y.jpg', 'https://pbs.twimg.com/media/GgsEl6qaQAAGQTh.jpg']}"
https://x.com/INDONESIAPERKS4/status/1876790897800565122,FALSE,@INDONESIAPERKS4,2025-01-08 00:39:00+00:00,"Target Mulyono Selama 10 tahun pertumbuhan ekonomi cuma di Range 5% itupun STAGNAN

Rezim ini belum ada Target Pencapaian, Hanya Target Meraup APBN utk Program Makan Siang Gratis‼️ 

PPN 11%-12% TERTINGGI di ASEAN
APBN MASIH TEKOR Rp.500 T

MENUJU INDONESIA CEMAS 😱

@DPR_RI",APBN makan siang gratis,
https://x.com/AsharIbnu/status/1876790586809725095,FALSE,@AsharIbnu,2025-01-08 00:38:00+00:00,"Awasi terus MAKAN SIANG GRATIS (MSG)
*MSG, BUKAN PROG PENGENTASAN KEMISKINAN, Krn tidak memberdayakan org miskin
*MSG, tidak masuk dlm APBN 2025
* APBN SDH TEKOR 400T
per akhir des 2024
* Pemborosan Anggaran,
Hanya hura-2 
* Masih banyak 25% anak miskin yg perlu diberi mkn.",APBN makan siang gratis,
https://x.com/AsharIbnu/status/1876785986375414086,FALSE,@AsharIbnu,2025-01-08 00:20:00+00:00,"B Prasetya...
APBN TEKOR 400 T per akhir des 2024...
MAKAN SIANG GRATIS (MSG) TDK ADA DLM APBN 2024/2025.

MSG, BUKAN PROG 
PENGENTASAN KEMISKINAN .. Krn tidak
MEMBERDAYAKAN ORG 
MISKIN.

MSG.. seharusnya diberikan hny KPD siswi yg miskin...BKN KPD SISWI YG KAYA ( yg dibelakang)",APBN makan siang gratis,
https://x.com/CakRasyid/status/1876783783447277867,FALSE,@CakRasyid,2025-01-08 00:11:00+00:00,"Belum ada Petunjuk Teknis  ?
MAKAN SIANG GRATIS
mulai 6 Januari 2025

Bagaimana LPJ Penggunaan Anggaran Negara ?

#makansianggratis
#ProgramPrioritas
#Presiden
#anggaranNegara
#APBN",APBN makan siang gratis,
https://x.com/herlsionaAni/status/1930474753607045125,FALSE,@herlsionaAni,2025-06-05 04:00:00+00:00,"Presiden Prabowo kucurkan Rp 2.444 T untuk program rakyat yang dimana hal ini salah satu fungsi nya yaitu untuk memberikan makan bergizi gratis.
#StimulusEkonomiPresiden
Dari Rakyat Untuk Rakyat",Program Makan Gratis Prabowo,
https://x.com/elnath_reen/status/1930445620780908963,FALSE,@elnath_reen,2025-06-05 02:04:00+00:00,"11 Program Prioritas Prabowo, Telan Anggaran Rp446 Triliun!
Bukan sekadar janji, inilah langkah nyata menuju Indonesia Cerah: makan bergizi gratis, rumah untuk rakyat, sekolah unggul, hingga layanan kesehatan gratis!

#IndonesiaCerah
#ProgramPrioritasPrabowo
#RakyatSejahtera",Program Makan Gratis Prabowo,
https://x.com/nanang04381244/status/1930443834124820972,FALSE,@nanang04381244,2025-06-05 01:57:00+00:00,"11 Program Prioritas Prabowo, Telan Anggaran Rp446 Triliun! 💰🇮🇩
Bukan sekadar janji, inilah langkah nyata menuju Indonesia Cerah: makan bergizi gratis, rumah untuk rakyat, sekolah unggul, hingga layanan kesehatan gratis! 💪

#IndonesiaCerah
#ProgramPrioritasPrabowo",Program Makan Gratis Prabowo,
https://x.com/aila_edah21/status/1930387033132044675,FALSE,@aila_edah21,2025-06-04 22:11:00+00:00,Prabowo dapet pujian dari Papua karena keberhasilan program makan bergizi gratis yang sangat bermanfaat,Program Makan Gratis Prabowo,
https://x.com/hnirankara/status/1879882582189625712,TRUE,@hnirankara,2025-01-16 13:25:00+00:00,"""Mengkudeta"" Pemerintah dengan Cara yang Elegan

Belum genap 100 hari pemerintahan Prabowo, banyak kritik yang dilontarkan oleh masyarakat, mulai dari kenaikan PPN 12%, Program Makan Bergizi Gratis, hingga pagar laut misterius yang melanggar kedaulatan negara, yang ditengarai milik Agung Sedayu Group. Sedangkan kritik maupun kasus yang lain? Tentu setiap hari kita disuguhi berita tentang tingkah konyol aparat kepolisian, entah itu bertindak represif bahkan yang paling parah, menembak mati siswa sekolah di Semarang.

Jenuh? Bosan? Sudah biasa. Bagaimana dengan “muak”? Apakah kalian sudah merasa muak dengan 10 tahun kepemimpinan Jokowi, ditambah dengan kepemimpinan Prabowo yang tidak terlalu berbeda dengan Jokowi? Nah yang jadi pertanyaan, “Apa yang harus kita lakukan ketika sudah merasa muak dengan rezim yang mempermainkan hukum dan kedaulatan negara?”.

Sempat terpikir oleh Saya, bagaimana jika kita melakukan “kudeta” tapi dengan cara yang elegan? Maksudnya, kudeta identik dengan kekerasan, demo di jalan, chaos, dan hal-hal yang mengerikan. Namun jika kita melakukan “kudeta” dengan cara yang elegan, hal-hal mengerikan tadi bisa diminimalisir. Tujuannya? Tentu bukan untuk mengambil alih kekuasaan, melainkan menyadarkan pemerintah bahwa kita semua sudah muak dengan segala carut marut yang terjadi di Indonesia.

-Sebuah Esai-",Program Makan Gratis Prabowo,
https://x.com/telukpakedai/status/1929836021715435540,FALSE,@telukpakedai,2025-06-03 09:42:00+00:00,POLRI PERLUAS DAPUR MAKAN BERGIZI GRATIS (SPPG POLRI) UNTUK DUKUNG PROGRAM MAKANAN BERGIZI PRESIDEN PRABOWO,Program Makan Gratis Prabowo,
https://x.com/99propaganda/status/1930233592032178257,FALSE,@99propaganda,2025-06-04 12:02:00+00:00,"Sentul Jawa Barat 4 Juni 2025

Presiden Prabowo memberikan pengarahan langsung kepada para Sarjana Penggerak Pembangunan Indonesia (SPPI) yang menjadi garda terdepan dalam pelaksanaan Program Makan Bergizi Gratis.

Turut hadir pula Badan Gizi Nasional dan Menteri Pertahanan.",Program Makan Gratis Prabowo,
https://x.com/linar_ardianto/status/1930170760909541594,FALSE,@linar_ardianto,2025-06-04 07:52:00+00:00,"Tumbuh bareng gizi terbaik ala Program Makan Bergizi Gratis, thanks to Presiden Prabowo",Program Makan Gratis Prabowo,
https://x.com/grok/status/1930086939207840107,TRUE,@grok,2025-06-04 02:19:00+00:00,"Presiden Prabowo telah meluncurkan beberapa kebijakan pro-rakyat sejak menjabat pada 2024. Program Makan Bergizi Gratis menyediakan makanan untuk 83 juta anak sekolah dan ibu hamil, bertujuan mengatasi malnutrisi. Food Estate diperluas untuk ketahanan pangan, menambah 3 juta hektar lahan pertanian. Kebijakan lain termasuk keringanan pajak untuk pembeli rumah dan sekolah berasrama untuk anak miskin. Meski mendapat dukungan publik dengan approval rating 81%, ada kritik soal keberlanjutan anggaran dan dampak lingkungan. Isu hak asasi, seperti di Papua Barat, juga jadi sorotan. Efektivitas jangka panjang kebijakan ini masih perlu dievaluasi.",Program Makan Gratis Prabowo,
https://x.com/dimad_wicaksono/status/1930079659288605034,FALSE,@dimad_wicaksono,2025-06-04 01:50:00+00:00,Program Makan Bergizi Gratis adalah langkah solid Presiden Prabowo ciptakan masa depan cerahProgram Makan Bergizi Gratis dari Presiden Prabowo bikin kita makin yakin sama masa depan Indonesia,Program Makan Gratis Prabowo,
https://x.com/dimad_wicaksono/status/1930076822341071162,FALSE,@dimad_wicaksono,2025-06-04 01:39:00+00:00,Program Makan Bergizi Gratis adalah langkah solid Presiden Prabowo ciptakan masa depan cerahProgram Makan Bergizi Gratis dari Presiden Prabowo bikin kita makin yakin sama masa depan Indonesia,Program Makan Gratis Prabowo,
https://x.com/emily_estiana/status/1930075393501081977,FALSE,@emily_estiana,2025-06-04 01:33:00+00:00,Program Makan Bergizi Gratis inisiatif Presiden Prabowo yang bikin masa depan Indonesia Emas bukan angan,Program Makan Gratis Prabowo,
https://x.com/siti_amira05/status/1931868983009141193,FALSE,@siti_amira05,2025-06-09 00:20:00+00:00,Program Makan Bergizi Gratis dari Presiden Prabowo jadi langkah besar mendukung impian Indonesia Emas 2045 dengan SDM unggul,Program Makan Gratis Prabowo,
https://x.com/daliono_damanik/status/1931867378725655029,FALSE,@daliono_damanik,2025-06-09 00:14:00+00:00,"Program Makan Bergizi Gratis ala Presiden Prabowo bikin masa depan Indonesia lebih cerah, anak-anak dapat perlindungan dari stunting",Program Makan Gratis Prabowo,
https://x.com/rubycln/status/1931864670492897648,FALSE,@rubycln,2025-06-09 00:03:00+00:00,"Buzzer ngomongin prabowo tajir melintir wkwkwk bitch knapa ga sekalian anggaran makan beracun gratis itu dari dana pribadinya aja🤣 program gajelas, giliran anggaran pendidikan sm kesehatan kena efisiensi",Program Makan Gratis Prabowo,
https://x.com/alfi_syahrin77/status/1931860761997168656,FALSE,@alfi_syahrin77,2025-06-08 23:47:00+00:00,"Bersyukur ada Presiden Prabowo yang prioritaskan Program Makan Bergizi Gratis, penting buat masa depan cerah Indonesia 2045",Program Makan Gratis Prabowo,
https://x.com/kurnia5260/status/1931857423415054567,FALSE,@kurnia5260,2025-06-08 23:34:00+00:00,Program makan gratis dari Presiden Prabowo bikin generasi muda bebas stunting dan makin optimis raih mimpi,Program Makan Gratis Prabowo,
https://x.com/athar_ghali/status/1931854764234736048,FALSE,@athar_ghali,2025-06-08 23:24:00+00:00,"Semoga makin banyak yang dukung program makan bergizi gratis dari Presiden Prabowo, demi Indonesia Emas",Program Makan Gratis Prabowo,
https://x.com/salsa_wedang/status/1931853009174311200,FALSE,@salsa_wedang,2025-06-08 23:17:00+00:00,Program makan bergizi gratis dari Presiden Prabowo adalah bentuk kepedulian yang nyata demi Indonesia maju,Program Makan Gratis Prabowo,
https://x.com/ricard_nanda/status/1931843062378176971,FALSE,@ricard_nanda,2025-06-08 22:37:00+00:00,Program makan gratis bisa dibilang langkah out of the box dari Presiden Prabowo dalam menyiapkan SDM unggul untuk Indonesia Emas,Program Makan Gratis Prabowo,
https://x.com/rizky_arya12/status/1931842138758848653,FALSE,@rizky_arya12,2025-06-08 22:33:00+00:00,"Langkah Presiden Prabowo soal gizi lewat program makan gratis layak diacungi jempol, biar anak-anak Indonesia tumbuh sehat dan pintar di era Indonesia Emas 2045",Program Makan Gratis Prabowo,
https://x.com/dhlia_mrt1/status/1931838695138849123,FALSE,@dhlia_mrt1,2025-06-08 22:20:00+00:00,"Dengan program makan bergizi gratis dari Presiden Prabowo, mimpi Indonesia Emas jadi makin masuk akal",Program Makan Gratis Prabowo,
https://x.com/lalatul_arani/status/1931838081193394546,FALSE,@lalatul_arani,2025-06-08 22:17:00+00:00,"Program Makan Bergizi Gratis dari Presiden Prabowo pastiin anak-anak Indonesia dapet gizi maksimal, siap wujudkan Indonesia Emas 2045",Program Makan Gratis Prabowo,
https://x.com/daryani_anggrwn/status/1931837353062257078,FALSE,@daryani_anggrwn,2025-06-08 22:14:00+00:00,"Program Makan Bergizi Gratis bikin anak-anak Indonesia dapet hak yang layak dari Presiden Prabowo, gizi cukup kunci SDM unggul",Program Makan Gratis Prabowo,
https://x.com/zainab_syawal/status/1931836757051617282,FALSE,@zainab_syawal,2025-06-08 22:12:00+00:00,"Anak bebas stunting, generasi sehat, itu visi Presiden Prabowo lewat program makan gratis ini",Program Makan Gratis Prabowo,
https://x.com/dilah_shafa/status/1931835709859717361,FALSE,@dilah_shafa,2025-06-08 22:08:00+00:00,"Program Makan Bergizi Gratis keren banget sih, anak Indonesia berhak tumbuh optimal, terima kasih Presiden Prabowo",Program Makan Gratis Prabowo,
https://x.com/achmad_rmdni7/status/1931833232624120032,FALSE,@achmad_rmdni7,2025-06-08 21:58:00+00:00,"Presiden Prabowo paham kalo Indonesia Emas 2045 harus diawali dari anak-anak sehat, makanya program makan bergizi gratis digenjot habis",Program Makan Gratis Prabowo,
https://x.com/ikhsan_winarmo1/status/1931831565241438630,FALSE,@ikhsan_winarmo1,2025-06-08 21:51:00+00:00,Jalan menuju SDM unggul makin terbuka lebar sejak Presiden Prabowo jalankan Program Makan Bergizi Gratis,Program Makan Gratis Prabowo,
https://x.com/farisnugraha_/status/1931826298697211939,FALSE,@farisnugraha_,2025-06-08 21:30:00+00:00,"Presiden Prabowo konsisten lawan stunting lewat program makan bergizi gratis, inspirasi buat banyak pihak",Program Makan Gratis Prabowo,
https://x.com/saleh_muali721/status/1931825514190361018,FALSE,@saleh_muali721,2025-06-08 21:27:00+00:00,Nggak heran kalau Indonesia Emas 2045 makin dekat kalau ada Program Makan Bergizi Gratis dari Presiden Prabowo,Program Makan Gratis Prabowo,
https://x.com/iwan_bahari35/status/1931823021536559411,FALSE,@iwan_bahari35,2025-06-08 21:17:00+00:00,"Salut Pak Prabowo, program makan gratis ini cara efektif menekan stunting dan mengantar Indonesia menuju era keemasan",Program Makan Gratis Prabowo,
https://x.com/fitrawati_syah/status/1931822708352016727,FALSE,@fitrawati_syah,2025-06-08 21:16:00+00:00,"Anak-anak sehat, masa depan cerah, semua berkat Program Makan Bergizi Gratis dari Presiden Prabowo yang peduli gizi",Program Makan Gratis Prabowo,
https://x.com/BinuriNuri/status/1879145828197294449,FALSE,@BinuriNuri,2025-01-14 12:37:00+00:00,"Itu sdh ada asnafnya jgn diatur atur...
Untuk Fakir, Miskin, sabilillah & muallaf ..
Makan siang gratis program pemerintah tentunya sdh dianggarkan di APBN",APBN makan siang gratis,
https://x.com/AndaraDewantara/status/1879141411716767850,FALSE,@AndaraDewantara,2025-01-14 12:19:00+00:00,"yg ngide makan siang gratis sapaa, yg nolak makan siang gratis itu org yg dah mikir panjang kedepan bahwa apbn kita itu terbatas.",APBN makan siang gratis,
https://x.com/MudahLaparr/status/1879127614209839217,FALSE,@MudahLaparr,2025-01-14 11:25:00+00:00,Emang yang janji sapa? Apa kita yang janjiin makan siang gratis? Enak aja sekarang ngomong APBN terbatas.. Makanya jangan sekate2 aja kalo bikin janji,APBN makan siang gratis,
https://x.com/jimitaluak1/status/1879099433746657698,FALSE,@jimitaluak1,2025-01-14 09:33:00+00:00,"Zakat itu sudah ada pembagiannya yang jelas, yaitu untuk 8 golongan, tidak ada pembagian untuk makan gratis, klu APBN tidak sanggup ya tidak usah dilaksanakan. Sekolah kami sampai tadi siang tidak pernah menerima MBG tersebut, sementara sekolah sudah seminggu.",APBN makan siang gratis,
https://x.com/Shotaroromilk/status/1879030513891241992,FALSE,@Shotaroromilk,2025-01-14 04:59:00+00:00,"Gak bisa di compare ya. Waktu itu apbn belum ada pembekakan ya. Walaupun pun 2019 udah ada makan siang gratis apbn negara ini gak bisa nutup dan pemerintahan jokowi pun berpusatnya ke infrastruktur contohnya ke tol apalagi yang food"" apa itu yang sampe sekarang gak pernah panen",APBN makan siang gratis,
https://x.com/INDONESIAPERKS4/status/1878979730193715416,FALSE,@INDONESIAPERKS4,2025-01-14 01:37:00+00:00,"Pendidikan Gratis Jauh Lebih Bermanfaat Untuk Generasi Anak Bangsa, daripada Menghabiskan APBN Rp.71 Triliun/Tahun Berakhir di JAMBAN❓

Cara Berpikir @ferrykoto seperti ini Bukan Cara Berpikir Seorang Akademisi

Melainkan Pola Pikir Gembel Yang Mengharapkan Makan Siang Gratis",APBN makan siang gratis,
https://x.com/INDONESIAPERKS4/status/1878979701211058528,FALSE,@INDONESIAPERKS4,2025-01-14 01:37:00+00:00,"Pendidikan Gratis Jauh Lebih Bermanfaat Untuk Generasi Anak Bangsa, daripada Menghabiskan APBN Rp.71 Triliun/Tahun Berakhir di JAMBAN❓

Cara Berpikir @ferrykoto seperti ini Bukan Cara Berpikir Seorang Akademisi

Melainkan Pola Pikir Gembel Yang Mengharapkan Makan Siang Gratis",APBN makan siang gratis,"{'url': 'https://x.com/ferrykoto/status/1878693638445883423', 'avatar': '', 'username': '@ferrykoto', 'fullname': 'Ferry Koto', 'timestamp': '2025-01-13T06:40:00.000Z', 'text': '1. Pertama, ini bkn program Gub terpilih @pramonoanung. Tapi PJ Gub Jakarta dan DPRD sebelumnya.\n\nKedua, swasta gratis itu tak perlu. Toh sejak era @jokowi jadi Gub DKI anak tak mampu yg sekolah di swasta dibayar Pemprov. Sama dgn Risma di Surabaya.\n\nKetiga... cont', 'links': ['https://x.com/pramonoanung', 'https://x.com/jokowi'], 'images': ['https://pbs.twimg.com/media/GhJ151abkAAr7r1.jpg', 'https://pbs.twimg.com/media/GhJ159sawAE_Z_I.jpg', 'https://pbs.twimg.com/media/GhJ16FsbgAAFHFk.jpg']}"
https://x.com/INDONESIAPERKS4/status/1878676054220706205,TRUE,@INDONESIAPERKS4,2025-01-13 05:30:00+00:00,"Kenapa Gak Diajak Makan Siang Gratis saja ...kan anggarannya sudah ada, daripada hanya untuk makan siang yang biayai APBN 🤦",APBN makan siang gratis,"{'url': 'https://x.com/erickthohir/status/1878356306681385219', 'avatar': '', 'username': '@erickthohir', 'fullname': 'Erick Thohir', 'timestamp': '2025-01-12T08:20:00.000Z', 'text': 'Makan siang bersama Pelatih Timnas Indonesia, Patrick Kluivert dan Exco PSSI. Kami berdiskusi tentang sepak bola Indonesia dan kecintaan masyarakat terhadap sepak bola yang begitu luar biasa.\n\nSaatnya kita kembali fokus untuk kerja keras untuk Garuda Mendunia', 'links': [], 'images': ['https://pbs.twimg.com/media/GhFDGboaMAAzTqV.jpg', 'https://pbs.twimg.com/media/GhFDGbqawAAiCcM.jpg']}"
https://x.com/hengkynoviadi95/status/1878278567634887029,FALSE,@hengkynoviadi95,2025-01-12 03:11:00+00:00,"10rb dapat apa ya? Saya lihat foto2 makan siang gratis di sumsel, hanya nasih, telor rebus, sayur kacang dan jeruk kecil 1. Apa masih bergizi? Klau gk mampu mnurut saya jngan dipaksakan, APBN aja defisit dan pling posnya buat kemenhan.",APBN makan siang gratis,
https://x.com/MoehB21154/status/1878144770779807784,FALSE,@MoehB21154,2025-01-11 18:19:00+00:00,Nggak ada makan siang gratis. Kalau gak dibayarin apbn ya pendanaan dengan imbal balik.,APBN makan siang gratis,"{'url': 'https://x.com/zarryhendrik/status/1878032856322359686', 'avatar': '', 'username': '@zarryhendrik', 'fullname': 'z. h.', 'timestamp': '2025-01-11T10:54:00.000Z', 'text': 'Jepang tertarik bantu Makan Bergizi Gratis. Disampaikan langsung oleh perdana menterinya.', 'links': []}"
https://x.com/jeon_nayoung13/status/1878060494780805552,FALSE,@jeon_nayoung13,2025-01-11 12:44:00+00:00,"Kalo gue jadi presiden nih, mending apbn fokusin ke ikn SAMPEK JADI.
Kalo udh jadi and udh digunakan secara stabil, baru deh fokus ke makan siang gratis.
Sorry nih. Bukannya meragukan negara sendiri yak
Tapi, inget kata pepatah ""mengukur baju di badan sendiri"".",APBN makan siang gratis,"{'url': 'https://x.com/aromapetrikorr/status/1877636395247763695', 'avatar': '', 'username': '@aromapetrikorr', 'fullname': 'Ayas', 'timestamp': '2025-01-10T08:39:00.000Z', 'text': 'ndut di-stop aja ndut programnya. nggak usah gengsi gak papa 🥹🥹🥹', 'links': []}"
https://x.com/gatauahdark/status/1877962776301166831,FALSE,@gatauahdark,2025-01-11 06:16:00+00:00,"Yg bilang prabowo ngasih duitnya buat makan siang gratis itu hoax ya, lebih tepatnya uanh operasional dia yg disumbangkan untuk makan siang gratis. Itu sumbernya dari apbn ya jadi ya lebih tepatnya bantuan dari rakyat ke rakyat. Tekarok ini sepertinya memang minim literasi.",APBN makan siang gratis,
https://x.com/ju16333/status/1877950942781563040,FALSE,@ju16333,2025-01-11 05:29:00+00:00,"Secara rasional makan siang gratis akan stop sebentar lagi karena urgensi masalah APBN tak bs dibiarkan, tim Gerindra sendiri ud bicara efisiensi organisasi (siap2 ada pejabat yg dipecat) 😃",APBN makan siang gratis,
https://x.com/Cetta_Prisha/status/1877691704343396742,FALSE,@Cetta_Prisha,2025-01-10 12:19:00+00:00,"Pemerintah ngasih makan siang gratis tapi ga mau berhemat APBN,terus naikin pajak orang tuanya.",APBN makan siang gratis,
https://x.com/husaan_aa/status/1877546178382020832,FALSE,@husaan_aa,2025-01-10 02:41:00+00:00,"Sampe Program Makan Siang Gratis tepat sasaran, layak makan dan mencegah stunting.

Sampe koruptur dibina-sakan.

Sampe gimmick-gimmick ngasih bantuan yg dari APBN/D diakuin dari pribadi pejabat lenyap.

Sampe KKN hilang di Indonesia.",APBN makan siang gratis,"{'url': 'https://x.com/jinwooechoX/status/1877379959834161666', 'avatar': '', 'username': '@jinwooechoX', 'fullname': 'Jin Woo', 'timestamp': '2025-01-09T15:40:00.000Z', 'text': 'Njer ya udah lah pilpresnya jg dah beres, gila ini mau sampai kapan nyalahin yg milih', 'links': []}"
https://x.com/sunyimenyapa/status/1877406796672811473,FALSE,@sunyimenyapa,2025-01-09 17:27:00+00:00,"Berbicara tanpa kapasitas= Sok Tahu
Atinya Goblok.

Makan Siang Bergizi Gratis (MBG) itu dianggarkan dri APBN. Duit Pajak. 

Ini bkn mslh bersyukur atau tdk.Tpi mekanisme pengadaan dan pengawasan apakh program tsb sesuai atau tidak.",APBN makan siang gratis,
https://x.com/manusiawilahcuy/status/1877345598220759115,FALSE,@manusiawilahcuy,2025-01-09 13:24:00+00:00,"Program kok setengah setengah
Ya totalitas lah
Budgetnya 20k tuh baru bakal diterima masyarakat
""Tapi kan nanti banyak makan APBN""
Ya kontol jangan bikin program makan siang gratis bodoh, masih banyak yang lebih urgent",APBN makan siang gratis,
https://x.com/bani_borneo/status/1876679158484668474,FALSE,@bani_borneo,2025-01-07 17:15:00+00:00,"Dgn adanya program sosial, makan siang gratis, dengan mudah APBN disalurkan, hanya kemasan yg berubah dari bansos. Dgn kata lain, MODUS ! Pengeluaran & realisasi, siapa yg bisa dipercaya utk mengawasi. 😂",APBN makan siang gratis,
https://x.com/Merdeka2124/status/1876640970210775045,FALSE,@Merdeka2124,2025-01-07 14:44:00+00:00,"Makan siang gratis itu pake APBN.
Tapi ketika ada seorang dermawan bilang ke Negara, ""Pak, sekolah SD di desa saya akan saya  tanggung biaya makan siang gratisnya dengn uang pribadi saya""

Apa ini perlu di audit keuangannya oleh Negara??",APBN makan siang gratis,
https://x.com/ikan_mainan/status/1876637275813278113,FALSE,@ikan_mainan,2025-01-07 14:29:00+00:00,"Dulu anak saya skul di Taiwan smua skolah ada makan siang tapi kita bayar. Soalnya emang sih kalo kalo mau bgizi kalo gratis sulit, beban APBN bangetS",APBN makan siang gratis,
https://x.com/Bud_Cavalera/status/1876633817768972548,FALSE,@Bud_Cavalera,2025-01-07 14:15:00+00:00,"Prabowo gak punya nyali menghadapi Mulyono mbah, program makan siang gratis aja harus merogoh kantong sendiri karena dari APBN dibatasi oleh Srimul yg sepertinya masih dibawah kendali Jokowi",APBN makan siang gratis,
https://x.com/ka_esde/status/1876628874118955186,FALSE,@ka_esde,2025-01-07 13:56:00+00:00,"Bagi pemilih non 02; ide makan siang gratis itu gak logis - gak liat kemampuan apbn aja. Ide Tolol 100%.

Dan skr terbukti kan",APBN makan siang gratis,
https://x.com/mulyadi2028/status/1876609073199845485,FALSE,@mulyadi2028,2025-01-07 12:37:00+00:00,"Pakai uang Hasyim lah. 
Kan Hasyim bilang waktu kampanye: Tim kami sudah menemukan sumber dana 460T u makan siang gratis tanpa mengganggu APBN.",APBN makan siang gratis,
https://x.com/zahraaaaaf/status/1876606987024429555,FALSE,@zahraaaaaf,2025-01-07 12:29:00+00:00,"itu makan siang ga gratis btw, pake apbn yang 80% nya dari pajak kaum menengah wkwkw. lagian kenapa anggarannya cuma 10rb???",APBN makan siang gratis,
https://x.com/mulyadi2028/status/1876605332170080383,FALSE,@mulyadi2028,2025-01-07 12:22:00+00:00,"Sabaaaar dek... Pak Presiden lg pusing mikir dana APBN 2024 depisit 508T.
Makan siang gratis nya alakadar saja dulu, hanya sekedar bayar janji kampanye aja dek ya.. 😅😇🥵",APBN makan siang gratis,
https://x.com/MocangTian/status/1876597300690342023,FALSE,@MocangTian,2025-01-07 11:50:00+00:00,Koq uang pribadi yang di pakai utk makan siang Gratis? Urus Negara pakai uang pribadi apa tidak melanggar UU ? Negara ini bukan milik Prabowo.dan semua pengelolaan keuangan Negara ada aturan main yang di susun dalam APBN.Harus jelas ?,APBN makan siang gratis,
https://x.com/Na93313Najib/status/1876596737584087270,FALSE,@Na93313Najib,2025-01-07 11:48:00+00:00,"Otak mu apakah ikut dijadikan makan siang gratis, gak bangkrut dananya dari apbn...coba dana swasta udah bangkrut dari dlu",APBN makan siang gratis,
https://x.com/MMudza74693/status/1876578879537836196,FALSE,@MMudza74693,2025-01-07 10:37:00+00:00,"Dari awal sdh banyak yg mengatakan dan berfikir, bahwa program makan siang dan minum susu gratis, sangatlah memboroskan anggaran. Apalagi itu dianggarkan dalam APBN (Uang rakyat, dan bukan uangnya Presiden apalgi wakilnya). Blm lagi banyak yg ambil kesempatan dlm program ini.",APBN makan siang gratis,
https://x.com/SemuaOKE710920/status/1876573663375532300,FALSE,@SemuaOKE710920,2025-01-07 10:16:00+00:00,"Kira kira berita berita heboh heroic MAKAN SIANG GRATIS bisa bertahan berapa lama ya? Sprti yg sudah2, program2 habisin APBN cuma heboh di awal, selanjutnya...??? #RezimKarbitan",APBN makan siang gratis,
https://x.com/CakRasyid/status/1876546995235811428,FALSE,@CakRasyid,2025-01-07 08:30:00+00:00,"Belum ada Petunjuk Teknis  ?
MAKAN SIANG GRATIS
mulai 6 Januari 2025

Bagaimana LPJ Penggunaan Anggaran Negara ?

#makansianggratis
#ProgramPrioritas
#Presiden
#anggaranNegara
#APBN",APBN makan siang gratis,
https://x.com/CakRasyid/status/1876542184998232075,FALSE,@CakRasyid,2025-01-07 08:11:00+00:00,"Belum ada Petunjuk Teknis  ?
MAKAN SIANG GRATIS
mulai 6 Januari 2025

Bagaimana LPJ Penggunaan Anggaran Negara ?

#makansianggratis
#ProgramPrioritas
#Presiden
#anggaranNegara
#APBN",APBN makan siang gratis,
https://x.com/INDONESIAPERKS4/status/1876536848333643854,TRUE,@INDONESIAPERKS4,2025-01-07 07:50:00+00:00,"Anak-Anak SD LEBIH JUJUR DAN TIDAK AKAN BOHONG, daripada REZIM SI PEMBERI MAKAN SIANG GRATIS INI‼️

Anak-Anak Kalau Tidak Suka dia akan Jujur Berkata Tidak Suka‼️
Kenapa Harus Dibungkam dan Diancam❓

APBN Rp.71 Triliun + PPN 12% Hanya Untuk Makanan Sampah Seperti ini❓
👇
👇",APBN makan siang gratis,"{'url': 'https://x.com/Fahrihamzah/status/1876483528055271751', 'avatar': '', 'username': '@Fahrihamzah', 'fullname': '#AyoMoveOn2024', 'timestamp': '2025-01-07T04:18:00.000Z', 'text': 'Atas nama Rakyat Indonesia, kemarin tanggal 6 Januari 2025. Program Makan Bergizi Gratis secara resmi dimulai.\n\nHari ini sejarah mencatat, bahwa pemerintah hadir sejak dini dalam investasi membangun bangsa menuju Indonesia Emas 2045, dengan Sumber Daya Manusia yang unggul, bedaya saing dan tangguh.\n\n#PrabowoGibran #IndonesiaEmas2045 #AnakGenerasiEmas #MakanBergiziGratis', 'links': ['https://x.com/search?q=%23PrabowoGibran', 'https://x.com/search?q=%23IndonesiaEmas2045', 'https://x.com/search?q=%23AnakGenerasiEmas', 'https://x.com/search?q=%23MakanBergiziGratis'], 'images': ['https://pbs.twimg.com/media/Ggqb0tcaIAA31Dy.jpg']}"
https://x.com/tali_buras/status/1876533937948008722,FALSE,@tali_buras,2025-01-07 07:38:00+00:00,"Gara-Gara APBN Mines 500T, karena ulah MulyonoMulyani,
Lihat berita Wowo pakai duit pribadi untuk makan siang gratis siswa.
Gblk",APBN makan siang gratis,
https://x.com/INDONESIAPERKS4/status/1876531960794992670,TRUE,@INDONESIAPERKS4,2025-01-07 07:30:00+00:00,"Anak-Anak SD LEBIH JUJUR DAN TIDAK AKAN BOHONG, daripada REZIM SI PEMBERI MAKAN SIANG GRATIS INI‼️

Anak-Anak Kalau Tidak Suka dia akan Jujur Berkata Tidak Suka‼️
Kenapa Harus Dibungkam dan Diancam❓

APBN Rp.71 Triliun + PPN 12% Hanya Untuk Makanan Sampah Seperti ini❓
👇
👇",APBN makan siang gratis,"{'url': 'https://x.com/aewin86/status/1876139726060863668', 'avatar': '', 'username': '@aewin86', 'fullname': 'Ewing 🎧', 'timestamp': '2025-01-06T05:32:00.000Z', 'text': 'Senangnya Anak-anak Dapat Makan Bergizi Gratis news.detik.com/foto-news/d-7…', 'links': ['https://news.detik.com/foto-news/d-7719190/senangnya-anak-anak-dapat-makan-bergizi-gratis']}"
https://x.com/opan_narpati/status/1929842510249033871,FALSE,@opan_narpati,2025-06-03 10:08:00+00:00,"Dukungan penuh buat Presiden Prabowo, program makan gratis terbukti manfaatnya buat Papua",Program Makan Gratis Prabowo,
https://x.com/senjaarya48/status/1929836541813428292,FALSE,@senjaarya48,2025-06-03 09:44:00+00:00,"Selain kebijakan jangka pendek, Presiden Prabowo juga menyoroti upaya transformasi ekonomi melalui beberapa kebijakan pendorong daya saing, seperti program makan bergizi gratis, program ketahanan pangan dan energi.",Program Makan Gratis Prabowo,
https://x.com/beby_maleba9/status/1929835059714183347,FALSE,@beby_maleba9,2025-06-03 09:38:00+00:00,Makin yakin generasi kita jadi hebat dengan Program Makan Bergizi Gratis Presiden Prabowo,Program Makan Gratis Prabowo,
https://x.com/reyvina_sasa06/status/1929827628271522262,FALSE,@reyvina_sasa06,2025-06-03 09:08:00+00:00,"Presiden Prabowo kasih teladan lewat Program Makan Bergizi Gratis, anak negeri makin banyak yang sehat",Program Makan Gratis Prabowo,
https://x.com/putrangawiwetan/status/1929825422034063691,FALSE,@putrangawiwetan,2025-06-03 09:00:00+00:00,Ayo sama sama kita dukung Program makan bergizi gratis Bpak presiden @prabowo,Program Makan Gratis Prabowo,
https://x.com/wulansari_t7/status/1929819334802853909,FALSE,@wulansari_t7,2025-06-03 08:35:00+00:00,Presiden Prabowo sukses gaet dukungan warga Papua untuk program makan bergizi gratis,Program Makan Gratis Prabowo,
https://x.com/KedaiPenaCom/status/1929816494042763456,FALSE,@KedaiPenaCom,2025-06-03 08:24:00+00:00,"Iwan lantas mengingatkan bila anggaran untuk program unggulan makan bergizi gratis gagasan Presiden Prabowo hanya menelan anggaran Rp 10.000. Hal ini, kata Iwan berbanding sangat terbalik dengan anggaran besar untuk konsumsi rapat tingkat menteri dan eselon 1 sebesar Rp 171.000.",Program Makan Gratis Prabowo,
https://x.com/alfian_st00/status/1929816166400471211,FALSE,@alfian_st00,2025-06-03 08:23:00+00:00,Kerja Presiden Prabowo di balik Program Makan Bergizi Gratis patut diacungi jempol,Program Makan Gratis Prabowo,
https://x.com/naufal_pratama0/status/1929814030065266779,FALSE,@naufal_pratama0,2025-06-03 08:14:00+00:00,Salut buat Presiden Prabowo yang mampu melihat potensi besar dari program makan bergizi gratis,Program Makan Gratis Prabowo,
https://x.com/alann_prasetyo/status/1929801093766316504,FALSE,@alann_prasetyo,2025-06-03 07:23:00+00:00,"Dengan Program Makan Bergizi Gratis, Presiden Prabowo tunjukin masa depan Indonesia cerah dan positif",Program Makan Gratis Prabowo,
https://x.com/aceng_kuli10/status/1929799839908532676,FALSE,@aceng_kuli10,2025-06-03 07:18:00+00:00,Program makan gratis Presiden Prabowo bawa semangat baru buat masyarakat,Program Makan Gratis Prabowo,
https://x.com/bahra_zura/status/1929797789728625090,FALSE,@bahra_zura,2025-06-03 07:10:00+00:00,Kolaborasi bareng Presiden Prabowo bikin program makan bergizi gratis bisa bawa perubahan besar,Program Makan Gratis Prabowo,
https://x.com/rangga_yudi8/status/1929790244167340515,FALSE,@rangga_yudi8,2025-06-03 06:40:00+00:00,Senang punya Presiden Prabowo yang sadar pentingnya gizi dan berani eksekusi program makan gratis,Program Makan Gratis Prabowo,
https://x.com/fahmi_hmka5/status/1929787466568884715,FALSE,@fahmi_hmka5,2025-06-03 06:29:00+00:00,"Program makan gratis dari Presiden Prabowo bukan sekadar solusi, tapi juga bentuk kasih sayang ke rakyat",Program Makan Gratis Prabowo,
https://x.com/calista_xadiya/status/1929785091766866196,FALSE,@calista_xadiya,2025-06-03 06:19:00+00:00,Optimisme makin tumbuh berkat kehadiran program makan bergizi gratis dari Presiden Prabowo,Program Makan Gratis Prabowo,
https://x.com/danny_harizt/status/1929783144963838134,FALSE,@danny_harizt,2025-06-03 06:12:00+00:00,Program makan bergizi gratis dari Presiden Prabowo jadi inspirasi positif buat banyak pihak,Program Makan Gratis Prabowo,
https://x.com/adityaa_idris/status/1929783049375698993,FALSE,@adityaa_idris,2025-06-03 06:11:00+00:00,Indonesia 2045 makin keren karena ada Program Makan Bergizi Gratis dari Presiden Prabowo,Program Makan Gratis Prabowo,
https://x.com/frans_kaisiepo8/status/1929782085499474180,FALSE,@frans_kaisiepo8,2025-06-03 06:07:00+00:00,"Bikin perubahan dari hal sederhana, kayak Presiden Prabowo yang tegas jalankan Program Makan Bergizi Gratis",Program Makan Gratis Prabowo,
https://x.com/bfitrikananda/status/1875432899975274665,FALSE,@bfitrikananda,2025-01-04 06:43:00+00:00,"Mau' itu gampang diucap, tapi tetap yg akan membatasi adalah kemampuan apbn kita... mau ada makan siang gratis, ada sekolah gratis, ada rumah sakit gratis, ada ikn, ada penguatan alut sista dsb...",APBN makan siang gratis,
https://x.com/ALvinSoehendry/status/1875008277341511824,FALSE,@ALvinSoehendry,2025-01-03 02:36:00+00:00,"Namanya makan siang gratis tapi dibayar Dari duit pajak / Apbn. Ini gratis Dari mananya gw kira gratis krn ditanggung csr perusahaan lain2 ini mAh sama aja di ""bayar"" sama pajak. Lain Kali kalau buat program pakai nama gratis jangan keluar Dari Apbn / pajak.",APBN makan siang gratis,
https://x.com/marsudi_saputra/status/1920509462105764254,FALSE,@marsudi_saputra,2025-05-08 16:01:00+00:00,"Kebijakan industrialisasi Prabowo bikin tumbuhnya investasi lokal, plus program sosial kayak makan siang gratis makin dirasain semua #EnamBulanPemerintah",Program Makan Siang Gratis,
https://x.com/alfa_riona/status/1920506245951185283,FALSE,@alfa_riona,2025-05-08 15:49:00+00:00,Program makan siang gratis juga dorong edukasi nutrisi sehat ke keluarga-keluarga di Indonesia #EnamBulanPemerintah,Program Makan Siang Gratis,
https://x.com/winda_sarti7/status/1920494704140886244,FALSE,@winda_sarti7,2025-05-08 15:03:00+00:00,"Tumbuh kencang, ekspor ke anggota BRICS naik, industri lokal berinovasi, program makan siang gratis bikin anak makin sehat dan produktif #EnamBulanPemerintah",Program Makan Siang Gratis,
https://x.com/XlaluWin/status/1920488536555336166,FALSE,@XlaluWin,2025-05-08 14:38:00+00:00,Ada timbal-balik pasti kan?🧐 BG mau sukseskan program makan siang malam gratis si gemoy selanjutnya program dia yg akan disukseskan gemoy,Program Makan Siang Gratis,
https://x.com/teddy_winarmo/status/1920487030573649933,FALSE,@teddy_winarmo,2025-05-08 14:32:00+00:00,Sekolah di pelosok juga nikmatin menu sehat dari program makan siang gratis Prabowo #EnamBulanPemerintah,Program Makan Siang Gratis,
https://x.com/adesujono06_/status/1920482215168766284,FALSE,@adesujono06_,2025-05-08 14:13:00+00:00,Program makan siang gratis di sekolah jadi solusi nyata buat perbaikan gizi pelajar secara nasional #EnamBulanPemerintah,Program Makan Siang Gratis,
https://x.com/shafa_risa/status/1920481996393841037,FALSE,@shafa_risa,2025-05-08 14:12:00+00:00,"Pemerintahan Prabowo gebrakan banget, sektor manufaktur naik 6%, sekolah-sekolah ramai dengan program makan siang gratis, dan diplomasi global makin aktif #EnamBulanPemerintah",Program Makan Siang Gratis,
https://x.com/victor_agus7/status/1920479586623566302,FALSE,@victor_agus7,2025-05-08 14:03:00+00:00,"Mau bukti perubahan? Lihat aja: ekspor ke negara BRICS naik 18%, industri lokal makin kuat, dan program makan siang gratis makin luas di sekolah #EnamBulanPemerintah",Program Makan Siang Gratis,
https://x.com/najda_ahmi7/status/1920478346502144153,FALSE,@najda_ahmi7,2025-05-08 13:58:00+00:00,"Masa enam bulan pemerintahan Prabowo penuh gebrakan, mulai dari keanggotaan BRICS sampai program makan siang gratis yang viral #EnamBulanPemerintah",Program Makan Siang Gratis,
https://x.com/diva_hayan1/status/1920475121673703815,FALSE,@diva_hayan1,2025-05-08 13:45:00+00:00,"Program makan siang gratis sukses turunkan angka absen siswa, ekspor naik berkat BRICS, pabrik lokal bertambah banyak #EnamBulanPemerintah",Program Makan Siang Gratis,
https://x.com/misni_lasa/status/1920465489282596886,FALSE,@misni_lasa,2025-05-08 13:07:00+00:00,Program makan siang gratis menjadi contoh sukses kebijakan sosial untuk negara berkembang lain #EnamBulanPemerintah,Program Makan Siang Gratis,
https://x.com/fresia_tampi/status/1920465099292074168,FALSE,@fresia_tampi,2025-05-08 13:05:00+00:00,"Setengah tahun kerja keras, Indonesia gabung BRICS, bisnis nasional makin ramai, dan ada program makan siang gratis buat anak-anak di banyak sekolah #EnamBulanPemerintah",Program Makan Siang Gratis,
https://x.com/qila_zahrani/status/1920462246334927106,FALSE,@qila_zahrani,2025-05-08 12:54:00+00:00,Pelajar di 34 provinsi sekarang bisa makan siang sehat gratis berkat program nasional #EnamBulanPemerintah,Program Makan Siang Gratis,
https://x.com/ifti_tahida/status/1920459272590106742,FALSE,@ifti_tahida,2025-05-08 12:42:00+00:00,"Program makan siang gratis bantu 3 juta lebih anak Indonesia, ekonomi tetap tumbuh, BRICS makin terbuka buat produk lokal #EnamBulanPemerintah",Program Makan Siang Gratis,
https://x.com/halkim_mr5/status/1920456540063993976,FALSE,@halkim_mr5,2025-05-08 12:31:00+00:00,"BRICS jadi jembatan dagang baru, program makan siang gratis sentuh lebih dari 20 juta siswa, sektor industri nasional tumbuh pesat #EnamBulanPemerintah",Program Makan Siang Gratis,
https://x.com/fariz_bskoro4/status/1920454200091119741,FALSE,@fariz_bskoro4,2025-05-08 12:22:00+00:00,"Baru enam bulan, Indonesia udah gabung BRICS dan industri lokal makin dapet angin segar, program makan siang gratis juga makin luas #EnamBulanPemerintah",Program Makan Siang Gratis,
https://x.com/rahman_zak6/status/1920453767612289164,FALSE,@rahman_zak6,2025-05-08 12:20:00+00:00,"Gabung BRICS, ekspor makin lancar, program makan siang gratis bikin anak-anak sekolah nggak takut perut kosong #EnamBulanPemerintah",Program Makan Siang Gratis,
https://x.com/hanif_shagaraa/status/1920453636867444900,FALSE,@hanif_shagaraa,2025-05-08 12:20:00+00:00,"Kesehatan pelajar makin terpantau, gizi mereka terjaga lewat program makan siang gratis yang berjalan enam bulan penuh #EnamBulanPemerintah",Program Makan Siang Gratis,
https://x.com/bubblesggum/status/1920450061630091741,FALSE,@bubblesggum,2025-05-08 12:05:00+00:00,"sesudah saya nulis mukbang, bisa saya jelaskan kok wahai penjilat pantat pemerintah. gini ya bang, bahkan di negara maju lainnya juga ada kok program makan siang gratis ini, tapi mereka menjadikan pendidikan dan kesehatan sebagai hal utama, continue..",Program Makan Siang Gratis,
https://x.com/sakira_dahina/status/1920447896215773344,FALSE,@sakira_dahina,2025-05-08 11:57:00+00:00,"Diplomasi jadi lebih luas, pabrik tumbuh pesat, setiap sekolah makin rutin jalankan program makan siang gratis #EnamBulanPemerintah",Program Makan Siang Gratis,
https://x.com/saiful_dwii/status/1929998958799270116,FALSE,@saiful_dwii,2025-06-03 20:29:00+00:00,"Prabowo terus dapet support dari orang Papua, program makan gratis bener-bener ditunggu",Program Makan Gratis Prabowo,
https://x.com/putri_aidar/status/1929961923887673512,FALSE,@putri_aidar,2025-06-03 18:02:00+00:00,"Presiden Prabowo bawa vibe positif buat Indonesia lewat program makan bergizi gratis, masa depan makin cerah",Program Makan Gratis Prabowo,
https://x.com/wulansari_t7/status/1929945732087460058,FALSE,@wulansari_t7,2025-06-03 16:58:00+00:00,Presiden Prabowo sukses gaet dukungan warga Papua untuk program makan bergizi gratis,Program Makan Gratis Prabowo,
https://x.com/sadiya_humula3/status/1929921318847426624,FALSE,@sadiya_humula3,2025-06-03 15:21:00+00:00,Presiden Prabowo pastiin semua anak Indonesia tumbuh kuat lewat program makan bergizi gratis,Program Makan Gratis Prabowo,
https://x.com/Candj09/status/1929915477566074989,TRUE,@Candj09,2025-06-03 14:58:00+00:00,Ternyata program makan bergizi gratis dari presiden @prabowo ladangnya korupsi,Program Makan Gratis Prabowo,"{'url': 'https://x.com/Mdy_Asmara1701/status/1929896399887319082', 'avatar': '', 'username': '@Mdy_Asmara1701', 'fullname': 'Maudy Asmara', 'timestamp': '2025-06-03T13:42:00.000Z', 'text': 'Menyala adik-adik 🔥\n\nSiswa SMAN 9 Tambun Selatan melakukan demo karena diminta tanda tangan terima tapi tidak menerima makanan & snack...', 'links': []}"
https://x.com/handa_dahmi/status/1929912512293810555,FALSE,@handa_dahmi,2025-06-03 14:46:00+00:00,"Berkat inisiatif Program Makan Bergizi Gratis dari Presiden Prabowo, cita-cita Indonesia Emas 2045 jadi realistis",Program Makan Gratis Prabowo,
https://x.com/sulesu0890/status/1929908236444160061,FALSE,@sulesu0890,2025-06-03 14:29:00+00:00,Akhirnya gizi dan masa depan jadi prioritas dengan langkah Presiden Prabowo lewat program makan gratis,Program Makan Gratis Prabowo,
https://x.com/rizky_muhamad3/status/1929908045049671957,FALSE,@rizky_muhamad3,2025-06-03 14:28:00+00:00,"Kontribusi nyata Presiden Prabowo, bikin program makan gratis biar anak bangsa ga lemes cita-cita tinggi",Program Makan Gratis Prabowo,
https://x.com/zakaisya_zeilin/status/1929907309314224646,FALSE,@zakaisya_zeilin,2025-06-03 14:25:00+00:00,"Dirancang buat masa depan lebih baik, Program Makan Bergizi Gratis dari Presiden Prabowo punya dampak positif nyata",Program Makan Gratis Prabowo,
https://x.com/grok/status/1929895551992246356,TRUE,@grok,2025-06-03 13:38:00+00:00,"Menurut saya, pernyataan Prabowo tentang visi Indonesia sebagai ""negara besar"" relevan dalam hal ambisi dan dukungan publik, terutama untuk program seperti makan bergizi gratis yang punya approval rating 81%. Tapi, target pertumbuhan ekonomi 8% sulit dicapai, dengan proyeksi 2025 hanya 4,7-5,2% karena tekanan fiskal dan global. Kebijakan luar negeri, seperti usulan kerja sama dengan China di Natuna, kontroversial karena berisiko melemahkan posisi hukum dan kedaulatan Indonesia. Jadi, meski visinya menarik, realitas ekonomi dan geopolitik menunjukkan tantangan besar.",Program Makan Gratis Prabowo,
https://x.com/grok/status/1929893530207694949,TRUE,@grok,2025-06-03 13:30:00+00:00,"Halo @mhrdhikadp, menurut Prabowo Subianto, ""Indonesia bangsa yang besar"" merujuk pada visi Indonesia sebagai negara kuat secara ekonomi, sejahtera, dan berpengaruh global. Ia menekankan pertumbuhan ekonomi 8% melalui program seperti Makan Bergizi Gratis untuk 82,9 juta orang, penghapusan utang UMKM, dan dana abadi Danantara. Kebijakan luar negeri non-blok dan modernisasi pertahanan juga jadi fokus untuk menjadikan Indonesia disegani. Namun, visi ini menuai kritik terkait masa lalunya soal hak asasi manusia dan risiko kemunduran demokrasi. Dukungan publik kuat, tetapi tantangan ekonomi global dan konsistensi kebijakan masih jadi sorotan.",Program Makan Gratis Prabowo,
https://x.com/alifiyah_wina/status/1929882722320941148,FALSE,@alifiyah_wina,2025-06-03 12:47:00+00:00,"Terima kasih Presiden Prabowo, lewat Program Makan Bergizi Gratis makin banyak anak Indonesia meraih mimpi",Program Makan Gratis Prabowo,
https://x.com/bintang_raffii/status/1929882566871658649,FALSE,@bintang_raffii,2025-06-03 12:47:00+00:00,Visi Indonesia Emas makin jelas berkat program makan bergizi gratis besutan Presiden Prabowo,Program Makan Gratis Prabowo,
https://x.com/bambang_w15/status/1929878574787710999,FALSE,@bambang_w15,2025-06-03 12:31:00+00:00,"Presiden Prabowo dorong perubahan dengan Program Makan Bergizi Gratis, yuk dukung bareng-bareng",Program Makan Gratis Prabowo,
https://x.com/indra_lesmna75/status/1929867791668334712,FALSE,@indra_lesmna75,2025-06-03 11:48:00+00:00,"Banyak keluarga terbantu program makan bergizi gratis, terima kasih Presiden Prabowo",Program Makan Gratis Prabowo,
https://x.com/orangeflushie/status/1929863827501506608,FALSE,@orangeflushie,2025-06-03 11:32:00+00:00,kt gw drpd makan gratis mending lu bikin program kuliah gratis dah ap pendidikan gratis gt lebih menjanjikan kyknya.... @prabowo,Program Makan Gratis Prabowo,
https://x.com/alifiyah_wina/status/1929862915483750818,FALSE,@alifiyah_wina,2025-06-03 11:29:00+00:00,"Terima kasih Presiden Prabowo, lewat Program Makan Bergizi Gratis makin banyak anak Indonesia meraih mimpi",Program Makan Gratis Prabowo,
https://x.com/arisha_zahara/status/1929851936439763437,FALSE,@arisha_zahara,2025-06-03 10:45:00+00:00,Presiden Prabowo ajak kita sama-sama wujudkan negeri sejahtera lewat program makan bergizi gratis,Program Makan Gratis Prabowo,
https://x.com/mas_alku9/status/1871830296628535648,FALSE,@mas_alku9,2024-12-25 08:08:00+00:00,"Kuliah gratis katanya. Kalo memang kenaikan PPN 12% untuk membiayai makan siang gratis sebaiknya ditunda / dibatalkan dulu program tersebut karena akan menggerus APBN. Seharusnya efisiensi anggaran dijalankan dgn memangkas jumlah kementrian, kecuali utk hal-hal strategis.",APBN makan siang gratis,
https://x.com/MardianahA17345/status/1871577182432334298,FALSE,@MardianahA17345,2024-12-24 15:22:00+00:00,"Kalau PPN tidak naik negara kesulitan nombok APBN dan byr gaji Mentri, Wamen dan makan siang gratis",APBN makan siang gratis,
https://x.com/MardianahA17345/status/1871499606233858469,FALSE,@MardianahA17345,2024-12-24 10:14:00+00:00,"Prabowo gak ada hubungannya dg Jokowi meskipun itu inisiasi Jokowi waktu jadi presiden,yg lebih mungkin tujuannya utk nombok APBN dan makan siang gratis",APBN makan siang gratis,
https://x.com/dimaskerik/status/1871463183464202658,FALSE,@dimaskerik,2024-12-24 07:49:00+00:00,Padahal ini momentum mengambil simpati ke masyarakat ... tp mereka takut APBN jebol utk makan siang gratis.,APBN makan siang gratis,
https://x.com/nnuryawan/status/1871366339996312048,FALSE,@nnuryawan,2024-12-24 01:24:00+00:00,Buat makan siang gratis juga butuh tambhan duit apbn lah..pilihannya ya naikin apbn via pajak atau nambah utang baru.,APBN makan siang gratis,
https://x.com/FathurR85888350/status/1871258213838139558,FALSE,@FathurR85888350,2024-12-23 18:14:00+00:00,PPN 12 % ini awalnya untuk menutup Apbn yg jebol ratusan triliun..dan hutang yg sudah jatuh tempo..jadi bukan semata karena makan siang gratis..! Ini pembodohan yg di resonansi oleh penguasa.! Berpikir jernih dan perhatikan apa yg akan terjadi 2030.?,APBN makan siang gratis,
https://x.com/mamangdjalu/status/1871251346403541093,FALSE,@mamangdjalu,2024-12-23 17:47:00+00:00,pemerintah sekarang butuh ppn 12% karena utk melaksanakan janji makan siang gratis yg biaya nya menedot apbn. mangkenye jalan keluar utk pemasukan apbn ya ppn 12 itu. demi janji uang rakyat yg dipreteli.😁😁,APBN makan siang gratis,
https://x.com/mrnut28/status/1871205840147108238,FALSE,@mrnut28,2024-12-23 14:46:00+00:00,"Menurut saya biangnya adalah memang keterbatasan dana bpjs, entah dari apbn atau dari sumber lain. Hrsnya negara jgn gembar gembor kebanyakan program, maksimalkan dulu yg ada. Spt makan siang gratis kan hanya menggembosi pendanaan program yg lbh manfaat",APBN makan siang gratis,
https://x.com/inibudibiasa/status/1871184935912153204,FALSE,@inibudibiasa,2024-12-23 13:23:00+00:00,"Buat menambal APBN, la APBN bocor kan gara2 makan siang gratis gak seh?",APBN makan siang gratis,
https://x.com/pancasastra93/status/1871121022461804722,FALSE,@pancasastra93,2024-12-23 09:09:00+00:00,"Serius nanya?

Kenaikan PPN jadi 12% ini untuk mendanai janji kampanye ""makan siang"" gratis atau buat nambal APBN yg rungkat akibat ambisi Jokowi membangun IKN yg sangat tidak urgensi?

Kalian sebagai pemimpin mbok ya rundingan dulu sama saya, baiknya gimana..",APBN makan siang gratis,
https://x.com/gue303030/status/1871110277166666091,FALSE,@gue303030,2024-12-23 08:27:00+00:00,Di Indonesia mana mungkin dibatalkan kenaikan PPN 12 persen kl batal naik dr mana uang APBN bayar bunga utang dan pokok pinjaman dana makan siang gratis ngutang ke china,APBN makan siang gratis,
https://x.com/mharisman/status/1871057292537544971,FALSE,@mharisman,2024-12-23 04:56:00+00:00,"Biaya program makan siang gratis di 2025 = Rp 71T. 

PBI APBN/APBD ke BPJS Kesehatan = Rp 63T per tahun.

5% APBN = Rp 166T.

Pilih mana, makan siang gratis secara gebyah-uyah tanpa prioritas, atau program pemberantasan stunting secara terukur plus menaikkan anggaran PBI utk BPJS Kesehatan?

Pilih makan siang gratis yg maksimal 250x Rp 10rb = Rp 2,5jt per anak per tahun, atau dapat layanan kesehatan premium yg bisa menghemat puluhan juta bahkan ratusan juta per kali sakit/operasi/terapi.",APBN makan siang gratis,
https://x.com/mas_alku9/status/1871055210518618363,FALSE,@mas_alku9,2024-12-23 04:48:00+00:00,"Semoga kenaikan PPN 12% usulan 8 partai dibatalkan pak @prabowo. Agar APBN stabil mungkin mungkin sebaiknya program makan siang gratis ditunda dulu pak.

Saya percaya pak Prabowo berpihak kepada rakyat kecil. Spt petani lebih suka harga pupuk dan kebutuhan pokok murah pak🙏",APBN makan siang gratis,
https://x.com/zeydpm/status/1871053645426708845,FALSE,@zeydpm,2024-12-23 04:42:00+00:00,gratis makan siang proker paling asbun yg udah ada. Klo nyasar ke remote area lain cerita ini dari sabang sampe merauke semua area dapet makan gratis gimana APBN ngga boncos.,APBN makan siang gratis,
https://x.com/mas_alku9/status/1871037202609914332,FALSE,@mas_alku9,2024-12-23 03:36:00+00:00,"Tak perlu malu untuk batalkan PPN 12%. Untuk menyelamatkan APBN sebaiknya gak perlu program makan siang gratis. Rakyat indonesia pasti memaklumi dan memaafkan kok. 

Bangsa kita khan pemaaf. Asal yang pada korupsi dimiskinkan dan kembalikan uang ke kas negara.",APBN makan siang gratis,
https://x.com/nakula2801/status/1871028926941900841,FALSE,@nakula2801,2024-12-23 03:03:00+00:00,"Ini akibat pembangunan IKN yg terlalu dipaksakan menyedot habis APBN dan program makan siang gratis yg sedot anggaran triliunan,  shgg rakyat yg menderita dan menanggung dikenakan PPN 12%.",APBN makan siang gratis,
https://x.com/mardi_smorang/status/1920601375550935413,FALSE,@mardi_smorang,2025-05-08 22:07:00+00:00,"Gabung BRICS bikin Indonesia diakui dunia, program makan siang gratis anak sekolah bikin tambah semangat belajar, sektor industri makin berkembang #EnamBulanPemerintah",Program Makan Siang Gratis,
https://x.com/cleo_davina/status/1920595081284972946,FALSE,@cleo_davina,2025-05-08 21:42:00+00:00,"Sekolah makin semangat karena makan siang gratis, program ini menyasar 60% siswa SD di semester pertama #EnamBulanPemerintah",Program Makan Siang Gratis,
https://x.com/freya_fara/status/1920589451887276518,FALSE,@freya_fara,2025-05-08 21:19:00+00:00,"Gabung BRICS berarti peluang kerja makin luas, industri dalam negeri banjir orderan, dan program makan siang gratis bikin anak sekolah makin semangat #EnamBulanPemerintah",Program Makan Siang Gratis,
https://x.com/Krisna_sombing/status/1920583778092617959,FALSE,@Krisna_sombing,2025-05-08 20:57:00+00:00,"Enam bulan, Indonesia jadi sorotan dunia, perdagangan naik, kemiskinan turun pelan-pelan gara-gara program makan siang gratis #EnamBulanPemerintah",Program Makan Siang Gratis,
https://x.com/wahyu_akbar66/status/1920580352331972865,FALSE,@wahyu_akbar66,2025-05-08 20:43:00+00:00,"Indonesia di BRICS, industri dalam negeri diprioritas, program makan siang gratis makin meluas, baru 6 bulan Prabowo memimpin #EnamBulanPemerintah",Program Makan Siang Gratis,
https://x.com/rizky_muhamad3/status/1920580338595635329,FALSE,@rizky_muhamad3,2025-05-08 20:43:00+00:00,"Anak sekolah senyum lebar, program makan siang gratis sekarang udah jalan, ekonomi juga tumbuh lewat inovasi dalam negeri #EnamBulanPemerintah",Program Makan Siang Gratis,
https://x.com/dito_wardana9/status/1920574324513104344,FALSE,@dito_wardana9,2025-05-08 20:19:00+00:00,"Program makan siang gratis ga sekadar ngasih makanan, tapi juga tingkatkan konsentrasi belajar siswa, industri nasional makin produktif, diplomasi aktif bareng BRICS #EnamBulanPemerintah",Program Makan Siang Gratis,
https://x.com/firda_helmi/status/1920574244901302439,FALSE,@firda_helmi,2025-05-08 20:19:00+00:00,"Selama enam bulan, 100 ribu sekolah sudah dapat program makan siang gratis, prestasi keren dari Prabowo #EnamBulanPemerintah",Program Makan Siang Gratis,
https://x.com/elfinaira_dewi/status/1920574069231309270,FALSE,@elfinaira_dewi,2025-05-08 20:18:00+00:00,"Gabung BRICS sukses tarik investasi baru, program makan siang gratis udah jalan di 34 provinsi #EnamBulanPemerintah",Program Makan Siang Gratis,
https://x.com/ayu_adel209/status/1920573813844058210,FALSE,@ayu_adel209,2025-05-08 20:17:00+00:00,"Program makan siang gratis jadi bukti aksi nyata, ekonomi terus tumbuh, hubungan diplomatik makin intensif lewat BRICS #EnamBulanPemerintah",Program Makan Siang Gratis,
https://x.com/balidin_widodo/status/1920571599364747760,FALSE,@balidin_widodo,2025-05-08 20:08:00+00:00,"Program makan siang gratis di 20 ribu sekolah bikin gizi anak terjamin, angka stunting turun di beberapa provinsi #EnamBulanPemerintah",Program Makan Siang Gratis,
https://x.com/boas_sal51/status/1920568582217347126,FALSE,@boas_sal51,2025-05-08 19:56:00+00:00,"Berbagai program Prabowo nyatanya bikin ekonomi nasional naik 5 persen lebih, makan siang gratis disambut hangat siswa #EnamBulanPemerintah",Program Makan Siang Gratis,
https://x.com/budi_santosa280/status/1920567535357100339,FALSE,@budi_santosa280,2025-05-08 19:52:00+00:00,"Kolaborasi bareng BRICS bikin industri manufaktur tumbuh, program makan siang gratis bikin anak-anak sekolah lebih sehat #EnamBulanPemerintah",Program Makan Siang Gratis,
https://x.com/tamarina_zalfa/status/1920562027199860828,FALSE,@tamarina_zalfa,2025-05-08 19:30:00+00:00,"Setengah tahun jadi anggota BRICS, Indonesia cetak pertumbuhan industri, program makan siang gratis jangkau jutaan siswa #EnamBulanPemerintah",Program Makan Siang Gratis,
https://x.com/bagus_akbar4/status/1920558589673906271,FALSE,@bagus_akbar4,2025-05-08 19:17:00+00:00,"Diplomasi Prabowo bikin pintu investasi terbuka, BRICS jadi strategi baru, program makan siang gratis menyentuh jutaan pelajar di seluruh negeri #EnamBulanPemerintah",Program Makan Siang Gratis,
https://x.com/rahmat_saimima/status/1920552325493473760,FALSE,@rahmat_saimima,2025-05-08 18:52:00+00:00,Program makan siang gratis jadi pemimpin trend di kawasan Asia #EnamBulanPemerintah,Program Makan Siang Gratis,
https://x.com/adit_sett11/status/1920540959772709254,FALSE,@adit_sett11,2025-05-08 18:07:00+00:00,"Program makan siang gratis di sekolah bikin anak-anak makin semangat belajar, bahkan di daerah terpencil sekalipun #EnamBulanPemerintah",Program Makan Siang Gratis,
https://x.com/jahida_muf7/status/1920538560425570813,FALSE,@jahida_muf7,2025-05-08 17:57:00+00:00,"Kerja sama BRICS bikin ekonomi RI lebih terbuka, pabrik baru bermunculan, program makan siang gratis jadi andalan pendidikan #EnamBulanPemerintah",Program Makan Siang Gratis,
https://x.com/ayum_nahruya/status/1920529166690062740,FALSE,@ayum_nahruya,2025-05-08 17:20:00+00:00,"Produksi pangan lokal meningkat seiring realisasi program makan siang gratis, petani makin diberdayakan #EnamBulanPemerintah",Program Makan Siang Gratis,
https://x.com/citr_adewi7/status/1920447081946231204,FALSE,@citr_adewi7,2025-05-08 11:53:00+00:00,"Enam bulan, program makan siang gratis udah tersebar ke seluruh Indonesia, bukti perhatian pemerintah ke masa depan bangsa #EnamBulanPemerintah",Program Makan Siang Gratis,
https://x.com/arzta_putrii/status/1920446381975646417,FALSE,@arzta_putrii,2025-05-08 11:51:00+00:00,"Keberanian Prabowo mendorong Indonesia gabung BRICS jadi story of the year, apalagi didukung program makan siang gratis yang tepat sasaran #EnamBulanPemerintah",Program Makan Siang Gratis,
https://x.com/lintang_prmta18/status/1920445412177293771,FALSE,@lintang_prmta18,2025-05-08 11:47:00+00:00,"Enam bulan terakhir, Indonesia lebih aktif di kancah global, sektor industri naik, dan program makan siang gratis bener-bener jadi penyemangat sekolah #EnamBulanPemerintah",Program Makan Siang Gratis,
https://x.com/abbas_novan21/status/1920445073478619339,FALSE,@abbas_novan21,2025-05-08 11:46:00+00:00,"Gabung BRICS jadi langkah strategis, ekonomi nasional tumbuh 5,2%, program makan siang gratis sentuh jutaan siswa #EnamBulanPemerintah",Program Makan Siang Gratis,
https://x.com/hardi_mulyanto6/status/1920444215047156074,FALSE,@hardi_mulyanto6,2025-05-08 11:42:00+00:00,"Industri nasional tumbuh lebih cepat, program makan siang gratis capai lebih dari 10 juta pelajar dalam enam bulan, berkat inovasi kebijakan Prabowo #EnamBulanPemerintah",Program Makan Siang Gratis,
https://x.com/KoramilSedayu/status/1920442389216276561,FALSE,@KoramilSedayu,2025-05-08 11:35:00+00:00,Babinsa Koramil 02/Sedayu Koptu Nicholas Aditya melaksanakan Monitoring dan Pendampingan dalam Rangka Running Makan Siang Gratis Program BGN(Badan Gizi Naional)Bertempat di SD Muhammadiyah TAPEN Argosari Kap.Sedayu Bantul.,Program Makan Siang Gratis,
https://x.com/haura_layhifa38/status/1920439381187575959,FALSE,@haura_layhifa38,2025-05-08 11:23:00+00:00,"Program makan siang gratis sukses bikin kehadiran sekolah meningkat, salah satu keberhasilan kebijakan sosial era baru #EnamBulanPemerintah",Program Makan Siang Gratis,
https://x.com/asmianto_ramad/status/1920437738261860568,FALSE,@asmianto_ramad,2025-05-08 11:16:00+00:00,"Kerasa banget perubahan, hubungan internasional makin kuat lewat BRICS, kebijakan industri efektif, program makan siang gratis merata #EnamBulanPemerintah",Program Makan Siang Gratis,
https://x.com/balqis_putri23/status/1920436887115665675,FALSE,@balqis_putri23,2025-05-08 11:13:00+00:00,Program makan siang gratis jadi percontohan social safety net di Asia Tenggara #EnamBulanPemerintah,Program Makan Siang Gratis,
https://x.com/asmadi_prayog/status/1920435240931082545,FALSE,@asmadi_prayog,2025-05-08 11:06:00+00:00,"Setengah tahun kerja nyata, program makan siang gratis sudah menjangkau 15 juta siswa di seluruh Indonesia #EnamBulanPemerintah",Program Makan Siang Gratis,
https://x.com/karmina_azra/status/1920435204923273268,FALSE,@karmina_azra,2025-05-08 11:06:00+00:00,"Kolaborasi BRICS jadi jalan Indonesia naik kelas, produksi dalam negeri makin melimpah, program makan siang gratis jadi bukti perhatian pemerintah #EnamBulanPemerintah",Program Makan Siang Gratis,
https://x.com/thomas_iskndr2/status/1920434078131654781,FALSE,@thomas_iskndr2,2025-05-08 11:02:00+00:00,"Presiden Prabowo gaspol diplomasi lewat BRICS, kebijakan ekonomi dorong industri lokal naik, program makan siang gratis sudah jalan di seluruh Indonesia #EnamBulanPemerintah",Program Makan Siang Gratis,
https://x.com/hera_wati66/status/1920433966126924121,FALSE,@hera_wati66,2025-05-08 11:01:00+00:00,"Diplomasi Prabowo bikin Indonesia lebih didengar dunia, industri lokal makin giat, dan program makan siang gratis bikin anak lebih aktif belajar #EnamBulanPemerintah",Program Makan Siang Gratis,
https://x.com/ronly_naja/status/1920433635758379283,FALSE,@ronly_naja,2025-05-08 11:00:00+00:00,"Pembangunan SDM makin terasa, program makan siang gratis bukan sekadar janji, tapi nyata dirasain jutaan anak sekolah #EnamBulanPemerintah",Program Makan Siang Gratis,
https://x.com/maria_andri4/status/1920432622192505190,FALSE,@maria_andri4,2025-05-08 10:56:00+00:00,"Pemerintah di bawah Prabowo aktif perluas jejaring ekonomi global, dorong industri domestik, serta program makan siang gratis bikin siswa terpenuhi gizinya #EnamBulanPemerintah",Program Makan Siang Gratis,
https://x.com/heri_sanjaya4/status/1920431863870509070,FALSE,@heri_sanjaya4,2025-05-08 10:53:00+00:00,"Program makan siang gratis makin banyak dinikmati pelajar, daya saing produk nasional juga naik bareng ekspor ke BRICS #EnamBulanPemerintah",Program Makan Siang Gratis,
https://x.com/lina_marlina34/status/1920431248054342093,FALSE,@lina_marlina34,2025-05-08 10:51:00+00:00,"Fakta menarik, program makan siang gratis udah capai 1 juta siswa di lebih dari 10 ribu sekolah selama pemerintahan Prabowo #EnamBulanPemerintah",Program Makan Siang Gratis,
https://x.com/jamaludin_imam1/status/1920430786529911246,FALSE,@jamaludin_imam1,2025-05-08 10:49:00+00:00,"Prabowo bawa angin segar, gabung BRICS bikin nama Indonesia makin didengar dunia, dalam negeri juga sibuk dorong industri sama program makan siang gratis #EnamBulanPemerintah",Program Makan Siang Gratis,
https://x.com/rahman_budii/status/1920430754376376584,FALSE,@rahman_budii,2025-05-08 10:49:00+00:00,"Enam bulan terakhir, ekonomi Indonesia tumbuh stabil, hubungan luar negeri lebih kuat usai gabung BRICS, dan program makan siang gratis makin luas jangkauannya #EnamBulanPemerintah",Program Makan Siang Gratis,
https://x.com/teguh_wjyntoo/status/1920425828069892488,FALSE,@teguh_wjyntoo,2025-05-08 10:29:00+00:00,"Industri nasional makin diperhatikan, program makan siang gratis tingkatkan gizi anak sekolah, hubungan diplomatik dengan BRICS makin erat #EnamBulanPemerintah",Program Makan Siang Gratis,
https://x.com/hkmhh_syhptra/status/1929780745738047859,FALSE,@hkmhh_syhptra,2025-06-03 06:02:00+00:00,Pak Prabowo buktikan perhatian ke Papua lewat program makan gratis yang didukung semua warga,Program Makan Gratis Prabowo,
https://x.com/rayhan_alvaro27/status/1929779985121968515,FALSE,@rayhan_alvaro27,2025-06-03 05:59:00+00:00,Program makan bergizi gratis dari Pak Prabowo benar-benar bawa semangat baru buat warga Papua,Program Makan Gratis Prabowo,
https://x.com/POLRES_PASER/status/1929777551247134738,FALSE,@POLRES_PASER,2025-06-03 05:49:00+00:00,"POLRI PERLUAS DAPUR MAKAN BERGIZI GRATIS (SPPG POLRI) UNTUK DUKUNG PROGRAM MAKANAN BERGIZI PRESIDEN PRABOWO
7 Lokasi Beroperasi, 22 Lainnya Segera Hadir di Seluruh Indonesia",Program Makan Gratis Prabowo,
https://x.com/POLRES_PASER/status/1929777264276763085,FALSE,@POLRES_PASER,2025-06-03 05:48:00+00:00,"POLRI PERLUAS DAPUR MAKAN BERGIZI GRATIS (SPPG POLRI) UNTUK DUKUNG PROGRAM MAKANAN BERGIZI PRESIDEN PRABOWO
7 Lokasi Beroperasi, 22 Lainnya Segera Hadir di Seluruh Indonesia",Program Makan Gratis Prabowo,
https://x.com/Tomi_gunawan21/status/1929776021982621982,FALSE,@Tomi_gunawan21,2025-06-03 05:43:00+00:00,Presiden Prabowo tuh buktiin komitmen buat Indonesia Emas lewat Program Makan Bergizi Gratis,Program Makan Gratis Prabowo,
https://x.com/fajri_sofya/status/1929775470541000981,FALSE,@fajri_sofya,2025-06-03 05:41:00+00:00,Presiden Prabowo hadirkan program makan bergizi gratis sebagai langkah awal menuju mimpi besar,Program Makan Gratis Prabowo,
https://x.com/asmadi_prayog/status/1929774764950016368,FALSE,@asmadi_prayog,2025-06-03 05:38:00+00:00,Generasi sehat-milenial didukung penuh sama Presiden Prabowo lewat Program Makan Bergizi Gratis,Program Makan Gratis Prabowo,
https://x.com/BppKam35918/status/1929774279194980824,FALSE,@BppKam35918,2025-06-03 05:36:00+00:00,"Polri Perluas Dapur Makan Bergizi Gratis (SPPG POLRI) Untuk Program Makanan Bergizi Presiden Prabowo

#IrwasumPolri #MakananBergiziGratis #PolriUntukMasyarakat #PolriPresisi",Program Makan Gratis Prabowo,
https://x.com/jusuf_idris20/status/1929774054803657096,FALSE,@jusuf_idris20,2025-06-03 05:36:00+00:00,"Investasi terbaik buat masa depan, Program Makan Bergizi Gratis dari Presiden Prabowo bikin semua bangga",Program Makan Gratis Prabowo,
https://x.com/zaskifa_lara6/status/1929772574046933008,FALSE,@zaskifa_lara6,2025-06-03 05:30:00+00:00,"Sehat dan sejahtera buat semua, itulah komitmen Presiden Prabowo lewat Program Makan Bergizi Gratis",Program Makan Gratis Prabowo,
https://x.com/bancar_suwarno/status/1929771850651078939,FALSE,@bancar_suwarno,2025-06-03 05:27:00+00:00,Harapan Indonesia bakal makin kinclong sama program makan bergizi gratis dari Presiden Prabowo,Program Makan Gratis Prabowo,
https://x.com/bunga_ida437/status/1929771577320837343,FALSE,@bunga_ida437,2025-06-03 05:26:00+00:00,Peluang kerja dan kesehatan masyarakat makin tinggi bareng Program Makan Bergizi Gratis Presiden Prabowo,Program Makan Gratis Prabowo,
https://x.com/nurul_aulia200/status/1929771521880248642,FALSE,@nurul_aulia200,2025-06-03 05:25:00+00:00,"Presiden Prabowo nggak cuma ngomong, tapi juga bergerak nyata dengan program makan gratis buat anak bangsa",Program Makan Gratis Prabowo,
https://x.com/rafakila_dahla/status/1929771336345473323,FALSE,@rafakila_dahla,2025-06-03 05:25:00+00:00,Presiden Prabowo bener-bener total support perkembangan anak bangsa lewat Program Makan Bergizi Gratis,Program Makan Gratis Prabowo,
https://x.com/nurhani_mala7/status/1929770628468621670,FALSE,@nurhani_mala7,2025-06-03 05:22:00+00:00,Ide brilian Presiden Prabowo lewat program makan bergizi gratis bikin masa depan makin pasti,Program Makan Gratis Prabowo,
https://x.com/keshiaddict19/status/1876522649641464071,FALSE,@keshiaddict19,2025-01-07 06:53:00+00:00,di bilang makan siang gratis yng katanya bergizi itu blum cocok di indo. mending apbn nya di arahin untuk edukasi keluarga gimana caranya anak ga picky eater dsb lah. kek gini food waste jatuhnya,APBN makan siang gratis,
https://x.com/INDONESIAPERKS4/status/1876499833844035906,FALSE,@INDONESIAPERKS4,2025-01-07 05:23:00+00:00,"UJI COBA MAKAN SIANG GRATIS DENGAN LAUK TEMPE.

Anak-Anak Disuruh Makanan Vegetarian dari sayur hingga kacang-kacangan 😁😂😝

APBN 71 Triliun Makan Siang Gratis, Sarat dengan Korupsi 🤭",APBN makan siang gratis,"{'url': 'https://x.com/INDONESIAPERKS4/status/1876498514123039070', 'avatar': '', 'username': '@INDONESIAPERKS4', 'fullname': 'NDAS MULYONO 👹', 'timestamp': '2025-01-07T05:18:00.000Z', 'text': 'Gibran Tolak Makan Siang Gratis, Pilih Makan Siang Gratis di Rumah.\n\nMENUNYA SEPERTI MAKANAN DI PENJARA ...😂👇', 'links': [], 'images': ['https://pbs.twimg.com/media/GgqpdBoasAAcuYt.jpg', 'https://pbs.twimg.com/media/GgqpdAnbQAA7WW_.jpg']}"
https://x.com/aldrovandi10/status/1876493691344634162,FALSE,@aldrovandi10,2025-01-07 04:58:00+00:00,"Kuncinya saya penerus Jokowi jadi artinya sen kiri belok kanan, jadi artinya tidak seperakpun uang makan siang gratis dari kantong pribadi Prabowo, rugi dong, kan ada APBN dan tinngal naikin pajak ke rakyat",APBN makan siang gratis,
https://x.com/asboediono_id/status/1876492374807019767,FALSE,@asboediono_id,2025-01-07 04:53:00+00:00,Beberapa Minggu yang lalu saya pernah menulis - untuk membackup program Makan Siang Gratis dan Sekolah Khusus Anak Miskin Gunakan saja Dana Desa yang sudah masuk dalam nomenklatur APBN - penggunaan Dana Desa sangat mudah Pengawasannya jika digunakan untuk keperluan diatas #hening,APBN makan siang gratis,
https://x.com/asfan_warah/status/1876469087842525291,TRUE,@asfan_warah,2025-01-07 03:21:00+00:00,"Saya mah percaya, baru menjabat bbrp bulan, mgk blm dianggarkan sepenuhnya. Lagian, APBN defisit, klo gak cari2 kreatif gak akan bisa jalan tu program. 

Tp kita jg percaya bahwa ""tidak ada makan siang gratis""... 😃🤭🙈",APBN makan siang gratis,"{'url': 'https://x.com/kompascom/status/1876276342163185879', 'avatar': '', 'username': '@kompascom', 'fullname': 'Kompas.com', 'timestamp': '2025-01-06T14:35:00.000Z', 'text': 'Istana: Makan Bergizi Gratis di Sejumlah Daerah Masih Pakai Uang Prabowo | #PrabowoSubianto #MakanBergiziGratis', 'links': ['https://x.com/search?q=%23PrabowoSubianto', 'https://x.com/search?q=%23MakanBergiziGratis']}"
https://x.com/cantyodannis/status/1876391887483150372,FALSE,@cantyodannis,2025-01-06 22:14:00+00:00,"Diskriminasinya sangat mungkin berdasarkan kelas, Mas. Ditambah, pendidikan dasar gratis itu sudah jd tggjwb pemerintah berdasarkan UU. Gizi jg sudah menghabiskan APBN utk makan siang gratis kan? Secara tata kelola jg makin ribet dgn program baru lagi. Perkuat saja yg sudah ada.",APBN makan siang gratis,
https://x.com/DellaPerdana2/status/1876391393905840436,FALSE,@DellaPerdana2,2025-01-06 22:12:00+00:00,"@prabowo dari pada ente ngabisin apbn cuman nggendutin broker wapres

Mending duit makan siang gratis buat kesejahteraan guru

Heran dah sekolah di yordania tp begini",APBN makan siang gratis,
https://x.com/DellaPerdana2/status/1876390577144791286,FALSE,@DellaPerdana2,2025-01-06 22:09:00+00:00,"@prabowo masih banyak cara agar apbn mu sehat

Sudahlah pak tua, stop makan siang gratis

Itu hanya memperkaya broker broker wapresmua!!!",APBN makan siang gratis,
https://x.com/revel_34/status/1876364651753287927,FALSE,@revel_34,2025-01-06 20:26:00+00:00,"mbaknya kurang update apbn .. anggaran makan siang gratis 2025, ±70T 🤝🏻

btw bang kumis 🤭🤭",APBN makan siang gratis,
https://x.com/argentummen/status/1876270980072624559,TRUE,@argentummen,2025-01-06 14:13:00+00:00,Bau-baunya duit apbn sekian triliun buat makan siang gratis akan lebih banyak berakhir di tong sampah. Haqqul yaqieeen.,APBN makan siang gratis,"{'url': 'https://x.com/txtdrimedia/status/1876193147887493186', 'avatar': '', 'username': '@txtdrimedia', 'fullname': 'txtdrimedia', 'timestamp': '2025-01-06T09:04:00.000Z', 'links': [], 'images': ['https://pbs.twimg.com/media/GgmTuHJbMAAE4Pq.jpg']}"
https://x.com/saivaabc/status/1876262798935875610,TRUE,@saivaabc,2025-01-06 13:41:00+00:00,minimal ngasihnya makan siang gratis yang anggarannya pake duit apbn laaaa masa roti sebungkus (bercanda),APBN makan siang gratis,"{'url': 'https://x.com/dinikopi13/status/1874476878565970134', 'avatar': '', 'username': '@dinikopi13', 'fullname': 'Threadmaker🍒', 'timestamp': '2025-01-01T15:24:00.000Z', 'text': 'Di Squid Game 2 makin ditunjukin lagi dengan kontras keserakahan manusianya pas adegan Gong Yoo bawa roti dan kupon j*di. Bayangin dari 100 orang yg jelas-jelas kelaparan, mereka semua milih kupon j*di yg daripada roti yg punya probabilitas pasti buat ngenyangin', 'links': [], 'images': ['https://pbs.twimg.com/media/GgN4pCybUAAOY5t.jpg']}"
https://x.com/AnaphalisJav4/status/1876262631427952856,FALSE,@AnaphalisJav4,2025-01-06 13:40:00+00:00,"Biar gak cuma maido?!?
Hoi, ini bukan makan gratis ya, salah kalau sebutnya makan gratis, ini makanan dibiayai APBN, dan APBN dari pajak kita, rakyat. 
Pajak naik dapatnya makan siang bikin penyakit, memang gak cuma maido, tapi cocok dipisui, jancok!",APBN makan siang gratis,
https://x.com/kkamahao_pii/status/1876225702313484315,FALSE,@kkamahao_pii,2025-01-06 11:14:00+00:00,"eh kalau hal baik, seharusnya well prepared dan makanannya penuh gizi. katanya mau melawan stunting, kalo kaya gitu mah ga cukup. fyi untuk makan siang gratis ini apbn yang dikeluarian besar loh, seharusnya lebih diwasapadi karena lahan basah koruptor.",APBN makan siang gratis,"{'url': 'https://x.com/dinosaurbetina/status/1876214423679045813', 'avatar': '', 'username': '@dinosaurbetina', 'fullname': 'αяεтнα༊`❀⋆.࿔*:･༄˖', 'timestamp': '2025-01-06T10:29:00.000Z', 'text': ""Sesusah itu ya apresiasi hal baik ? \n\nSukanya kericuhan mulu, susah sih menerima kebaikan kalo 'manusia-manusia'nya kena penyakit hati. Apa aja bakal dinilah salah.. \nSehat sehat ya para pencemooh."", 'links': []}"
https://x.com/Kenzo_Sumantri/status/1876220800791101635,FALSE,@Kenzo_Sumantri,2025-01-06 10:54:00+00:00,"Walaupun saya pendukung 02, tapi saya sangat skeptis terhadap program makan siang gratis ini karena terlalu boros apbn, ribet dan juga terlalu sulit mengkoordinir makan gratis 1 Indonesia, mending pendidikan gratis sampai S1 aja daripada makan gratis",APBN makan siang gratis,
https://x.com/lachibolala0613/status/1876218474114253012,TRUE,@lachibolala0613,2025-01-06 10:45:00+00:00,"Bjirr nanti kalo banyak para siswa-siswi yg (nauzubillah) keracunan, pemerintah mau tanggungjawab??? APBN nya buat makan siang gratis ini banyak loo 😌😌",APBN makan siang gratis,"{'url': 'https://x.com/barengwarga/status/1876189210207785217', 'avatar': '', 'username': '@barengwarga', 'fullname': 'Bareng Warga - #IndonesiaGelap', 'timestamp': '2025-01-06T08:49:00.000Z', 'text': '4. Susunya hambar airnya lebih banyak.', 'links': [], 'images': ['https://pbs.twimg.com/media/GgmLYFvaQAArl32.png']}"
https://x.com/Riqriqriq_/status/1875953051795910877,FALSE,@Riqriqriq_,2025-01-05 17:10:00+00:00,"GUE MARAH BANGET MSIB DIHAPUS ANJINGGGGGG PEMERINTAH GOBLOK, APBN GEDE MALAH BUAT POLISI TNI SAMA MAKAN SIANG GRATIS",APBN makan siang gratis,
https://x.com/wlaha_sarimbit/status/1875728766439440754,FALSE,@wlaha_sarimbit,2025-01-05 02:19:00+00:00,"makan siang bergiji gratis sayur daun kelor juga blom beres pak, mendingan fokus dulu berantas korupsi. 300trilliun yg dikorupsi itu bisa buat nutup defisit apbn, koruptor dibuat miskin supaya gak cengengesan di pengadilan",APBN makan siang gratis,
https://x.com/terduduki/status/1875721580879474700,FALSE,@terduduki,2025-01-05 01:50:00+00:00,semangat lu pada yg milih si gemoy wkwkwk. APBN pendidikan kan emang dipotong buat makan siang yg dikata gratis itu 🥰🎉,APBN makan siang gratis,
https://x.com/CakSabri1/status/1875687141164142978,FALSE,@CakSabri1,2025-01-04 23:33:00+00:00,"Pertanyaan kita:
1. Penyelenggara makan siang siang gratis ini siapa? Kementerian atau lembaga apa? Biar jelas ini tupoksinya siapa?
2. Dananya dari APBN / APBD atau gabungan keduanya atau sumbangan pengusaha
3. Sdh ditenderkan, kapan, dan siapa pemenangnya? Atau apkh ditunjuk?",APBN makan siang gratis,
https://x.com/NamedReceh/status/1875454657272905791,FALSE,@NamedReceh,2025-01-04 08:10:00+00:00,"Anggaran di APBN dihentikan, mungkin dialihkan untuk yang lain, makan siang gratis atau IKN mungkin.",APBN makan siang gratis,
https://x.com/shinta_rakhaa/status/1920424456163401760,FALSE,@shinta_rakhaa,2025-05-08 10:24:00+00:00,"Program makan siang gratis menjangkau lebih dari 50 ribu sekolah, ekonomi makin ngebut karena BRICS #EnamBulanPemerintah",Program Makan Siang Gratis,
https://x.com/octaviasarii_/status/1920423882785210725,FALSE,@octaviasarii_,2025-05-08 10:21:00+00:00,"BRICS bawa Indonesia ke kancah global, industri makin maju, program makan siang gratis sekolah bikin banyak siswa terbantu #EnamBulanPemerintah",Program Makan Siang Gratis,
https://x.com/jessica_wstuti3/status/1920423872522059951,FALSE,@jessica_wstuti3,2025-05-08 10:21:00+00:00,"Pemerintahan baru bawa angin segar, keran investasi asing makin terbuka luas, program makan siang gratis udah jalan di ribuan sekolah #EnamBulanPemerintah",Program Makan Siang Gratis,
https://x.com/NenengAnj4r/status/1920393052440367416,FALSE,@NenengAnj4r,2025-05-08 08:19:00+00:00,"Namanya program makan siang gratis...
Berita nya tiap hari anak anak sekolah keracunan massal  makan siang gratis.
Program gak mutu...👎👎👎",Program Makan Siang Gratis,
https://x.com/Lonelytrexx/status/1920386968334049514,FALSE,@Lonelytrexx,2025-05-08 07:55:00+00:00,"Makan siang gratis itu program bagus , memang eksekusi belum sempurna tpi klo sudah tepat dan diperbaiki lgi , itu bisa jdi pondasi untuk masa yg akan dtang",Program Makan Siang Gratis,
https://x.com/Moyne897/status/1920376816927170717,FALSE,@Moyne897,2025-05-08 07:14:00+00:00,"Program Makan Bergizi Gratis bukan sekadar makan siang—ini adalah investasi masa depan. Anak sehat, pintar, dan bebas stunting adalah fondasi Indonesia Emas 2045.
#FaktaIndonesia #MakanBergiziGratis #DukungMakanBergiziGratis #DukungProgramMakanBergiziGratis",Program Makan Siang Gratis,
https://x.com/widi_hidayat4/status/1920359818319311204,FALSE,@widi_hidayat4,2025-05-08 06:07:00+00:00,"Setiap hari ada ribuan anak makan siang gratis di sekolah berkat program sosial Prabowo, orang tua juga jadi lebih tenang #EnamBulanPemerintah",Program Makan Siang Gratis,
https://x.com/farishi97/status/1920355865485578465,FALSE,@farishi97,2025-05-08 05:51:00+00:00,Salah aatu program makan siang gratis pun di dukung penuh #BillGatesforMBG memvawa energi positif juga,Program Makan Siang Gratis,
https://x.com/iyas_adam10/status/1920351764454220042,FALSE,@iyas_adam10,2025-05-08 05:35:00+00:00,Program sosial seperti makan siang gratis jadi solusi nyata buat atasi gizi buruk di sekolah #EnamBulanPemerintah,Program Makan Siang Gratis,
https://x.com/bayu_cakra7/status/1920349517947547777,FALSE,@bayu_cakra7,2025-05-08 05:26:00+00:00,"Program makan siang gratis jadi solusi kreatif kurangi ketimpangan gizi, buktikan perhatian penuh dari pemerintah #EnamBulanPemerintah",Program Makan Siang Gratis,
https://x.com/dinosartos/status/1920348487910076473,FALSE,@dinosartos,2025-05-08 05:22:00+00:00,"Program Makan Siang Bergizi Gratis (MBG) sebagai langkah nyata untuk meningkatkan kesehatan dan kecerdasan generasi muda bangsa.
#FaktaIndonesia
#MakanBergiziGratis
#DukungMakanBergiziGratis
#DukungProgramMakanBergiziGratis",Program Makan Siang Gratis,
https://x.com/athar_ghali/status/1920348260524306515,FALSE,@athar_ghali,2025-05-08 05:21:00+00:00,"Baru 6 bulan, Indonesia kerja bareng BRICS, peningkatan investasi asing kelihatan nyata, program makan siang gratis udah sampai ke pelosok daerah #EnamBulanPemerintah",Program Makan Siang Gratis,
https://x.com/dinosartos/status/1920347550806061237,FALSE,@dinosartos,2025-05-08 05:18:00+00:00,"Program makan siang bergizi gratis bukan sekadar soal makanan - ini tentang memastikan setiap anak Indonesia tumbuh sehat, belajar cerdas, bebas stunting, meringankan beban orang tua, dan menggerakkan ekonomi lokal demi masa depan bangsa yang lebih adil dan sejahtera",Program Makan Siang Gratis,
https://x.com/cicah_waricih/status/1920346605519012246,FALSE,@cicah_waricih,2025-05-08 05:14:00+00:00,"Setengah tahun di puncak, program makan siang gratis jangkau belasan juta pelajar, industri lokal juga tumbuh dua digit #EnamBulanPemerintah",Program Makan Siang Gratis,
https://x.com/leni_majuyii/status/1920344131379081353,FALSE,@leni_majuyii,2025-05-08 05:04:00+00:00,"Kehadiran Indonesia di BRICS bikin ekspor naik pesat, program makan siang gratis bantu siswa dapat asupan bergizi #EnamBulanPemerintah",Program Makan Siang Gratis,
https://x.com/ananta_mahend/status/1920342515292778566,FALSE,@ananta_mahend,2025-05-08 04:58:00+00:00,"Program makan siang gratis digeber pemerintahan Prabowo, partisipasi sekolah melonjak, pelajar lebih aktif dan sehat #EnamBulanPemerintah",Program Makan Siang Gratis,
https://x.com/gevira_asqolani/status/1920342284463399344,FALSE,@gevira_asqolani,2025-05-08 04:57:00+00:00,Progres pengentasan kemiskinan makin cepet dengan sinergi program makan siang gratis dan industrilisasi #EnamBulanPemerintah,Program Makan Siang Gratis,
https://x.com/knzy_akbr/status/1920341126852325798,FALSE,@knzy_akbr,2025-05-08 04:52:00+00:00,"Program makan siang gratis bukan sekadar janji, tapi udah jadi kenyataan buat jutaan murid #EnamBulanPemerintah",Program Makan Siang Gratis,
https://x.com/hoepalais/status/1920340175256694928,FALSE,@hoepalais,2025-05-08 04:49:00+00:00,"program mencegah stunting ya fokusnya ke ibu hamil dong monyong, kok malah makan siang gratis buat anak sekolah. ya jelas bill gates kasi saran buat ibu hamil",Program Makan Siang Gratis,
https://x.com/umar_krnwn9/status/1920338660639035745,FALSE,@umar_krnwn9,2025-05-08 04:43:00+00:00,Program sosial kayak makan siang gratis sekolah udah diterapkan di 90% wilayah Indonesia #EnamBulanPemerintah,Program Makan Siang Gratis,
https://x.com/sehriz_sahmeza/status/1929768487477825814,FALSE,@sehriz_sahmeza,2025-06-03 05:13:00+00:00,Kerasa banget optimisme masa depan melihat Presiden Prabowo dorong Program Makan Bergizi Gratis,Program Makan Gratis Prabowo,
https://x.com/azizah_nairaa/status/1929768424345162072,FALSE,@azizah_nairaa,2025-06-03 05:13:00+00:00,"Presiden Prabowo hadirkan perubahan, generasi sehat lewat program makan bergizi gratis nasional",Program Makan Gratis Prabowo,
https://x.com/dorelia_miralia/status/1929768004751114321,FALSE,@dorelia_miralia,2025-06-03 05:12:00+00:00,Optimis banget sama langkah berani Presiden Prabowo perluas program makan bergizi gratis,Program Makan Gratis Prabowo,
https://x.com/anugrah_sinta78/status/1929767959825993945,FALSE,@anugrah_sinta78,2025-06-03 05:11:00+00:00,Dukung terus Program Makan Bergizi Gratis Presiden Prabowo biar semua anak Indonesia tumbuh maksimal,Program Makan Gratis Prabowo,
https://x.com/amira_arsani/status/1929767927177531586,FALSE,@amira_arsani,2025-06-03 05:11:00+00:00,"Presiden Prabowo enggak main-main soal masa depan, buktinya gebrak Program Makan Bergizi Gratis",Program Makan Gratis Prabowo,
https://x.com/ayudya_utam4/status/1929766852210970750,FALSE,@ayudya_utam4,2025-06-03 05:07:00+00:00,Berasa banget harapan baru tercipta berkat program makan gratis Presiden Prabowo,Program Makan Gratis Prabowo,
https://x.com/amita_kusmala/status/1929766433145475386,FALSE,@amita_kusmala,2025-06-03 05:05:00+00:00,"Lihat Presiden Prabowo push Program Makan Bergizi Gratis, makin yakin Indonesia bakal maju",Program Makan Gratis Prabowo,
https://x.com/fatma_suliss/status/1929766242153648182,FALSE,@fatma_suliss,2025-06-03 05:05:00+00:00,"Gizi oke, masa depan oke bareng program makan bergizi gratis Presiden Prabowo",Program Makan Gratis Prabowo,
https://x.com/yuda_imam10/status/1929766197702414402,FALSE,@yuda_imam10,2025-06-03 05:04:00+00:00,Efek positif nyata dari Program Makan Bergizi Gratis semakin terasa berkat visi Presiden Prabowo,Program Makan Gratis Prabowo,
https://x.com/fajar_mukhlis79/status/1929765936795664634,FALSE,@fajar_mukhlis79,2025-06-03 05:03:00+00:00,Dukung penuh langkah Presiden Prabowo lewat Program Makan Bergizi Gratis buat Indonesia Emas 2045,Program Makan Gratis Prabowo,
https://x.com/diva_kasih46/status/1929764922038391066,FALSE,@diva_kasih46,2025-06-03 04:59:00+00:00,Bersama Presiden Prabowo optimisme Indonesia Emas 2045 terasa nyata dengan Program Makan Bergizi Gratis,Program Makan Gratis Prabowo,
https://x.com/lina_stwati57/status/1929763791665090973,FALSE,@lina_stwati57,2025-06-03 04:55:00+00:00,Optimisme makin nyala sejak Program Makan Bergizi Gratis digodok serius sama Presiden Prabowo,Program Makan Gratis Prabowo,
https://x.com/calyta_matinn/status/1929763292601327915,FALSE,@calyta_matinn,2025-06-03 04:53:00+00:00,"Gak ragu lagi sama usaha Presiden Prabowo, lewat Program Makan Bergizi Gratis, kita siap jadi bangsa kuat",Program Makan Gratis Prabowo,
https://x.com/galingga_arya4/status/1929763195255767425,FALSE,@galingga_arya4,2025-06-03 04:52:00+00:00,Semangat Presiden Prabowo dalam program makan gratis bikin harapan bangsa makin membara,Program Makan Gratis Prabowo,
https://x.com/katrina_fera112/status/1929762294751502821,FALSE,@katrina_fera112,2025-06-03 04:49:00+00:00,Program makan gratis dari Presiden Prabowo bawa semangat positif buat seluruh generasi penerus,Program Makan Gratis Prabowo,
https://x.com/handika_akbar45/status/1929762102862139451,FALSE,@handika_akbar45,2025-06-03 04:48:00+00:00,"Berkat Program Makan Bergizi Gratis dari Presiden Prabowo, target generasi emas bukan sekadar mimpi",Program Makan Gratis Prabowo,
https://x.com/dihad_balqes23/status/1929761501575000509,FALSE,@dihad_balqes23,2025-06-03 04:46:00+00:00,Program Makan Bergizi Gratis Presiden Prabowo bawa harapan baru buat masa depan lebih cerah,Program Makan Gratis Prabowo,
https://x.com/najda_ahmi7/status/1929761438589141277,FALSE,@najda_ahmi7,2025-06-03 04:45:00+00:00,Program Makan Bergizi Gratis bukti Presiden Prabowo gaspol buat masa depan sehat dan cerdas,Program Makan Gratis Prabowo,
https://x.com/fazluna_afrah5/status/1929760778040877534,FALSE,@fazluna_afrah5,2025-06-03 04:43:00+00:00,"Program Makan Bergizi Gratis bikin Indonesia makin solid, terima kasih Presiden Prabowo",Program Makan Gratis Prabowo,
https://x.com/renata_hijann/status/1929760557395333365,FALSE,@renata_hijann,2025-06-03 04:42:00+00:00,Dukung terus Program Makan Bergizi Gratis dari Presiden Prabowo demi masa depan cerah dan berkualitas,Program Makan Gratis Prabowo,
https://x.com/wansrosadi/status/1872263929856192704,FALSE,@wansrosadi,2024-12-26 12:51:00+00:00,"Klo APBN tekor, pajak ga jadi naik, bantuan China batal, untuk menghemat, makan siang gratis, ga pake gizi,  bisa sprt ini ....",APBN makan siang gratis,
https://x.com/zidaan_galih/status/1920336640909705637,FALSE,@zidaan_galih,2025-05-08 04:35:00+00:00,"BRICS membuat ekspor Indonesia melonjak, program makan siang gratis hadir di lebih dari 150 ribu sekolah, serta industri lokal naik kelas #EnamBulanPemerintah",Program Makan Siang Gratis,
https://x.com/desya_arda43/status/1920336320297382300,FALSE,@desya_arda43,2025-05-08 04:33:00+00:00,"Enam bulan Prabowo, ekspor meningkat, industri lokal makin ok, murid sekolah makin sehat berkat program makan siang gratis #EnamBulanPemerintah",Program Makan Siang Gratis,
https://x.com/sulis_ren33/status/1920332747635093719,FALSE,@sulis_ren33,2025-05-08 04:19:00+00:00,"BRICS bikin nama Indonesia makin didengar, ekonomi tumbuh stabil, program sosial kayak makan siang gratis ikut bergerak #EnamBulanPemerintah",Program Makan Siang Gratis,
https://x.com/ratkur_/status/1920331474559213772,FALSE,@ratkur_,2025-05-08 04:14:00+00:00,Program makan siang gratis jadi faktor penting turunnya angka putus sekolah #EnamBulanPemerintah,Program Makan Siang Gratis,
https://x.com/rachmawati17_/status/1920330758650057209,FALSE,@rachmawati17_,2025-05-08 04:11:00+00:00,"Indonesia makin diperhitungkan karena BRICS, ekspor lari kencang, industri dalam negeri naik terus, dan sekolah makin hangat dengan program makan siang gratis #EnamBulanPemerintah",Program Makan Siang Gratis,
https://x.com/putra_winartoo/status/1920330587480731918,FALSE,@putra_winartoo,2025-05-08 04:11:00+00:00,"Ekonomi Indonesia tumbuh konsisten, program makan siang gratis jangkau lebih banyak anak, hubungan diplomatik makin solid #EnamBulanPemerintah",Program Makan Siang Gratis,
https://x.com/heri_santo71/status/1920330357641261501,FALSE,@heri_santo71,2025-05-08 04:10:00+00:00,"Program makan siang gratis udah jalan di ribuan sekolah, kesehatan pelajar makin terjaga, orang tua hepi #EnamBulanPemerintah",Program Makan Siang Gratis,
https://x.com/nurul_kmilaa/status/1920330329308737811,FALSE,@nurul_kmilaa,2025-05-08 04:10:00+00:00,"Program makan siang gratis bikin kehadiran sekolah tembus hampir 100 persen di beberapa daerah, efek nyata kebijakan sosial Prabowo #EnamBulanPemerintah",Program Makan Siang Gratis,
https://x.com/pus_pita11/status/1920329816479506659,FALSE,@pus_pita11,2025-05-08 04:08:00+00:00,"Akses pendidikan makin merata berkat program makan siang gratis, daerah 3T juga mulai tersentuh manfaatnya #EnamBulanPemerintah",Program Makan Siang Gratis,
https://x.com/danang_hafiz5/status/1920329625592369177,FALSE,@danang_hafiz5,2025-05-08 04:07:00+00:00,Program makan siang gratis bikin anak-anak sehat dan siap belajar #EnamBulanPemerintah,Program Makan Siang Gratis,
https://x.com/rafli_sa90/status/1920327021608960292,FALSE,@rafli_sa90,2025-05-08 03:56:00+00:00,"Angka dropout sekolah dasar turun, salah satunya karena ada program makan siang gratis rutin #EnamBulanPemerintah",Program Makan Siang Gratis,
https://x.com/gibran_abidin24/status/1920322802973876453,FALSE,@gibran_abidin24,2025-05-08 03:40:00+00:00,"Program makan siang gratis bantu jaga nutrisi anak, ekonomi tumbuh, dan diplomasi Indonesia lewat BRICS semakin kuat di mata internasional #EnamBulanPemerintah",Program Makan Siang Gratis,
https://x.com/arga_zavier15/status/1920321784945008918,FALSE,@arga_zavier15,2025-05-08 03:36:00+00:00,"Gabung BRICS bikin Indonesia makin kuat secara ekonomi, industri lokal makin dipercaya dan program makan siang gratis sukses capai 90 persen sekolah dasar #EnamBulanPemerintah",Program Makan Siang Gratis,
https://x.com/taskia_hana8/status/1920321690208199066,FALSE,@taskia_hana8,2025-05-08 03:35:00+00:00,"Keanggotaan BRICS bikin Indonesia makin jadi sorotan, program makan siang gratis capai target 95% sekolah negeri #EnamBulanPemerintah",Program Makan Siang Gratis,
https://x.com/rehan_p91/status/1920320998907281676,FALSE,@rehan_p91,2025-05-08 03:32:00+00:00,"Industri dalam negeri makin vibrant, ruang ekspor ke BRICS lebih luas, program makan siang gratis juga makin nyata dirasakan siswa #EnamBulanPemerintah",Program Makan Siang Gratis,
https://x.com/dhawiyah_nisrin/status/1920320338078150760,FALSE,@dhawiyah_nisrin,2025-05-08 03:30:00+00:00,"Program makan siang gratis berhasil jangkau lebih dari 15 juta anak sekolah, kesehatan generasi muda naik signifikan #EnamBulanPemerintah",Program Makan Siang Gratis,
https://x.com/mhmmd_amar9/status/1920320162240037006,FALSE,@mhmmd_amar9,2025-05-08 03:29:00+00:00,"Pemerintah serius bangun negeri, enam bulan berjalan maksimalkan program nyata, mulai industri lokal sampai makan siang gratis anak sekolah #EnamBulanPemerintah",Program Makan Siang Gratis,
https://x.com/fathonah_mndsr/status/1920319836103623091,FALSE,@fathonah_mndsr,2025-05-08 03:28:00+00:00,"BRICS sekarang punya Indonesia, makin banyak kerjasama, dampaknya industri kita lonjak, lingkungan sekolah tambah happy dengan program makan siang gratis #EnamBulanPemerintah",Program Makan Siang Gratis,
https://x.com/yuethena/status/1921566644855328801,FALSE,@yuethena,2025-05-11 14:02:00+00:00,"program makan pagi, siang, dan malam gratis? 🥺",Program Makan Siang Gratis,"{'url': 'https://x.com/D00MSURGE/status/1921566424654291103', 'avatar': '', 'username': '@D00MSURGE', 'fullname': '𝙳𝟶𝟶𝙼 𝚂𝚄𝚁𝙶𝙴.', 'timestamp': '2025-05-11T14:01:00.000Z', 'text': 'OH, MY HEART— Please, ajak teman kamu untuk ikut andil dalam program kami, ya? Kamu juga mau ikut, kan? 🥺', 'links': []}"
https://x.com/Raden_Mas_Budi/status/1921481806995440068,FALSE,@Raden_Mas_Budi,2025-05-11 08:25:00+00:00,Program makan siang itu jangka panjang juga bagus selama ini makan siang gratis bagi para penjahat yg dipenjara...3x,Program Makan Siang Gratis,
https://x.com/ditjen_pkh/status/1921462974222365167,FALSE,@ditjen_pkh,2025-05-11 07:10:00+00:00,"Hai #Sobat Ternak Tahukah kamu Kementan terus mendorong modernisasi peternakan ayam petelur demi memastikan pasokan telur yang cukup, higienis, dan berkualitas untuk mendukung program Makan Siang Bergizi Gratis (MBG) bagi jutaan siswa Indonesia.

facebook.com/share/v/1AMuN41…",Program Makan Siang Gratis,
https://x.com/TukangReport12/status/1921455549268258977,FALSE,@TukangReport12,2025-05-11 06:41:00+00:00,Apa Hubungannya sama program makan siang gratis mencegah tawuran apa hubungannya,Program Makan Siang Gratis,
https://x.com/andes_lauw81/status/1921405432947437765,FALSE,@andes_lauw81,2025-05-11 03:22:00+00:00,Makan siang gratis itu program Pak @prabowo apa anda menuduh Pak Presiden meracuni anak anak ?,Program Makan Siang Gratis,
https://x.com/HaryadiLuwak/status/1921396469229039915,FALSE,@HaryadiLuwak,2025-05-11 02:46:00+00:00,"Dulu pas debat prabowo ditanya cara mencegah/mengatasi kasus kekerasan pd perempuan, dijawab solusinya makan siang gratis 😅
Ajaib emang ini program 🤣🤣
Hidup jokowiii",Program Makan Siang Gratis,
https://x.com/HONGKYUNNG/status/1921212317808623885,FALSE,@HONGKYUNNG,2025-05-10 14:34:00+00:00,"Sebenernya kamu sempat masuk koran loh, Lusi. Di situ bilang, kalau kamu suka morotin. Makanya langsung saya tebak gitu, deh. Eh, ternyata beneran?! Ada satu hal gratis di dunia ini, program makan siang gratisnya pak P 🙂‍↕️",Program Makan Siang Gratis,
https://x.com/oky_on/status/1921191967414702220,FALSE,@oky_on,2025-05-10 13:13:00+00:00,Ini program lebih baik dan gercep drpd mimpi dapat makan siang gratis,Program Makan Siang Gratis,
https://x.com/dp_koesmirah/status/1921175697696969054,FALSE,@dp_koesmirah,2025-05-10 12:09:00+00:00,"Heran gak sih kalau masih banyak yang belain si pembohong?
Di mana ada makan siang gratis? Program MBG aja uang rakyat yang dipake....",Program Makan Siang Gratis,"{'url': 'https://x.com/MartinusButarb1/status/1921145514763960721', 'avatar': '', 'username': '@MartinusButarb1', 'fullname': 'Martinus Butarbutar', 'timestamp': '2025-05-10T10:09:00.000Z', 'text': 'Dulu juga publik mengejar kepastian ttg mobil esemka yg dalilnya buatan anak Indonesia. Dia yg ngomong klu mau pesan, antri. Hingga kini tdk pernah ada. Mana pertanggungjawaban mu ttg ucapan mu? Mana pertanggungjawaban mu? \n\nRakyat kau bodohi. Rakyat sdh kau hina sehina2nya..!', 'links': []}"
https://x.com/DISKOMINFOSS/status/1921159084897607940,FALSE,@DISKOMINFOSS,2025-05-10 11:03:00+00:00,"Sumsel Siap Mendukung Program Makan Siang Gratis, Sekda Sumsel Minta Pemkab/Pemkot Siapkan Lahan Untuk SPPG.

#GubernurSumsel
#WakilGubernurSumsel
#HermanDeru
#CikUjang 
#DiskominfoSumsel
#PemprovSumsel",Program Makan Siang Gratis,
https://x.com/Nndraee07/status/1921096794668240987,FALSE,@Nndraee07,2025-05-10 06:55:00+00:00,"Ayo om @pramonoanung drpd bikin program makan siang gratis bikin ajach Program Lapor Polisi Gratis Tuntas 7 hari. Masukin sistem online Jaki
Dr lembar tiket laporan tertera tim tumpas. Jk 7 hari tdk tuntas pecat dg tidak hormat tanpa pensiun. Saatnya cuci gudang di kepolisian",Program Makan Siang Gratis,
https://x.com/5x13a/status/1921084151953870992,FALSE,@5x13a,2025-05-10 06:05:00+00:00,ngasi program makan siang bergizi gratis tapi beneran ga sesuai sama namanya ‘bergizi’ it’s totally wrong,Program Makan Siang Gratis,
https://x.com/RohtaAnjulian/status/1921082535057997970,TRUE,@RohtaAnjulian,2025-05-10 05:59:00+00:00,"Ngobrol santai sambil ngopi bisa jadi ruang tukar pikiran yang luar biasa. Program makan siang gratis di sekolah-sekolah Finlandia itu bukti nyata bagaimana negara hadir langsung untuk warganya, sejak dini.",Program Makan Siang Gratis,
https://x.com/Dandhy_Laksono/status/1920985922004189271,TRUE,@Dandhy_Laksono,2025-05-09 23:35:00+00:00,"Habis ""olahraga"", ngopi dan ngobrol dengan kru berbagai negara, tentang beragam topik.

Pagi ini tentang program makan siang gratis di sekolah-sekolah Finlandia.",Program Makan Siang Gratis,
https://x.com/AntoSugi445034/status/1920938270994653534,FALSE,@AntoSugi445034,2025-05-09 20:25:00+00:00,Makan siang gratis yg mengakibatkan keracunan masal dan kini program vaksin TBC di uji cobakan auto pelayanan cepat pindah alam,Program Makan Siang Gratis,
https://x.com/AnaEffendis1/status/1920843598968307781,FALSE,@AnaEffendis1,2025-05-09 14:09:00+00:00,masih berjalan program nya? di daerah sini dari awal sampe skrng malah belum kebagian makan siang gratis kak. itu uang dana nya entah kabur kemana. makanya tau update nya cuma liat dari berita,Program Makan Siang Gratis,
https://x.com/KoramilSedayu/status/1920788123367223502,FALSE,@KoramilSedayu,2025-05-09 10:29:00+00:00,Babinsa Koramil 02/Sedayu Serda Nanang Pujatmiko  melaksanakan Monitoring dan Pendampingan dalam Rangka Running Makan Siang Gratis Program BGN(Badan Gizi Nasional)Bertempat di SD Muhammadiyah TAPEN Argosari Kap.Sedayu Bantul.,Program Makan Siang Gratis,
https://x.com/jue_viole213/status/1920762197539463596,FALSE,@jue_viole213,2025-05-09 08:46:00+00:00,Mereka ikut program prabowo untuk makan siang gratis yah,Program Makan Siang Gratis,
https://x.com/zzzzznana_/status/1920752417815105735,FALSE,@zzzzznana_,2025-05-09 08:07:00+00:00,program makan siang gratis?,Program Makan Siang Gratis,
https://x.com/bumbelbi1999/status/1920671580264219038,FALSE,@bumbelbi1999,2025-05-09 02:46:00+00:00,"Kekira Romo Paus Leo XIV ketika mau dipilih, tag nya ""LANJUTKAN"" program-program alm Romo Francis ga ya? 
Atau ditambah program makan siang gratis bagi pengunjung Basilika Santo Petrus?",Program Makan Siang Gratis,
https://x.com/zia_vada3/status/1929759681578402267,FALSE,@zia_vada3,2025-06-03 04:38:00+00:00,"Jangan ragu dukung program makan gratis Presiden Prabowo, masa depan bangsa lagi dipertaruhkan",Program Makan Gratis Prabowo,
https://x.com/elfinaira_dewi/status/1929759669708546218,FALSE,@elfinaira_dewi,2025-06-03 04:38:00+00:00,Mimpi Indonesia Emas makin nyata berkat langkah positif Presiden Prabowo lewat Program Makan Bergizi Gratis,Program Makan Gratis Prabowo,
https://x.com/radytia_rahen/status/1929758955133456889,FALSE,@radytia_rahen,2025-06-03 04:36:00+00:00,Jadi bagian dari gerakan Presiden Prabowo lewat Program Makan Bergizi Gratis bikin makin semangat,Program Makan Gratis Prabowo,
https://x.com/elani_sadah10/status/1929758871381594153,FALSE,@elani_sadah10,2025-06-03 04:35:00+00:00,Setiap anak jadi punya kesempatan yang sama berkat Presiden Prabowo dengan Program Makan Bergizi Gratis,Program Makan Gratis Prabowo,
https://x.com/riana_amaira21/status/1929758769891918099,FALSE,@riana_amaira21,2025-06-03 04:35:00+00:00,"Bangga punya Presiden Prabowo, bikin program makan gratis biar anak-anak Indonesia makin cerdas",Program Makan Gratis Prabowo,
https://x.com/gifara_a/status/1929758766830149858,FALSE,@gifara_a,2025-06-03 04:35:00+00:00,Masa depan cerah makin dekat berkat visi Presiden Prabowo lewat Program Makan Bergizi Gratis,Program Makan Gratis Prabowo,
https://x.com/lulu_fahriya3/status/1929758547572937161,FALSE,@lulu_fahriya3,2025-06-03 04:34:00+00:00,Gak ada kata lelah untuk support program Program Makan Bergizi Gratis Presiden Prabowo,Program Makan Gratis Prabowo,
https://x.com/geisya_malina/status/1929758523610878472,FALSE,@geisya_malina,2025-06-03 04:34:00+00:00,Jempol buat Presiden Prabowo yang bikin masyarakat makin optimis lewat program makan bergizi gratis,Program Makan Gratis Prabowo,
https://x.com/amarylis_heduu/status/1929757628126941418,FALSE,@amarylis_heduu,2025-06-03 04:30:00+00:00,Program Makan Bergizi Gratis dari Presiden Prabowo buat generasi sehat makin optimis masa depan,Program Makan Gratis Prabowo,
https://x.com/randy_dk2/status/1929757580488069452,FALSE,@randy_dk2,2025-06-03 04:30:00+00:00,Mimpi Indonesia Emas 2045 makin dekat bersama program makan bergizi gratis Presiden Prabowo,Program Makan Gratis Prabowo,
https://x.com/melisa_dahul4/status/1929756750636634461,FALSE,@melisa_dahul4,2025-06-03 04:27:00+00:00,Mimpi Indonesia Emas 2045 makin deket bareng Program Makan Bergizi Gratis dari Presiden Prabowo,Program Makan Gratis Prabowo,
https://x.com/irsyad_dam9/status/1929756739630739656,FALSE,@irsyad_dam9,2025-06-03 04:27:00+00:00,Yakin Presiden Prabowo hadirkan masa depan lebih baik dengan program makan bergizi gratis,Program Makan Gratis Prabowo,
https://x.com/amel_yatna5/status/1929756510932066358,FALSE,@amel_yatna5,2025-06-03 04:26:00+00:00,Presiden Prabowo membuktikan generasi emas itu nyata lewat program makan bergizi gratis yang tepat sasaran,Program Makan Gratis Prabowo,
https://x.com/kayla_hifzah22/status/1929755964514934789,FALSE,@kayla_hifzah22,2025-06-03 04:24:00+00:00,Presiden Prabowo ngasih warna baru buat pendidikan dan kesehatan lewat program makan gratis setiap hari,Program Makan Gratis Prabowo,
https://x.com/kesya_harba34/status/1929755964481458200,FALSE,@kesya_harba34,2025-06-03 04:24:00+00:00,Presiden Prabowo buktiin cita-citanya lewat program makan bergizi gratis yang bikin bangga,Program Makan Gratis Prabowo,
https://x.com/bagiya_ptr4/status/1929755419536511377,FALSE,@bagiya_ptr4,2025-06-03 04:21:00+00:00,Program makan bergizi gratis ini sukses bikin rakyat optimis dan makin percaya sama Presiden Prabowo,Program Makan Gratis Prabowo,
https://x.com/khairun_ysra3/status/1929755242046111865,FALSE,@khairun_ysra3,2025-06-03 04:21:00+00:00,"Lewat Program Makan Bergizi Gratis, Presiden Prabowo ngebuka peluang kerja dan masa depan cerah sekaligus",Program Makan Gratis Prabowo,
https://x.com/dafa_budii/status/1929755138404896874,FALSE,@dafa_budii,2025-06-03 04:20:00+00:00,Program makan bergizi gratis jadi langkah maju Presiden Prabowo untuk Indonesia yang lebih tangguh,Program Makan Gratis Prabowo,
https://x.com/gustian_raharja/status/1929754782035857765,FALSE,@gustian_raharja,2025-06-03 04:19:00+00:00,"Awesome banget, program makan gratis Presiden Prabowo bikin masyarakat makin semangat kerja bareng",Program Makan Gratis Prabowo,
https://x.com/rizky_arya12/status/1929754683012534506,FALSE,@rizky_arya12,2025-06-03 04:19:00+00:00,"Terima kasih Pak Prabowo, masyarakat Papua makin berdaya lewat program makan bergizi gratis",Program Makan Gratis Prabowo,
https://x.com/mas_alku9/status/1871018343035174963,FALSE,@mas_alku9,2024-12-23 02:21:00+00:00,"Mohon batalkan PPN 12%, tak perlu malu untuk batalkan makan siang gratis. Dari pada APBN jebol tak perlulah janji itu direalisasi.

Rakyat Indonesia pemaaf kok. Lakukan saja restruktursasi birokrasi, pangkas kementrian, yg korupsi dimiskinkan dan kembalikan uangnya ke kas negara.",APBN makan siang gratis,
https://x.com/0x0xeasy/status/1870808097075417576,FALSE,@0x0xeasy,2024-12-22 12:26:00+00:00,"Buat makan siang gratis sama bayar hutang, minus APBN🤣.",APBN makan siang gratis,
https://x.com/mas_alku9/status/1870748784617275711,FALSE,@mas_alku9,2024-12-22 08:30:00+00:00,"Masih ada waktu buat pemerintah utk membatalkan kenaikan PPN 12%.

Tidak perlu malu dengan janji politik. Dari pada membebani APBN sebaiknya program makan siang gratis ditunda atau dibatalkan

Bangsa kita pemaaf kok. Koruptor asal balikin hasil korupsinya saja dimaafkan.",APBN makan siang gratis,
https://x.com/mas_alku9/status/1870660110630232200,FALSE,@mas_alku9,2024-12-22 02:38:00+00:00,Sebaiknya batalkan makan siang gratis jika itu membebani APBN dan batalkan pula PPN 12%,APBN makan siang gratis,
https://x.com/r00tbarker/status/1870557438778450150,FALSE,@r00tbarker,2024-12-21 19:50:00+00:00,"bingung juga ya, sebenernya makan siang gratis jadi hal yang musti diwajibkan menurut gua untuk perkembangan generasi kedepan. tpi beban ke apbn tinggi bgt.",APBN makan siang gratis,
https://x.com/sorayaberkata/status/1870511326403199220,FALSE,@sorayaberkata,2024-12-21 16:47:00+00:00,"Porsi belanja anggaran makan siang gratis cuma 2% APBN, sedangkan PPN 12% sudah diformulasi jauh hari sebelum masa pemilu (2021)",APBN makan siang gratis,
https://x.com/nymeriaquin/status/1870489588541878692,FALSE,@nymeriaquin,2024-12-21 15:20:00+00:00,"Bilang naikin pajak buat makan siang gratis, padahal kenyataannya bank HIMBARA yang disuru biayain Mitra nya BGN pake skema kredit khusus minta 100% pembiayaan.. Brarti kenaikan APBN hasil naikin pajak nya buat apa? Buat dikorup lah..",APBN makan siang gratis,
https://x.com/Bud_Cavalera/status/1870463482501681259,FALSE,@Bud_Cavalera,2024-12-21 13:37:00+00:00,"Buah simalakama, PPN tidak naikan defisit APBN makin dalam taruhan tidak main main harus membatalkan program makan siang gratis",APBN makan siang gratis,
https://x.com/itsyayaang_/status/1870396028740145423,FALSE,@itsyayaang_,2024-12-21 09:08:00+00:00,"Tolong inget, bbm juga kena subsidi. Trus karena ngebebanin APBN ntar subsidi nya dicabut. Wkwkwkw
Dialihin ke makan siang gratis. Gue benci bgt sama 02 voters",APBN makan siang gratis,
https://x.com/mprihendratmoko/status/1870384266250695071,FALSE,@mprihendratmoko,2024-12-21 08:22:00+00:00,"Prof menolak prog makan bergizi gratis? Fahami. Prof benar. Harus berpijak pada ukuran2 ilmiah, rasional. Biaya makan gratis amat besar. Sementara Pem teriak APBN tekor ratusan T. Rasionalnya dimana? Mkn siang bergizi tdk serta merta sehatkan dan cerdaskan rkyt. Selektif dulu.",APBN makan siang gratis,
https://x.com/ElHufazh72101/status/1870382948287123861,FALSE,@ElHufazh72101,2024-12-21 08:16:00+00:00,"Dibilang namanya aja udah lucu. Makan siang gratis tapi dibayarin APBN, dimana APBN itu dri duit rakyat2 juga",APBN makan siang gratis,
https://x.com/whiteblacksand/status/1870273934731735502,TRUE,@whiteblacksand,2024-12-21 01:03:00+00:00,"Satu-satunya makan siang gratis yang tulus cuma Jum'at berkah. Kalo ada politisi menjanjikan makan siang gratis. Yakinlah, dia sedang mengeruk keuntungan APBN untuk dibagi dua buat rakyat dan buat kantongnya",APBN makan siang gratis,"{'url': 'https://x.com/ARSIPAJA/status/1869970986944344512', 'avatar': '', 'username': '@ARSIPAJA', 'fullname': 'Jejak digital.', 'timestamp': '2024-12-20T05:00:00.000Z', 'text': 'Prabowo: ""Saya mau bikin program memberi makan untuk semua anak di Indonesia pun diejek. Pun ada yang tidak setuju, sampai sekarang.\n\nAda profesor-profesor yang pintar-pintar kok nggak setuju? Heran saya. Profesor pintar atau bodoh? Saya nggak tahu itu""', 'links': []}"
https://x.com/peachzhongli/status/1870157525326409852,FALSE,@peachzhongli,2024-12-20 17:21:00+00:00,"mau nambah dana dari apbn pemerintah pun dananya udah diprioritasin buat bikin IKN dan makan siang ""gratis"" (dan rakyat tetep dipalakin aowkoawkoawk). Paling lagi-lagi naikin biaya premi atau kayak tadi klaim dipersulit.",APBN makan siang gratis,
https://x.com/awemany/status/1870039279537414472,FALSE,@awemany,2024-12-20 09:31:00+00:00,"Ngga ada tuh di APBN, duit PPN nya buat program Makan Siang Gratis. Ngga ada. Semua duit dikumpulin dari berbagai sumber. Dari situ disebar ke berbagai pengguna.",APBN makan siang gratis,
https://x.com/urixiaojuni/status/1870030640479089043,FALSE,@urixiaojuni,2024-12-20 08:57:00+00:00,"ibarat kata udah jatuh ketimpa tangga. APBN anjlok karena covid, ditambah abistu ada ikn pilpres pilkada sm makan siang gratis itu. emg paling gampang naikin pajak, tpi ekonomi lgi waduh gini yakin gapapa klo naikin pajak? gue takut banget yang ada semuanya makin jongkrok",APBN makan siang gratis,
https://x.com/KelabangWillies/status/1870017685087764517,FALSE,@KelabangWillies,2024-12-20 08:05:00+00:00,"Dia menambahkan kementerian & stafsus itu menjadi awal pemborosan APBN. Selain itu, program makan siang gratis & IKN membutuhkan biaya yg mahal setiap thnnya dan pendapatan terbesar negara hny dari sektor pajak. Jadi, dpt disimpulkan bhw negara ini gagal mengelola SDAnya.",APBN makan siang gratis,
https://x.com/kumachronicle/status/1869930483943084231,FALSE,@kumachronicle,2024-12-20 02:19:00+00:00,Mereka butuh uang buat IKN dan makan siang gratis. Kedua program itu masih mengandalkan APBN 😮‍💨,APBN makan siang gratis,
https://x.com/MahadewaDharne/status/1869908082995917007,FALSE,@MahadewaDharne,2024-12-20 00:50:00+00:00,"Rupiah babak belur atau memang rupiah (uang )nya cekak??
Beda definisi itu Bahlil,
Walaupun 18000/U$ ,bila stok devisa & cadangan APBN masih byk tak masalah.
Jgn2 anggaran subsidi BBM& Gas ,sebagian sdh di ambil buat makan siang gratis😁
Lah APBN 2024 kan tak ada dianggarkan MSG!",APBN makan siang gratis,
https://x.com/iwan_indraa6/status/1929753916830634230,FALSE,@iwan_indraa6,2025-06-03 04:16:00+00:00,"Gak ada alasan buat ragu, Presiden Prabowo udah buktikan kepedulian lewat program makan gratis",Program Makan Gratis Prabowo,
https://x.com/alam_daryah51/status/1929752918506590309,FALSE,@alam_daryah51,2025-06-03 04:12:00+00:00,Prabowo sukses bikin perubahan di Papua lewat program makan gratis didukung oleh mayoritas masyarakat asli #MBGUntukPapua,Program Makan Gratis Prabowo,
https://x.com/rafli_rama200/status/1929752341622018557,FALSE,@rafli_rama200,2025-06-03 04:09:00+00:00,Indonesia Emas cuma jadi wacana tanpa aksi nyata kayak Program Makan Bergizi Gratis dari Presiden Prabowo,Program Makan Gratis Prabowo,
https://x.com/marifa_rifah/status/1929752144938459199,FALSE,@marifa_rifah,2025-06-03 04:08:00+00:00,Program Makan Bergizi Gratis dari Presiden Prabowo bikin seluruh keluarga optimis akan masa depan bangsa,Program Makan Gratis Prabowo,
https://x.com/wibowo_ilham4/status/1929751950587056315,FALSE,@wibowo_ilham4,2025-06-03 04:08:00+00:00,Presiden Prabowo sukses bikin warga Papua bangga dengan adanya program makan bergizi gratis,Program Makan Gratis Prabowo,
https://x.com/farthir_fadi22/status/1929751398310433250,FALSE,@farthir_fadi22,2025-06-03 04:06:00+00:00,"Presiden Prabowo tau banget pentingnya gizi buat generasi muda, makanya ada program makan gratis khusus",Program Makan Gratis Prabowo,
https://x.com/mawar_yani11/status/1929751060631245279,FALSE,@mawar_yani11,2025-06-03 04:04:00+00:00,Program Makan Bergizi Gratis adalah langkah solid Presiden Prabowo ciptakan masa depan cerah,Program Makan Gratis Prabowo,
https://x.com/isaura_aylin/status/1929749548538515607,FALSE,@isaura_aylin,2025-06-03 03:58:00+00:00,Presiden Prabowo memberdayakan masyarakat lokal juga lewat program makan bergizi gratis berkah buat semua,Program Makan Gratis Prabowo,
https://x.com/andri_ahlindo3/status/1929749535116742827,FALSE,@andri_ahlindo3,2025-06-03 03:58:00+00:00,"Warga Papua all out dukung program makan bergizi gratis dari Pak Prabowo, semoga makin luas manfaatnya",Program Makan Gratis Prabowo,
https://x.com/fajri_ilham21/status/1929748649372012590,FALSE,@fajri_ilham21,2025-06-03 03:55:00+00:00,Presiden Prabowo menunjukan leadership sejati lewat program makan bergizi gratis,Program Makan Gratis Prabowo,
https://x.com/ghaida_nur25/status/1929748182273347992,FALSE,@ghaida_nur25,2025-06-03 03:53:00+00:00,Salut banget sama Presiden Prabowo yang ngegas Program Makan Bergizi Gratis demi masa depan Indonesia,Program Makan Gratis Prabowo,
https://x.com/danu_wbowo/status/1929747870275850606,FALSE,@danu_wbowo,2025-06-03 03:51:00+00:00,Kesejahteraan keluarga makin terjaga dengan program makan gratis dari Presiden Prabowo,Program Makan Gratis Prabowo,
https://x.com/sabrani_nur8/status/1929747624665739452,FALSE,@sabrani_nur8,2025-06-03 03:51:00+00:00,Presiden Prabowo fokus ke masa depan anak lewat program makan bergizi gratis,Program Makan Gratis Prabowo,
https://x.com/zahra_keira62/status/1929747538124722390,FALSE,@zahra_keira62,2025-06-03 03:50:00+00:00,"Bersama Presiden Prabowo, generasi sehat dan kuat makin nyata lewat program makan bergizi gratis",Program Makan Gratis Prabowo,
https://x.com/dzemila_olia4/status/1929747272478474270,FALSE,@dzemila_olia4,2025-06-03 03:49:00+00:00,Langkah Presiden Prabowo untuk generasi emas dimulai dari perut kenyang lewat Program Makan Bergizi Gratis,Program Makan Gratis Prabowo,
https://x.com/murdi_anto23/status/1929746880675959003,FALSE,@murdi_anto23,2025-06-03 03:48:00+00:00,"Presiden Prabowo tau pentingnya makanan sehat, solusinya ada di Program Makan Bergizi Gratis",Program Makan Gratis Prabowo,
https://x.com/dewi_lstari13/status/1929746589054390751,FALSE,@dewi_lstari13,2025-06-03 03:46:00+00:00,Sambut masa depan cerah bareng Presiden Prabowo dan Program Makan Bergizi Gratis untuk semua,Program Makan Gratis Prabowo,
https://x.com/aipril_hidh4/status/1929746582658077010,FALSE,@aipril_hidh4,2025-06-03 03:46:00+00:00,Semangat positif dari Presiden Prabowo lewat program makan bergizi gratis buat seluruh Indonesia,Program Makan Gratis Prabowo,
https://x.com/sarah_utami99/status/1929746314885317048,FALSE,@sarah_utami99,2025-06-03 03:45:00+00:00,Program Makan Bergizi Gratis Presiden Prabowo bikin semua anak punya peluang yang sama,Program Makan Gratis Prabowo,
https://x.com/slamet_tamba/status/1929746139970261330,FALSE,@slamet_tamba,2025-06-03 03:45:00+00:00,Program Makan Bergizi Gratis Presiden Prabowo cerminan keinginan kuat jadi bangsa besar,Program Makan Gratis Prabowo,
https://x.com/irfansyah_am/status/1869790545138331936,FALSE,@irfansyah_am,2024-12-19 17:02:00+00:00,Rela gak pen pengeluaranlu bertambah 40k biar APBN nambah demi makan siang gratis,APBN makan siang gratis,
https://x.com/birulangitgelap/status/1869710462360932369,TRUE,@birulangitgelap,2024-12-19 11:44:00+00:00,"lagian sejak awal janji nya ga realistis, makan siang gratis?? dana darimana??? pengeluaran apbn membengkak yang ada",APBN makan siang gratis,"{'url': 'https://x.com/PreciosaKanti/status/1869201828262580356', 'avatar': '', 'username': '@PreciosaKanti', 'fullname': 'Preciosa Kanti', 'timestamp': '2024-12-18T02:03:00.000Z', 'text': 'So …. jadi ini hitungannya gratis apa ngak sih? \n\nAku kok mumet dewe to😕', 'links': [], 'images': ['https://pbs.twimg.com/media/GfC9J8qaoAEeTRy.jpg']}"
https://x.com/thegodzilla77/status/1869646665310937357,TRUE,@thegodzilla77,2024-12-19 07:31:00+00:00,"Sebelum gw jwab semua itu, lu tau knp pajak dinaikan? Lu tau brapa apbn habis buat proyek ikn? Lu tau brapa apbn habis buat kereta cepat? Tau klo ongkos makan siang gratis 1T/hari? Tau klo korupsi gila2an pejabat? Tau berapa utang yg nambah terus jaman jkw? Paham ini?",APBN makan siang gratis,
https://x.com/KarundengUsi/status/1869601176184033311,FALSE,@KarundengUsi,2024-12-19 04:30:00+00:00,"@kompascom
KabinetTukangBohong MenclaMencle
Dr 53 juta lbh anak, blm ditambah drop out jd pekerja /pengemis/gelandangan anak ditambah ibu muda/hamil ternyata hny 3 juta murid sekolah dpt MakanSiangGratis @ 10rebu dgn APBN 71 TRILIUN
Lha PPN jd 12% alasan utk makan siang gratis",APBN makan siang gratis,
https://x.com/KarundengUsi/status/1869588413063815365,FALSE,@KarundengUsi,2024-12-19 03:39:00+00:00,"@narkosun 
KIM emang napsu mo jd para-para RajaTega ya
KIM pake buzzer gak punya otak cm sibuk @psi_id KIM napsu nipu rakyat
MakanSiangGratis 2025 utk 3 jt anak @ 10 rebu = 30 Milyar, APBN 71 T
Naikin PPN 12% krn program makan siang gratis dan dpt wapres tukang bagi susu
KORUPSI",APBN makan siang gratis,
https://x.com/sirgyrozeppeli/status/1869586831983190090,TRUE,@sirgyrozeppeli,2024-12-19 03:33:00+00:00,"sebenarnya 58% mereka tuh mikirnya makan siang gratis beneran gratis padahal APBN ga bisa mengcover itu, mau ga mau ya naikin pajak

ya istilahe cuma buat merealisasikan apa yang mereka mau tapi tetep pakai uang kita kan tai😅

ga ada urgency sama sekali program ini, 02 tolol",APBN makan siang gratis,"{'url': 'https://x.com/PreciosaKanti/status/1869201828262580356', 'avatar': '', 'username': '@PreciosaKanti', 'fullname': 'Preciosa Kanti', 'timestamp': '2024-12-18T02:03:00.000Z', 'text': 'So …. jadi ini hitungannya gratis apa ngak sih? \n\nAku kok mumet dewe to😕', 'links': [], 'images': ['https://pbs.twimg.com/media/GfC9J8qaoAEeTRy.jpg']}"
https://x.com/sichelsan/status/1869546592283529314,FALSE,@sichelsan,2024-12-19 00:53:00+00:00,"Iya, yg jadi masalah proyek2 yg ga masuk akal dan nir manfaat yg dilanjutkan presiden terpilih ini makan apbn ga sedikit loh, makanya pemilihan pemimpin ini penting. Andai kita berhemat ga perlu makan siang gratis, ga perlu bangun IKN, tahun ini pasti ga perlu naik pajak",APBN makan siang gratis,
https://x.com/kasirtivi/status/1869539502982897824,TRUE,@kasirtivi,2024-12-19 00:25:00+00:00,"program makan siang gratis diliat dari segi ekonomi udah gagal,
negara butuh sekian ratus miliaran buat sediain makan tiap hari, duit darimana? apbn defisit terus
akhirnya ambil dari pajak
mana menu gak ada gizinya, elaaah",APBN makan siang gratis,"{'url': 'https://x.com/sudahtidurrr_/status/1869022269705802038', 'avatar': '', 'username': '@sudahtidurrr_', 'fullname': 'sudah tidur', 'timestamp': '2024-12-17T14:10:00.000Z', 'text': 'Kalo mikirmu gitu sama aja mas kayak ngapain bangun jis lebih baik banyakin sumur resapan/giant sea wall atau program yg mengatasi jakarta mau tenggelam, ngapain bikin formula e lebih baik bikin rusun buat rakyat kumuh miskin kota.\n\nMending ini mending itu, seperiode semua berjalan bersamaan mas, yang membedakan ya program kerja prioritas. (Barangkali) belum pernah baca, coba baca halaman 29 siapa tau ide-idemu ada disitu.\nMedcom.id\nva.medcom.id\n\nKamu kalo gasuka IKN ya silahkan, memang itu program longterm. Tapi masak iya makan siang yang bagus kek gini juga dicacati 😔 menurutku pribadi kalo untuk mengatasi gizi stunting memang bukan solusi, tapi bagus lho itu, membantu orangtua ngasih asupan ke anak, pas belajar biar perutnya ga keroncongan, banyak juga negara maju yang udah jalanin, kata prof stella juga ada loh risetnya.\n\n---\nJangan debat direply ini saya hanya memberi pov lain.', 'links': ['http://Medcom.id', 'https://va.medcom.id']}"
https://x.com/abujibr62102367/status/1869504769179697572,FALSE,@abujibr62102367,2024-12-18 22:07:00+00:00,"Permainan udh mulai gassspollL.
Pajak di naikan agar bs nutupi APBN nambal makan siang gratis.
Emang anjing lu pejabat semua,
Menjalan kan politik shockterapi agar terlihat gejolak dr hal terkecil terdeteksi atau tidak...",APBN makan siang gratis,
https://x.com/yuviayuv/status/1869443284126539799,TRUE,@yuviayuv,2024-12-18 18:03:00+00:00,"Yang bikin ide makan siang gratis otaknya udah CACAT, IKN juga program tolol ngabisin APBN aja tu ide goblok. Udah tau negara gaada duit malah bikin proyek mercusuar gajelas",APBN makan siang gratis,"{'url': 'https://x.com/sudahtidurrr_/status/1869022269705802038', 'avatar': '', 'username': '@sudahtidurrr_', 'fullname': 'sudah tidur', 'timestamp': '2024-12-17T14:10:00.000Z', 'text': 'Kalo mikirmu gitu sama aja mas kayak ngapain bangun jis lebih baik banyakin sumur resapan/giant sea wall atau program yg mengatasi jakarta mau tenggelam, ngapain bikin formula e lebih baik bikin rusun buat rakyat kumuh miskin kota.\n\nMending ini mending itu, seperiode semua berjalan bersamaan mas, yang membedakan ya program kerja prioritas. (Barangkali) belum pernah baca, coba baca halaman 29 siapa tau ide-idemu ada disitu.\nMedcom.id\nva.medcom.id\n\nKamu kalo gasuka IKN ya silahkan, memang itu program longterm. Tapi masak iya makan siang yang bagus kek gini juga dicacati 😔 menurutku pribadi kalo untuk mengatasi gizi stunting memang bukan solusi, tapi bagus lho itu, membantu orangtua ngasih asupan ke anak, pas belajar biar perutnya ga keroncongan, banyak juga negara maju yang udah jalanin, kata prof stella juga ada loh risetnya.\n\n---\nJangan debat direply ini saya hanya memberi pov lain.', 'links': ['http://Medcom.id', 'https://va.medcom.id']}"
https://x.com/Vhyx78/status/1869432668196323528,FALSE,@Vhyx78,2024-12-18 17:20:00+00:00,"Defisit APBN akibat Mulyono, buat makan siang gratis ...",APBN makan siang gratis,
https://x.com/uy_uyyunn/status/1869396503498031404,TRUE,@uy_uyyunn,2024-12-18 14:57:00+00:00,Enggak usah naikin ppn kalo pengelolaan & pengawasan APBN enggak bener. Cek lagi deh. evaluasi lagi. INDONESIA TUH BANYAK DUWITNYA. Audit tuh semua instansi. Ngejer apa sih? MAKAN SIANG GRATIS? GUE YANG KERJA BORO-BORO MAKAN SIANG.,APBN makan siang gratis,"{'url': 'https://x.com/barengwarga/status/1869337487518359656', 'avatar': '', 'username': '@barengwarga', 'fullname': 'Bareng Warga - #IndonesiaGelap', 'timestamp': '2024-12-18T11:02:00.000Z', 'text': 'Ayo kita pake display picture ini atau apapun soal penolakan PPN12%\n\n#NewProfilePic #TolakPPN12Persen #PajakMencekik', 'links': ['https://x.com/search?q=%23NewProfilePic', 'https://x.com/search?q=%23TolakPPN12Persen', 'https://x.com/search?q=%23PajakMencekik'], 'images': ['https://pbs.twimg.com/media/GfE4iVGbQAAFIro.jpg']}"
https://x.com/KelabangWillies/status/1869379523701346464,FALSE,@KelabangWillies,2024-12-18 13:49:00+00:00,Seharusnya anggaran makan siang gratis tdk dibiayai dari kenaikan pajak. Jika semua program baru selalu mengandalkan kenaikan pajak dan tdk mengefesiensikan APBN sampai kpn pun rakyat tdk akan sejahtera. Harusnya penghematan APBN lebih dimaksimalkan ketimbang kenaikan pajak.,APBN makan siang gratis,
https://x.com/limatambahenam/status/1869343676746612833,FALSE,@limatambahenam,2024-12-18 11:27:00+00:00,"Kan jelas kalo ""makan siang gratis"" ""berlanjutan pembangunan IKN"" itu 2 program yang jor joran abisin APBN kita, ya pajak harus naik biar dua program itu tertutup. Trus, dia udah nepatin janji kok kalo mau majakin umkm lol. Lu ngapain nyesel?",APBN makan siang gratis,
https://x.com/TouhaUlama/status/1869325966276964790,FALSE,@TouhaUlama,2024-12-18 10:16:00+00:00,"Udah mulai redup Juga Si...Bansos terus bikin APBN Tekor,Belum lagi Ada Program Makan Siang Gratis.",APBN makan siang gratis,
https://x.com/arvin_setyo99/status/1920319555420713160,FALSE,@arvin_setyo99,2025-05-08 03:27:00+00:00,"Setengah tahun Prabowo: ekspor naik, investasi ke Indonesia makin deras, makan siang gratis jadi program andalan di sekolah #EnamBulanPemerintah",Program Makan Siang Gratis,
https://x.com/dafa_budii/status/1920318628689555740,FALSE,@dafa_budii,2025-05-08 03:23:00+00:00,"Sebagai anggota BRICS, Indonesia makin banyak temen bisnis, program sosial kayak makan siang gratis juga sukses bantu banyak keluarga #EnamBulanPemerintah",Program Makan Siang Gratis,
https://x.com/zibran_syhbn23/status/1920318429359206819,FALSE,@zibran_syhbn23,2025-05-08 03:22:00+00:00,"Prabowo bener-bener dorong perubahan, dari gabung BRICS, nambah investasi industri, sampai program makan siang gratis buat jutaan anak sekolah #EnamBulanPemerintah",Program Makan Siang Gratis,
https://x.com/belgi_sahegi/status/1920317576967537056,FALSE,@belgi_sahegi,2025-05-08 03:19:00+00:00,"Ekspor Indonesia naik 13% gara-gara BRICS, pabrik lokal bertumbuh pesat, program makan siang gratis sukses jalanin misinya #EnamBulanPemerintah",Program Makan Siang Gratis,
https://x.com/anindya_kur90/status/1920317156807360758,FALSE,@anindya_kur90,2025-05-08 03:17:00+00:00,"Dengan BRICS, perdagangan antarnegara makin lancar, pertumbuhan ekonomi nasional meningkat, program makan siang gratis dorong prestasi sekolah #EnamBulanPemerintah",Program Makan Siang Gratis,
https://x.com/adam_alamsyah11/status/1920317092403806218,FALSE,@adam_alamsyah11,2025-05-08 03:17:00+00:00,"Presiden Prabowo jadi motor diplomasi Indonesia lewat BRICS, pertumbuhan industri pesat, program makan siang gratis makin diminati #EnamBulanPemerintah",Program Makan Siang Gratis,
https://x.com/violettapadma/status/1920317070308487367,FALSE,@violettapadma,2025-05-08 03:17:00+00:00,"Satu hal yang pasti, TIDAK ADA MAKAN SIANG GRATIS! even itu program pemerintah.",Program Makan Siang Gratis,
https://x.com/hardianto_yos37/status/1920316215009870246,FALSE,@hardianto_yos37,2025-05-08 03:13:00+00:00,Innovasi sosial makin terasa lewat program makan siang gratis yang digelar serentak #EnamBulanPemerintah,Program Makan Siang Gratis,
https://x.com/mirza_zahair/status/1920315696279658825,FALSE,@mirza_zahair,2025-05-08 03:11:00+00:00,"Dari keanggotaan BRICS sampai program makan siang gratis, 6 bulan pertama Prabowo penuh terobosan positif #EnamBulanPemerintah",Program Makan Siang Gratis,
https://x.com/merry_kanwti/status/1920315246410903644,FALSE,@merry_kanwti,2025-05-08 03:10:00+00:00,"6 bulan membuktikan, Indonesia dipandang dunia karena BRICS, pabrik-pabrik buka lapangan kerja baru, program makan siang gratis sukses #EnamBulanPemerintah",Program Makan Siang Gratis,
https://x.com/diksa_mahla69/status/1920315045080412518,FALSE,@diksa_mahla69,2025-05-08 03:09:00+00:00,"Setengah tahun berjalan, investasi asing meningkat, Indonesia dipercaya negara BRICS, makan siang gratis jadi program favorit di sekolah #EnamBulanPemerintah",Program Makan Siang Gratis,
https://x.com/nova_handay098/status/1920314945914483068,FALSE,@nova_handay098,2025-05-08 03:08:00+00:00,"Keuntungan gabung BRICS: investasi naik, ekspor stabil, program makan siang gratis jadi andalan baru siswa sekolah #EnamBulanPemerintah",Program Makan Siang Gratis,
https://x.com/dheny_tatang/status/1920314915736138175,FALSE,@dheny_tatang,2025-05-08 03:08:00+00:00,"Gratis makan siang jadi program andalan, sudah lebih dari 600 ribu guru ikut terlibat #EnamBulanPemerintah",Program Makan Siang Gratis,
https://x.com/abrina_mahida/status/1920314836220629034,FALSE,@abrina_mahida,2025-05-08 03:08:00+00:00,"Lewat program makan siang gratis, siswa sekolah kini lebih aktif belajar, sementara keanggotaan BRICS bikin investasi asing makin banyak berdatangan #EnamBulanPemerintah",Program Makan Siang Gratis,
https://x.com/syaqila_urana3/status/1920314780818051162,FALSE,@syaqila_urana3,2025-05-08 03:08:00+00:00,Kepercayaan masyarakat sama program pemerintah makin tinggi sejak visible impact makan siang gratis di sekolah #EnamBulanPemerintah,Program Makan Siang Gratis,
https://x.com/jesica_kusmwti/status/1920314701176586555,FALSE,@jesica_kusmwti,2025-05-08 03:07:00+00:00,"Ekspor naik, industri dalam negeri melesat, puluhan ribu anak sekolah nikmati makan siang gratis berkat program pemerintah #EnamBulanPemerintah",Program Makan Siang Gratis,
https://x.com/beby_maleba9/status/1920314586554904798,FALSE,@beby_maleba9,2025-05-08 03:07:00+00:00,Program makan siang gratis bantu naikkan prestasi akademik di banyak sekolah #EnamBulanPemerintah,Program Makan Siang Gratis,
https://x.com/noah_ajartambun/status/1920314430925230562,FALSE,@noah_ajartambun,2025-05-08 03:06:00+00:00,"Enam bulan, makin banyak industri lokal naik kelas, investasi asing bertambah, program makan siang gratis sampai ke sekolah pelosok #EnamBulanPemerintah",Program Makan Siang Gratis,
https://x.com/silma_emanda071/status/1920314347420856599,FALSE,@silma_emanda071,2025-05-08 03:06:00+00:00,"Makan siang gratis jadi program andalan 2024, kesejahteraan siswa naik #EnamBulanPemerintah",Program Makan Siang Gratis,
https://x.com/w_i_d_h_i/status/1869239910269648974,FALSE,@w_i_d_h_i,2024-12-18 04:34:00+00:00,"Budget makan siang gratis diperkirakan 400T atau setara 1/9 APBN. Sebagian besar adalah anak dr orang tua yg mampu utk sekedar kasih makan bergizi. Makanan bergizi tdk membuat anak usia sekolah tambah cerdas.

finance.detik.com/infrastruk…",APBN makan siang gratis,
https://x.com/almema_hasnaa/status/1929745981870166517,FALSE,@almema_hasnaa,2025-06-03 03:44:00+00:00,Program Makan Bergizi Gratis bikin masa depan anak-anak makin cerah bareng Presiden Prabowo,Program Makan Gratis Prabowo,
https://x.com/arvin_setyo99/status/1929745969245311159,FALSE,@arvin_setyo99,2025-06-03 03:44:00+00:00,"Presiden Prabowo percaya perubahan dimulai dari gizi cukup, makanya digenjot terus Program Makan Bergizi Gratis",Program Makan Gratis Prabowo,
https://x.com/nabila_put54/status/1929745289310884105,FALSE,@nabila_put54,2025-06-03 03:41:00+00:00,Sosok Presiden Prabowo beneran inspiratif lewat gebrakan Program Makan Bergizi Gratis ini,Program Makan Gratis Prabowo,
https://x.com/alifa_riana11/status/1929745197807947947,FALSE,@alifa_riana11,2025-06-03 03:41:00+00:00,"Dukung langkah Presiden Prabowo, generasi Indonesia makin sehat dan kuat dari program makan bergizi gratis",Program Makan Gratis Prabowo,
https://x.com/aulia_nisa500/status/1929745161111982460,FALSE,@aulia_nisa500,2025-06-03 03:41:00+00:00,"Anak bangsa kuat ekonomi dan sehat fisiknya, terima kasih Presiden Prabowo dan Program Makan Bergizi Gratis",Program Makan Gratis Prabowo,
https://x.com/bowo_lika742/status/1929745057562894472,FALSE,@bowo_lika742,2025-06-03 03:40:00+00:00,Presiden Prabowo tunjukin aksi dengan menyukseskan Program Makan Bergizi Gratis di seluruh Indonesia,Program Makan Gratis Prabowo,
https://x.com/Krisna_sombing/status/1929744670277661109,FALSE,@Krisna_sombing,2025-06-03 03:39:00+00:00,Keberanian Presiden Prabowo eksekusi Program Makan Bergizi Gratis patut dicontoh,Program Makan Gratis Prabowo,
https://x.com/hazmah_harim/status/1929744592892797387,FALSE,@hazmah_harim,2025-06-03 03:38:00+00:00,"Bangsa maju berawal dari gizi cukup, kayak visi Presiden Prabowo lewat Program Makan Bergizi Gratis",Program Makan Gratis Prabowo,
https://x.com/GenZNusantara/status/1929670200116629560,FALSE,@GenZNusantara,2025-06-02 22:43:00+00:00,"Program Makan Bergizi Gratis Menjadi Pondasi Generasi Indonesia Emas 2045

#MBGPenuhiGizi",Program Makan Gratis Prabowo,
https://x.com/virgi_nia33/status/1929743511903232094,FALSE,@virgi_nia33,2025-06-03 03:34:00+00:00,Program Makan Bergizi Gratis karya Presiden Prabowo bener-bener langkah positif buat bangsa,Program Makan Gratis Prabowo,
https://x.com/anindya_kur90/status/1929743332034691414,FALSE,@anindya_kur90,2025-06-03 03:33:00+00:00,Presiden Prabowo konsisten bawa perubahan positif lewat Program Makan Bergizi Gratis buat semua anak,Program Makan Gratis Prabowo,
https://x.com/waias_widodo/status/1929743310174015584,FALSE,@waias_widodo,2025-06-03 03:33:00+00:00,Presiden Prabowo bener-bener peduli gizi anak bangsa lewat Program Makan Bergizi Gratis ini,Program Makan Gratis Prabowo,
https://x.com/polresbontang/status/1929743173506814302,FALSE,@polresbontang,2025-06-03 03:33:00+00:00,"POLRI PERLUAS DAPUR MAKAN BERGIZI GRATIS (SPPG POLRI) UNTUK DUKUNG PROGRAM MAKANAN BERGIZI PRESIDEN PRABOWO*  
7 Lokasi Beroperasi, 22 Lainnya Segera Hadir di Seluruh Indonesia",Program Makan Gratis Prabowo,
https://x.com/fahmina_ganur2/status/1929742545598500954,FALSE,@fahmina_ganur2,2025-06-03 03:30:00+00:00,"Salut sama Presiden Prabowo, langkah kecilnya lewat Program Makan Bergizi Gratis berdampak gede ke bangsa",Program Makan Gratis Prabowo,
https://x.com/rizki_santoso4/status/1929741754699600126,FALSE,@rizki_santoso4,2025-06-03 03:27:00+00:00,Presiden Prabowo bawa vibes positif lewat Program Makan Bergizi Gratis demi generasi emas 2045,Program Makan Gratis Prabowo,
https://x.com/desya_arda43/status/1929741670201151853,FALSE,@desya_arda43,2025-06-03 03:27:00+00:00,Presiden Prabowo dorong perubahan signifikan lewat program makan gratis yang inovatif,Program Makan Gratis Prabowo,
https://x.com/zanatun_qudyah/status/1929741583844626637,FALSE,@zanatun_qudyah,2025-06-03 03:27:00+00:00,Program makan bergizi gratis adalah pembuktian cinta Presiden Prabowo ke anak-anak Indonesia,Program Makan Gratis Prabowo,
https://x.com/razar_misaki/status/1929740988505117160,FALSE,@razar_misaki,2025-06-03 03:24:00+00:00,Dukung penuh perubahan positif yang dibawa Presiden Prabowo lewat Program Makan Bergizi Gratis,Program Makan Gratis Prabowo,
https://x.com/winda_wulan5/status/1929740853498744850,FALSE,@winda_wulan5,2025-06-03 03:24:00+00:00,"Tetap semangat dukung Indonesia Emas 2045, apalagi ada Program Makan Bergizi Gratis dari Presiden Prabowo",Program Makan Gratis Prabowo,
https://x.com/cata_lina9/status/1929740690092970479,FALSE,@cata_lina9,2025-06-03 03:23:00+00:00,"Melihat Program Makan Bergizi Gratis dipimpin Presiden Prabowo, optimisme masa depan makin tinggi",Program Makan Gratis Prabowo,
https://x.com/HitamSmt/status/1869166686852751554,FALSE,@HitamSmt,2024-12-17 23:44:00+00:00,"20K itu mahal untuk sebagian besar rakyat Indonesia. Negara yg ngurus APBN ribuan triliun saja, biaya makan siang bergizi gratis dari 15K turun jadi 10K. Artinya, negara yg resources-nya gede saja gk sanggup apalagi kitorang yg miskin papa ini?",APBN makan siang gratis,
https://x.com/rido_trio/status/1869070577295827051,FALSE,@rido_trio,2024-12-17 17:22:00+00:00,"Dan bila ada dalam apbn 2025
Maka kita semua bisa menilai dan melihat besar jumlah anggaran

Lalu kita tinggal menunggu
Perpres dari pak prabowo
Perihal tata cara pelaksanaan realisasi anggaran makan siang gratis

Gitu tuu konsep program kerja yang jelas dan serius",APBN makan siang gratis,
https://x.com/rido_trio/status/1869070136801653124,FALSE,@rido_trio,2024-12-17 17:20:00+00:00,"Kasih pertanyaan simple aja bang
Yakin nih

@Uki23 @KemenkeuRI @prabowo anggaran makan siang gratis ini
Masuk dalam APBN 2025 gak? 

To the point sja
Biar tau Rakyat bahwa 
Bila tidak ada
Maka kemungkinan terbesarnya 2025 gak ada makan siang gratis
Cape pembahasan kosong terus",APBN makan siang gratis,
https://x.com/vevelynnnn/status/1868878757312004594,FALSE,@vevelynnnn,2024-12-17 04:39:00+00:00,"Lu kira alasan utama pajak naik apa?

Karena buat realisasiin JANJI KAMPANYE GA MASUK AKAL, yaitu MAKAN SIANG GRATIS di saat APBN juga lg bengkak sama PEMBANGUNAN IKN 

Dari awal, itu program MAKAN SIANG aja tanpa ada IKN udh GAK MASUK AKAL, apalagi ditambah ada PEMBANGUNAN IKN",APBN makan siang gratis,"{'url': 'https://x.com/LyliDeer183/status/1868600708821647866', 'avatar': '', 'username': '@LyliDeer183', 'fullname': 'LyliDeer183 🍀 얍얍', 'timestamp': '2024-12-16T10:15:00.000Z', 'text': 'Kebetulan aku vote 02, ini protes aturan aneh² kan?\n\nKalo kalian mo liat kenyataan, 0103 sekalipun menang, mereka kagak punya power presidennya. Dalam arti yg pegang kendali ya sama aja partai, yg juga berarti, kebijakan² tersebut gak akan berubah sekalipun yg jadi 01/03', 'links': []}"
https://x.com/tiedartogiri/status/1868868133672698077,FALSE,@tiedartogiri,2024-12-17 03:57:00+00:00,"Saya TKD 01, gak cocoknya saya itu sama wapresnya bukan Prabowo, kalo mau mengkritik makan siang gratis krn ngutang, kok gak bacotin pembangunan sapras ugal2an sepanjang 10 tahun rezim jokowi? Itu utang apbn dan BUMN lebih ngeri lagi dibandingkan cuma bikin makan bergizi gratis",APBN makan siang gratis,
https://x.com/pds_sztuoe11/status/1868867824128782533,TRUE,@pds_sztuoe11,2024-12-17 03:56:00+00:00,Bener. Menteri digendutin dan nambahin staff khusus mah gak ngeluarin duit kok. Apalagi maksain buat ada makan siang gratis. Sama sekali gak make duit apbn kok.,APBN makan siang gratis,"{'url': 'https://x.com/tempodotco/status/1868566105968754909', 'avatar': '', 'username': '@tempodotco', 'fullname': 'tempo.co', 'timestamp': '2024-12-16T07:57:00.000Z', 'text': 'Wacana Pilkada Lewat DPRD Lagi, Prabowo: Negara Tetangga Efisien, Kita Keluar Duit, Duit, Duit\ntempo.co/politik/wacana-pilk…', 'links': ['https://www.tempo.co/politik/wacana-pilkada-lewat-dprd-lagi-prabowo-negara-tetangga-efisien-kita-keluar-duit-duit-duit-1182135']}"
https://x.com/seonhosyg/status/1868826427984158851,TRUE,@seonhosyg,2024-12-17 01:11:00+00:00,"Menteri kebanyakan, program janji2 lu ga masuk akal termasuk makan siang gratis ttp jalan pake APBN, bagi2 sembako trs tp atas nama pribadi pdhl APBN, ya itu duit duit duit 👌🏻",APBN makan siang gratis,"{'url': 'https://x.com/tempodotco/status/1868566105968754909', 'avatar': '', 'username': '@tempodotco', 'fullname': 'tempo.co', 'timestamp': '2024-12-16T07:57:00.000Z', 'text': 'Wacana Pilkada Lewat DPRD Lagi, Prabowo: Negara Tetangga Efisien, Kita Keluar Duit, Duit, Duit\ntempo.co/politik/wacana-pilk…', 'links': ['https://www.tempo.co/politik/wacana-pilkada-lewat-dprd-lagi-prabowo-negara-tetangga-efisien-kita-keluar-duit-duit-duit-1182135']}"
https://x.com/faturrizqyam/status/1868728764190146637,FALSE,@faturrizqyam,2024-12-16 18:43:00+00:00,"setidaknya gaada makan siang gratis yang dipaksakan, ga hamburin"" APBN buat ngegaji 100++ mentri/wakil mentri. terus ga dikit"" pake buzzer setiap ada isu yang menyerang pemerintah",APBN makan siang gratis,
https://x.com/zola_papazola2/status/1868661692726657406,TRUE,@zola_papazola2,2024-12-16 14:17:00+00:00,"proyek IKN yg gak penting dan gak ad manfaat buat rakyat masih mo dilanjutkan ?

proyek itu buang anggaran APBN bisa sampai ratusan triliun.

sementara program makan siang gratis malah diperas anggaranya, 10rb/anak.",APBN makan siang gratis,"{'url': 'https://x.com/kompascom/status/1868655940360397304', 'avatar': '', 'username': '@kompascom', 'fullname': 'Kompas.com', 'timestamp': '2024-12-16T13:54:00.000Z', 'text': 'Keberlanjutan pembangunan Ibu Kota Nusantara (IKN) sebagai ibu kota negara baru menjadi prioritas utama Pemerintahan Presiden Prabowo Subianto. //MR\n\n#Prabowo #IKN\n\nikn.kompas.com/read/2024/12/…', 'links': ['https://x.com/search?q=%23Prabowo', 'https://x.com/search?q=%23IKN', 'https://ikn.kompas.com/read/2024/12/16/204901987/komitmen-prabowo-lanjutkan-pembangunan-ikn-hingga-pemilu-2029']}"
https://x.com/tiledjago/status/1868570094340825343,TRUE,@tiledjago,2024-12-16 08:13:00+00:00,"yang dapet bansos siapa,
yang dapet makan siang gratis siapa, 
yang dinaikin gaji ama tunjangan siapa,
yang bikin boncos apbn siapa,
eh kita yang kebagian ppn 12% plus pkb 66%...pelerrr",APBN makan siang gratis,"{'url': 'https://x.com/NarasiNewsroom/status/1868557357523017850', 'avatar': '', 'username': '@NarasiNewsroom', 'fullname': 'Narasi Newsroom', 'timestamp': '2024-12-16T07:22:00.000Z', 'text': 'Jadi, nih, PPN 12% naik per 1 Januari 2025 mendatang~ 😌\n\nMenurutmu gimana?\n\n| Narasi Daily', 'links': [], 'images': ['https://pbs.twimg.com/media/Ge5zAiHboAEm8Fm.jpg', 'https://pbs.twimg.com/media/Ge5zAiKaAAAOsZ9.jpg', 'https://pbs.twimg.com/media/Ge5zAiFboAACwQ5.jpg']}"
https://x.com/Kumditutup/status/1868264728143008040,FALSE,@Kumditutup,2024-12-15 11:59:00+00:00,"Bayar cicilan utang, Bayar bunga utang, bayar tekor APBN, makan siang gratis 450 triliun. Pembangunan???

Padahal... turnenya presiden prabowo ke LN, baru dapat utangan gak nyampe 300 triliun.

Dulu Si mul dpt utang 11.000T

Produk gen IQ 58!!!
Pajak, pajak, pajak.... korupsi.",APBN makan siang gratis,
https://x.com/AsharIbnu/status/1868166931779649892,FALSE,@AsharIbnu,2024-12-15 05:31:00+00:00,"APBN per akhir th 2024 : TEKOR 401,8 T .. (Sri Mulyani)

Lalu Anggaran dari mana utk program-2 yg TIDAK ADA KAITAN NYA DG PENGENTASAN KEMISKINAN
* Makan siang gratis...
* Proyek IKN, bandara,jl tol,..dll
* Kenaikan gaji guru
* ... dll",APBN makan siang gratis,
https://x.com/CahBajang2/status/1868153869227978872,FALSE,@CahBajang2,2024-12-15 04:39:00+00:00,Ibarat sama sama ngoyo karena keterbatasan APBN sekolah gratis lebih manfaat daripada makan siang gratis,APBN makan siang gratis,
https://x.com/KarundengUsi/status/1868091444654969202,TRUE,@KarundengUsi,2024-12-15 00:31:00+00:00,"@kompascom @cakimiNOW
UU Sisdiknas dgn kewajiban 20% APBN/APBD utk sektor pendidikan, negara kita mampu selenggarakan sekolah (negeri) gratis, termasuk makan siang gratis yg diujicoba dr 2009
Masalahnya Profmen @Abe_Mukti  @cakimiNOW 10 rebu utk serius BERGIZI termasuk ibu hamil?",APBN makan siang gratis,"{'url': 'https://x.com/kompascom/status/1867794542617059538', 'avatar': '', 'username': '@kompascom', 'fullname': 'Kompas.com', 'timestamp': '2024-12-14T04:51:00.000Z', 'text': 'Iskandar menyatakan anggaran program makan bergizi gratis senilai Rp 10.000 per porsi adalah perhitungan minimal yang digunakan sebagai dasar awal implementasi program tersebut.\n\n~N #Megawati #MakanBergiziGratis #MuhaiminIskandar \nnasional.kompas.com/read/202…', 'links': ['https://x.com/search?q=%23Megawati', 'https://x.com/search?q=%23MakanBergiziGratis', 'https://x.com/search?q=%23MuhaiminIskandar', 'https://nasional.kompas.com/read/2024/12/14/10591471/megawati-kritik-makan-bergizi-gratis-rp-10000-cak-imin-itu-hitungan-minimal']}"
https://x.com/KarundengUsi/status/1868090908039930065,FALSE,@KarundengUsi,2024-12-15 00:29:00+00:00,"@kompascom @cakimiNOW
UU Sisdiknas dgn kewajiban 20% APBN/APBD utk sektor pendidikan, negara kita mampu menyelenggarakan sekolah (negeri) gratis, termasuk makan siang gratis yg diujicoba dr 2009.
Masalahnya @cakimiNOW 10 rebu utk serius BERGIZI termasuk ibu hamil?",APBN makan siang gratis,
https://x.com/SupraPala/status/1867864618598891876,FALSE,@SupraPala,2024-12-14 09:30:00+00:00,"Semua masalah sumbernya dr makan siang gratis,apbn jadinya jebol,rakyat jelata yg harus menanggung",APBN makan siang gratis,
https://x.com/BenksWinarso/status/1867864132575502735,TRUE,@BenksWinarso,2024-12-14 09:28:00+00:00,"Anak Sekolah di JAKARTA akan dapat Sarapan Gratis dari APBD JKT, dan Makan Siang Gratis dari APBN.
Semoga anak-anak gizinya makin baik.",APBN makan siang gratis,
https://x.com/B4r4_Akbar/status/1867859192801021970,FALSE,@B4r4_Akbar,2024-12-14 09:08:00+00:00,"Makan siang gratis yg terpaksa. 
Atau di paksakan.
Knp 10 rb semua tau APBN Depisit. 
Tapi janji politik hrs di jalankan.
Sya sejak lahir di indonesia. 
10 ribu aja udh mepet. 
10 dari atas sampe bawah kena sunat tinggal berapa. 
Gak usah muna Itu udh Tradisi.",APBN makan siang gratis,
https://x.com/fatioy/status/1867841150197149889,FALSE,@fatioy,2024-12-14 07:56:00+00:00,"beda bu, vietnam nurunin PPN biar ekonomi masyarakatnya menggeliat lebih kencang, indonesia naikin PPN biar bisa bikin program makan siang gratis soalnya APBN udah tekor 400 trilyun lebih, beda maksud dan tujuan",APBN makan siang gratis,
https://x.com/patrickharimo/status/1867705836694630609,FALSE,@patrickharimo,2024-12-13 22:59:00+00:00,"Daripada bingung nyari sumber dana nombokin APBN, mending program makan siang gratis ditunda atau dilupakan saja. Tokh juga dengan anggaran 10ribu per orang TIDAK ada gunanya, apalagi kalau masih harus dikurangi dgn overhead cost.",APBN makan siang gratis,
https://x.com/RisilaO71232/status/1867518331198353563,FALSE,@RisilaO71232,2024-12-13 10:34:00+00:00,Di APBN budget Makan Siang Gratis bergizi itu sebesar 71 T..yuk itung rame rame..10rb x 3 jt = 30 M/hari x 30 hari =900M/bulan x 12 bulan = anggapan 12 T...lah 59 T mau dikemanaiin?...yg dikritik Mega itu Kenapa cuma 10rb padahal anggarannya ada.,APBN makan siang gratis,
https://x.com/Jumianto_RK/status/1867193739485344214,FALSE,@Jumianto_RK,2024-12-12 13:04:00+00:00,"Program makan siang gratis rencananya akan diterapkan pada 2025 mengunakan APBN Rp 71 Triliun per tahun. 

Rp 10.000; menu opo toh yo ❓❓❓",APBN makan siang gratis,
https://x.com/GunawanAri22008/status/1867049797070492069,FALSE,@GunawanAri22008,2024-12-12 03:32:00+00:00,"Sebenarnya gampang, kurangin ajah budget masing2 lembaga dan kementrian scr langsung di APBN. Alihkab ke yg lebih bermanfaat buat rakyat.. ya spt makan siang gratis, misalnya. Meskipun ini jg tdk bagus krn byk yg main jg di program ini",APBN makan siang gratis,
https://x.com/ElHufazh72101/status/1866552102308454683,FALSE,@ElHufazh72101,2024-12-10 18:34:00+00:00,"Terus aja begitu... Kmaren katanya ppn kenaikannya bakal diundur, skarang isu yng diangkat ppn tapi pilih2. Kocak
Semuanya ngaco semenjak ada ""makan siang gratis"" Gratis kok dibayarin APBN?",APBN makan siang gratis,
https://x.com/gotzchu/status/1866515987501334694,FALSE,@gotzchu,2024-12-10 16:11:00+00:00,"Selain krn ngejar membership OECD. Apa mungkin naiknya pajak di era PraGibyg terkesan maksa krn beban APBN terlalu berat?

IKN, Makan Siang Gratis, Utang Jatuh tempo ratusan triliun/tahun, Belanja alutsista, dst, dst. Semuanya butuh dana gede",APBN makan siang gratis,
https://x.com/bangedotwit/status/1866484879950831690,FALSE,@bangedotwit,2024-12-10 14:07:00+00:00,"Disini apbn dipakai ugal ugalan, ikn lah, bansos lah ntar makan siang gratis. Mana kuat keuangan pemerintah kecuali koruptor dimiskinkan, mafia pertambangan dimiskinkan. Tapi itu semua cuma halu semu",APBN makan siang gratis,
https://x.com/Redgerbil5/status/1866414507104551109,FALSE,@Redgerbil5,2024-12-10 09:27:00+00:00,"Tadinya mau dibantu lewat APBN.

Tapi APBN kan udah tekor gara bayar menteri-wamen2 gak perlu, hutang jatuh tempo, IKN, makan siang gratis, Giant Sea Wall, dst.

Kesimpulan: Omon2 krn kewajibannya banyak betul.",APBN makan siang gratis,
https://x.com/dimwidp/status/1866370910804197520,FALSE,@dimwidp,2024-12-10 06:34:00+00:00,kalau makan siang gratis ya belum keluar APBN nya,APBN makan siang gratis,
https://x.com/Srik4ndiMuslim2/status/1866306641018425672,FALSE,@Srik4ndiMuslim2,2024-12-10 02:19:00+00:00,"Gratifikasi kah? Makan APBN bersama kah?

Goto resmi luncurkan program makan siang gratis melalui skema CSR.

Ikut Gibran Blusukan Uji Coba Makan Bergizi Gratis, Bos Goto Sebut Program Anak Bangsa

#JokoWidodoPenipu 
#JokoWidodoPenipu",APBN makan siang gratis,
https://x.com/da_tator_id/status/1865771068495200602,FALSE,@da_tator_id,2024-12-08 14:51:00+00:00,"Nih gw gambarin analisa dari seorang Ahli :

👉Rezim wowo isinya presiden dan mentri yg merupakan Ketum parpol.

👉Jadi kl ketum parpol sdh dikasih jatah makan siang gratis ( gaji, tunjangan & alokasi APBN) -->DPR sdh gak ada.

👉 MA sdh dikuasai

👉 MONOPOLI korupsi terjadi.",APBN makan siang gratis,
https://x.com/mynameisquas/status/1864913799352062415,FALSE,@mynameisquas,2024-12-06 06:04:00+00:00,"Peran negara utk mensejahterakan rakyat butuh APBN. PPN mau dinaikin 12%, padahal makan siang gratis sudah turun dari 15rb ke 10rb.

Klo bacot Gus Miftah bisa sejahterakan ratusan penjual es teh tanpa membebankan rakyat pembayar pajak, Indonesia bakal dipuji sama negara2 lain.",APBN makan siang gratis,
https://x.com/PancaNada/status/1864877760084336894,FALSE,@PancaNada,2024-12-06 03:41:00+00:00,"HAPUSKAN program makan siang gratis untuk menghemat APBN karena program tersebut sudah digantikan oleh program yang satu ini.
@prabowo 
@Gerindra 
@PDI_Perjuangan",APBN makan siang gratis,
https://x.com/GordTheLegend/status/1864357289429487733,FALSE,@GordTheLegend,2024-12-04 17:13:00+00:00,"""WIN WIN SOLUTION"" cm 1. sediakan makanan yg mengandung unsur ""4 sehat, 5 sempurna"" lalu budget, 50% dr APBN lalu 50% dr pihak2 yg selama ini ""menjanjikan"" program makan siang gratis.",APBN makan siang gratis,
https://x.com/ikan_mainan/status/1863908582070337978,FALSE,@ikan_mainan,2024-12-03 11:30:00+00:00,Ya sejatinya program kaya gini tuh gak gratis/ dari APBN. Di LN ya ortu siswa yang bayar untuk makan siang di sekolah.,APBN makan siang gratis,
https://x.com/SitiRom05533469/status/1863727087372341393,FALSE,@SitiRom05533469,2024-12-02 23:28:00+00:00,Makan siang gratis utk anak sd sekarang makan siang gratis untuk sebagian anak sd yg kurang gizi?? @prabowo semoga ini jadi atensi bapak ke depan berjanjilah sesuai kemampuan apbn jgn asal janji tanpa raodmap yg jelas! Negara bukan untuk bancakan jabatan! @TheEconomist,APBN makan siang gratis,
https://x.com/DenasIdn1/status/1863690929162555774,FALSE,@DenasIdn1,2024-12-02 21:05:00+00:00,"Pak mentri @Yusrilihza_Mhd,
Program unggulan janji kampanye Presiden @prabowo makan siang bergizi gratis itu cma di anggarkan 71 trilyun dlm apbn 2025.tapi pemerintah putar otak agar program itu jln walaupun cuma 10.000/porsi 
Artinya kerja dulu pa dg anggaran yg ada
Baru omon2",APBN makan siang gratis,
https://x.com/pisang_holeng/status/1863508162688762251,TRUE,@pisang_holeng,2024-12-02 08:59:00+00:00,"Mending jangan deh pak, ke depan nnti pengeluaran APBN bakal membengkak banget, itu belum termasuk makan siang gratis. Apalagi ditambah makan siang gratis nanti 2025🫣",APBN makan siang gratis,"{'url': 'https://x.com/tempodotco/status/1862464509044302181', 'avatar': '', 'username': '@tempodotco', 'fullname': 'tempo.co', 'timestamp': '2024-11-29T11:51:00.000Z', 'text': 'Prabowo: Anggaran Makan Bergizi Gratis Rp 10.000 per Anak dan Ibu Hamil\ntempo.co/politik/prabowo-ang…', 'links': ['https://www.tempo.co/politik/prabowo-anggaran-makan-bergizi-gratis-rp-10-000-per-anak-dan-ibu-hamil-1174948']}"
https://x.com/AsharIbnu/status/1863500730847711715,FALSE,@AsharIbnu,2024-12-02 08:29:00+00:00,"Itu murid yg dibelakang ... itu anak miskin atau anaknya orang kaya... KOK MAKAN NYA KELIHATAN LAHAP....

PEMBERIAN MAKAN SIANG GRATIS HARUS DIBATALKAN
KARENA MAKAN SIANG GRATIS ITU HANYA UTK ANAK MISKIN....!!
ANGGARAN NYA DARI MANA...? KALAU AMBIL DARI APBN/PAJAK...SY KEBERATAN",APBN makan siang gratis,"{'url': 'https://x.com/AsharIbnu/status/1860614859773337958', 'avatar': '', 'username': '@AsharIbnu', 'fullname': 'Ibnu Ashar', 'timestamp': '2024-11-24T09:22:00.000Z', 'text': '_Siswa SD Ingin Bawa Pulang Makan Siang Gratis untuk Ibunya di Rumah_😭😭😭inilah potret asli kehidupan pribumi Indonesia yg sebenarnya. Kita boleh tertawa bahagia \nKita boleh bangga dgn jabatan, namun ingatlah... ternyata jutaan sdr kita sedang berjuang hanya untuk sesuap nasi', 'links': []}"
https://x.com/randomgirl9899/status/1863406251113324842,FALSE,@randomgirl9899,2024-12-02 02:14:00+00:00,Kt gw jg apa🤣 emg beban apbn gk kuat krn utang jatuh tempo 2025. Blm lg makan siang gratis yg disunat mulu anggarannya wkwkwk,APBN makan siang gratis,
https://x.com/arwidodo/status/1863188134038556969,FALSE,@arwidodo,2024-12-01 11:47:00+00:00,"Di Amerika dan Eropa, sekolah dari TK (pre-school) s/d SLTA (high school) itu gratis. Makan siang juga gratis. Fasilitas transportasi ke & dari sekolah gratis. Semua diambil dari pajak rakyat. 

Di Indonesia mestinya bisa juga diterapkan. Porsi APBN 20% untuk pendidikan itu cukup",APBN makan siang gratis,"{'url': 'https://x.com/francmohede/status/1863186262804607394', 'avatar': '', 'username': '@francmohede', 'fullname': 'François Mohede', 'timestamp': '2024-12-01T11:39:00.000Z', 'text': 'Daripada untuk makan siang gratis, lebih baik 10 ribu itu untuk tambahan transportasi ke/dari sekolah atau biaya seragam atau biaya buku atau insentif karyawan sekolah. Biarlah orang tua murid terus berjuang demi urusan gizi anak2nya, tapi paling tidak sudah teringankan urusan keperluan pelengkap  pendidikan dan sarpras sekolah. \nJangan buat bangsa ini mundur, dengan masih berharap makanpun gratis. \nJenis rewards negara akan  mempengaruhi pola pikir dan kebiasaan orang, bahkan generasi.', 'links': []}"
https://x.com/UBengkeng194247/status/1863141580896678220,FALSE,@UBengkeng194247,2024-12-01 08:42:00+00:00,"Sbg penolak program makan siang gratis, saya bersyukur. Bayangkan kalau 15 rb aplg 20rb tiap hari tiap tahun, tmbh jebol tuh APBN. Jadinya gov. cari duit sana-sini, termasuk pajak naik, subsidi dipelototi. 
Sdh benar tuh ekonomi pemenang Nobel bilang: no lunch is free.",APBN makan siang gratis,
https://x.com/defr4g/status/1863083973343428837,FALSE,@defr4g,2024-12-01 04:53:00+00:00,"BAPPENAS sebut APBN tidak bisa memenuhi biaya transisi energi

Nah makanya sekalian aja, anggarannya dialihkan ke makan siang gratis, naikin jadi 25,000. 10,000 mah dapet apa atuh?",APBN makan siang gratis,
https://x.com/DoeloeEdo/status/1862897484261142550,FALSE,@DoeloeEdo,2024-11-30 16:32:00+00:00,"Apbn 2025 sah ya.. 
Jadi kita bisa liat
Apakah ada anggaran untuk makan siang gratis atau tidak

Kenapa aku fokus pada apbn
Karna apbn lah arah kebijakan negara selama setahun kedepan. 

Kalau tiba² ada program dadakan serta butuh anggaran

Biasanya di buat Perpres",APBN makan siang gratis,
https://x.com/mr_add_ink/status/1862859654537372083,FALSE,@mr_add_ink,2024-11-30 14:02:00+00:00,"Makan siang gratis ini dimasak di dapur umum: .....
dibungkus oleh: .....
Berisi: .....
Senilai: Rp. .....
Berasal dari: APBN/APBD (Pajak rakyat, UTANG, SDA, dll.), sumbangan operasional para pejabat negara, anggota DPR/D, Lembaga/Yayasan nirrugi, dll.
TIDAK berasal dari Judol.",APBN makan siang gratis,
https://x.com/mulyadi2028/status/1862825370082566308,FALSE,@mulyadi2028,2024-11-30 11:45:00+00:00,"Mana yg kata Hasyim waktu kampanye, tim nya sudah menemukan sumber dana 450T untuk makan siang gratis tanpa mengganggu APBN???",APBN makan siang gratis,
https://x.com/mulyadi2028/status/1862731125350965548,FALSE,@mulyadi2028,2024-11-30 05:31:00+00:00,"Kata Hasim saat kampanye pilpres 2024. Untuk anggaran makan siang gratis 450T, tim nya sudah menemukan sumber dana tanpa mrngganggu APBN.?",APBN makan siang gratis,
https://x.com/rina_ksmwatii/status/1920313363739132242,FALSE,@rina_ksmwatii,2025-05-08 03:02:00+00:00,"Program makan siang gratis di sekolah jadi game changer, BRICS positif buat diplomasi, industri lokal makin banyak lapangan kerja #EnamBulanPemerintah",Program Makan Siang Gratis,
https://x.com/maryam_gorreti5/status/1920313095052013707,FALSE,@maryam_gorreti5,2025-05-08 03:01:00+00:00,"Setengah tahun pertama, ekspor naik, industri tumbuh, program makan siang gratis makin meluas di seluruh Indonesia #EnamBulanPemerintah",Program Makan Siang Gratis,
https://x.com/feryal_sevda24/status/1920312457974734968,FALSE,@feryal_sevda24,2025-05-08 02:59:00+00:00,"Lewat BRICS, ekspor komoditas naik tajam, industri bergerak terus, makan siang gratis di sekolah jadi program andalan keluarga Indonesia #EnamBulanPemerintah",Program Makan Siang Gratis,
https://x.com/purnama_srtmn/status/1920311189105426604,FALSE,@purnama_srtmn,2025-05-08 02:53:00+00:00,"Jadi anggota BRICS bikin peluang bisnis makin terbuka, sementara anak-anak sekolah tiap hari merasakan manfaat program makan siang gratis #EnamBulanPemerintah",Program Makan Siang Gratis,
https://x.com/yuda_imam10/status/1920310648979800410,FALSE,@yuda_imam10,2025-05-08 02:51:00+00:00,"Sekolah makin rame, tingkat kehadiran anak-anak naik 10% sejak program makan siang gratis mulai #EnamBulanPemerintah",Program Makan Siang Gratis,
https://x.com/q_anggraini17/status/1920309730729189877,FALSE,@q_anggraini17,2025-05-08 02:48:00+00:00,"6 bulan pertama Prabowo, ekonomi RI tumbuh signifikan, diplomasi lebih aktif bareng BRICS, dan ribuan sekolah sudah ikut program makan siang gratis #EnamBulanPemerintah",Program Makan Siang Gratis,
https://x.com/sonny_adi333/status/1920307956349911547,FALSE,@sonny_adi333,2025-05-08 02:41:00+00:00,"Ekspor Indonesia ke negara BRICS naik signifikan, program makan siang gratis terus ditambah biar makin banyak anak kebagian #EnamBulanPemerintah",Program Makan Siang Gratis,
https://x.com/vanesa_palastri/status/1920306976736551380,FALSE,@vanesa_palastri,2025-05-08 02:37:00+00:00,"Bangga Indonesia gabung BRICS di 2024, dampaknya kerasa di ekonomi dan program sosial seperti makan siang gratis untuk pelajar #EnamBulanPemerintah",Program Makan Siang Gratis,
https://x.com/jihanratna_/status/1920306351512957221,FALSE,@jihanratna_,2025-05-08 02:34:00+00:00,Sekolah makin rame karena program makan siang gratis bikin anak semangat berangkat #EnamBulanPemerintah,Program Makan Siang Gratis,
https://x.com/kevin_srgr62/status/1920306138937000268,FALSE,@kevin_srgr62,2025-05-08 02:33:00+00:00,"Gak cuma gencar diplomasi sama negara besar, industri lokal juga tumbuh dan program makan siang gratis bikin anak-anak makin sehat #EnamBulanPemerintah",Program Makan Siang Gratis,
https://x.com/el2andi/status/1920305949769674819,FALSE,@el2andi,2025-05-08 02:33:00+00:00,Rakyat dipelihara agar tetap bodoh dan miskin. Makanya program andalannya cuma makan siang gratis. Dr dana tsb pejabatnya dpt bagian yg lumayan.,Program Makan Siang Gratis,
https://x.com/sputra_oke45/status/1920305904223707271,FALSE,@sputra_oke45,2025-05-08 02:32:00+00:00,"Pemerintah sukses jaga pertumbuhan ekonomi di atas 5 persen, partisipasi pelajar dalam program makan siang gratis naik tajam #EnamBulanPemerintah",Program Makan Siang Gratis,
https://x.com/arisha_zahara/status/1920305752956178524,FALSE,@arisha_zahara,2025-05-08 02:32:00+00:00,"BRICS membuka peluang investasi baru, sektor industri dalam negeri semakin bergairah, program makan siang gratis jadi inspirasi nasional #EnamBulanPemerintah",Program Makan Siang Gratis,
https://x.com/oktaa_viyandi/status/1920305173089386952,FALSE,@oktaa_viyandi,2025-05-08 02:30:00+00:00,"Makin banyak sekolah dapat program makan siang gratis, produk nasional ekspor ke BRICS, industri pun terus maju #EnamBulanPemerintah",Program Makan Siang Gratis,
https://x.com/q_anggraini17/status/1920305096061047001,FALSE,@q_anggraini17,2025-05-08 02:29:00+00:00,"6 bulan pertama Prabowo, ekonomi RI tumbuh signifikan, diplomasi lebih aktif bareng BRICS, dan ribuan sekolah sudah ikut program makan siang gratis #EnamBulanPemerintah",Program Makan Siang Gratis,
https://x.com/ati_morya/status/1920303785974329744,FALSE,@ati_morya,2025-05-08 02:24:00+00:00,"Makan siang gratis di sekolah udah jalan di 20.000 sekolah, Prabowo bener-bener gaspol soal program sosial #EnamBulanPemerintah",Program Makan Siang Gratis,
https://x.com/ruben_ragil3/status/1920303407341994336,FALSE,@ruben_ragil3,2025-05-08 02:23:00+00:00,"Data terbaru, lebih dari 65 ribu sekolah di seluruh Indonesia udah ter-cover program makan siang gratis #EnamBulanPemerintah",Program Makan Siang Gratis,
https://x.com/Nina_Raya203/status/1920302841832370673,FALSE,@Nina_Raya203,2025-05-08 02:20:00+00:00,Pertumbuhan industri bareng program makan siang gratis jadi andalan Prabowo di enam bulan pertamanya #EnamBulanPemerintah,Program Makan Siang Gratis,
https://x.com/fitri_megaa/status/1920302716749791598,FALSE,@fitri_megaa,2025-05-08 02:20:00+00:00,"Murid-murid makin betah di sekolah, program makan siang gratis jadi penyemangat baru buat generasi penerus #EnamBulanPemerintah",Program Makan Siang Gratis,
https://x.com/fitya_dina2/status/1929740591954636851,FALSE,@fitya_dina2,2025-06-03 03:23:00+00:00,Presiden Prabowo buktiin komitmennya buat generasi emas lewat program makan sehat gratis,Program Makan Gratis Prabowo,
https://x.com/wira_ridwan7/status/1929740546085736954,FALSE,@wira_ridwan7,2025-06-03 03:22:00+00:00,"Dengan Presiden Prabowo, program makan gratis benar-benar investasi untuk masa depan bangsa",Program Makan Gratis Prabowo,
https://x.com/rini_laysa/status/1929739568179450053,FALSE,@rini_laysa,2025-06-03 03:19:00+00:00,Presiden Prabowo kasih bukti nyata peduli generasi emas dengan Program Makan Bergizi Gratis,Program Makan Gratis Prabowo,
https://x.com/wagiya_emah/status/1929739111377846374,FALSE,@wagiya_emah,2025-06-03 03:17:00+00:00,"Program makan bergizi gratis Presidennya Prabowo, generasi kita siap jadi juara",Program Makan Gratis Prabowo,
https://x.com/arfan_nugroho1/status/1929738921342390684,FALSE,@arfan_nugroho1,2025-06-03 03:16:00+00:00,"Presiden Prabowo jalanin program makan bergizi gratis, Indonesia makin punya alasan buat optimis",Program Makan Gratis Prabowo,
https://x.com/gawati_sudiati2/status/1929738914241331382,FALSE,@gawati_sudiati2,2025-06-03 03:16:00+00:00,"Dengan Program Makan Bergizi Gratis dari Presiden Prabowo, harapan Indonesia Emas 2045 lebih hidup",Program Makan Gratis Prabowo,
https://x.com/labib_alam123/status/1929738531481833843,FALSE,@labib_alam123,2025-06-03 03:14:00+00:00,"Bikin inspirasi, Presiden Prabowo bawa angin segar lewat Program Makan Bergizi Gratis se-Indonesia",Program Makan Gratis Prabowo,
https://x.com/gina581_/status/1929738157735723502,FALSE,@gina581_,2025-06-03 03:13:00+00:00,"Presiden Prabowo ga cuma janji, langsung aksi dengan Program Makan Bergizi Gratis se-Indonesia",Program Makan Gratis Prabowo,
https://x.com/tiara_nasyidahh/status/1929737943947890907,FALSE,@tiara_nasyidahh,2025-06-03 03:12:00+00:00,Langkah konkret Presiden Prabowo di Program Makan Bergizi Gratis hadirkan harapan baru untuk negeri,Program Makan Gratis Prabowo,
https://x.com/irwan_danang26/status/1929737940160438311,FALSE,@irwan_danang26,2025-06-03 03:12:00+00:00,Indonesia Emas 2045 siap diwujudkan bareng Program Makan Bergizi Gratis Presiden Prabowo,Program Makan Gratis Prabowo,
https://x.com/addi_kenzo24/status/1929737913958649963,FALSE,@addi_kenzo24,2025-06-03 03:12:00+00:00,"Papua jadi saksi suksesnya program makan gratis dari Prabowo, banyak dukungan tulus mengalir",Program Makan Gratis Prabowo,
https://x.com/ari_irham1/status/1929737844953960557,FALSE,@ari_irham1,2025-06-03 03:12:00+00:00,Program makan bergizi gratis dari Presiden Prabowo support banget generasi sehat dan cerdas,Program Makan Gratis Prabowo,
https://x.com/alea_kimaya/status/1929737776691544463,FALSE,@alea_kimaya,2025-06-03 03:11:00+00:00,Jalan menuju Indonesia Emas makin jelas dengan dukungan Program Makan Bergizi Gratis ala Presiden Prabowo,Program Makan Gratis Prabowo,
https://x.com/hdodi862_/status/1929737751609679876,FALSE,@hdodi862_,2025-06-03 03:11:00+00:00,"Program makan bergizi gratis dari Presiden Prabowo bawa efek ganda: gizi makin cukup, kerjaan pun bertambah",Program Makan Gratis Prabowo,
https://x.com/danu_kusumo14/status/1929736751184335062,FALSE,@danu_kusumo14,2025-06-03 03:07:00+00:00,Bukti nyata Presiden Prabowo peduli edukasi dan kesehatan anak dengan program makan gratis,Program Makan Gratis Prabowo,
https://x.com/robbi_handokoo/status/1929736559026467247,FALSE,@robbi_handokoo,2025-06-03 03:07:00+00:00,"Terima kasih Presiden Prabowo, Program Makan Bergizi Gratis bakal jadi jalan menuju Indonesia Emas",Program Makan Gratis Prabowo,
https://x.com/kurnia_dwii78/status/1929736553473212519,FALSE,@kurnia_dwii78,2025-06-03 03:07:00+00:00,"Generasi emas butuh dukungan nyata, tanggapan Presiden Prabowo lewat program makan gizi gratis bikin optimis",Program Makan Gratis Prabowo,
https://x.com/devi_arisaa/status/1929736539107721537,FALSE,@devi_arisaa,2025-06-03 03:06:00+00:00,Dampak positif makin meluas berkat Presiden Prabowo yang selalu konsisten di Program Makan Bergizi Gratis,Program Makan Gratis Prabowo,
https://x.com/wisnu_goli67/status/1929735955977850952,FALSE,@wisnu_goli67,2025-06-03 03:04:00+00:00,Program makan bergizi gratis dari Presiden Prabowo sangat relevan buat wujudin cita-cita anak bangsa,Program Makan Gratis Prabowo,
https://x.com/idris_taufikk/status/1929735763954127249,FALSE,@idris_taufikk,2025-06-03 03:03:00+00:00,"Dukung bareng program makan bergizi gratis dari Presiden Prabowo, masa depan Indonesia cerah",Program Makan Gratis Prabowo,
https://x.com/ichal_mhmmd3/status/1929735738922618970,FALSE,@ichal_mhmmd3,2025-06-03 03:03:00+00:00,Bangga punya Presiden Prabowo yang prioritasin nutrisi anak bangsa lewat program makan gratis,Program Makan Gratis Prabowo,
https://x.com/andik_firman24/status/1929735550464041087,FALSE,@andik_firman24,2025-06-03 03:03:00+00:00,"Program makan bergizi gratis dari Presiden Prabowo bukan cuma soal makanan, tapi investasi masa depan",Program Makan Gratis Prabowo,
https://x.com/rustam_irfann/status/1929735241511678253,FALSE,@rustam_irfann,2025-06-03 03:01:00+00:00,Harapan makin besar lihat komitmen Presiden Prabowo galang Program Makan Bergizi Gratis,Program Makan Gratis Prabowo,
https://x.com/kani_hsnahh/status/1929735126403215650,FALSE,@kani_hsnahh,2025-06-03 03:01:00+00:00,"Generasi cerdas harus sehat, makanya Program Makan Bergizi Gratis dari Presiden Prabowo memang nggak kaleng-kaleng",Program Makan Gratis Prabowo,
https://x.com/syahla_nayaraa/status/1929735086976664047,FALSE,@syahla_nayaraa,2025-06-03 03:01:00+00:00,"Lewat Program Makan Bergizi Gratis, Presiden Prabowo jadi inspirasi buat anak muda Indonesia",Program Makan Gratis Prabowo,
https://x.com/asmianto_ramad/status/1929735082375631032,FALSE,@asmianto_ramad,2025-06-03 03:01:00+00:00,Program makan gratis dari Presiden Prabowo ga cuma bantu nutrisi tapi juga ekonomi masyarakat,Program Makan Gratis Prabowo,
https://x.com/charlie_dulah/status/1929735060900794524,FALSE,@charlie_dulah,2025-06-03 03:01:00+00:00,Program Makan Bergizi Gratis dari Presiden Prabowo jadi bukti nyata perhatian pemerintah,Program Makan Gratis Prabowo,
https://x.com/mansur_susila/status/1929734984908394610,FALSE,@mansur_susila,2025-06-03 03:00:00+00:00,Presiden Prabowo pastiin semua anak Indonesia dapet hak yang sama lewat Program Makan Bergizi Gratis,Program Makan Gratis Prabowo,
https://x.com/aditya_prmn131/status/1929734717076918616,FALSE,@aditya_prmn131,2025-06-03 02:59:00+00:00,"Semangat Indonesia Emas makin hidup, apalagi dengan Program Makan Bergizi Gratis besutan Presiden Prabowo",Program Makan Gratis Prabowo,
https://x.com/ulya_shr6/status/1929734670356566489,FALSE,@ulya_shr6,2025-06-03 02:59:00+00:00,"Presiden Prabowo bawa perubahan positif lewat program makan gratis, siap sambut masa depan",Program Makan Gratis Prabowo,
https://x.com/reza_budi990/status/1929734530749120880,FALSE,@reza_budi990,2025-06-03 02:58:00+00:00,"Ada Presiden Prabowo, yakin deh generasi Indonesia makin sehat berkat Program Makan Bergizi Gratis",Program Makan Gratis Prabowo,
https://x.com/badhrika_rameda/status/1929734304747475215,FALSE,@badhrika_rameda,2025-06-03 02:58:00+00:00,"Jangan ragu support program makan bergizi gratis, apalagi digarap langsung sama Presiden Prabowo",Program Makan Gratis Prabowo,
https://x.com/putra_kita496/status/1929734139563200986,FALSE,@putra_kita496,2025-06-03 02:57:00+00:00,Presiden Prabowo dukung penuh generasi sehat dengan Program Makan Bergizi Gratis yang makin berkembang,Program Makan Gratis Prabowo,
https://x.com/irma_puspita46/status/1929733571444723820,FALSE,@irma_puspita46,2025-06-03 02:55:00+00:00,Presiden Prabowo hadirkan harapan baru lewat Program Makan Bergizi Gratis buat setiap anak Indonesia,Program Makan Gratis Prabowo,
https://x.com/ayna_zakary/status/1929733420177150078,FALSE,@ayna_zakary,2025-06-03 02:54:00+00:00,Program makan bergizi gratis bukti nyata kepedulian Presiden Prabowo untuk Indonesia masa depan,Program Makan Gratis Prabowo,
https://x.com/bagas_putra32/status/1929732872795312652,FALSE,@bagas_putra32,2025-06-03 02:52:00+00:00,"Dengan Program Makan Bergizi Gratis, Presiden Prabowo tuntun langkah Indonesia Emas 2045",Program Makan Gratis Prabowo,
https://x.com/Sihombing231/status/1929732854218740195,FALSE,@Sihombing231,2025-06-03 02:52:00+00:00,Program makan bergizi gratis jadi peluang emas buat tumbuh kembangkan anak negeri berkat Presiden Prabowo,Program Makan Gratis Prabowo,
https://x.com/maura_sofa71/status/1929732785906110932,FALSE,@maura_sofa71,2025-06-03 02:52:00+00:00,"Presiden Prabowo nggak cuma ngomong, tapi juga bergerak nyata dengan program makan gratis buat anak bangsaPresiden Prabowo bener-bener kasih harapan lewat Program Makan Bergizi Gratis buat masa depan cerah",Program Makan Gratis Prabowo,
https://x.com/danill_zakaria/status/1929732487422599315,FALSE,@danill_zakaria,2025-06-03 02:50:00+00:00,"Perubahan besar dimulai dari menu sehat, makasih Presiden Prabowo gerakin Makan Bergizi GratisPresiden Prabowo benar-benar ngenalin arti peduli generasi muda lewat Program Makan Bergizi Gratis",Program Makan Gratis Prabowo,
https://x.com/maya_pertiwii/status/1929732289598312839,FALSE,@maya_pertiwii,2025-06-03 02:50:00+00:00,"Dengan hadirnya Program Makan Bergizi Gratis, anak Indonesia siap bersaing bareng dukungan Presiden Prabowo",Program Makan Gratis Prabowo,
https://x.com/SitiRom05533469/status/1862612611923419479,FALSE,@SitiRom05533469,2024-11-29 21:40:00+00:00,Tolong jelaskan min @Gerindra apa benar kenaikan gaji guru cuma gimmick @prabowo doang? Sama halnya dgn makan siang gratis yg awalnya pas kampanye 25 rb jadi 10 rb?? Jangan koar koar janji ini itu klo apbn habis untuk gaji pejabat dgn para tim ahlinya #muak,APBN makan siang gratis,
https://x.com/degreatiskandar/status/1862527306138579167,FALSE,@degreatiskandar,2024-11-29 16:01:00+00:00,"Gw sik lebi sukak kalok paanies yg mimpin, insyaalloh APBN akan lsg gendut, program makan siang gratis dihilangken dan dialihken ke peningkatan kualitas pendidikan, ppn dikembaliken ke semula bahkan bisa lbh turun lg, lopun UMR naik 10% pengusaha gk masalah kerna APBN yg berlipat",APBN makan siang gratis,
https://x.com/Pramono_breaker/status/1862275927457296418,FALSE,@Pramono_breaker,2024-11-28 23:22:00+00:00,"Guru itu sudah kenyang dengan janji² surga saat kampanye. Secara logika, gak mudah menaikkan gaji guru sebesar 500rb utk non ASN dan 1x gapok utk ASN. APBN gak akan kuat. Blm lagi ketambahan program makan siang gratis. Maaf saya bkn antek PDIP.",APBN makan siang gratis,
https://x.com/Grivod/status/1862147956444713110,FALSE,@Grivod,2024-11-28 14:54:00+00:00,Makan siang gratis bisa dilaksanakan asal IKN dihentikan krn mnguras APBN.,APBN makan siang gratis,
https://x.com/bandaraneiroo/status/1861833572812001762,FALSE,@bandaraneiroo,2024-11-27 18:04:00+00:00,totally agree!! APBN tambah besar (seharusnya) salah satunya ya karna program makan siang gratis (???) just pray the best for this country 🤧,APBN makan siang gratis,
https://x.com/TerahirPejuang/status/1861646326439854543,FALSE,@TerahirPejuang,2024-11-27 05:40:00+00:00,"lha.. dr berita yg berseliweran... untuk program andalan pemerintah makan siang gratis aja katanya... minjem negara cina ,, ya brrt apbn jebol krna ga bisa biayai program andalan pemerintah makan siang gratis...",APBN makan siang gratis,
https://x.com/VladimirMa48790/status/1861586667460759753,FALSE,@VladimirMa48790,2024-11-27 01:43:00+00:00,JELASKAN PD. RAKYAT ITU INVESTASI APA PINJAMAN ATAU APA.RAGU WOWO MENGATASI APBN 25 DEFISIT 24 HUTANG  8000 T. JANJI POLITIK MAKAN SIANG GRATIS SUBSIDI  DLLLSEMENTARA KORUPSI  DAN PHK MASIH BANYAK,APBN makan siang gratis,
https://x.com/KimberlyButte18/status/1861576770463637676,TRUE,@KimberlyButte18,2024-11-27 01:04:00+00:00,Mending hapus program makan siang gratis modal ngutang ke China. Langsingkan kabinet obesitas yg menggerus APBN. Jangan dengar rengekan anggota  DPR yg selalu minta tambah fasilitas. Suruh pejabat kerja efektif. Jangan terus2an meras kelas menengah yg sdh sekarat,APBN makan siang gratis,"{'url': 'https://x.com/karimakayyim/status/1861032152059854959', 'avatar': '', 'username': '@karimakayyim', 'fullname': 'Karima A', 'timestamp': '2024-11-25T13:00:00.000Z', 'text': 'Industri tekstil udah pada collapse. Industri FMCG mulai ngeri2 sedap.\n\nSuara rakyat gak digubris. Suara pebisnis pun ditepis.\n\nAda makan siang gratis yg bisa dikaji ulang, malah pilih peras duit kelas menengah demi APBN yg tumpang.\n\nMantap.\n\n#PajakMencekik #TolakPPN12Persen', 'links': ['https://x.com/search?q=%23PajakMencekik', 'https://x.com/search?q=%23TolakPPN12Persen']}"
https://x.com/Halilintar5758/status/1861442660000752023,FALSE,@Halilintar5758,2024-11-26 16:11:00+00:00,Tunda dulu program makan siang gratis pak... benahi sistem negara ini terutama mslh hukum n kejar maling uang negara n sita asetnya.. rakyat menanyakan berapa n kemana uang hasil penjualan SDA yg melimpah ruah ini..kenapa pajaki rakyat yg diprioritaskan pemasukan APBN,APBN makan siang gratis,
https://x.com/karimakayyim/status/1861032152059854959,TRUE,@karimakayyim,2024-11-25 13:00:00+00:00,"Industri tekstil udah pada collapse. Industri FMCG mulai ngeri2 sedap.

Suara rakyat gak digubris. Suara pebisnis pun ditepis.

Ada makan siang gratis yg bisa dikaji ulang, malah pilih peras duit kelas menengah demi APBN yg tumpang.

Mantap.

#PajakMencekik #TolakPPN12Persen",APBN makan siang gratis,"{'url': 'https://x.com/tempodotco/status/1860871026328138104', 'avatar': '', 'username': '@tempodotco', 'fullname': 'tempo.co', 'timestamp': '2024-11-25T02:20:00.000Z', 'text': 'PPN 12 Persen, Harga Jual Tekstil di Tingkat Konsumen Bakal Naik 21,6 Persen', 'links': [], 'images': ['https://pbs.twimg.com/media/GdMkORyaQAAxgWz.png']}"
https://x.com/Ambonhelmi8899/status/1860500378087026981,FALSE,@Ambonhelmi8899,2024-11-24 01:47:00+00:00,makan siang gratis hanya haburkan apbn,APBN makan siang gratis,
https://x.com/NegriBadut/status/1860337205048463431,FALSE,@NegriBadut,2024-11-23 14:58:00+00:00,"gada makan siang gratis. APBN periode sblumnya aja udah keteteran gara2 IKN, skarang ada makan siang gratis yg budgetnya g main2 jg, blm kabinet yg gemuk pasti butuh biaya lebih besar. jadi ada yg harus dikorbankan. yup... RAKYAT. kita liat aja dampaknya bakal kaya gimana",APBN makan siang gratis,
https://x.com/MardianahA17345/status/1860302544687497412,FALSE,@MardianahA17345,2024-11-23 12:41:00+00:00,Yang utama untuk nombokin APBN yang tekor trus maybe utk makan siang gratis dan kalau ada sisanya baru kembali ke masyarakat,APBN makan siang gratis,
https://x.com/abangendud1/status/1860301019160412210,FALSE,@abangendud1,2024-11-23 12:35:00+00:00,"Udh gak ada solusi, semuanya sudah telat. Solusinya hanya 1 hentikan pembangunan yg gak guna seperti IKN. Itu proyek maksa APBN. Udah utang bengkak, di tambah bengkak, apa lg Prabowo ada proyek Makan siang gratis ini proyek besar bgt. APBN gak mampu klo hrus nompang 2 ini.",APBN makan siang gratis,
https://x.com/AnwarFras13143/status/1860272888080974030,FALSE,@AnwarFras13143,2024-11-23 10:43:00+00:00,"makan siang gratis, bansos,gaji DPR, rumah dinas DPR, apbn merokaet👊🤣 ya duid drimna, sblmNya aja bnyk pngeluaran,",APBN makan siang gratis,
https://x.com/kalanewscom/status/1927589523237585347,FALSE,@kalanewscom,2025-05-28 04:55:00+00:00,"Bicara soal makan siang gratis, Seberapa realistis sih program ini? Apalagi baru-baru ini ada kasus keracunan karena makan siang gratis.

Yuk simak selanjutnya di video!

#prabowo #makangratis #makanbergizigratis #prabowogibran

piped.video/MJgfXWuRIUI?si=_69I…",Program Makan Siang Gratis,
https://x.com/grok/status/1927438340640374850,TRUE,@grok,2025-05-27 18:54:00+00:00,"Maaf, saya tidak bisa menjawab pertanyaan yang tidak jelas atau tanpa konteks spesifik. Mungkin maksud Anda terkait Gibran Rakabuming Raka? Dia Wakil Presiden Indonesia, aktif dalam program seperti makan siang gratis dan ketahanan pangan, tapi juga menuai kontroversi karena tuduhan nepotisme dan pengalaman terbatas. Jika ada pertanyaan spesifik, silakan jelaskan lebih lanjut!",Program Makan Siang Gratis,
https://x.com/ArbiahLubis/status/1927370194877354460,FALSE,@ArbiahLubis,2025-05-27 14:23:00+00:00,"Doain yaa semoga program pengajian & makan siang gratis bisa kembali kita wujudkan lagi

Makasih yaa untuk teman-teman yang sudah ikut mensupport🥲🙏🏻",Program Makan Siang Gratis,"{'url': 'https://x.com/ArbiahLubis/status/1925834772615418056', 'avatar': '', 'username': '@ArbiahLubis', 'fullname': 'Arbiah Lubis', 'timestamp': '2025-05-23T08:42:00.000Z', 'text': 'Alhamdulillah, 50 paket nasi box gratis sudah kita salurkan hari ini yaa.\n\nJazakumullah Khairan katsiran para sahabat dermawan yang sudah ikut sedekah nasi boxnya untuk para pejuang jalanan 🤲', 'links': [], 'images': ['https://pbs.twimg.com/media/GrnwhOhXYAAO01H.jpg']}"
https://x.com/IbrahimAzzaini/status/1927351924132638779,FALSE,@IbrahimAzzaini,2025-05-27 13:11:00+00:00,"Doain yah berikutnya program pengajian & makan siang gratis bisa kembali kita wujudkan

Makasih yah utk teman2 yg sdh mensupport🥲🙏🏻
Rek. zakat infaq sedekah
BRI: 3827-01-027158-53-8
BSI: 7129042038
An: @SYatimPedalaman
sertakan kode 28 diakhir donasi

WA.me/6282366632857",Program Makan Siang Gratis,
https://x.com/Virallagii0/status/1927349723393884667,FALSE,@Virallagii0,2025-05-27 13:02:00+00:00,"Komitmen Kementerian berkolaborasi dengan kementerian pekerjaan umum dalam mensukseskan dapur MBG program makan siang gratis Presiden Prabowo Subianto

#berita #bumn #mbg #presidenprabowo #tepatsolutifindonesia",Program Makan Siang Gratis,
https://x.com/kabarhott/status/1927348879109865791,FALSE,@kabarhott,2025-05-27 12:59:00+00:00,"Komitmen Kementerian berkolaborasi dengan kementerian pekerjaan umum dalam mensukseskan dapur MBG program makan siang gratis Presiden Prabowo Subianto

#berita #bumn #mbg #presidenprabowo #tepatsolutifindonesia",Program Makan Siang Gratis,
https://x.com/brinaya733/status/1927347592955826379,FALSE,@brinaya733,2025-05-27 12:54:00+00:00,"Komitmen Kementerian berkolaborasi dengan kementerian pekerjaan umum dalam mensukseskan dapur MBG program makan siang gratis Presiden Prabowo Subianto

#berita #bumn #mbg #presidenprabowo #tepatsolutifindonesia",Program Makan Siang Gratis,
https://x.com/KoramilSedayu/status/1927316550538670121,FALSE,@KoramilSedayu,2025-05-27 10:50:00+00:00,Babinsa Koramil 02/Sedayu Koptu Nicholas Aditya melaksanakan Monitoring dan Pendampingan dalam Rangka Makan Siang Gratis Program BGN(Badan Gizi Nasional)Bertempat di SD Muhammadiyah TAPEN Argosari Kap.Sedayu Bantul.,Program Makan Siang Gratis,
https://x.com/AryBcfx/status/1927292001432543467,FALSE,@AryBcfx,2025-05-27 09:13:00+00:00,"Makan siang gratis di negara agraria yang tongkat dan batu bisa tumbuh dan dimakan.. 😁😁 dari awal saya selalu ragu dengan program ini. Manusia tinggal pergi ke sungai atau laut hanya untuk mencari protein. Masalah utamanya adalah uang yang dikorupsi, dan monopoli..",Program Makan Siang Gratis,
https://x.com/Medianusan80251/status/1927291406504141253,FALSE,@Medianusan80251,2025-05-27 09:10:00+00:00,"Ayo dukung Program Makan Siang Gratis untuk anak-anak Indonesia! Karena perut kenyang, belajar pun tenang. Bersama kita wujudkan generasi sehat, cerdas, dan berdaya. Makan siang bukan sekadar makanan—ini adalah langkah menuju masa depan yang lebih baik!
#MakanSiangGratis
#MBG",Program Makan Siang Gratis,
https://x.com/Medianusan80251/status/1927291369082523977,FALSE,@Medianusan80251,2025-05-27 09:10:00+00:00,"Ayo dukung Program Makan Siang Gratis untuk anak-anak Indonesia! Karena perut kenyang, belajar pun tenang. Bersama kita wujudkan generasi sehat, cerdas, dan berdaya. Makan siang bukan sekadar makanan—ini adalah langkah menuju masa depan yang lebih baik!
#MakanSiangGratis
#MBG",Program Makan Siang Gratis,
https://x.com/Medianusan80251/status/1927291342440268208,FALSE,@Medianusan80251,2025-05-27 09:10:00+00:00,"Ayo dukung Program Makan Siang Gratis untuk anak-anak Indonesia! Karena perut kenyang, belajar pun tenang. Bersama kita wujudkan generasi sehat, cerdas, dan berdaya. Makan siang bukan sekadar makanan—ini adalah langkah menuju masa depan yang lebih baik!
#MakanSiangGratis
#MBG",Program Makan Siang Gratis,
https://x.com/alfiah67/status/1927186709239808484,FALSE,@alfiah67,2025-05-27 02:14:00+00:00,"Program makan bergizi gratis adalah untuk investasi masa depan. Lanjutkan MBG untuk menciptakan generasi yg sehat, kuat, dan cerdas melalui penyediaan makan siang bergizi secara gratis bagi anak-anak usia sekolah.
#MBGMembangunSDMUnggul

fattzar mode ngasuh 175 Anthony Weiner",Program Makan Siang Gratis,
https://x.com/kinariize/status/1926921939395719288,FALSE,@kinariize,2025-05-26 08:42:00+00:00,makan siang gratis gua lebih berkualitas dari program makan gratis presiden lu semua,Program Makan Siang Gratis,
https://x.com/KoramilSedayu/status/1926879958447624198,FALSE,@KoramilSedayu,2025-05-26 05:55:00+00:00,Babinsa Koramil 02/Sedayu Serda Nanang Pujatmiko melaksanakan Monitoring dan Pendampingan dalam Rangka Makan Siang Gratis Program BGN(Badan Gizi Nasional)Bertempat di SD Muhammadiyah TAPEN Argosari Kap.Sedayu Bantul.,Program Makan Siang Gratis,
https://x.com/everyoneha0/status/1926816175926743418,FALSE,@everyoneha0,2025-05-26 01:42:00+00:00,"Dengan penuh kesadaran ditawarin program pendidikan gratis, yg dipikir perut mulu sih, malah pilih yg ngasih makan siang gratis. Gatau urgensi program ini apa, kek kalau emng mikirin perut, kenapa ditawarin makan siang doang mau? Sekalian dong harusnya sarapan sama makan malem😏",Program Makan Siang Gratis,
https://x.com/blankbanget/status/1926536405087338773,FALSE,@blankbanget,2025-05-25 07:10:00+00:00,"Hahahaha
Mereka memilih blimbing wuluh karena diguyur bansos, dikasih program satu sarjana satu keluarga malah milih makan siang gratis",Program Makan Siang Gratis,
https://x.com/hourlymtwin/status/1926489578162024620,FALSE,@hourlymtwin,2025-05-25 04:04:00+00:00,"Program makan siang gratis dari minwonsims yg sy tunggu², makasih min(gyu)👍🏻",Program Makan Siang Gratis,
https://x.com/BlusukanBantul/status/1926360773581779048,FALSE,@BlusukanBantul,2025-05-24 19:32:00+00:00,"repost @pemkabbantul
Hallo sedulur Bantul, Makan siang bergizi gratis di SMA N 1 Kasihan Bantul. Dengan adanya program tersebut para siswa sangat senang 😍❤️

#pemkabbantul #kabupatenbantul #kabarbantul #bantul #bantulprojotamansari #infobantul",Program Makan Siang Gratis,
https://x.com/InfinityLevel99/status/1926339117647831474,FALSE,@InfinityLevel99,2025-05-24 18:06:00+00:00,"gratis di sekolah untuk meningkatkan partisipasi tanpa paksaan.
Contoh: Program makan siang sekolah di India meningkatkan kehadiran siswa.
C. Budaya
Pelestarian dan Promosi Budaya Lokal:
Dukung festival, seni, dan tradisi lokal melalui dana hibah atau platform digital untuk",Program Makan Siang Gratis,
https://x.com/AsharIbnu/status/1860158438841680375,FALSE,@AsharIbnu,2024-11-23 03:08:00+00:00,"Makan siang dan susu gratis...
*Tidak ada kaitan nya dg pengentasan kemiskinan
*Hanya pemborosan..  *ANGGARAN NYA DARI MANA..??  Kalau dari APBN : TIDAK BISA DISEBUT GRATIS..
* TIDAK BERKEADILAN SOSIAL..Krn MASIH ADA 25% ANAK YG KELAPARAN SETIAP HARI...

PRABOWO = PEMIMPIN BODOH",APBN makan siang gratis,
https://x.com/w_i_d_h_i/status/1860139088936075352,FALSE,@w_i_d_h_i,2024-11-23 01:51:00+00:00,"China/Korsel mengawali kemajuan progresif dgn mengirim puluhan ribu siswa kuliah ke Amerika.
Program unggulan pemerintah: pesta makan siang gratis utk anak sekolah sepanjang tahun dengan budget ~1/9 APBN.

Mau ngarep apa dgn makan siang gratis ???

@prabowo @gibran_tweet",APBN makan siang gratis,
https://x.com/aladinmovic2000/status/1860121010403705096,FALSE,@aladinmovic2000,2024-11-23 00:39:00+00:00,"Emang susu 1 kotak mampukah membuat anak² jadi cerdas? Percuma buang² uang APBN, yang dibutuhkan rakyat bukan susu gratis, makan siang gratis tapi pendidikan gratis dan sembako yg terjangkau, masalah gizi biarkan orang tua yang menentukan.",APBN makan siang gratis,
https://x.com/agung_rvldo/status/1929732073520353339,FALSE,@agung_rvldo,2025-06-03 02:49:00+00:00,Harapan makin hidup bareng program makan bergizi gratis dari Presiden Prabowo,Program Makan Gratis Prabowo,
https://x.com/devi_elina90/status/1929729896206815383,FALSE,@devi_elina90,2025-06-03 02:40:00+00:00,"Program makan bergizi gratis, bukti keseriusan Presiden Prabowo jaga masa depan negeri",Program Makan Gratis Prabowo,
https://x.com/haisa_mahnum/status/1929729851533197766,FALSE,@haisa_mahnum,2025-06-03 02:40:00+00:00,Presiden Prabowo bawa harapan positif lewat program makan bergizi gratis sebagai investasi bangsa,Program Makan Gratis Prabowo,
https://x.com/NurulYati239674/status/1929729500696531019,FALSE,@NurulYati239674,2025-06-03 02:39:00+00:00,Presiden Prabowo kasih inspirasi lewat program makan bergizi gratis biar generasi sehat,Program Makan Gratis Prabowo,
https://x.com/moza_khorunisaa/status/1929725545799209412,FALSE,@moza_khorunisaa,2025-06-03 02:23:00+00:00,"Dukungan penuh buat Program Makan Bergizi Gratis bareng Presiden Prabowo, nggak sabar lihat dampaknya",Program Makan Gratis Prabowo,
https://x.com/citra_claraa/status/1929724188644069753,FALSE,@citra_claraa,2025-06-03 02:17:00+00:00,Angin segar buat generasi muda lewat program makan bergizi gratis Presiden Prabowo,Program Makan Gratis Prabowo,
https://x.com/siska_maulidy39/status/1929723855972847924,FALSE,@siska_maulidy39,2025-06-03 02:16:00+00:00,"Dengan Program Makan Bergizi Gratis, Presiden Prabowo bawa harapan buat anak dari Sabang sampai Merauke",Program Makan Gratis Prabowo,
https://x.com/widyoputro1/status/1929721561503891858,FALSE,@widyoputro1,2025-06-03 02:07:00+00:00,Program makan sehat gratis dari Presiden Prabowo pantas dapetin apresiasi setingginya,Program Makan Gratis Prabowo,
https://x.com/anindira_wari/status/1929720653365891493,FALSE,@anindira_wari,2025-06-03 02:03:00+00:00,Optimisme tinggi buat Indonesia masa depan lebih baik bersama Program Makan Bergizi Gratis Presiden Prabowo,Program Makan Gratis Prabowo,
https://x.com/fajri_waseso/status/1929720326461796785,FALSE,@fajri_waseso,2025-06-03 02:02:00+00:00,Makin mantap jalani hidup sehat bareng program makan bergizi gratis dari Presiden Prabowo,Program Makan Gratis Prabowo,
https://x.com/michael_hndrata/status/1929720119200305628,FALSE,@michael_hndrata,2025-06-03 02:01:00+00:00,Presiden Prabowo siap mengantarkan bangsa menuju Indonesia Emas lewat program makan bergizi gratis,Program Makan Gratis Prabowo,
https://x.com/siti_nrhyti14/status/1929720038082465839,FALSE,@siti_nrhyti14,2025-06-03 02:01:00+00:00,Program makan bergizi gratis Presidennya Prabowo jadi gerbang menuju Indonesia yang unggul,Program Makan Gratis Prabowo,
https://x.com/ajeng_ptri206/status/1929700517913256155,FALSE,@ajeng_ptri206,2025-06-03 00:43:00+00:00,Gerakan Presiden Prabowo ini jadi bukti kalau masa depan anak Indonesia di tangan yang tepatPresiden Prabowo dan Program Makan Bergizi Gratis beneran bikin harapan buat generasi emas Indonesia,Program Makan Gratis Prabowo,
https://x.com/davina_aryanti/status/1929718799319924778,FALSE,@davina_aryanti,2025-06-03 01:56:00+00:00,"Terima kasih Pak Prabowo, warga Papua makin optimis dengan adanya program makan bergizi gratis",Program Makan Gratis Prabowo,
https://x.com/dina_ptr2234/status/1929717823351541773,FALSE,@dina_ptr2234,2025-06-03 01:52:00+00:00,Program Makan Bergizi Gratis dari Presiden Prabowo bikin generasi Indonesia makin siap raih masa depan cerah,Program Makan Gratis Prabowo,
https://x.com/yadya_azka7/status/1929716418985316604,FALSE,@yadya_azka7,2025-06-03 01:47:00+00:00,Dukungan ke Program Makan Bergizi Gratis makin besar karena kepercayaan kita pada Presiden Prabowo,Program Makan Gratis Prabowo,
https://x.com/dhio_pratama8/status/1929715637670367703,FALSE,@dhio_pratama8,2025-06-03 01:43:00+00:00,"Dukung penuh program makan bergizi gratis bareng Presiden Prabowo, harapan baru Indonesia",Program Makan Gratis Prabowo,
https://x.com/dewi_ppertiwi/status/1929713800548438062,FALSE,@dewi_ppertiwi,2025-06-03 01:36:00+00:00,"Optimisme tumbuh besar zaman sekarang, apalagi dengan dorongan Program Makan Bergizi Gratis dari Presiden Prabowo",Program Makan Gratis Prabowo,
https://x.com/najwa_katrin/status/1929713381696852256,FALSE,@najwa_katrin,2025-06-03 01:34:00+00:00,Banyak mimpi besar bisa terwujud dengan program makan gratis hasil terobosan Presiden Prabowo,Program Makan Gratis Prabowo,
https://x.com/abram_ginting55/status/1920291334901969043,FALSE,@abram_ginting55,2025-05-08 01:35:00+00:00,"Program makan siang gratis berhasil tekan angka absen sekolah, sekarang jumlah kehadiran siswa bisa naik sampe 20 persen #EnamBulanPemerintah",Program Makan Siang Gratis,
https://x.com/lanjar_wahyu7/status/1920291303671107721,FALSE,@lanjar_wahyu7,2025-05-08 01:34:00+00:00,"Prabowo buka peluang bisnis baru lewat BRICS, usaha lokal makin tumbuh, anak sekolah kini makin sehat dengan program makan siang gratis #EnamBulanPemerintah",Program Makan Siang Gratis,
https://x.com/vileta_anes65/status/1920290863411790323,FALSE,@vileta_anes65,2025-05-08 01:33:00+00:00,"Program makan siang gratis bukan cuma soal kenyang, tapi juga semangat gotong royong karena suplai banyak dari UMKM #EnamBulanPemerintah",Program Makan Siang Gratis,
https://x.com/ciaobella_mul/status/1920290766519140547,FALSE,@ciaobella_mul,2025-05-08 01:32:00+00:00,Program makan siang gratis jadi fondasi pemerataan gizi dan pendidikan bermutu di seluruh Indonesia #EnamBulanPemerintah,Program Makan Siang Gratis,
https://x.com/ida_pudjiastuti/status/1920290765470924951,FALSE,@ida_pudjiastuti,2025-05-08 01:32:00+00:00,"Setengah tahun pertama, mitra dagang bertambah kuat, program makan siang gratis jadi penyemangat pelajar #EnamBulanPemerintah",Program Makan Siang Gratis,
https://x.com/yunika_sari133/status/1920290380521877529,FALSE,@yunika_sari133,2025-05-08 01:31:00+00:00,Program makan siang gratis di sekolah jadi magnet buat siswa rajin hadir dan belajar #EnamBulanPemerintah,Program Makan Siang Gratis,
https://x.com/shenaz_kanaya2/status/1920290121078739046,FALSE,@shenaz_kanaya2,2025-05-08 01:30:00+00:00,"Gabung BRICS bikin nama Indonesia makin dikenal, ekonomi tumbuh pesat, sekolah makin rame sama program makan siang gratis #EnamBulanPemerintah",Program Makan Siang Gratis,
https://x.com/baktiadi_nababa/status/1920289711899165069,FALSE,@baktiadi_nababa,2025-05-08 01:28:00+00:00,"Ekspor barang manufaktur naik 12 persen dalam enam bulan, program makan siang gratis bikin anak sekolah makin betah belajar #EnamBulanPemerintah",Program Makan Siang Gratis,
https://x.com/agni_maliha/status/1920289284113740115,FALSE,@agni_maliha,2025-05-08 01:26:00+00:00,"6 bulan terakhir, ekonomi industri kita naik 5%, diplomasi makin dihargai dunia, dan sekolah makin ramai dengan program makan siang gratis #EnamBulanPemerintah",Program Makan Siang Gratis,
https://x.com/ita_hartini30/status/1920289061333508284,FALSE,@ita_hartini30,2025-05-08 01:26:00+00:00,Program makan siang gratis di sekolah udah bikin jutaan anak lebih semangat belajar dan Indonesia makin diperhatiin dunia #EnamBulanPemerintah,Program Makan Siang Gratis,
https://x.com/ulva_laras/status/1920289035601473628,FALSE,@ulva_laras,2025-05-08 01:25:00+00:00,"Program makan siang gratis sudah menjangkau hampir 10 juta pelajar, kualitas pendidikan dan kesehatan ikut terdongkrak #EnamBulanPemerintah",Program Makan Siang Gratis,
https://x.com/andhikaathma/status/1920288980131606982,FALSE,@andhikaathma,2025-05-08 01:25:00+00:00,Padahal Bill Gates udah disindir dengan diajak lihat program Makan Bergizi (Siang) Gratis. Kok ya ga sadar.....,Program Makan Siang Gratis,
https://x.com/krisna_bakti52/status/1920288892730613775,FALSE,@krisna_bakti52,2025-05-08 01:25:00+00:00,"Program makan siang gratis terbukti nurunin angka absen sekolah sampai 30%, anak-anak jadi rajin belajar #EnamBulanPemerintah",Program Makan Siang Gratis,
https://x.com/gilang_temmy0/status/1920288810908463590,FALSE,@gilang_temmy0,2025-05-08 01:25:00+00:00,"Program makan siang gratis berhasil jadi role model, provinsi lain berlomba terapkan di sekolah-sekolah mereka #EnamBulanPemerintah",Program Makan Siang Gratis,
https://x.com/tami_wijayanti9/status/1920288672035057887,FALSE,@tami_wijayanti9,2025-05-08 01:24:00+00:00,"Keanggotaan BRICS buka pintu diplomasi baru, program makan siang gratis ikut membantu anak-anak lebih sehat dan semangat sekolah #EnamBulanPemerintah",Program Makan Siang Gratis,
https://x.com/ini_yalana77/status/1920288196505526429,FALSE,@ini_yalana77,2025-05-08 01:22:00+00:00,"Enam bulan kerja nyata, Indonesia gabung BRICS, ekspor naik 6%, jutaan anak senang karena program makan siang gratis jalan terus #EnamBulanPemerintah",Program Makan Siang Gratis,
https://x.com/gabriella_rhm4/status/1920288177094271061,FALSE,@gabriella_rhm4,2025-05-08 01:22:00+00:00,"Enam bulan terakhir, ekspor meningkat 15 persen, sekolah makin ramai dengan program makan siang gratis, industri berubah total #EnamBulanPemerintah",Program Makan Siang Gratis,
https://x.com/iraa_fujiatii/status/1920287786521014414,FALSE,@iraa_fujiatii,2025-05-08 01:21:00+00:00,"Enam bulan kepemimpinan Prabowo hasilkan banyak capaian, mulai dari relasi kuat lewat BRICS sampai program makan siang gratis buat anak sekolah #EnamBulanPemerintah",Program Makan Siang Gratis,
https://x.com/ananda_reza73/status/1920287645676294519,FALSE,@ananda_reza73,2025-05-08 01:20:00+00:00,Program makan siang gratis sudah dinikmati puluhan ribu sekolah di seluruh Indonesia dalam 6 bulan terakhir #EnamBulanPemerintah,Program Makan Siang Gratis,
https://x.com/arya_ptraaa/status/1920287430432997425,FALSE,@arya_ptraaa,2025-05-08 01:19:00+00:00,"Ekonomi Indonesia stabil di tengah dunia gonjang-ganjing, salah satunya berkat langkah masuk BRICS dan program makan siang gratis #EnamBulanPemerintah",Program Makan Siang Gratis,
https://x.com/andri_ahlindo3/status/1920287011937603766,FALSE,@andri_ahlindo3,2025-05-08 01:17:00+00:00,"Prabowo bikin gebrakan di 6 bulan pertamanya, hubungan luar negeri makin solid, program makan siang gratis makin dicintai anak-anak #EnamBulanPemerintah",Program Makan Siang Gratis,
https://x.com/santimulya5_/status/1920286644202098773,FALSE,@santimulya5_,2025-05-08 01:16:00+00:00,"Program makan siang gratis berjalan konsisten, hasilnya kesehatan anak sekolah jadi lebih baik dari sebelumnya #EnamBulanPemerintah",Program Makan Siang Gratis,
https://x.com/artawan_pb50/status/1920286637344297450,FALSE,@artawan_pb50,2025-05-08 01:16:00+00:00,"Baru enam bulan, kerja sama lewat BRICS memberi dampak besar ke industri nasional dan program makan siang gratis capai jutaan anak sekolah #EnamBulanPemerintah",Program Makan Siang Gratis,
https://x.com/balapati_lazuar/status/1920286557485084936,FALSE,@balapati_lazuar,2025-05-08 01:16:00+00:00,"Program makan siang gratis dinikmati di sekolah dari Aceh sampai Papua, gizi makin terjaga dan anak lebih semangat #EnamBulanPemerintah",Program Makan Siang Gratis,
https://x.com/ishana_kalea/status/1920286491705520589,FALSE,@ishana_kalea,2025-05-08 01:15:00+00:00,"Gabung BRICS, pabrik domestik angkat ekonomi lokal, program makan siang gratis bikin anak sekolah makin fokus #EnamBulanPemerintah",Program Makan Siang Gratis,
https://x.com/mutia_pspsri/status/1920286471401189805,FALSE,@mutia_pspsri,2025-05-08 01:15:00+00:00,"Diplomasi makin tajam, BRICS jadi peluang, ekonomi tumbuh, sekolah makin meriah dengan program makan siang gratis #EnamBulanPemerintah",Program Makan Siang Gratis,
https://x.com/nasrul_naufall/status/1920286369609293850,FALSE,@nasrul_naufall,2025-05-08 01:15:00+00:00,"Abis gabung BRICS, arus investasi naik 8%, pertumbuhan ekonomi stabil, program makan siang gratis udah di 95% sekolah negeri #EnamBulanPemerintah",Program Makan Siang Gratis,
https://x.com/jaya_uw202/status/1920285955853877336,FALSE,@jaya_uw202,2025-05-08 01:13:00+00:00,Program inovatif makan siang gratis di sekolah hadir seiring dengan pertumbuhan ekonomi berkat kerja sama BRICS #EnamBulanPemerintah,Program Makan Siang Gratis,
https://x.com/alvaro_argi492/status/1920285939538276749,FALSE,@alvaro_argi492,2025-05-08 01:13:00+00:00,"Investasi asing bertambah 9% abis gabung BRICS, ekonomi stabil, sekolah negeri makin aktif jalankan program makan siang gratis #EnamBulanPemerintah",Program Makan Siang Gratis,
https://x.com/guntur_sonnyy27/status/1920285868037722587,FALSE,@guntur_sonnyy27,2025-05-08 01:13:00+00:00,Anak-anak sekolah dasar di 34 provinsi udah nikmatin program makan siang gratis dari pemerintah #EnamBulanPemerintah,Program Makan Siang Gratis,
https://x.com/intan_puspa722/status/1920285833946448268,FALSE,@intan_puspa722,2025-05-08 01:13:00+00:00,"Program makan siang gratis terbukti menurunkan angka absen sekolah enam bulan terakhir, ekonomi dan BRICS juga ikut naik daun #EnamBulanPemerintah",Program Makan Siang Gratis,
https://x.com/sulaiman_jaka25/status/1920285749523398772,FALSE,@sulaiman_jaka25,2025-05-08 01:12:00+00:00,Program makan siang gratis bantu tingkatkan kehadiran siswa di sekolah sampai 10% dalam 6 bulan #EnamBulanPemerintah,Program Makan Siang Gratis,
https://x.com/farhan_ibrahm/status/1920285591645925828,FALSE,@farhan_ibrahm,2025-05-08 01:12:00+00:00,"Melalui BRICS, Indonesia jadi aktor utama ekonomi global, dan program makan siang gratis udah sentuh jutaan pelajar dalam waktu singkat #EnamBulanPemerintah",Program Makan Siang Gratis,
https://x.com/yuni_andriani4/status/1920285527900577828,FALSE,@yuni_andriani4,2025-05-08 01:12:00+00:00,Program makan siang gratis pemerintah bantu tingkatkan angka kelulusan pelajar SD dan SMP #EnamBulanPemerintah,Program Makan Siang Gratis,
https://x.com/aizfa_nahiza/status/1920285254679466233,FALSE,@aizfa_nahiza,2025-05-08 01:10:00+00:00,"Banyak sekolah bilang program makan siang gratis itu penyemangat baru, apalagi ekonomi makin tumbuh dan BRICS bikin nama Indonesia makin bagus #EnamBulanPemerintah",Program Makan Siang Gratis,
https://x.com/daud_zabal/status/1920285091919479253,FALSE,@daud_zabal,2025-05-08 01:10:00+00:00,"Program makan siang gratis berhasil jadi role model, provinsi lain berlomba terapkan di sekolah-sekolah merekaBaru enam bulan Prabowo memimpin, Indonesia makin dikenal di dunia lewat BRICS dan ekonomi lokal makin naik #EnamBulanPemerintah",Program Makan Siang Gratis,
https://x.com/khalila_maritza/status/1920285047644422173,FALSE,@khalila_maritza,2025-05-08 01:10:00+00:00,"Fakta seru, tingkat keikutsertaan pendidikan dasar naik drastis sejak program makan siang gratis mulai diluncurkan #EnamBulanPemerintah",Program Makan Siang Gratis,
https://x.com/tio_hendra0/status/1920284731863601606,FALSE,@tio_hendra0,2025-05-08 01:08:00+00:00,"Program makan siang gratis di sekolah bisa tembus 22 provinsi dalam enam bulan, perluasan makin merata #EnamBulanPemerintah",Program Makan Siang Gratis,
https://x.com/dewi_andriani77/status/1920284669590806695,FALSE,@dewi_andriani77,2025-05-08 01:08:00+00:00,"BRICS jadi gebrakan baru Indonesia bareng Prabowo, pertumbuhan ekonomi lokal stabil, dan pelajar makin semangat karena program makan siang gratis #EnamBulanPemerintah",Program Makan Siang Gratis,
https://x.com/naura_felicia14/status/1929712355451232348,FALSE,@naura_felicia14,2025-06-03 01:30:00+00:00,Warga Papua kasih respon positif buat program makan gratis Prabowo pemerintah pusat beneran memperhatikan Papua,Program Makan Gratis Prabowo,
https://x.com/alvana_gifa33/status/1929711662510309782,FALSE,@alvana_gifa33,2025-06-03 01:28:00+00:00,"Presiden Prabowo terus dapet dukungan dari Papua soal program makan gratis, reaksi positif semua",Program Makan Gratis Prabowo,
https://x.com/kahfi_figmann/status/1929710736126906863,FALSE,@kahfi_figmann,2025-06-03 01:24:00+00:00,"Momen bersejarah lahir bareng Program Makan Bergizi Gratis, terima kasih Presiden Prabowo",Program Makan Gratis Prabowo,
https://x.com/dindamryni1_/status/1929710327400485377,FALSE,@dindamryni1_,2025-06-03 01:22:00+00:00,"Program makan gratis Prabowo dapet hati di Papua, masyarakatnya beneran support kebijakan ini",Program Makan Gratis Prabowo,
https://x.com/imran_daniall/status/1929707653380690107,FALSE,@imran_daniall,2025-06-03 01:12:00+00:00,Langkah Presiden Prabowo dengan Program Makan Bergizi Gratis bikin semua anak Indonesia punya harapan sama,Program Makan Gratis Prabowo,
https://x.com/yasmin_animda1/status/1929707392352317602,FALSE,@yasmin_animda1,2025-06-03 01:11:00+00:00,"Program makan bergizi gratis ala Presiden Prabowo bikin Indonesia tumbuh sehat, kuat, dan tangguh",Program Makan Gratis Prabowo,
https://x.com/jeviska_rohana/status/1929705730707493156,FALSE,@jeviska_rohana,2025-06-03 01:04:00+00:00,Pak Prabowo benar-benar dicintai Papua setelah hadir program makan gratis yang bikin hidup lebih sehat,Program Makan Gratis Prabowo,
https://x.com/khalisa_fairza/status/1929705029474439529,FALSE,@khalisa_fairza,2025-06-03 01:01:00+00:00,"Dapat dukungan penuh dari Presiden Prabowo, Program Makan Bergizi Gratis makin dipercaya bawa hasil nyata",Program Makan Gratis Prabowo,
https://x.com/aza_syakila/status/1929704721146958129,FALSE,@aza_syakila,2025-06-03 01:00:00+00:00,Langkah visioner dari Presiden Prabowo dengan program makan bergizi gratis bener-bener bikin salut,Program Makan Gratis Prabowo,
https://x.com/dian_prsty/status/1929704456796754104,FALSE,@dian_prsty,2025-06-03 00:59:00+00:00,"Pak Prabowo beneran hadirkan perubahan, program makan gratis disambut antusias warga Papua",Program Makan Gratis Prabowo,
https://x.com/waluyo_akbar45/status/1929703590857445446,FALSE,@waluyo_akbar45,2025-06-03 00:56:00+00:00,Program makan bergizi gratis di Papua bukti komitmen kuat pemerintah pusat untuk warganya lewat Presiden Prabowo #MBGUntukPapua,Program Makan Gratis Prabowo,
https://x.com/nurul_aulia200/status/1929703306399736249,FALSE,@nurul_aulia200,2025-06-03 00:54:00+00:00,Dukung terus langkah Presiden Prabowo wujudkan cita-cita Indonesia Emas lewat Program Makan Bergizi Gratis,Program Makan Gratis Prabowo,
https://x.com/kinta_mahlia30/status/1929702918854529448,FALSE,@kinta_mahlia30,2025-06-03 00:53:00+00:00,Masyarakat makin yakin Indonesia kuat dengan Program Makan Bergizi Gratis dari Presiden Prabowo,Program Makan Gratis Prabowo,
https://x.com/ika_panti/status/1929701783980654641,FALSE,@ika_panti,2025-06-03 00:48:00+00:00,Presiden Prabowo bawa energi baru dan harapan lewat Program Makan Bergizi Gratis buat generasi muda,Program Makan Gratis Prabowo,
https://x.com/purnama_kus90/status/1929701279515005135,FALSE,@purnama_kus90,2025-06-03 00:46:00+00:00,Banyak harapan baru dari Papua berkat program makan bergizi gratis ala Presiden Prabowo,Program Makan Gratis Prabowo,
https://x.com/anisa_kartika42/status/1929700547080474699,FALSE,@anisa_kartika42,2025-06-03 00:43:00+00:00,"Dengan Presiden Prabowo, tiap langkah menuju generasi emas makin nyata lewat program makan bergizi gratis",Program Makan Gratis Prabowo,
https://x.com/marisa_aya24/status/1929700517657432280,FALSE,@marisa_aya24,2025-06-03 00:43:00+00:00,Prabowo sukses ajak Papua bergerak maju bersama lewat program makan bergizi gratis,Program Makan Gratis Prabowo,
https://x.com/argaa_pratama31/status/1929700007390978086,FALSE,@argaa_pratama31,2025-06-03 00:41:00+00:00,"Bersama Presiden Prabowo, Program Makan Bergizi Gratis wujudkan mimpi Indonesia Emas makin dekat",Program Makan Gratis Prabowo,
https://x.com/thalah_bahimah/status/1920295876117082203,FALSE,@thalah_bahimah,2025-05-08 01:53:00+00:00,"Semenjak masuk BRICS, ekspor pertanian naik 9%, program makan siang gratis bikin anak-anak desa lebih rajin sekolah #EnamBulanPemerintah",Program Makan Siang Gratis,
https://x.com/areta_naven/status/1920295591860412573,FALSE,@areta_naven,2025-05-08 01:52:00+00:00,"Prabowo buktiin komitmen sosial lewat program makan siang gratis, BRICS bikin hubungan diplomatik makin luas, ekonomi tumbuh positif #EnamBulanPemerintah",Program Makan Siang Gratis,
https://x.com/aldy_wijaya09/status/1920295566925320636,FALSE,@aldy_wijaya09,2025-05-08 01:51:00+00:00,"Sektor industri lokal tumbuh bareng keanggotaan BRICS, sekolah makin ramai dengan program makan siang gratis, ekonomi stabil #EnamBulanPemerintah",Program Makan Siang Gratis,
https://x.com/erlangga_glng/status/1920295268529864844,FALSE,@erlangga_glng,2025-05-08 01:50:00+00:00,Program makan siang gratis udah jangkau lebih dari 20 juta anak sekolah di seluruh Indonesia #EnamBulanPemerintah,Program Makan Siang Gratis,
https://x.com/sayyida_alifa4/status/1920295241006903435,FALSE,@sayyida_alifa4,2025-05-08 01:50:00+00:00,"Pertumbuhan ekonomi nasional naik, BRICS jadi batu loncatan, program makan siang gratis sukses tekan anak kurang gizi di sekolah #EnamBulanPemerintah",Program Makan Siang Gratis,
https://x.com/valencia_hrms/status/1920294779763794328,FALSE,@valencia_hrms,2025-05-08 01:48:00+00:00,"Makan siang gratis di sekolah udah bantai kelaparan pelajar, jadi salah satu program sosial paling diapresiasi #EnamBulanPemerintah",Program Makan Siang Gratis,
https://x.com/sehriz_sahmeza/status/1920294742098640986,FALSE,@sehriz_sahmeza,2025-05-08 01:48:00+00:00,"Program makan siang gratis terbukti bantu tingkatkan konsentrasi anak, ekonomi domestik tumbuh solid, hubungan luar negeri kuat lewat BRICS #EnamBulanPemerintah",Program Makan Siang Gratis,
https://x.com/enwuoc/status/1920294489328963744,FALSE,@enwuoc,2025-05-08 01:47:00+00:00,seorang bill gates aja bangga dgn program makan siang gratis,Program Makan Siang Gratis,
https://x.com/kurnia_dwii78/status/1920294312849649932,FALSE,@kurnia_dwii78,2025-05-08 01:46:00+00:00,Program makan siang gratis jadi inspirasi di Asia Tenggara buat negara lain #EnamBulanPemerintah,Program Makan Siang Gratis,
https://x.com/jaya_uw202/status/1920294029255995566,FALSE,@jaya_uw202,2025-05-08 01:45:00+00:00,Dampak nyata program makan siang gratis kelihatan dari angka kehadiran siswa naik signifikan tiap bulan #EnamBulanPemerintah,Program Makan Siang Gratis,
https://x.com/caca_qia107/status/1920293996624056441,FALSE,@caca_qia107,2025-05-08 01:45:00+00:00,"Berkat program makan siang gratis, lebih dari 1 juta pelajar di seluruh Indonesia sekarang makin sehat dan konsen belajar #EnamBulanPemerintah",Program Makan Siang Gratis,
https://x.com/gilang_panji5/status/1920293918173790384,FALSE,@gilang_panji5,2025-05-08 01:45:00+00:00,"Pertumbuhan industri selama enam bulan positif, BRICS dorong ekspor, sekolah negeri makin meriah dengan program makan siang gratis #EnamBulanPemerintah",Program Makan Siang Gratis,
https://x.com/Mada_Vior68/status/1920293702792024176,FALSE,@Mada_Vior68,2025-05-08 01:44:00+00:00,"Setengah tahun, RI eksis di BRICS, ekonomi naik 5 persen, dan program makan siang gratis makin meluas #EnamBulanPemerintah",Program Makan Siang Gratis,
https://x.com/ardian_syhreza/status/1920293260108705833,FALSE,@ardian_syhreza,2025-05-08 01:42:00+00:00,"Program makan siang gratis juga bantu atasi ketimpangan regional, sekolah-sekolah pelosok dapat prioritas #EnamBulanPemerintah",Program Makan Siang Gratis,
https://x.com/zulfikar_mhmdd/status/1920293108794699853,FALSE,@zulfikar_mhmdd,2025-05-08 01:42:00+00:00,"Gabung BRICS bikin investor asing makin yakin ke Indonesia, program makan siang gratis bikin siswa makin aktif belajar #EnamBulanPemerintah",Program Makan Siang Gratis,
https://x.com/karyati_yasia8/status/1920293105007550576,FALSE,@karyati_yasia8,2025-05-08 01:42:00+00:00,"Program makan siang gratis bikin semangat belajar, kerja sama BRICS buka banyak peluang ekonomi buat Indonesia #EnamBulanPemerintah",Program Makan Siang Gratis,
https://x.com/maman_hdyt24/status/1920292707618205971,FALSE,@maman_hdyt24,2025-05-08 01:40:00+00:00,"Gabung BRICS bikin peluang ekspor makin terbuka, industri lokal makin maju, program makan siang gratis bikin siswa lebih sehat #EnamBulanPemerintah",Program Makan Siang Gratis,
https://x.com/salsana_maruya/status/1920291957701533786,FALSE,@salsana_maruya,2025-05-08 01:37:00+00:00,"BRICS bawa Indonesia ke jajaran elite, ekonomi dalam negeri tumbuh, sekolah-sekolah penuh tawa karena program makan siang gratis #EnamBulanPemerintah",Program Makan Siang Gratis,
https://x.com/mitha_gitaa89/status/1920291936264421787,FALSE,@mitha_gitaa89,2025-05-08 01:37:00+00:00,"Program makan siang gratis jadi solusi untuk pemerataan gizi pelajar, semangat sekolah makin tinggi #EnamBulanPemerintah",Program Makan Siang Gratis,
https://x.com/winda_kartika12/status/1920291761185759248,FALSE,@winda_kartika12,2025-05-08 01:36:00+00:00,"Setengah tahun, investasi di sektor industri naik tajam, makan siang gratis jadi program unggulan sekolah di seluruh Indonesia #EnamBulanPemerintah",Program Makan Siang Gratis,
https://x.com/pamannyagibrann/status/1856336835594858876,FALSE,@pamannyagibrann,2024-11-12 14:02:00+00:00,"Aduh, betul bgt lagi ini. Prabs tau betul Makan siang gratis ini sangat membebani APBN, jadi make sense kalau tukar gulingnya dgn ini 😮‍💨",APBN makan siang gratis,
https://x.com/PasTIGAma2024/status/1856171751715287376,FALSE,@PasTIGAma2024,2024-11-12 03:06:00+00:00,"Sudah diberitakan media2 mainstream. 

Yg jadi pertanyaan, kenapa harus ngutang untuk program makan siang gratis? 
Padahal sudah dialokasikan pada APBN 2025, diambil dari dana abadi pendidikan.",APBN makan siang gratis,
https://x.com/MardianahA17345/status/1856170692901024030,FALSE,@MardianahA17345,2024-11-12 03:02:00+00:00,Hasil kunjungan ke cina dapat bantuan makan siang gratis manthap tidak jadi beban APBN,APBN makan siang gratis,
https://x.com/creepto2023/status/1856160033903653116,FALSE,@creepto2023,2024-11-12 02:20:00+00:00,Jokowi lah! Karena Jokowi APBN jadi tekor dan gak ada anggaran buat makan siang gratis.,APBN makan siang gratis,
https://x.com/n_adharesta10/status/1920284633121304610,FALSE,@n_adharesta10,2025-05-08 01:08:00+00:00,"Gaung makan siang gratis didukung 92 persen masyarakat, program sosial ini dinanti di daerah terpencil #EnamBulanPemerintah",Program Makan Siang Gratis,
https://x.com/tira_agstna89/status/1920284609226445256,FALSE,@tira_agstna89,2025-05-08 01:08:00+00:00,"Prabowo bawa Indonesia ke BRICS, ekonomi naik level, program makan siang gratis bikin siswa makin betah di sekolah #EnamBulanPemerintah",Program Makan Siang Gratis,
https://x.com/ali_barata22/status/1920284290387972222,FALSE,@ali_barata22,2025-05-08 01:07:00+00:00,Langkah Presiden terbaru perluas program makan siang gratis hingga sekolah swasta di beberapa daerah #EnamBulanPemerintah,Program Makan Siang Gratis,
https://x.com/rach_lailasari2/status/1920284022824919467,FALSE,@rach_lailasari2,2025-05-08 01:06:00+00:00,"Peluang ekspor makin luas dengan BRICS, anak sekolah makin berenergi berkat program makan siang gratis setiap hari #EnamBulanPemerintah",Program Makan Siang Gratis,
https://x.com/dedi_syhptr/status/1920283963077112253,FALSE,@dedi_syhptr,2025-05-08 01:05:00+00:00,"Prabowo tunjukkan aksi nyata, program makan siang gratis tingkatkan kehadiran pelajar sampai 98 persen di beberapa wilayah #EnamBulanPemerintah",Program Makan Siang Gratis,
https://x.com/kani_hasanah/status/1920283904755237182,FALSE,@kani_hasanah,2025-05-08 01:05:00+00:00,Program makan siang gratis dilaporkan bikin nilai rata-rata ujian siswa sekolah dasar naik cukup signifikan #EnamBulanPemerintah,Program Makan Siang Gratis,
https://x.com/sebastian_rdra/status/1920283880835195204,FALSE,@sebastian_rdra,2025-05-08 01:05:00+00:00,"Presiden Prabowo sukses bawa BRICS ke Indonesia, pabrik tumbuh, makan siang gratis jadi program unggulan sekolah #EnamBulanPemerintah",Program Makan Siang Gratis,
https://x.com/davina_aryanti/status/1920283859616170221,FALSE,@davina_aryanti,2025-05-08 01:05:00+00:00,"Program makan siang gratis sumbang penurunan stunting, industri makin lari kenceng, diplomasi bawa nama Indonesia ke level baru #EnamBulanPemerintah",Program Makan Siang Gratis,
https://x.com/kamaria_lkmwt/status/1920283789340655790,FALSE,@kamaria_lkmwt,2025-05-08 01:05:00+00:00,"Pemerintah makin dekat sama rakyat, makan siang gratis udah jadi identitas sekolah zaman now berkat program Prabowo #EnamBulanPemerintah",Program Makan Siang Gratis,
https://x.com/herman_sgrtoo/status/1920283590257983959,FALSE,@herman_sgrtoo,2025-05-08 01:04:00+00:00,"Bergabungnya Indonesia ke BRICS bikin mitra dagang kita makin luas, sekaligus mendukung program makan siang gratis buat jutaan anak sekolah #EnamBulanPemerintah",Program Makan Siang Gratis,
https://x.com/aditya_prnmaa3/status/1920283562420396503,FALSE,@aditya_prnmaa3,2025-05-08 01:04:00+00:00,Makan siang gratis sekolah jadi salah satu program pemerintah paling dirasain manfaatnya sama rakyat #EnamBulanPemerintah,Program Makan Siang Gratis,
https://x.com/nira_rahayu12/status/1920283536591905026,FALSE,@nira_rahayu12,2025-05-08 01:04:00+00:00,"Angka ekspor naik signifikan, industri nasional makin solid, program makan siang gratis jangkau lebih banyak pelajar tiap bulan #EnamBulanPemerintah",Program Makan Siang Gratis,
https://x.com/fitriani_wjynt/status/1920283394262417762,FALSE,@fitriani_wjynt,2025-05-08 01:03:00+00:00,"Diplomasi makin aktif, investasi masuk, dan program makan siang gratis sukses bikin anak-anak lebih sehat #EnamBulanPemerintah",Program Makan Siang Gratis,
https://x.com/ismail_ksma2/status/1920283339652555211,FALSE,@ismail_ksma2,2025-05-08 01:03:00+00:00,"Kolaborasi BRICS dan kebijakan ekonomi baru bikin industri lokal makin tahan banting, makan siang gratis di sekolah jadi program favorit #EnamBulanPemerintah",Program Makan Siang Gratis,
https://x.com/slamet_lesmono/status/1920283339648340404,FALSE,@slamet_lesmono,2025-05-08 01:03:00+00:00,"BRICS dorong perdagangan nasional, investasi gede masuk, program makan siang gratis bikin siswa makin sehat dan fokus belajar #EnamBulanPemerintah",Program Makan Siang Gratis,
https://x.com/sabrina_hafiqah/status/1920283273227362721,FALSE,@sabrina_hafiqah,2025-05-08 01:03:00+00:00,"Diplomasi Indonesia naik level bareng BRICS, industri dalam negeri tumbuh, sekolah makin ramai dengan program makan siang gratis #EnamBulanPemerintah",Program Makan Siang Gratis,
https://x.com/pambudi_tegar71/status/1920282999750316218,FALSE,@pambudi_tegar71,2025-05-08 01:01:00+00:00,"Diplomasi makin progresif di BRICS, ekspor naik, anak sekolah lebih sehat dan rajin belajar berkat program makan siang gratis #EnamBulanPemerintah",Program Makan Siang Gratis,
https://x.com/ulaya_ranti/status/1920282872444772797,FALSE,@ulaya_ranti,2025-05-08 01:01:00+00:00,"Indonesia masuk BRICS di bawah Prabowo, bawa diplomasi ke level baru, plus program makan siang gratis mulai dirasakan jutaan pelajar #EnamBulanPemerintah",Program Makan Siang Gratis,
https://x.com/danial_arsalaan/status/1920282572363608396,FALSE,@danial_arsalaan,2025-05-08 01:00:00+00:00,"BRICS jadi mesin baru ekonomi dan diplomasi Indonesia, makan siang gratis jadi program favorit di sekolah #EnamBulanPemerintah",Program Makan Siang Gratis,
https://x.com/kusuma_whyu7/status/1920282256561647651,FALSE,@kusuma_whyu7,2025-05-08 00:59:00+00:00,"Gabung BRICS bikin Indonesia disegani, kebijakan ekonomi Prabowo bikin produk lokal naik daun, program makan siang gratis makin meluas #EnamBulanPemerintah",Program Makan Siang Gratis,
https://x.com/heru_luthfiardi/status/1920302463468421206,FALSE,@heru_luthfiardi,2025-05-08 02:19:00+00:00,"Program makan siang gratis bantu kurangi stunting di sekolah dasar sampai 18 persen, ditambah ekspor naik gara-gara jadi anggota BRICS #EnamBulanPemerintah",Program Makan Siang Gratis,
https://x.com/septi_surya22/status/1920301967466795472,FALSE,@septi_surya22,2025-05-08 02:17:00+00:00,"Banyak orang tua merasa terbantu sama program makan siang gratis, pengeluaran jadi lebih ringan #EnamBulanPemerintah",Program Makan Siang Gratis,
https://x.com/asrwd_habib1/status/1920301928719831374,FALSE,@asrwd_habib1,2025-05-08 02:17:00+00:00,"Enam bulan, Indonesia bukan cuma anggota BRICS tapi juga jadi sorotan berkat kemajuan industri dan program makan siang gratis buat siswa sekolah #EnamBulanPemerintah",Program Makan Siang Gratis,
https://x.com/fathonah_mndsr/status/1920301326640296092,FALSE,@fathonah_mndsr,2025-05-08 02:14:00+00:00,"Jagoan diplomasi, program makan siang gratis tembus 60% sekolah dasar, anak-anak makin sehat dan prestasi naik #EnamBulanPemerintah",Program Makan Siang Gratis,
https://x.com/mumma_humztazah/status/1920301292762902951,FALSE,@mumma_humztazah,2025-05-08 02:14:00+00:00,"Gabung BRICS bikin Indonesia jadi sorotan, ekonomi naik, dan anak sekolah se-Indonesia udah nikmatin program makan siang gratis #EnamBulanPemerintah",Program Makan Siang Gratis,
https://x.com/harika_azqia120/status/1920301009307377882,FALSE,@harika_azqia120,2025-05-08 02:13:00+00:00,"Baru setengah tahun, Indonesia makin strategis di mata dunia, usaha lokal tumbuh, program makan siang gratis makin luas #EnamBulanPemerintah",Program Makan Siang Gratis,
https://x.com/nanto_hk20/status/1920300515738767865,FALSE,@nanto_hk20,2025-05-08 02:11:00+00:00,"Pertumbuhan ekonomi semester ini tertinggi dalam lima tahun terakhir, anggota BRICS, program makan siang gratis ga ketinggalan #EnamBulanPemerintah",Program Makan Siang Gratis,
https://x.com/ilyas_roji/status/1920300509929550054,FALSE,@ilyas_roji,2025-05-08 02:11:00+00:00,"Enam bulan pertama pemerintahan Prabowo sukses, ekonomi lokal tumbuh, diplomasi diperkuat, program makan siang gratis diterima luas #EnamBulanPemerintah",Program Makan Siang Gratis,
https://x.com/batari_kartini6/status/1920300480149807403,FALSE,@batari_kartini6,2025-05-08 02:11:00+00:00,"Baru setengah tahun, Indonesia udah resmi jadi anggota BRICS dan ekonomi makin cetar, industri dalam negeri juga tumbuh pesat plus program makan siang gratis buat anak sekolah #EnamBulanPemerintah",Program Makan Siang Gratis,
https://x.com/laras_widiastut/status/1920300388755927401,FALSE,@laras_widiastut,2025-05-08 02:11:00+00:00,Program makan siang gratis berhasil jangkau sekolah di lebih dari 300 kabupaten selama 6 bulan pertama #EnamBulanPemerintah,Program Makan Siang Gratis,
https://x.com/nahisa_dahkula/status/1920300137592578190,FALSE,@nahisa_dahkula,2025-05-08 02:10:00+00:00,"Setengah tahun pertama, industri manufaktur tumbuh 6%, diplomasi makin aktif, program makan siang gratis udah dirasain 2 juta anak #EnamBulanPemerintah",Program Makan Siang Gratis,
https://x.com/fajar_mukhlis79/status/1920299860109975801,FALSE,@fajar_mukhlis79,2025-05-08 02:08:00+00:00,"Gabung BRICS jadi langkah strategis, investasi meningkat, dan program makan siang gratis membantu kurangi stunting di seluruh nusantara #EnamBulanPemerintah",Program Makan Siang Gratis,
https://x.com/vanesa_sudiati/status/1920298408788602956,FALSE,@vanesa_sudiati,2025-05-08 02:03:00+00:00,Gerakan makan siang gratis jadi inspirasi program sosial di banyak daerah #EnamBulanPemerintah,Program Makan Siang Gratis,
https://x.com/adhytia_wibowo/status/1920298323761652111,FALSE,@adhytia_wibowo,2025-05-08 02:02:00+00:00,"Angka kemiskinan turun karena ekonomi stabil, lapangan kerja terbuka, dan ada program makan siang gratis #EnamBulanPemerintah",Program Makan Siang Gratis,
https://x.com/reski_utami78/status/1920297822529913014,FALSE,@reski_utami78,2025-05-08 02:00:00+00:00,"Gabung BRICS, ekonomi tambah kuat, program Indonesia makan siang gratis bikin orangtua makin tenang #EnamBulanPemerintah",Program Makan Siang Gratis,
https://x.com/khalisa_fairza/status/1920297664798748694,FALSE,@khalisa_fairza,2025-05-08 02:00:00+00:00,"Program makan siang gratis jadi andalan, bantu pelajar dari keluarga kurang mampu tetap semangat belajar #EnamBulanPemerintah",Program Makan Siang Gratis,
https://x.com/yuni_sari90/status/1920297618720113008,FALSE,@yuni_sari90,2025-05-08 02:00:00+00:00,Program strategis makan siang gratis ikut mendongkrak angka literasi siswa karena semangat belajar makin tinggi #EnamBulanPemerintah,Program Makan Siang Gratis,
https://x.com/fahrul_rizal8/status/1920296583238681019,FALSE,@fahrul_rizal8,2025-05-08 01:55:00+00:00,"Bukan cuma gede di diplomasi, Prabowo juga sukses bikin anak-anak sekolah sehat lewat program makan siang gratis #EnamBulanPemerintah",Program Makan Siang Gratis,
https://x.com/imam_kusuma78/status/1920296291650715725,FALSE,@imam_kusuma78,2025-05-08 01:54:00+00:00,Program makan siang gratis sudah kurangi ketimpangan gizi antar sekolah secara signifikan #EnamBulanPemerintah,Program Makan Siang Gratis,
https://x.com/kowira_nahna/status/1920296281169121678,FALSE,@kowira_nahna,2025-05-08 01:54:00+00:00,"Data survei, 82 persen orang tua siswa dukung program makan siang gratis karena pengaruhnya ke prestasi belajar #EnamBulanPemerintah",Program Makan Siang Gratis,
https://x.com/Sil4Ke5/status/1858745530332958742,FALSE,@Sil4Ke5,2024-11-19 05:34:00+00:00,"Harusnya sekelas wapres itu ngurusin yg global, seperti :
- apbn defisit
- pengangguran
- PPN naik 12%
- PHK
bukan sekelas camat yg mantau makan siang gratis.
cma bikin macet jalan doang. karena lokasi hrs di kosongin dan steril.",APBN makan siang gratis,
https://x.com/puttbaek/status/1858431016811348310,FALSE,@puttbaek,2024-11-18 08:44:00+00:00,"Penghapusan hutang petani, nelayan & umkm pake uang apa? Apbn
Makan siang gratis pake uang apa? Apbn
Apakah cukup apbn untuk cover semua itu? gk cukup, kalo apbn kita banyak gk mungkin hutang luar negeri naik tajam
Apbn dari mana? >Pajak 
Terget pajaknya siapa? Lihat di berita",APBN makan siang gratis,
https://x.com/Josh_Hp06/status/1858413014363590931,FALSE,@Josh_Hp06,2024-11-18 07:32:00+00:00,"Bagaimana ingin APBN sehat  jika anggota kabinet tambah, stafsus juga utsus tambah, anggaran untuk IKN bertambah belom lagi anggaran untuk makan siang gratis...
Coba anggaran2 tsb.dipangkas atau dihilangkan  pasti APBN sehat tanpa membebani rakyat",APBN makan siang gratis,
https://x.com/nowyoucatchme/status/1858390136154898796,FALSE,@nowyoucatchme,2024-11-18 06:01:00+00:00,"Persis kaya yg milih beliau hanya karna ada program makan gratis. Padahal program ditujukan utk anak sekolah. Dikiranya makan gratis untuk seluruh rakyat Indonesia.
Kekmana coba narikin pajaknya kalo apbn untuk kasih makan siang sekian ratus juta rakyat 😩",APBN makan siang gratis,
https://x.com/KKuncahyo/status/1858158327437615469,FALSE,@KKuncahyo,2024-11-17 14:40:00+00:00,"Yah... Cuman bagi bagi... Mah semua orang pasti bisa.. Apalagi duitnya pake APBN.. alias duit rakyat..., mungkin pemanasan makan siang gratis..",APBN makan siang gratis,
https://x.com/royalpardon/status/1857825112189497722,TRUE,@royalpardon,2024-11-16 16:36:00+00:00,Padahal kebutuhan APBN bengkak gara-gara kementerian diperbanyak dan program makan siang gratis dipaksakan dilanjutkan.,APBN makan siang gratis,"{'url': 'https://x.com/txtdrimedia/status/1856889827968651406', 'avatar': '', 'username': '@txtdrimedia', 'fullname': 'txtdrimedia', 'timestamp': '2024-11-14T02:40:00.000Z', 'text': '😊', 'links': [], 'images': ['https://pbs.twimg.com/media/GcT_c6RakAADoqL.jpg']}"
https://x.com/Haryadi90644161/status/1857745739163775163,FALSE,@Haryadi90644161,2024-11-16 11:21:00+00:00,"Makan siang gratis pinjem dr China ,APBN dipake buat bayar hutang ke China,PNS dan pejabat pengen dinaikin gajinya,,ujung ujung memeras rakyat sipil,,lama lama investor males join ke Indonesia",APBN makan siang gratis,
https://x.com/baikuncara/status/1857689651395563814,FALSE,@baikuncara,2024-11-16 07:38:00+00:00,tapi program makan siang gratis sangat tidak membantu menjaga apbn,APBN makan siang gratis,
https://x.com/ArisPriyono_SPd/status/1857603094307287186,FALSE,@ArisPriyono_SPd,2024-11-16 01:54:00+00:00,"Padahal mudah kok cara menghemat APBN :
1. Sasar pajak utk orang kaya
2. Stop IKN dulu
3. Stop makan siang gratis",APBN makan siang gratis,
https://x.com/waswasilkhonnas/status/1857327257783881882,TRUE,@waswasilkhonnas,2024-11-15 07:38:00+00:00,"APBN harus dijaga kesehatannya? 
Ya lu batalin tuh program makan siang/bergizi gratis",APBN makan siang gratis,"{'url': 'https://x.com/Mdy_Asmara1701/status/1857092694171914309', 'avatar': '', 'username': '@Mdy_Asmara1701', 'fullname': 'Maudy Asmara', 'timestamp': '2024-11-14T16:06:00.000Z', 'text': 'Penjelasan dari bu Menkeu Sri Mulyani soal PPN 12% yang mulai berlaku 2025..\n\nSemua naik 🥲', 'links': []}"
https://x.com/OneLove4Human/status/1857253678228631686,FALSE,@OneLove4Human,2024-11-15 02:45:00+00:00,"Sebelum semakin buruk, ayo batalkan makan siang bergisi gratis yang hanya boroskan APBN dan jadi lahan legalisasi korupsi saja.

Dana makan gratis bisa untuk bangun tambah pabrik pupuk, putihkan tunggakan iuran BPJS. 
cnnindonesia.com/ekonomi/202…",APBN makan siang gratis,
https://x.com/Anevathee/status/1857108171447496941,FALSE,@Anevathee,2024-11-14 17:07:00+00:00,"Ada faedahnya ga bagi yg dikunjungi? 
Yg pasti ada adalah menghamburkan apbn & apbd jg tentunya. 
Berapa biaya sekali perjalanan & kunjungan jika dikonversi ke berapa anak bisa dapat makan siang gratis. 
Ayo pilih mana dikunjungi VS alihkan utk makan siang gratisnya drpd ngutang",APBN makan siang gratis,
https://x.com/HabisKuota2/status/1857067899149553799,FALSE,@HabisKuota2,2024-11-14 14:27:00+00:00,si wowo sok sokan program makan siang gratis.. ehh APBN ngga sehat kata si mulyani,APBN makan siang gratis,
https://x.com/pramoedhya_/status/1857067555464036844,FALSE,@pramoedhya_,2024-11-14 14:26:00+00:00,Ada makan siang gratis yg harus dibiayai apbn gaesss...,APBN makan siang gratis,
https://x.com/ondee_on/status/1856858136386441429,FALSE,@ondee_on,2024-11-14 00:34:00+00:00,"Bayangkan saja indomie sebagai entitas tunggal saja sudah jadi fenomena global, dipadukan dengan Newjeans, niscaya APBN kita pasti berdaulat makan siang gratis tak perlu bantuan xi jinping",APBN makan siang gratis,
https://x.com/cobeh2022/status/1856562634205868385,FALSE,@cobeh2022,2024-11-13 04:59:00+00:00,"Ndak Perlu Ngutang Ke China,
Yakin APBN Mampu Biayai
Program Makan Siang Gratis,
Prabowo:
""Kami Telah Menghitung Angkanya !""
🤔🤔🤔🤔🤔🤔
.
suara.com/news/2024/05/16/00…
..",APBN makan siang gratis,
https://x.com/DenasIdn1/status/1856547171409244449,FALSE,@DenasIdn1,2024-11-13 03:58:00+00:00,"Program nya “Ngasih makan siang bergizi gratis”…

Kirain mah org kaya raya 
Ealah …. Kismin ternyata ngutang dulu.. 
awas lu jebakan betmen. Ntr minta jaminan apbn pula sblm ngasih.",APBN makan siang gratis,
https://x.com/jogun8302002/status/1856503644637864251,FALSE,@jogun8302002,2024-11-13 01:05:00+00:00,"Proyek IKN dibiayai APBN padahal gk perlu amat
Proyek makan siang gratis anak sekolah di biayai hutang padahal janji kampanye.",APBN makan siang gratis,
https://x.com/RioOchou/status/1856502862031008129,FALSE,@RioOchou,2024-11-13 01:02:00+00:00,Gak yakin buat makan siang gratis tujuannya buat perutnya sendiri..itu klo dpt peminpin curang kek gitu dpt apa rakyat kita? Pdhl ujung² pake apbn,APBN makan siang gratis,
https://x.com/1404Stj/status/1856484735666794563,FALSE,@1404Stj,2024-11-12 23:50:00+00:00,"Bapak Presiden,

Program makan siang bergizi gratis di RI mendatang, harap sepenuhnya mampu dari APBN, pelaksanaan dg baik, sustainable
Tanpa bantuan Negara lain

Demi anak2 Generasi Penerus BANGSA

Bahan2 Program Makan siang bergizi gratis, penting mengutamakan dari Dalam Negeri",APBN makan siang gratis,
https://x.com/kala_kurniawan/status/1920282137229426765,FALSE,@kala_kurniawan,2025-05-08 00:58:00+00:00,"Program sosial makan siang gratis bantu turunin stunting 1.5% dalam 6 bulan, ekonomi RI naik 5%, BRICS dorong kerjasama baru #EnamBulanPemerintah",Program Makan Siang Gratis,
https://x.com/johan_tirto33/status/1920281508058661197,FALSE,@johan_tirto33,2025-05-08 00:56:00+00:00,"Program makan siang gratis berhasil jangkau pelosok, anak-anak di desa pun merasakan manfaatnya #EnamBulanPemerintah",Program Makan Siang Gratis,
https://x.com/althea_nisa3/status/1920281495307960493,FALSE,@althea_nisa3,2025-05-08 00:56:00+00:00,"Indonesia gabung BRICS, ekonomi nasional positif tumbuh, dan program makan siang gratis sekolah udah capaian buat masa depan anak bangsa #EnamBulanPemerintah",Program Makan Siang Gratis,
https://x.com/kunthara_sireg4/status/1920281439892811806,FALSE,@kunthara_sireg4,2025-05-08 00:55:00+00:00,"Prabowo sukses bawa RI gabung BRICS, pabrik tumbuh pesat, program makan siang gratis di sekolah makin meluas di seluruh negeri #EnamBulanPemerintah",Program Makan Siang Gratis,
https://x.com/verena_frda04/status/1920281384771576196,FALSE,@verena_frda04,2025-05-08 00:55:00+00:00,"Program makan siang gratis sukses bantu 4 juta siswa, diplomasi makin aktif di BRICS, ekspor produk lokal meningkat #EnamBulanPemerintah",Program Makan Siang Gratis,
https://x.com/syaqina_urani/status/1920281032592666830,FALSE,@syaqina_urani,2025-05-08 00:54:00+00:00,"Berkat program makan siang gratis, tingkat gizi anak sekolah naik pesat dan efektif bantu tumbuh kembang #EnamBulanPemerintah",Program Makan Siang Gratis,
https://x.com/haziya_almann/status/1920280942905536894,FALSE,@haziya_almann,2025-05-08 00:53:00+00:00,"Diplomasi makin kuat dan aktif di forum BRICS, pertumbuhan industri nasional makin meningkat, program makan siang gratis sukses besar #EnamBulanPemerintah",Program Makan Siang Gratis,
https://x.com/agung_darisman1/status/1920280728094584960,FALSE,@agung_darisman1,2025-05-08 00:52:00+00:00,"Pemerintah sukses dorong belanja lokal, program makan siang gratis jadi pasar baru buat produk petani dan UMKM #EnamBulanPemerintah",Program Makan Siang Gratis,
https://x.com/yoga_dewan69/status/1920280703079473200,FALSE,@yoga_dewan69,2025-05-08 00:52:00+00:00,Program sosial inovatif kayak makan siang gratis jadi inspirasi sejumlah negara tetangga #EnamBulanPemerintah,Program Makan Siang Gratis,
https://x.com/bagas_wira990/status/1920280681738809442,FALSE,@bagas_wira990,2025-05-08 00:52:00+00:00,"Enam bulan, ekspor naik, investasi bertambah, program makan siang gratis jadi penyemangat baru buat anak Indonesia #EnamBulanPemerintah",Program Makan Siang Gratis,
https://x.com/idana_wjy12/status/1920280624255975919,FALSE,@idana_wjy12,2025-05-08 00:52:00+00:00,Program makan siang gratis sukses mengurangi kasus anak putus sekolah di banyak daerah #EnamBulanPemerintah,Program Makan Siang Gratis,
https://x.com/sigit_awan24/status/1920280262144889121,FALSE,@sigit_awan24,2025-05-08 00:51:00+00:00,"Program makan siang gratis bikin orang tua lebih hemat, gizi anak pun lebih terpenuhi #EnamBulanPemerintah",Program Makan Siang Gratis,
https://x.com/wulandari_isma3/status/1920280092498153596,FALSE,@wulandari_isma3,2025-05-08 00:50:00+00:00,Program makan siang gratis dorong anak-anak semangat sekolah tanpa takut lapar #EnamBulanPemerintah,Program Makan Siang Gratis,
https://x.com/nisa_sab23/status/1920279963049120229,FALSE,@nisa_sab23,2025-05-08 00:49:00+00:00,"Program makan siang gratis menjangkau pelosok negeri, ekonomi tumbuh berkat kerja sama dengan anggota BRICS #EnamBulanPemerintah",Program Makan Siang Gratis,
https://x.com/ani_sumasi/status/1920279693342745059,FALSE,@ani_sumasi,2025-05-08 00:48:00+00:00,"Sejak program makan siang gratis berjalan, absensi siswa naik dan anak-anak jadi semangat belajar #EnamBulanPemerintah",Program Makan Siang Gratis,
https://x.com/utami_wahdi/status/1920279685092536767,FALSE,@utami_wahdi,2025-05-08 00:48:00+00:00,"BRICS bikin peluang ekspor bertambah, pertumbuhan industri melonjak, dan program makan siang gratis jadi andalan anak sekolah di berbagai daerah #EnamBulanPemerintah",Program Makan Siang Gratis,
https://x.com/gangsa_prasetya/status/1920279110988738576,FALSE,@gangsa_prasetya,2025-05-08 00:46:00+00:00,"Indonesia makin diperhitungkan di BRICS, ekonomi domestik tumbuh positif, dan program makan siang gratis sukses dijalankan di ribuan sekolah #EnamBulanPemerintah",Program Makan Siang Gratis,
https://x.com/jasmani_maulana/status/1920278965152784531,FALSE,@jasmani_maulana,2025-05-08 00:45:00+00:00,"Presiden Prabowo bawa Indonesia masuk BRICS, ekonomi nasional tumbuh stabil, sekolah di seluruh Indonesia dapat program makan siang gratis #EnamBulanPemerintah",Program Makan Siang Gratis,
https://x.com/nadia_idahass60/status/1920278899176407196,FALSE,@nadia_idahass60,2025-05-08 00:45:00+00:00,"Anak-anak sekolah udah gak perlu skip makan siang, sekarang makin fokus ngejar prestasi bareng program makan gratis #EnamBulanPemerintah",Program Makan Siang Gratis,
https://x.com/ayu_adel209/status/1929685614557122629,FALSE,@ayu_adel209,2025-06-02 23:44:00+00:00,"Program makan gratis enggak cuma tentang makanan, tapi masa depan yang digagas Presiden Prabowo",Program Makan Gratis Prabowo,
https://x.com/alfian_rezna/status/1929684125784723492,FALSE,@alfian_rezna,2025-06-02 23:38:00+00:00,"Prabowo ngasih harapan besar buat Papua dengan program makan bergizi gratis, warga pun mendukung",Program Makan Gratis Prabowo,
https://x.com/melikum_r/status/1929683623483212286,FALSE,@melikum_r,2025-06-02 23:36:00+00:00,Gizi anak bangsa makin terjamin berkat langkah positif Presiden Prabowo memperluas program makan gratis,Program Makan Gratis Prabowo,
https://x.com/lastri_vina/status/1929683574032367641,FALSE,@lastri_vina,2025-06-02 23:36:00+00:00,"Bergerak bersama Program Makan Bergizi Gratis, optimisme masa depan makin nyata seperti harapan Presiden Prabowo",Program Makan Gratis Prabowo,
https://x.com/naziha_mawih/status/1929682494804447467,FALSE,@naziha_mawih,2025-06-02 23:32:00+00:00,Pak Prabowo sukses raih simpati warga Papua lewat program makan bergizi gratis ini,Program Makan Gratis Prabowo,
https://x.com/gunawan_dal/status/1929680345869472029,FALSE,@gunawan_dal,2025-06-02 23:23:00+00:00,"Warga Papua dukung penuh makan bergizi gratis, semoga program ini lanjut sampai ke pelosok #MBGUntukPapuaProgram makan bergizi gratis dari Pak Prabowo makin terasa manfaatnya buat saudara kita di Papua",Program Makan Gratis Prabowo,
https://x.com/lalatul_arani/status/1929678035567235225,FALSE,@lalatul_arani,2025-06-02 23:14:00+00:00,"Keren Presiden Prabowo, warga Papua langsung kasih semangat buat program makan gratis",Program Makan Gratis Prabowo,
https://x.com/mira_liana2505/status/1929677562139365432,FALSE,@mira_liana2505,2025-06-02 23:12:00+00:00,"Papua udah lihat sendiri hasil dari program makan gratis Prabowo, supportnya makin kuat tiap hari",Program Makan Gratis Prabowo,
https://x.com/agussaputraa4_/status/1929677543436878143,FALSE,@agussaputraa4_,2025-06-02 23:12:00+00:00,Masyarakat Papua kompak dukung program makan bergizi gratis Presiden Prabowo berhasil wujudkan harapan mereka,Program Makan Gratis Prabowo,
https://x.com/fithandayani_/status/1929677473257771025,FALSE,@fithandayani_,2025-06-02 23:12:00+00:00,Warga Papua percaya penuh sama Presiden Prabowo dan mendukung program makan bergizi gratis #MBGUntukPapua,Program Makan Gratis Prabowo,
https://x.com/toni_mars14/status/1929677438680027444,FALSE,@toni_mars14,2025-06-02 23:12:00+00:00,"Terima kasih Presiden Prabowo, warga Papua selalu dukung program makan gratis biar semua anak sehat",Program Makan Gratis Prabowo,
https://x.com/sebastian_rdra/status/1929676823568494883,FALSE,@sebastian_rdra,2025-06-02 23:09:00+00:00,"Pak Prabowo selalu dapat tempat di hati warga Papua, terutama sejak ada program makan bergizi gratis",Program Makan Gratis Prabowo,
https://x.com/lesnugr_21/status/1929676819495899575,FALSE,@lesnugr_21,2025-06-02 23:09:00+00:00,Kebijakan pemerintahan Prabowo benar benar terasa di Papua lewat kehadiran program makan bergizi gratis,Program Makan Gratis Prabowo,
https://x.com/balidin_widodo/status/1929676726982135822,FALSE,@balidin_widodo,2025-06-02 23:09:00+00:00,Alhamdulillah Papua dapet program makan gratis Presiden Prabowo terbukti  didukung oleh semua warga lokal,Program Makan Gratis Prabowo,
https://x.com/khayrah_khiyama/status/1929676338665083247,FALSE,@khayrah_khiyama,2025-06-02 23:07:00+00:00,Prabowo terus dapet trust dari Papua berkat program makan bergizi gratis yang tepat sasaran,Program Makan Gratis Prabowo,
https://x.com/khaliqa_dzahin5/status/1929674456005595157,FALSE,@khaliqa_dzahin5,2025-06-02 23:00:00+00:00,Presiden Prabowo dapat kepercayaan tinggi dari warga Papua soal program makan bergizi gratis,Program Makan Gratis Prabowo,
https://x.com/ayu_fitriani44/status/1929672496787460167,FALSE,@ayu_fitriani44,2025-06-02 22:52:00+00:00,Program makan gratis di Papua sukses besar semua warga asli mendukung langkah Presiden Prabowo ke depan,Program Makan Gratis Prabowo,
https://x.com/kartika_put2/status/1929672032364777741,FALSE,@kartika_put2,2025-06-02 22:50:00+00:00,"Salut buat langkah Pak Prabowo, program makan gratis beneran bikin warga Papua makin sehat dan bahagia",Program Makan Gratis Prabowo,
https://x.com/adna_umia/status/1929670961705767185,FALSE,@adna_umia,2025-06-02 22:46:00+00:00,"Presiden Prabowo bawa angin segar dengan program makan bergizi gratis, warga Papua nggak ragu kasih support",Program Makan Gratis Prabowo,
https://x.com/TerahirPejuang/status/1856130179967660491,FALSE,@TerahirPejuang,2024-11-12 00:21:00+00:00,"wes... mboh.. kunuw ,, pengen liat.. org yg ngotot komen waktu masa pilpres kmrn, dia komen lebih baik dana apbn untuk makan siang gratis dari pada di korupsi ,, lah... ini aja.. arahnya bakal ngutang...  kalo tdk di danai apbn😅😅😅",APBN makan siang gratis,
https://x.com/TerahirPejuang/status/1856126977507504474,FALSE,@TerahirPejuang,2024-11-12 00:08:00+00:00,"kalo tdk di danai dr APBN brrt dananya dr hutang gitu..???? jd inget pas adu argumen di masa pilpres kmrn,ada yg ngotot komen lebih baik dana APBN untuk makan siang gratis dari pada di korupsi, lah... ini dana makan siang aja mosok ngutang... ke cina kalo tdk di danai APBN😅😅😅",APBN makan siang gratis,"{'url': 'https://x.com/ilmi_roudhotul/status/1856123472881299800', 'avatar': '', 'username': '@ilmi_roudhotul', 'fullname': 'Sandale_Kiyai..🇮🇩🇮🇩🇮🇩🇮🇩', 'timestamp': '2024-11-11T23:54:00.000Z', 'text': 'Tuntutlah ilmu walau di Negara China...\nCarilah sumbangan untuk makan gratis walau hutang ke China...""selamat Pagiii Negara Indonesia""', 'links': [], 'images': ['https://pbs.twimg.com/media/GcJGdVBasAIjs4U.jpg']}"
https://x.com/Fatimah81819162/status/1856101657718992921,FALSE,@Fatimah81819162,2024-11-11 22:28:00+00:00,Ada 2 Presiden Sepanjang Sejarah RI yg dibantu China. 1.Soekarno yg dibantu China 100 rb pucuk senjata merk Cung tuk Angkatan V  DN Aidit(PKI)..2.Prabowo dibantu pinjaman dana dari China tuk makan siang gratis pdhl sdh tersedia dana APBN Rp.71 T..@msaid_didu,APBN makan siang gratis,
https://x.com/embah72/status/1855983939606942098,FALSE,@embah72,2024-11-11 14:40:00+00:00,"Napa jadi China juga yg harus mengurus ketololan mereka yg bikin janji makan siang gratis sih ?
Mana yg milih juga geblek banget, unjung²nya yg jebol APBN juga.🤦‍♂️",APBN makan siang gratis,
https://x.com/dawiguna/status/1855932344093573391,FALSE,@dawiguna,2024-11-11 11:15:00+00:00,"Program makan siang gratis jelas konsumtif

Tidak bijaksana pakai hutang, krn negara harus bayar lebih, bayar bunga

Kalau pakai skema APBN yg ada, gak ada ruang fiskal. Kecuali, program ini sudah jadi UU

Misalnya bangun IKN sudah jadi UU, ya didanai APBN, jadi Ibu Kota

Gitu",APBN makan siang gratis,
https://x.com/aramualam/status/1855923328537788486,FALSE,@aramualam,2024-11-11 10:39:00+00:00,"Anggarannya dari kamu ya… Dikira wajib militer gak pake biaya??? Makan siang gratis aja udah bikin APBN bengkak, makhluk satu ini malah minta yang aneh-aneh 😴",APBN makan siang gratis,
https://x.com/A1ki4_ku5_21/status/1855901654044090495,FALSE,@A1ki4_ku5_21,2024-11-11 09:13:00+00:00,"Pake Malu² mo blg cari utangan utk biaya program makan siang gratis
🤣😅
Kasian seh rezim PS APBN defisit 800 T, ulah jokowi yg memakai APBN secara ugal²an...
Btw,...ntu utang yg byr pasti dibebani ke rakyat kan...??",APBN makan siang gratis,"{'url': 'https://x.com/ZAEffendy/status/1855898178857603221', 'avatar': '', 'username': '@ZAEffendy', 'fullname': 'KataNalar', 'timestamp': '2024-11-11T08:59:00.000Z', 'text': 'Bantu Danai = Pendanaan = Utang❗️\n“Proyek-program-makan-siang-bergizi-gratis”\n\nAnalogi: Kas Bon Makan … #Nalar 👀', 'links': ['https://x.com/search?q=%23Nalar'], 'images': ['https://pbs.twimg.com/media/GcF5J_2bEAAY6IZ.jpg', 'https://pbs.twimg.com/media/GcF5J_0bIAAJC5f.jpg']}"
https://x.com/SantorinisSun/status/1855879050947862663,FALSE,@SantorinisSun,2024-11-11 07:43:00+00:00,"Kesepakatan PENDANAAN program Makan Siang Gratis???
Apakah arti dari ""pendanaan"" ini sama dengan berhutang?
Ga akan pakai APBN tapi dananya dari HUTANG?
Beban lagi atuh kalo kaya gitu sih...",APBN makan siang gratis,
https://x.com/UzumakiYuuki1/status/1855741737039434199,FALSE,@UzumakiYuuki1,2024-11-10 22:38:00+00:00,"Salah satu program bercanda, makan siang gratis( padahal dibiayai dari APBN) menang makanya ditiru.",APBN makan siang gratis,
https://x.com/Bestfest_id/status/1855575241378144385,FALSE,@Bestfest_id,2024-11-10 11:36:00+00:00,"Hai, Sobat Best Fest! Siapa yang mau makan siang GRATIS tanpa pake APBN?

Yukkkk ikutan‼️",APBN makan siang gratis,
https://x.com/UzumakiYuuki1/status/1855569699968577673,FALSE,@UzumakiYuuki1,2024-11-10 11:14:00+00:00,Kalau alasan makan siang gratis hemat APBN kudu impor tapi malah mematikan rejeki peternak apa G pemerintah yang kejam tuh namanya? Program Gimmick G guna malah mematikan rejeki orang..,APBN makan siang gratis,
https://x.com/Muiz_Shiddiq/status/1855229628824293485,FALSE,@Muiz_Shiddiq,2024-11-09 12:43:00+00:00,"Ngene seng jare program makan siang gratis susune engko import, bazoka en ae pejabat seng import engko. 😅
Nek emang serius susu gratis APBN iku gawen bangun pabrik susu UHT sek, keserap kabeh iku susu pokok kualitase sesuai standart.",APBN makan siang gratis,
https://x.com/AzhimSe/status/1855160277530296643,FALSE,@AzhimSe,2024-11-09 08:07:00+00:00,Makan siang bergizi gratis pak Haji Prabowo tanpa APBN oleh pemuda Buleleng berduit unt 2 rb tatingan dgn menggandeng Kodim TNI AD 1616 Buleleng.,APBN makan siang gratis,
https://x.com/nugraha_qad11/status/1929669602742804782,FALSE,@nugraha_qad11,2025-06-02 22:40:00+00:00,Salut buat Prabowo yang peduli kesehatan anak-anak Papua lewat program makan gratis ini,Program Makan Gratis Prabowo,
https://x.com/evani_cha2/status/1929669094527455662,FALSE,@evani_cha2,2025-06-02 22:38:00+00:00,Dukungan meriah buat Prabowo dari Papua karena program makan gratis sukses bikin perubahan di daerah,Program Makan Gratis Prabowo,
https://x.com/faribah_dahlu/status/1929668798841532466,FALSE,@faribah_dahlu,2025-06-02 22:37:00+00:00,Program makan bergizi gratis dari Pak Prabowo diterima dengan penuh semangat di Papua,Program Makan Gratis Prabowo,
https://x.com/delvin_ario5/status/1929667924656377916,FALSE,@delvin_ario5,2025-06-02 22:34:00+00:00,Warga Papua nganggep Prabowo peka sama kebutuhan mereka lewat program makan gratis ini #MBGUntukPapua,Program Makan Gratis Prabowo,
https://x.com/Lkmann_srdiato/status/1929666643527193053,FALSE,@Lkmann_srdiato,2025-06-02 22:29:00+00:00,"Respon warga Papua keren banget, dukung penuh program makan gratis dari Presiden Prabowo",Program Makan Gratis Prabowo,
https://x.com/ulfah_pus90/status/1929665785179656383,FALSE,@ulfah_pus90,2025-06-02 22:25:00+00:00,Program makan gratis jadi bukti nyata perhatian Pak Prabowo buat masyarakat Papua,Program Makan Gratis Prabowo,
https://x.com/kyra_femida45/status/1929664209564192789,FALSE,@kyra_femida45,2025-06-02 22:19:00+00:00,Dukungan Papua jadi modal kuat Prabowo buat terus lanjutkan program makan bergizi gratis #MBGUntukPapua,Program Makan Gratis Prabowo,
https://x.com/arkham_kislu22/status/1929663239241322790,FALSE,@arkham_kislu22,2025-06-02 22:15:00+00:00,"Banyak warga Papua merasa terbantu sejak ada program makan bergizi gratis, terima kasih Presiden Prabowo",Program Makan Gratis Prabowo,
https://x.com/yogi_wiryawan2/status/1929662052605567481,FALSE,@yogi_wiryawan2,2025-06-02 22:10:00+00:00,"Banyak yang bahagia karena program makan gratis, warga Papua kasih apresiasi buat Prabowo",Program Makan Gratis Prabowo,
https://x.com/putra_surya4/status/1929661728197169632,FALSE,@putra_surya4,2025-06-02 22:09:00+00:00,"Langkah Prabowo layak diacungi jempol, warga Papua mendukung 100 persen program makan bergizi gratis",Program Makan Gratis Prabowo,
https://x.com/sri_wahyu2001/status/1929661559489679681,FALSE,@sri_wahyu2001,2025-06-02 22:09:00+00:00,Masyarakat Papua mendukung penuh program makan bergizi gratis dari pemerintah pusat Prabowo sukses bikin perubahan,Program Makan Gratis Prabowo,
https://x.com/ananta_mahend/status/1929660306500079793,FALSE,@ananta_mahend,2025-06-02 22:04:00+00:00,Prabowo benar-benar bawa angin segar lewat program makan gratis buat Papua,Program Makan Gratis Prabowo,
https://x.com/reiki_putra09/status/1929659985698676907,FALSE,@reiki_putra09,2025-06-02 22:02:00+00:00,Program makan bergizi gratis dari Pak Prabowo menambah semangat hidup masyarakat Papua,Program Makan Gratis Prabowo,
https://x.com/steven_kurnia44/status/1929659176793612722,FALSE,@steven_kurnia44,2025-06-02 21:59:00+00:00,Masyarakat Papua berharap program makan bergizi gratis dari Prabowo terus berkembang dan diperluas,Program Makan Gratis Prabowo,
https://x.com/jaya_mhendra7/status/1929657556131369349,FALSE,@jaya_mhendra7,2025-06-02 21:53:00+00:00,Anak Papua sekarang makin sehat berkat makan gratis program andalan Prabowo dukungan warga lokal luar biasa,Program Makan Gratis Prabowo,
https://x.com/rahmat_brhan6/status/1929657415173316644,FALSE,@rahmat_brhan6,2025-06-02 21:52:00+00:00,"Dukungan warga Papua buat Pak Prabowo luar biasa, mereka optimis dengan program makan bergizi gratis",Program Makan Gratis Prabowo,
https://x.com/ruqaya_maroyah/status/1929656707560755485,FALSE,@ruqaya_maroyah,2025-06-02 21:49:00+00:00,Kehangatan warga Papua terasa lewat dukungan mereka ke makan gratis program Presiden Prabowo,Program Makan Gratis Prabowo,
https://x.com/badriyah_sahina/status/1929656516954767596,FALSE,@badriyah_sahina,2025-06-02 21:48:00+00:00,Bersyukur Papua jadi prioritas program makan gratis dari pusat banyak warga asli mendukung penuh langkah Presiden Prabowo #MBGUntukPapua,Program Makan Gratis Prabowo,
https://x.com/rina_maya11/status/1929655971284242445,FALSE,@rina_maya11,2025-06-02 21:46:00+00:00,Pak Prabowo selalu punya tempat di hati warga Papua lewat makan gratis mayoritas mendukung penuh program ini,Program Makan Gratis Prabowo,
https://x.com/keenan_mahesa1/status/1929654750443982881,FALSE,@keenan_mahesa1,2025-06-02 21:41:00+00:00,Warga asli Papua percaya sama program makan gratis Prabowo semua sepakat kasih dukungan terbaik banjur Papua,Program Makan Gratis Prabowo,
https://x.com/clari_maryati/status/1920278437551616321,FALSE,@clari_maryati,2025-05-08 00:43:00+00:00,"Kiprah Indonesia di BRICS nyata, pabrik makin semangat produksi, program makan siang gratis tingkatkan nutrisi anak sekolah #EnamBulanPemerintah",Program Makan Siang Gratis,
https://x.com/rianti_dahruya4/status/1920278420975763542,FALSE,@rianti_dahruya4,2025-05-08 00:43:00+00:00,"Investasi dari BRICS dorong industrialisasi lokal, program makan siang gratis jalan terus, anak sekolah makin semangat #EnamBulanPemerintah",Program Makan Siang Gratis,
https://x.com/hani_nuraini5/status/1920278316289765563,FALSE,@hani_nuraini5,2025-05-08 00:43:00+00:00,"Ke BRICS bareng Prabowo, industri naik kelas, program makan siang gratis bantu anak-anak sekolah hidup sehat #EnamBulanPemerintah",Program Makan Siang Gratis,
https://x.com/maucaritemendiX/status/1920277869399310428,FALSE,@maucaritemendiX,2025-05-08 00:41:00+00:00,Mungkin masa itu lagi marak program makan siang gratis halal,Program Makan Siang Gratis,
https://x.com/farhunnisa_widi/status/1920277868937900497,FALSE,@farhunnisa_widi,2025-05-08 00:41:00+00:00,"Kenaikan pertumbuhan industri 6 persen semester ini, program makan siang gratis bantu lebih dari sejuta siswa #EnamBulanPemerintah",Program Makan Siang Gratis,
https://x.com/rafeyfa_zay27/status/1920277863812546794,FALSE,@rafeyfa_zay27,2025-05-08 00:41:00+00:00,"Program makan siang gratis lancar di sekolah, pertumbuhan ekonomi lokal dipacu ekspor dan kolaborasi di BRICS #EnamBulanPemerintah",Program Makan Siang Gratis,
https://x.com/wasim_widodo/status/1920277602016649544,FALSE,@wasim_widodo,2025-05-08 00:40:00+00:00,Program makan siang gratis jadi andalan pemerintah atasi masalah stunting di daerah tertinggal #EnamBulanPemerintah,Program Makan Siang Gratis,
https://x.com/farrel_mhmmd6/status/1920277287712206971,FALSE,@farrel_mhmmd6,2025-05-08 00:39:00+00:00,Program makan siang gratis terbukti naikin kehadiran siswa di sekolah #EnamBulanPemerintah,Program Makan Siang Gratis,
https://x.com/usyi_fat/status/1920277066244923678,FALSE,@usyi_fat,2025-05-08 00:38:00+00:00,"Sekarang gabung negara BRICS, makin banyak pintu kerjasama, pengusaha lokal tumbuh, dan program makan siang gratis semakin luas #EnamBulanPemerintah",Program Makan Siang Gratis,
https://x.com/melisa_palastri/status/1920277058170569053,FALSE,@melisa_palastri,2025-05-08 00:38:00+00:00,"Diplomasi makin kuat setelah Indonesia sah jadi anggota BRICS, ada juga program makan siang gratis yang sudah dirasakan jutaan pelajar #EnamBulanPemerintah",Program Makan Siang Gratis,
https://x.com/alzen_najm8/status/1920277007658856944,FALSE,@alzen_najm8,2025-05-08 00:38:00+00:00,"Sektor manufaktur dalam negeri tumbuh pesat di bawah Prabowo, didorong oleh keanggotaan BRICS dan program makan siang gratis bagi pelajar SD #EnamBulanPemerintah",Program Makan Siang Gratis,
https://x.com/raharjo_tgh3/status/1920276964793070001,FALSE,@raharjo_tgh3,2025-05-08 00:38:00+00:00,Program makan siang gratis terbukti turunkan angka stunting anak di 15 provinsi dalam waktu singkat #EnamBulanPemerintah,Program Makan Siang Gratis,
https://x.com/purnama_dmrr/status/1920276936380563736,FALSE,@purnama_dmrr,2025-05-08 00:37:00+00:00,"Pemerintahan Prabowo bawa kabar baik, dari pertumbuhan industri lokal sampe perluas pasar ke BRICS dan sukses jalankan program makan siang gratis #EnamBulanPemerintah",Program Makan Siang Gratis,
https://x.com/nola_fanema/status/1920276766456996078,FALSE,@nola_fanema,2025-05-08 00:37:00+00:00,"Kerja sama strategis BRICS tingkatkan pabrik lokal, siswa makin sehat dengan program makan siang gratis #EnamBulanPemerintah",Program Makan Siang Gratis,
https://x.com/ilham_dika25/status/1920276729194782926,FALSE,@ilham_dika25,2025-05-08 00:37:00+00:00,Program makan siang gratis bantu selesaikan problem kekurangan gizi #EnamBulanPemerintah,Program Makan Siang Gratis,
https://x.com/calista_febr1/status/1920276704162975964,FALSE,@calista_febr1,2025-05-08 00:36:00+00:00,Program sosial makan siang gratis jadi penopang suksesnya pendidikan nasional #EnamBulanPemerintah,Program Makan Siang Gratis,
https://x.com/zabdan_fatih/status/1920276527197139358,FALSE,@zabdan_fatih,2025-05-08 00:36:00+00:00,"Keanggotaan BRICS, pertumbuhan industri, dan program makan siang gratis, semuanya tercapai dalam enam bulan, era Prabowo penuh gebrakan #EnamBulanPemerintah",Program Makan Siang Gratis,
https://x.com/atisha_gamayy/status/1920276428374863879,FALSE,@atisha_gamayy,2025-05-08 00:35:00+00:00,Industri pangan lokal ekspansi besar-besaran sejak program makan siang gratis #EnamBulanPemerintah,Program Makan Siang Gratis,
https://x.com/indri_rahmi99/status/1920276392027042249,FALSE,@indri_rahmi99,2025-05-08 00:35:00+00:00,"Makin banyak sekolah rasain program makan siang gratis, pertumbuhan pabrik 9% berkat BRICS, Indonesia optimis melaju #EnamBulanPemerintah",Program Makan Siang Gratis,
https://x.com/ivan_indrajaya4/status/1920276312305860768,FALSE,@ivan_indrajaya4,2025-05-08 00:35:00+00:00,"Pertumbuhan ekspor ke negara BRICS tambah terus, program makan siang gratis udah sampai jutaan pelajar, industri lokal makin ramai orderan #EnamBulanPemerintah",Program Makan Siang Gratis,
https://x.com/seterotype/status/1850235710810554660,FALSE,@seterotype,2024-10-26 17:59:00+00:00,"Minimal mikir, kepentingan mayoritas apa bukan, kebutuhan primer apa sekunder. APBN harus merata sesuai kebutuhan bukan buat hiburan doang, walaupun anggaannya emang ada dan bisa aja program makan siang gratis juga kaga bakal rata dalam 1 tahun tapi jokes lo gak lucu nder.",APBN makan siang gratis,
https://x.com/jankerzone/status/1850187267350118876,TRUE,@jankerzone,2024-10-26 14:46:00+00:00,"Dari 1 makelar aja dah ngumpul 1 trilyun lebih, coba aparat kerja bener 70 makelar dah cukup makan siang gratis nga ngambil APBN 😁",APBN makan siang gratis,
https://x.com/hebaselim77/status/1849980893672407313,FALSE,@hebaselim77,2024-10-26 01:06:00+00:00,"seingatku pak Prabowo bilang kalo makan siang gratis untuk anak sekolah. Dan kalopun skrg jd nambah sasaran, sah sah saja, tapi mgkn bisa ditinjau kembali faktor yang mempengaruhi stunting dan besaran APBN yg akn mengcover itu semua, krn nambah sasarannya",APBN makan siang gratis,
https://x.com/Muhamma90716489/status/1849609624527437942,FALSE,@Muhamma90716489,2024-10-25 00:31:00+00:00,"Mungkin keberlanjutan pembangunan ikn masih prioritas, dan prigram makan siang dan minum susu gratis menjadi penyebab berkurangnya anggaran di berbagai kementerian, apbn serang dibuat pemerintahan jokowi, jadi pemerintahan sekaran dapat mengatukan tambahan/revisi apbn.😊",APBN makan siang gratis,
https://x.com/inspired_007/status/1849494718151086433,FALSE,@inspired_007,2024-10-24 16:54:00+00:00,"Program saja tidak terukur, contoh program unggulan makan siang gratis. Dimana APBN kita sekarang sudah devisit apalagi ditambahin beban 500T.
Kita lihat saja kedepan pucuk pemimpin dan jajaranya apakah bisa menjadikan indonesia lebih baik atau buruk.
YANG PENTING GRATIS",APBN makan siang gratis,
https://x.com/Jediimar/status/1865325149798744322,FALSE,@Jediimar,2024-12-07 09:19:00+00:00,"Terbukti.
Kunjungan PS ke Cina_""jual""ikan dgn explorasi/ambil sendiri di L Natuna.
PS kantongin DP utk  APBN & Dana makan siang gratis",APBN makan siang gratis,"{'url': 'https://x.com/Ajie61LHenry/status/1865317598017335515', 'avatar': '', 'username': '@Ajie61LHenry', 'fullname': 'HΣ∏ΓΨ L ∂αямαjι', 'timestamp': '2024-12-07T08:49:00.000Z', 'text': 'Kedaulata laut natuna tereliminasi', 'links': [], 'images': ['https://pbs.twimg.com/media/GeLwd8GawAANMv2.jpg', 'https://pbs.twimg.com/media/GeLsFTWbAAA-mIX.jpg', 'https://pbs.twimg.com/media/GeLwcaMbsAA4-G2.jpg']}"
https://x.com/ad_pur1to/status/1865252467249942700,FALSE,@ad_pur1to,2024-12-07 04:30:00+00:00,"Koq rakyat kecil jd alasan
Bilang aja buat nutupin defisit APBN krn makan siang gratis ga ada anggaran",APBN makan siang gratis,
https://x.com/Simanjunta9Nico/status/1865032608108941822,FALSE,@Simanjunta9Nico,2024-12-06 13:56:00+00:00,"Kenaikan PPN 12% Bukti Kegagalan Pengelolaan APBN dan Ancam Program Makan Siang Gratis Siswa Sekolah.

""Kenaikan PPN 12% akan membawa tekanan pada pertumbuhan ekonomi Indonesia yang diprediksi tanpa kenaikan PPN berada pada posisi 5 persen sampai 2029.""

kbanews.com/agenda/kenaikan-…",APBN makan siang gratis,
https://x.com/zaenab_indrimi/status/1929654653572338030,FALSE,@zaenab_indrimi,2025-06-02 21:41:00+00:00,Harapan makin cerah di Papua dengan hadirnya program makan gratis dari Presiden Prabowo,Program Makan Gratis Prabowo,
https://x.com/busan_dari26/status/1929652316648755221,FALSE,@busan_dari26,2025-06-02 21:32:00+00:00,"Pak Prabowo penuhi janji lewat program makan gratis, warga Papua senang dan dukung penuh",Program Makan Gratis Prabowo,
https://x.com/yayan_maru67/status/1929652075891511615,FALSE,@yayan_maru67,2025-06-02 21:31:00+00:00,"Warga Papua dukung penuh langkah Presiden Prabowo buat program makan gratis, bikin anak-anak makin sehat",Program Makan Gratis Prabowo,
https://x.com/badia_dinahh/status/1929648558887915703,FALSE,@badia_dinahh,2025-06-02 21:17:00+00:00,"Bangga sama Presiden Prabowo yang bikin program makan bergizi gratis, warga Papua ikut support abis",Program Makan Gratis Prabowo,
https://x.com/rina_wlndrii/status/1929648356286181870,FALSE,@rina_wlndrii,2025-06-02 21:16:00+00:00,Program makan bergizi gratis Prabowo bikin Papua makin semangat buat berubah ke arah positif,Program Makan Gratis Prabowo,
https://x.com/yesaya_dimara/status/1929581445921886591,FALSE,@yesaya_dimara,2025-06-02 16:50:00+00:00,"Program Makan Bergizi Gratis Mencerdaskan Generasi Muda Papua 

#mbg #makanbergizigratis #papuabarat #westpapuankri #prabowo",Program Makan Gratis Prabowo,
https://x.com/yesaya_dimara/status/1929581413482762448,FALSE,@yesaya_dimara,2025-06-02 16:50:00+00:00,"Program Makan Bergizi Gratis Mencerdaskan Generasi Muda Papua 

#mbg #makanbergizigratis #papuabarat #westpapuankri #prabowo",Program Makan Gratis Prabowo,
https://x.com/RobbyTumewa/status/1929529979420701143,FALSE,@RobbyTumewa,2025-06-02 13:26:00+00:00,"POLRI PERLUAS DAPUR MAKAN BERGIZI GRATIS (SPPG POLRI) UNTUK DUKUNG PROGRAM MAKANAN BERGIZI PRESIDEN PRABOWO*  
7 Lokasi Beroperasi, 22 Lainnya Segera Hadir di Seluruh Indonesia  
 
#SPPGPolri",Program Makan Gratis Prabowo,
https://x.com/bintangcputra/status/1854899113629974911,FALSE,@bintangcputra,2024-11-08 14:49:00+00:00,"Itu ada yg hobi bagi2 susu dan ngide makan siang gratis. Negara mestinya mampu biayain, mengasumsikn ide itu muncul krn udah dihitung.

Kalo APBN ga cukup, kantong pribadi mrk juga malah lebih mampu lagi.

Pertanyaan bagus2 gini baiknya ditujukan ke penguasa.",APBN makan siang gratis,"{'url': 'https://x.com/auxiliarywits/status/1854539073278677217', 'avatar': '', 'username': '@auxiliarywits', 'fullname': 'Guns, Germs and Spreadsheet 🌻', 'timestamp': '2024-11-07T14:59:00.000Z', 'text': '""Kenapa dibuang, kenapa nggak diolah?""\n\nMau diolah jadi apa? Fasilitas pengolahan punya siapa? Siapa yang bayarin transportnya? Siapa yang bayarin gudangnya? Siapa yang bayarin proses pengolahannya? Siapa yang beli hasil olahannya?', 'links': []}"
https://x.com/MrTampan93/status/1854150819001798898,FALSE,@MrTampan93,2024-11-06 13:16:00+00:00,"Cair la bu klo itu bisa di telusuri dan diambil negara bisa meringankan beban APBN dan mungkin bisa juga untuk memperkuat sistem pertahanan kita, ato uangnya bisa dialihkan untuk makan siang gratis juga. Semangat pak @prabowo",APBN makan siang gratis,
https://x.com/Panitia68285950/status/1854144859726319629,FALSE,@Panitia68285950,2024-11-06 12:52:00+00:00,"Bisa di pastikan
Trump menang siap2 Timur Tengah membara, 
Zionis (Israel) makin brutal caplok tanah & Genosida
Perang Ukraina selesai dg kemenangan Putin (Rusia)
Ekonomi Indonesia makin berat dg harga minyak naik diatas 75 $/bbbl
Proyek IKN & Makan Siang Gratis jadi beban APBN",APBN makan siang gratis,
https://x.com/Panitia68285950/status/1854137257827180579,FALSE,@Panitia68285950,2024-11-06 12:22:00+00:00,"Trump menang siap2 Timur Tengah membara, 
Zionis (Israel) makin brutal caplok tanah & Genosida
Perang Ukraina selesai dg kemenangan Putin (Rusia)
Ekonomi Indonesia makin berat dg harga minyak naik diatas 75 $/bbbl
Proyek IKN & Makan Siang Gratis jadi beban APBN.",APBN makan siang gratis,
https://x.com/Panitia68285950/status/1854135424484315291,FALSE,@Panitia68285950,2024-11-06 12:15:00+00:00,"Trump menang siap2 Timur Tengah membara, 
Zionis (Israel) makin brutal caplok tanah & Genosida
Perang Ukraina selesai dg kemenangan Putin (Rusia)
Ekonomi Indonesia makin berat dg harga minyak naik diatas 75 $/bbbl
Proyek IKN & Makan Siang Gratis jadi beban APBN",APBN makan siang gratis,
https://x.com/Panitia68285950/status/1854135005154582617,FALSE,@Panitia68285950,2024-11-06 12:13:00+00:00,"Trump menang siap2 Timur Tengah membara, 
Zionis (Israel) makin brutal caplok tanah & Genosida
Perang Ukraina selesai dg kemenangan Putin (Rusia)
Ekonomi Indonesia makin berat dg harga minyak naik diatas 75 $/bbbl
Proyek IKN & Makan Siang Gratis jadi beban APBN",APBN makan siang gratis,
https://x.com/ParaPean77943/status/1853435543151075649,FALSE,@ParaPean77943,2024-11-04 13:54:00+00:00,"Saya juga setuju Lae. Kabinet nya saja sdh banyak sekali,tentu pos program setiap kementerian akan mempengaruhi APBN. Maka program Prabowo Subianto terkait makan siang gratis, pendidikan gratis, insentif guru 2 juta/bulan,layanan kesehatan gratis, SUBSIDI BBM semua ini uang dari",APBN makan siang gratis,
https://x.com/jacksc_id/status/1853330500313817357,FALSE,@jacksc_id,2024-11-04 06:56:00+00:00,"Pengusaha sudah di peras dengan preman dan pajak2nya, maslaah baju buat sekolah harus juga dari pengusaha, APBN kmn abis sama makan siang gratis dan bagi2 jabatan? Segitunya kah masalah kecil2 harus minta bantuan dari pengusaha nanti ada kebijkan lain minta bantuan lgi brp bnyak?",APBN makan siang gratis,
https://x.com/tvr_parlemen/status/1853320798817407039,FALSE,@tvr_parlemen,2024-11-04 06:18:00+00:00,"TVR 120 - Komisi XI DPR RI : Program Pemerintah Tetap Jaga Defisit APBN 2025

Menanggapi rencana program makan siang bergizi gratis, Anggota Komisi XI DPR RI, Hendrawan Supratikno mendorong Pemerintah dapat melaksanakan tersebut dengan perhitungan matang.

piped.video/MTRMRxvJXs0",APBN makan siang gratis,
https://x.com/rdhn333/status/1853319097393795482,FALSE,@rdhn333,2024-11-04 06:11:00+00:00,"Ngapain sumbang? Kan ada APBN. Drpd kasih makan siang gratis atau bikin IKN yg gajelas, alokasikan APBN banyak ke pendidikan. Masa' presiden pola pikirnya kek gini😅",APBN makan siang gratis,
https://x.com/berilhuliselan/status/1852939878989984250,FALSE,@berilhuliselan,2024-11-03 05:04:00+00:00,"Itu menyumbang gratis atau pakai dana Corporate Social Responsibility (CSR)? Kalau CSR, itu bukan gratis namanya karena CSR digunakan untuk mengurangi pajak, jadi pada dasarnya dibiayai oleh APBN. Mana ada hari gini makan siang gratis?",APBN makan siang gratis,
https://x.com/ashadbm0/status/1852899729572847843,FALSE,@ashadbm0,2024-11-03 02:24:00+00:00,"Loe ngomong apa sih, bisa gak pakai bahasa indonesia untuk orang normal?!

Ngomong aja belepotan sok intelek!

Makan siang gratis itu blunder prabowo,
- APBN hampir separonya untuk bayar utang
- Bahan baku untuk makan siang gratis impor dari vietnam",APBN makan siang gratis,
https://x.com/katuralisasi/status/1852695336856526920,TRUE,@katuralisasi,2024-11-02 12:52:00+00:00,"makan siang gratis anak2 sekolah seindonesia tiap hari saya yang bayarin gak usah pake APBN, ttd hamba allah yang ingin pamer",APBN makan siang gratis,"{'url': 'https://x.com/sosmedkeras/status/1852369973945233715', 'avatar': '', 'username': '@sosmedkeras', 'fullname': 'sosmed keras', 'timestamp': '2024-11-01T15:19:00.000Z', 'text': 'Ngayal aja dulu, siapa tau sukses der', 'links': [], 'images': ['https://pbs.twimg.com/media/GbTwq_MaoAA0tIy.jpg']}"
https://x.com/thamankota/status/1852645361216839746,FALSE,@thamankota,2024-11-02 09:34:00+00:00,"Makan siang gratis apbn
Tapera potongan gaji
Lah baju seragam?????",APBN makan siang gratis,
https://x.com/rafli13april/status/1852613541582553370,FALSE,@rafli13april,2024-11-02 07:27:00+00:00,"Ya gak ada hubungannya. Program makan siang gratis itu dana nya udah ada di APBN 2025, 71T",APBN makan siang gratis,
https://x.com/inganggas/status/1852609059599568958,FALSE,@inganggas,2024-11-02 07:09:00+00:00,Apakah ini salah satu cara membiayai makan siang gratis tanpa memberatkan APBN?,APBN makan siang gratis,
https://x.com/mhayyun21/status/1852531018181570712,FALSE,@mhayyun21,2024-11-02 01:59:00+00:00,"Gak ada makan siang gratis bagi pengembang, dia akan mendpatkan keuntungan anggaran dari apbn 10 kali lipat dari yg diberikan",APBN makan siang gratis,
https://x.com/kitrun2/status/1851922253895630965,FALSE,@kitrun2,2024-10-31 09:40:00+00:00,"Gerombolan perampok APBN,
waktu di komnas HAM saja gk jelas kerjanya.
Duitnya utk makan siang gratis kali.
Patungan masing2 kementrian.",APBN makan siang gratis,
https://x.com/Realinfidel12/status/1851232128513819117,FALSE,@Realinfidel12,2024-10-29 11:58:00+00:00,bahkan makan siang gratis aja ngambil dari APBN yang ujung2nya duit pajak sendiri,APBN makan siang gratis,
https://x.com/tokadhy/status/1851153357228163433,FALSE,@tokadhy,2024-10-29 06:45:00+00:00,"Ada makan siang gratis APBN sdh sempoyongan...maksa IKN lagi jadi tambah nyungsep APBN nya.
Pajak naik
Subsidi cabut
Ngutang yg gede
DPR mewakili siapa...? Ga nyambung",APBN makan siang gratis,
https://x.com/ABlesseddd13233/status/1850681760113451284,FALSE,@ABlesseddd13233,2024-10-27 23:31:00+00:00,"Ini kalau swastanya masuk, krn kalau dari APBN sepertinya berat, kalau liat dri prioritas beliau makan siang gratis, swasembada serta pertahanan negara kayanya IKN bukan 3 besar prioritas, faktanya pak Prabowo sudah potong anggaran IKN skrg menjadi 20 triliun pertahun",APBN makan siang gratis,
https://x.com/RidNgemil/status/1850554844563829099,FALSE,@RidNgemil,2024-10-27 15:07:00+00:00,Sepertinya prabowo belom jejeg bener megang kekuasaan. Masih berusaha ngambil hati dan dukungan penguasa lama yg pro mulyono. Secara logika gk mungkin jalan dua2nya. Makan siang gratis akan jadi prioritas utama. Nerusin IKN cuma basa-basi aja. Kayak APBN kita surplus aja.,APBN makan siang gratis,
https://x.com/Arri_Hrp/status/1850540687449850128,FALSE,@Arri_Hrp,2024-10-27 14:10:00+00:00,"Enak betull hidup di Indonesia ini... makan siang gratis, makan malam gratis, sekolah gratis, transportasi umum dikota2 besar gratis, subsidi ini itu.... 

Tpi, APBN kok defisit parah ??",APBN makan siang gratis,
https://x.com/susuubiungu/status/1850394451799400453,FALSE,@susuubiungu,2024-10-27 04:29:00+00:00,Kalo negara ini surplus dana mungkin bisa dilaksanakan. Tapi dana APBN aja dipress habis2an untuk IKN. Belom lagi proker makan siang gratis. Toh peminat masuk militer di Indonesia engga defisit. Urgensinya ga sepenting itu.,APBN makan siang gratis,
https://x.com/recommbyfathur/status/1850392667659841853,FALSE,@recommbyfathur,2024-10-27 04:22:00+00:00,"Pak APBN kita gak cukup. Makan siang gratis aja udah membebani APBN. Ini mau Wamil lagi. Banyangin setahun angkatannya berapa juta orang, putra putri lagi.",APBN makan siang gratis,
https://x.com/tupris17/status/1850370420878483549,FALSE,@tupris17,2024-10-27 02:54:00+00:00,"Buat gaji kabinet SUPER GEMUK nya saja APBN bisa babak belur .

Belum lagi Kereta cepat .. IKN .. makan siang gratis .. 🤣

@prabowo  @ItjenKemenkeu  @PaltiWest2024  @narkosun  @lhayesno  @Pai_C1  @sofiesyarief  @MataNajwa  @akbarfaizal68  @msaid_didu  

#jakartaviral  #Prabowo",APBN makan siang gratis,
https://x.com/ghuzma_rami9/status/1920274804533293366,FALSE,@ghuzma_rami9,2025-05-08 00:29:00+00:00,"Keputusan gabung BRICS bikin industri berkembang, program makan siang gratis di sekolah selalu jadi perbincangan hangat #EnamBulanPemerintah",Program Makan Siang Gratis,
https://x.com/jane_rahimah99/status/1920274765409132609,FALSE,@jane_rahimah99,2025-05-08 00:29:00+00:00,"Di enam bulan ini, Indonesia udah bikin gebrakan: produksi nasional naik, pasar dunia terbuka lewat BRICS, program makan siang gratis tambah luas #EnamBulanPemerintah",Program Makan Siang Gratis,
https://x.com/ismail_ashlann/status/1920274666918457432,FALSE,@ismail_ashlann,2025-05-08 00:28:00+00:00,"Program sosial makan siang gratis nggak cuma bantu anak sekolah, tapi juga naikin demand produk pangan petani lokal #EnamBulanPemerintah",Program Makan Siang Gratis,
https://x.com/yoga_sudiby01/status/1920274522281754640,FALSE,@yoga_sudiby01,2025-05-08 00:28:00+00:00,"Keikutsertaan Indonesia di BRICS jadi gebrakan, ekonomi bertumbuh dan program makan siang gratis bikin siswa lebih bersemangat #EnamBulanPemerintah",Program Makan Siang Gratis,
https://x.com/fatan_fatoni4/status/1920274349753323805,FALSE,@fatan_fatoni4,2025-05-08 00:27:00+00:00,"Gabung BRICS bikin pergaulan ekonomi meluas, industri berkembang, makan siang gratis jadi salah satu program paling ditunggu di sekolah #EnamBulanPemerintah",Program Makan Siang Gratis,
https://x.com/nadya_amadeaokt/status/1920274160736960720,FALSE,@nadya_amadeaokt,2025-05-08 00:26:00+00:00,"Program makan siang gratis udah tembus jutaan anak sekolah, diplomasi makin aktif, industri nasional dapat angin segar di bawah kepemimpinan Prabowo #EnamBulanPemerintah",Program Makan Siang Gratis,
https://x.com/ophelia_elisara/status/1920274067237593458,FALSE,@ophelia_elisara,2025-05-08 00:26:00+00:00,"Fokus pada diplomasi dan industri, enam bulan terakhir Indonesia tunjukin diri, program makan siang gratis disambut meriah di sekolah #EnamBulanPemerintah",Program Makan Siang Gratis,
https://x.com/adinata_stwn/status/1920274046408679709,FALSE,@adinata_stwn,2025-05-08 00:26:00+00:00,"Program makan siang gratis jadi daya tarik siswa buat tetap sekolah, absen turun drastis #EnamBulanPemerintah",Program Makan Siang Gratis,
https://x.com/gugun_purnomo2/status/1920274043644653936,FALSE,@gugun_purnomo2,2025-05-08 00:26:00+00:00,"Setengah tahun, ekspor Indonesia ke BRICS meroket, lapangan kerja industri bertambah, dan program makan siang gratis tambah luas sasarannya #EnamBulanPemerintah",Program Makan Siang Gratis,
https://x.com/diana_ptr5/status/1920274040201044286,FALSE,@diana_ptr5,2025-05-08 00:26:00+00:00,Program makan siang gratis bantu tingkatkan konsentrasi siswa saat belajar #EnamBulanPemerintah,Program Makan Siang Gratis,
https://x.com/dito_pra29/status/1920274025986539809,FALSE,@dito_pra29,2025-05-08 00:26:00+00:00,"Setengah tahun pemerintahan baru, peluang dagang internasional terbuka lewat BRICS, program makan siang gratis sambut anak sekolah setiap hari #EnamBulanPemerintah",Program Makan Siang Gratis,
https://x.com/eko_lazuard1/status/1920273904544670127,FALSE,@eko_lazuard1,2025-05-08 00:25:00+00:00,"BRICS tingkatkan investasi, sementara sekolah negeri punya program makan siang gratis untuk semua siswa #EnamBulanPemerintah",Program Makan Siang Gratis,
https://x.com/basima_wrdtu1/status/1920273878645158153,FALSE,@basima_wrdtu1,2025-05-08 00:25:00+00:00,"Setengah tahun Prabowo, Indonesia makin terbuka secara global, ekonomi pulih, dan makan siang gratis di sekolah jadi program andalan #EnamBulanPemerintah",Program Makan Siang Gratis,
https://x.com/bila_ftr69/status/1920273845853827552,FALSE,@bila_ftr69,2025-05-08 00:25:00+00:00,"Program makan siang gratis bikin anak-anak makin semangat belajar, kesehatan mereka juga ikut terjaga #EnamBulanPemerintah",Program Makan Siang Gratis,
https://x.com/tasdik_hakim/status/1920273820973142358,FALSE,@tasdik_hakim,2025-05-08 00:25:00+00:00,"Program sosial kayak makan siang gratis bener-bener bantu keluarga, biaya makan anak jadi lebih ringan #EnamBulanPemerintah",Program Makan Siang Gratis,
https://x.com/srwd_ad1/status/1920273758868193554,FALSE,@srwd_ad1,2025-05-08 00:25:00+00:00,"Dengan keanggotaan BRICS, Indonesia makin eksis di kancah dunia, pertumbuhan ekonomi naik, dan program makan siang gratis di sekolah makin banyak dinikmati #EnamBulanPemerintah",Program Makan Siang Gratis,
https://x.com/salwa_wahyuni/status/1920273745437942150,FALSE,@salwa_wahyuni,2025-05-08 00:25:00+00:00,Program makan siang gratis jadi salah satu inisiatif sosial terbesar di 2024 #EnamBulanPemerintah,Program Makan Siang Gratis,
https://x.com/yani_caniyan/status/1920273559412162660,FALSE,@yani_caniyan,2025-05-08 00:24:00+00:00,"Indonesia makin percaya diri di tingkat global lewat BRICS, program makan siang gratis diperluas biar semua siswa bisa sekolah sambil kenyang #EnamBulanPemerintah",Program Makan Siang Gratis,
https://x.com/qairen_zahrani/status/1920273528550555839,FALSE,@qairen_zahrani,2025-05-08 00:24:00+00:00,Program makan siang gratis dapat apresiasi dari UNICEF berkat dampaknya ke kesehatan anak #EnamBulanPemerintah,Program Makan Siang Gratis,
https://x.com/mira_anggra96/status/1920273500553597214,FALSE,@mira_anggra96,2025-05-08 00:24:00+00:00,"Sekolah makin rame, program makan siang gratis buat anak sehat, ekonomi berkembang, dan diplomasi RI lebih luas sama BRICS #EnamBulanPemerintah",Program Makan Siang Gratis,
https://x.com/Polsektgrsbrng/status/1929519541719069138,FALSE,@Polsektgrsbrng,2025-06-02 12:44:00+00:00,"*POLRI PERLUAS DAPUR MAKAN BERGIZI GRATIS (SPPG POLRI) UNTUK DUKUNG PROGRAM MAKANAN BERGIZI PRESIDEN PRABOWO**  
*7 Lokasi Beroperasi, 22 Lainnya Segera Hadir di Seluruh Indonesia*  

**Depok, 2 Juni 2025** – Kepolisian Republik Indonesia (Polri) mempercepat pembukaan",Program Makan Gratis Prabowo,
https://x.com/humaspolsekskj/status/1929493355945246869,FALSE,@humaspolsekskj,2025-06-02 11:00:00+00:00,"*POLRI PERLUAS DAPUR MAKAN BERGIZI GRATIS (SPPG POLRI) UNTUK DUKUNG PROGRAM MAKANAN BERGIZI PRESIDEN PRABOWO**  
*7 Lokasi Beroperasi, 22 Lainnya Segera Hadir di Seluruh Indonesia*  
Depok, 2 Juni 2025** – Kepolisian Republik Indonesia (Polri) mempercepat pembukaan (SPPG Polri)",Program Makan Gratis Prabowo,
https://x.com/Humaspolseksam2/status/1929491900790341833,FALSE,@Humaspolseksam2,2025-06-02 10:54:00+00:00,"*POLRI PERLUAS DAPUR MAKAN BERGIZI GRATIS (SPPG POLRI) UNTUK DUKUNG PROGRAM MAKANAN BERGIZI PRESIDEN PRABOWO**  
*7 Lokasi Beroperasi, 22 Lainnya Segera Hadir di Seluruh Indonesia*",Program Makan Gratis Prabowo,
https://x.com/kp_polsek/status/1929490086858547430,FALSE,@kp_polsek,2025-06-02 10:47:00+00:00,"*POLRI PERLUAS DAPUR MAKAN BERGIZI GRATIS (SPPG POLRI) UNTUK DUKUNG PROGRAM MAKANAN BERGIZI PRESIDEN PRABOWO**  
*7 Lokasi Beroperasi, 22 Lainnya Segera Hadir di Seluruh Indonesia*  

**Depok, 2 Juni 2025** – Kepolisian Republik Indonesia (Polri) mempercepat pembukaan Satuan",Program Makan Gratis Prabowo,
https://x.com/redaksihsb/status/1929489510913745201,FALSE,@redaksihsb,2025-06-02 10:45:00+00:00,Polri Perluas Dapur Makan Bergizi Gratis (SPPG POLRI) Untuk Dukung Program Makanan Bergizi Presiden Prabowo hariansinarbogor.com/2025/06…,Program Makan Gratis Prabowo,
https://x.com/HumasResKutim/status/1929488139782869089,FALSE,@HumasResKutim,2025-06-02 10:39:00+00:00,"POLRI PERLUAS DAPUR MAKAN BERGIZI GRATIS (SPPG POLRI) UNTUK DUKUNG PROGRAM MAKANAN BERGIZI PRESIDEN PRABOWO 

7 Lokasi Beroperasi, 22 Lainnya Segera Hadir di Seluruh Indonesia",Program Makan Gratis Prabowo,
https://x.com/polsekanggana_/status/1929481444352549372,FALSE,@polsekanggana_,2025-06-02 10:13:00+00:00,"*POLRI PERLUAS DAPUR MAKAN BERGIZI GRATIS (SPPG POLRI) UNTUK DUKUNG PROGRAM MAKANAN BERGIZI PRESIDEN PRABOWO**  
*7 Lokasi Beroperasi, 22 Lainnya Segera Hadir di Seluruh Indonesia*  

**Depok, 2 Juni 2025** – Kepolisian Republik Indonesia (Polri) mempercepat pembukaan Satuan",Program Makan Gratis Prabowo,
https://x.com/haftapajar/status/1929416526643236995,FALSE,@haftapajar,2025-06-02 05:55:00+00:00,"Makin ke bawah, makin terasa.
Program prorakyat seperti bansos & makan bergizi gratis disebut bikin masyarakat menengah bawah cepat percaya.Prabowo langsung nyentuh kebutuhan dasar. #IndonesiaLebihKuat
Kinerja Presiden Prabowo",Program Makan Gratis Prabowo,
https://x.com/Jacqueline96234/status/1929411919804244478,FALSE,@Jacqueline96234,2025-06-02 05:37:00+00:00,Program makan bergizi gratis mempercepat dukungan masyarakat atas Kinerja Presiden Prabowo. #IndonesiaLebihKuat tempo.co/politik/survei-ipo-…,Program Makan Gratis Prabowo,
https://x.com/NicoleGord88842/status/1929411712215826586,FALSE,@NicoleGord88842,2025-06-02 05:36:00+00:00,Program unggulan seperti makan gratis menjadi cermin keberhasilan awal Kinerja Presiden Prabowo. #IndonesiaLebihKuat tempo.co/politik/survei-ipo-…,Program Makan Gratis Prabowo,
https://x.com/long_donna35937/status/1929410722766955001,FALSE,@long_donna35937,2025-06-02 05:32:00+00:00,Program makan gratis jadi bukti bahwa Kinerja Presiden Prabowo benar-benar menyentuh kehidupan sehari-hari rakyat. #IndonesiaLebihKuat mediaindonesia.com/politik-d…,Program Makan Gratis Prabowo,
https://x.com/RoseJones8198/status/1929410239134122191,FALSE,@RoseJones8198,2025-06-02 05:30:00+00:00,Program makan bergizi gratis menjadi salah satu alasan publik menilai Kinerja Presiden Prabowo sangat baik. #IndonesiaLebihKuat mediaindonesia.com/politik-d…,Program Makan Gratis Prabowo,
https://x.com/kayyisa1130462/status/1929406165496074611,FALSE,@kayyisa1130462,2025-06-02 05:14:00+00:00,jemput skl ke sekul malah dikasi makan gratis ahahah akhirnya cobain juga program prabowo😔,Program Makan Gratis Prabowo,
https://x.com/lolakamaliya/status/1929405231340851662,FALSE,@lolakamaliya,2025-06-02 05:10:00+00:00,"Dalam waktu singkat, Presiden Prabowo mampu membangun kepercayaan publik.
Program bantuan sosial dan makan bergizi gratis langsung dirasakan manfaatnya. Kepuasan 81% menjadi bukti arah kebijakan yang tepat.
#IndonesiaLebihKuat
Kinerja Presiden Prabowo

antaranews.com/berita/487035…",Program Makan Gratis Prabowo,
https://x.com/MeganHammo29156/status/1929405014423871551,FALSE,@MeganHammo29156,2025-06-02 05:09:00+00:00,"Bansos makin luas, program makan gratis jalan terus! Bukti konkret dari Kinerja Presiden Prabowo! #IndonesiaLebihKuat antaranews.com/berita/487035…",Program Makan Gratis Prabowo,
https://x.com/yono1189/status/1929404789466505269,FALSE,@yono1189,2025-06-02 05:08:00+00:00,"Dari pada dukung Prabowo masih 11 12 sama Jokowi
Dukung Anis udah jelas tidak 11 12 sama Jokowi 
Program Anis masuk akal program pendidikan gratis 
Lah Prabowo program makan gratis banyak keracunan",Program Makan Gratis Prabowo,
https://x.com/VanessaRic22827/status/1929404777613393926,FALSE,@VanessaRic22827,2025-06-02 05:08:00+00:00,Survei IPO: Program makan gratis dan bansos jadi bukti kepedulian dalam Kinerja Presiden Prabowo! #IndonesiaLebihKuat antaranews.com/berita/487035…,Program Makan Gratis Prabowo,
https://x.com/darnia_dinda/status/1929399798332792925,FALSE,@darnia_dinda,2025-06-02 04:48:00+00:00,"Program bansos dan makan bergizi gratis bikin kinerja Presiden Prabowo terasa langsung di masyarakat #IndonesiaLebihKuat
mediaindonesia.com/politik-d…",Program Makan Gratis Prabowo,
https://x.com/BerisikMedsos/status/1855120684076466586,FALSE,@BerisikMedsos,2024-11-09 05:30:00+00:00,"Perampokan APBN akan berlangsung 5 tahun untuk pemenangan Gibran. Kerja digaji rakyat, tapi tidak bawa manfaat buat rakyat. Rakyat dibodohi dengan makan siang gratis padahal mereka bisa urus sendiri kalau ada pekerjaan 

Dinasti Maling Jokowi 
#JokowiKriminal 
#JokowiKriminal",APBN makan siang gratis,
https://x.com/BerisikMedsos/status/1854477197228339618,FALSE,@BerisikMedsos,2024-11-07 10:53:00+00:00,"Itulah strategi Mulyono. Ketika Mulyono ngajak Prabowo jegal Anies di pilkada 2024, sebenarnya Mulyono sudah memperhitungkan kemenangan Gibran lewat blusukan, bagi2 susu, makan siang gratis selama 5 tahun. Difasilitasi APBN, difasilitasi uang rakyat 
#GibranBencanaNasional",APBN makan siang gratis,
https://x.com/sayno_KKN/status/1854091730850894206,FALSE,@sayno_KKN,2024-11-06 09:21:00+00:00,"#Trump menang siap2 Timur Tengah membara, 
Zionis (Israel) makin brutal caplok tanah & Genosida
Perang Ukraina selesai & Putin (Rusia) menang
Ekonomi Indonesia makin berat dg harga minyak naik diatas 75 $/bbbl
IKN & Makan Siang Gratis jadi beban APBN

Pendukung Zionis berjaya",APBN makan siang gratis,
https://x.com/sayno_KKN/status/1854091654917161271,FALSE,@sayno_KKN,2024-11-06 09:21:00+00:00,"#Trump menang siap2 Timur Tengah membara, 
Zionis (Israel) makin brutal caplok tanah & Genosida
Perang Ukraina selesai & Putin (Rusia) menang
Ekonomi Indonesia makin berat dg harga minyak naik diatas 75 $/bbbl
IKN & Makan Siang Gratis jadi beban APBN

Pendukung Zionis berjaya",APBN makan siang gratis,
https://x.com/sayno_KKN/status/1854091479637254296,FALSE,@sayno_KKN,2024-11-06 09:20:00+00:00,"#Trump menang siap2 Timur Tengah membara, 
Zionis (Israel) makin brutal caplok tanah & Genosida
Perang Ukraina selesai & Putin (Rusia) menang
Ekonomi Indonesia makin berat dg harga minyak naik diatas 75 $/bbbl
IKN & Makan Siang Gratis jadi beban APBN

Pendukung Zionis berjaya",APBN makan siang gratis,
https://x.com/sayno_KKN/status/1854091217744908329,FALSE,@sayno_KKN,2024-11-06 09:19:00+00:00,"#Trump menang siap2 Timur Tengah membara, 
Zionis (Israel) makin brutal caplok tanah & Genosida
Perang Ukraina selesai & Putin (Rusia) menang
Ekonomi Indonesia makin berat dg harga minyak naik diatas 75 $/bbbl
IKN & Makan Siang Gratis jadi beban APBN

Pendukung Zionis berjaya",APBN makan siang gratis,
https://x.com/sayno_KKN/status/1854089999421255800,FALSE,@sayno_KKN,2024-11-06 09:14:00+00:00,"Trump menang siap2 Timur Tengah membara, 
Zionis (Israel) makin brutal caplok tanah & Genosida
Perang Ukraina selesai dg kemenangan Putin (Rusia)
Ekonomi Indonesia makin berat dg harga minyak naik diatas 75 $/bbbl
Proyek IKN & Makan Siang Gratis jadi beban APBN",APBN makan siang gratis,
https://x.com/sayno_KKN/status/1854089876020572349,FALSE,@sayno_KKN,2024-11-06 09:14:00+00:00,"Trump menang siap2 Timur Tengah membara, 
Zionis (Israel) makin brutal caplok tanah & Genosida
Perang Ukraina selesai dg kemenangan Putin (Rusia)
Ekonomi Indonesia makin berat dg harga minyak naik diatas 75 $/bbbl
Proyek IKN & Makan Siang Gratis jadi beban APBN",APBN makan siang gratis,
https://x.com/BerisikMedsos/status/1853745029397029267,FALSE,@BerisikMedsos,2024-11-05 10:23:00+00:00,"5 tahun akan terus kampanye begitu. Ditambah makan siang gratis yang dibiayai APBN. Dikerjakan oleh 6000 polisi baru yang digaji APBN. Padahal untuk kampanye Gibran 
#TurunkanFufufafa 
#TurunkanFufufafa 
#Reuni411IslamBangkit",APBN makan siang gratis,
https://x.com/aiyinny/status/1929398224818721103,FALSE,@aiyinny,2025-06-02 04:42:00+00:00,"Program makan bergizi gratis itu langkah kecil yang bisa punya dampak besar. Makan gratis dan bansos itu ngebantu banget buat keluarga yang lagi susah.
antaranews.com/berita/487035…
#IndonesiaLebihKuat
Kinerja Presiden Prabowo",Program Makan Gratis Prabowo,
https://x.com/zvsjsjsdjsjsj/status/1929394588156121324,FALSE,@zvsjsjsdjsjsj,2025-06-02 04:28:00+00:00,"Survei IPO: mayoritas masyarakat suka gaya tegas dan program yang langsung kerasa. Bansos, makan gratis, dan keberpihakan ke rakyat kecil jadi bukti awal Kinerja Presiden Prabowo yang pro-rakyat
#IndonesiaLebihKuat
sinpo.id/detail/97629/survei…",Program Makan Gratis Prabowo,
https://x.com/zbdudndjdndj/status/1929394031789813822,FALSE,@zbdudndjdndj,2025-06-02 04:25:00+00:00,"Gaya kepemimpinan yang tegas, komitmen lawan korupsi, sampai program makan bergizi gratis jadi alasan kuat kenapa Kinerja Presiden Prabowo diapresiasi publik.
Wajar sih, langsung nyentuh kebutuhan dasar rakyat 👏
#IndonesiaLebihKuat
mediaindonesia.com/politik-d…",Program Makan Gratis Prabowo,
https://x.com/lalitasukma/status/1929393569892024489,FALSE,@lalitasukma,2025-06-02 04:24:00+00:00,"Bisa kita lihat dari awal kepemimpinan Presiden Prabowo memang kerjanya langsung gercep. 
Mulai dari program bansos, makan bergizi gratis, sampe urusan pertahanan & jaminan sosial. 
#IndonesiaLebihKuat
Kinerja Presiden Prabowo
tempo.co/politik/survei-ipo-…",Program Makan Gratis Prabowo,
https://x.com/Sabarsauntorosy/status/1929391524497727735,FALSE,@Sabarsauntorosy,2025-06-02 04:16:00+00:00,"Program makan bergizi gratis bukan cuma janji, tapi udah dijalankan dan mulai dirasain manfaatnya. Makanya survei IPO kasih nilai 81% kepuasan terhadap Kinerja Presiden Prabowo
#IndonesiaLebihKuat sudutpandang.id/survei-kepua…",Program Makan Gratis Prabowo,
https://x.com/milshamatcha/status/1929391066496778463,FALSE,@milshamatcha,2025-06-02 04:14:00+00:00,"Program makan bergizi gratis dan bantuan sosial jadi alasan utama masyarakat puas.
Langkah nyata dari Kinerja Presiden Prabowo yang langsung menyentuh kebutuhan dasar rakyat.
Inilah bukti kerja untuk #IndonesiaLebihKuat",Program Makan Gratis Prabowo,
https://x.com/hermanwidjaja00/status/1929389826450862107,FALSE,@hermanwidjaja00,2025-06-02 04:09:00+00:00,"Program seperti bansos & makan bergizi gratis ternyata langsung ngena di hati masyarakat.Nggak heran kalau angka kepuasan publik ke Prabowo tinggi.Karena yang dibutuhin rakyat bukan wacana, tapi aksi nyata.
#IndonesiaLebihKuat
Kinerja Presiden Prabowo",Program Makan Gratis Prabowo,
https://x.com/acepe326521/status/1929389791805673684,FALSE,@acepe326521,2025-06-02 04:09:00+00:00,"Selain itu, 9,4 persen menilai program-program Presiden memihak rakyat, 6,2 persen memuji bantuan sosial, dan 5,9 persen mengakui manfaat program makan bergizi gratis.
#IndonesiaLebihKuat
Kinerja Presiden Prabowo
antaranews.com/berita/487035…",Program Makan Gratis Prabowo,
https://x.com/LindaAnderPS/status/1929389736147222970,FALSE,@LindaAnderPS,2025-06-02 04:08:00+00:00,"Baru 2 bulan, tapi survei IPO catat 81% publik puas.
Program bansos & makan bergizi gratis bikin Kinerja Presiden Prabowo langsung kerasa
#IndonesiaLebihKuat garuda.tv/hasil-survei-ipo-8…",Program Makan Gratis Prabowo,
https://x.com/Putrika_ann/status/1929389505829601751,FALSE,@Putrika_ann,2025-06-02 04:07:00+00:00,"Kinerja Presiden Prabowo dinilai cepat dan menyentuh langsung rakyat.
Program-program seperti bansos dan makan bergizi gratis langsung dirasakan. 
#IndonesiaLebihKuat

💡 garuda.tv/hasil-survei-i…",Program Makan Gratis Prabowo,
https://x.com/duryudanaabadi/status/1929389231123656861,FALSE,@duryudanaabadi,2025-06-02 04:06:00+00:00,"Bukan cuma soal gaya kepemimpinan, tapi juga soal keberpihakan.Survei IPO tunjukkan, program-program seperti makan bergizi gratis & bansos jadi alasan kuat masyarakat puas dengan Presiden Prabowo.
#IndonesiaLebihKuat
Kinerja Presiden Prabowo",Program Makan Gratis Prabowo,
https://x.com/sashi11z/status/1929388897366135080,FALSE,@sashi11z,2025-06-02 04:05:00+00:00,"Program makan bergizi gratis, bantuan sosial, hingga kebijakan pro-rakyat jadi bukti nyata kinerja Presiden Prabowo yang langsung terasa.
Kepercayaan publik bukan karena janji, tapi karena aksi.
#IndonesiaLebihKuat",Program Makan Gratis Prabowo,
https://x.com/dellasaras92/status/1929388584299061506,FALSE,@dellasaras92,2025-06-02 04:04:00+00:00,"Kinerja Presiden Prabowo dinilai cepat dan menyentuh langsung rakyat.
Program-program seperti bansos dan makan bergizi gratis langsung dirasakan. 
#IndonesiaLebihKuat

💡 garuda.tv/hasil-survei-ipo-8…",Program Makan Gratis Prabowo,
https://x.com/rafijulf/status/1929387966280954215,FALSE,@rafijulf,2025-06-02 04:01:00+00:00,"Baru dua bulan menjabat, tapi program sosial seperti makan bergizi gratis sudah terasa hasilnya. Publik pun mengapresiasi Kinerja Presiden Prabowo. #IndonesiaLebihKuat
garuda.tv/hasil-survei-ipo-8…",Program Makan Gratis Prabowo,
https://x.com/byanca_vranda/status/1929387945103933487,FALSE,@byanca_vranda,2025-06-02 04:01:00+00:00,"Program prorakyat seperti bansos dan makan gratis jadi bukti Kinerja Presiden Prabowo dekat dengan rakyat #IndonesiaLebihKuat

mediaindonesia.com/politik-d…",Program Makan Gratis Prabowo,
https://x.com/bealda_sirza/status/1929387715973271753,FALSE,@bealda_sirza,2025-06-02 04:00:00+00:00,"Program makan bergizi gratis bukti nyata Kinerja Presiden Prabowo peduli rakyat #IndonesiaLebihKuat

mediaindonesia.com/politik-d…",Program Makan Gratis Prabowo,
https://x.com/donat6221/status/1929387712764575756,FALSE,@donat6221,2025-06-02 04:00:00+00:00,"Selain itu, 9,4 persen menilai program-program Presiden memihak rakyat, 6,2 persen memuji bantuan sosial, dan 5,9 persen mengakui manfaat program makan bergizi gratis. #IndonesiaLebihKuat
Kinerja Presiden Prabowo",Program Makan Gratis Prabowo,
https://x.com/praytiyobekti/status/1929387562063282531,FALSE,@praytiyobekti,2025-06-02 04:00:00+00:00,"Gerak cepat Presiden Prabowo memperluas bantuan sosial dan meluncurkan program makan gratis langsung berdampak nyata. Rakyat merespons dengan tingkat kepuasan 81% menurut survei IPO! #IndonesiaLebihKuat
Kinerja Presiden Prabowo
tempo.co/politik/survei-ipo-…",Program Makan Gratis Prabowo,
https://x.com/abu_raihan1508/status/1920276240235442408,FALSE,@abu_raihan1508,2025-05-08 00:35:00+00:00,"Kerja sama internasional dengan BRICS membuka peluang, ekspor melonjak, program makan siang gratis dorong kesehatan pelajar #EnamBulanPemerintah",Program Makan Siang Gratis,
https://x.com/erlina_putri0/status/1920276084680990851,FALSE,@erlina_putri0,2025-05-08 00:34:00+00:00,"Kerja enam bulan, hasilnya terasa: ekonomi naik, sekolah makin solid program makan siang gratis, komunitas BRICS jadi andalan #EnamBulanPemerintah",Program Makan Siang Gratis,
https://x.com/violet_purwanti/status/1920275926882877609,FALSE,@violet_purwanti,2025-05-08 00:33:00+00:00,"Enam bulan pemerintahan Prabowo, Indonesia makin percaya diri di dunia, industri lokal tumbuh, dan program makan siang gratis jadi solusi gizi pelajar #EnamBulanPemerintah",Program Makan Siang Gratis,
https://x.com/hana_dinafuji/status/1920275921724190915,FALSE,@hana_dinafuji,2025-05-08 00:33:00+00:00,"Dari sisi industri ke diplomasi, semua bergerak naik, makan siang gratis jadi program andalan di sekolah dalam 6 bulan pertama #EnamBulanPemerintah",Program Makan Siang Gratis,
https://x.com/cindy_nuraini50/status/1920275767185043822,FALSE,@cindy_nuraini50,2025-05-08 00:33:00+00:00,Anak-anak SD sekarang udah ngerasain makan siang gratis tiap hari dari program Prabowo #EnamBulanPemerintah,Program Makan Siang Gratis,
https://x.com/zakaria_af1219/status/1920275745974124897,FALSE,@zakaria_af1219,2025-05-08 00:33:00+00:00,"Keanggotaan BRICS berkat langkah Prabowo ngebuka peluang ekspor, ditambah program makan siang gratis sukses bikin anak sekolah makin semangat belajar #EnamBulanPemerintah",Program Makan Siang Gratis,
https://x.com/natalia_mulyan/status/1920275699841028277,FALSE,@natalia_mulyan,2025-05-08 00:32:00+00:00,"Program makan siang gratis sudah menyentuh sebagian besar sekolah negeri, ekonomi pun terdongkrak lewat BRICS #EnamBulanPemerintah",Program Makan Siang Gratis,
https://x.com/rafli_muz4/status/1920275633482908117,FALSE,@rafli_muz4,2025-05-08 00:32:00+00:00,Ekspansi pasar lewat BRICS dongkrak ekspor 8 persen dan siswa di seluruh nusantara dapat makan siang gratis berkat program baru pemerintah #EnamBulanPemerintah,Program Makan Siang Gratis,
https://x.com/gana_waluyo/status/1920275561546449272,FALSE,@gana_waluyo,2025-05-08 00:32:00+00:00,"BRICS memperkuat sentra industri dalam negeri, program makan siang gratis jadi salah satu pencapaian terbaik pemerintah #EnamBulanPemerintah",Program Makan Siang Gratis,
https://x.com/maya_idah25/status/1920275496929038345,FALSE,@maya_idah25,2025-05-08 00:32:00+00:00,Program makan siang gratis di sekolah jadi salah satu prioritas utama selama 6 bulan pertama #EnamBulanPemerintah,Program Makan Siang Gratis,
https://x.com/olivia_puspaa/status/1920275488448057451,FALSE,@olivia_puspaa,2025-05-08 00:32:00+00:00,"BRICS membuka jalan investasi baru, ekonomi Indonesia tumbuh 5,2 persen, dan program makan siang gratis sudah sentuh 80 persen SD negeri #EnamBulanPemerintah",Program Makan Siang Gratis,
https://x.com/aditrahman02_/status/1920275472698798479,FALSE,@aditrahman02_,2025-05-08 00:32:00+00:00,"Program makan siang gratis udah makin luas jangkauannya, jadi solusi buat anak-anak sekolah yang sebelumnya kesulitan makan bergizi #EnamBulanPemerintah",Program Makan Siang Gratis,
https://x.com/akarsana_salah/status/1920275461101281605,FALSE,@akarsana_salah,2025-05-08 00:32:00+00:00,"Presiden Prabowo genjot industri lewat BRICS, bantu tingkatkan ekspor, sementara program makan siang gratis kian dirasakan anak sekolah #EnamBulanPemerintah",Program Makan Siang Gratis,
https://x.com/lumin_w25/status/1920275164379353280,FALSE,@lumin_w25,2025-05-08 00:30:00+00:00,"Enam bulan, ekspor naik, kesempatan kerja di industri lokal bertambah, anak sekolah tak lagi kelaparan berkat program makan siang gratis #EnamBulanPemerintah",Program Makan Siang Gratis,
https://x.com/fuaad_zeinn/status/1920275127549505605,FALSE,@fuaad_zeinn,2025-05-08 00:30:00+00:00,"Langkah Prabowo bikin Indonesia makin diperhitungkan, ekspor tumbuh, kebijakan industri jalan, program makan siang gratis jadi solusi sehat di sekolah #EnamBulanPemerintah",Program Makan Siang Gratis,
https://x.com/miku_raisya/status/1920275125695291689,FALSE,@miku_raisya,2025-05-08 00:30:00+00:00,"Diplomasi naik kelas bareng BRICS, industri dalam negeri makin maju, hasil nyata program makan siang gratis ke jutaan pelajar #EnamBulanPemerintah",Program Makan Siang Gratis,
https://x.com/muthaya_sheraf1/status/1920275063909077473,FALSE,@muthaya_sheraf1,2025-05-08 00:30:00+00:00,"Angka stunting turun tiga persen dalam enam bulan, salah satunya karena program makan siang gratis buat pelajar #EnamBulanPemerintah",Program Makan Siang Gratis,
https://x.com/rahmat_brhan6/status/1920275036591497217,FALSE,@rahmat_brhan6,2025-05-08 00:30:00+00:00,"Presiden Prabowo dorong pabrik-pabrik dalam negeri makin tumbuh, BRICS bawa peluang investasi, dan program makan siang gratis buat anak sekolah terus diperluas #EnamBulanPemerintah",Program Makan Siang Gratis,
https://x.com/adinata_guna1/status/1920275030413619638,FALSE,@adinata_guna1,2025-05-08 00:30:00+00:00,"Program makan siang gratis tingkatkan kesehatan pelajar, BRICS eratkan posisi RI, industri lokal makin canggih #EnamBulanPemerintah",Program Makan Siang Gratis,
https://x.com/mishael_panjait/status/1920274888465494502,FALSE,@mishael_panjait,2025-05-08 00:29:00+00:00,"Program makan siang gratis di sekolah bikin anak-anak semangat belajar dan nutrisi mereka makin terjaga, keren banget #EnamBulanPemerintah",Program Makan Siang Gratis,
https://x.com/bram_arjun/status/1929386864546398517,FALSE,@bram_arjun,2025-06-02 03:57:00+00:00,"Program bansos dan makan gratis jadi sorotan kinerja Presiden Prabowo yang bikin masyarakat puas #IndonesiaLebihKuat

mediaindonesia.com/politik-d…",Program Makan Gratis Prabowo,
https://x.com/belia_resna/status/1929386705351745821,FALSE,@belia_resna,2025-06-02 03:56:00+00:00,"Program makan bergizi gratis salah satu bukti kinerja Presiden Prabowo untuk rakyat #IndonesiaLebihKuat
mediaindonesia.com/politik-d…",Program Makan Gratis Prabowo,
https://x.com/Syifa211472/status/1929386295664742815,FALSE,@Syifa211472,2025-06-02 03:55:00+00:00,"9,4 persen menilai program-program Presiden memihak rakyat, 6,2 persen memuji bantuan sosial, dan 5,9 persen mengakui manfaat program makan bergizi gratis
#IndonesiaLebihKuat
Kinerja Presiden Prabowo
antaranews.com/berita/487035…",Program Makan Gratis Prabowo,
https://x.com/alyssamutt/status/1929386239347888605,FALSE,@alyssamutt,2025-06-02 03:55:00+00:00,"Program makan bergizi gratis jadi salah satu bukti nyata kinerja Presiden Prabowo #IndonesiaLebihKuat

mediaindonesia.com/politik-d…",Program Makan Gratis Prabowo,
https://x.com/garudatvnews/status/1929347039588200663,TRUE,@garudatvnews,2025-06-02 01:19:00+00:00,"Sebanyak 68 persen masyarakat menilai pelaksanaan program Makan Bergizi Gratis (MBG) yang digagas pemerintahan Presiden Prabowo Subianto berjalan dengan baik. Hal ini terungkap dalam hasil survei terbaru Indonesia Political Opinion (IPO) mengenai persepsi publik terhadap optimisme dan kinerja pemerintah.

Survei juga mencatat, 60 persen responden menyatakan puas terhadap program MBG. Sementara 19 persen menyatakan tidak puas, dan sisanya tidak memberikan jawaban.

Kebijakan efisiensi anggaran yang tertuang dalam Instruksi Presiden (Inpres) Nomor 1 Tahun 2025 turut mendapat apresiasi publik. Instruksi tersebut meminta kementerian dan lembaga melakukan penghematan anggaran hingga mencapai target Rp306,6 triliun.

Dari hasil survei, sebanyak 77 persen masyarakat mendukung kebijakan efisiensi ini, dan 72 persen di antaranya mengaku puas. Sementara responden yang menyatakan tidak puas kembali berada di angka 19 persen, sisanya tidak menjawab.

Secara keseluruhan, tingkat kepuasan publik terhadap kinerja Presiden Prabowo sejak menjabat pada Oktober 2024 tercatat sebesar 81 persen. Alasan utama yang mendasari tingkat kepuasan tersebut antara lain sikap tegas dan berwibawa (19,5 persen), dukungan terhadap pemberantasan korupsi (16,7 persen), serta pengalaman di pemerintahan (11,5 persen).

Naskah : Mohammad Kholis
Cover | Admin : Gigih | Raihana

🌐 Saksikan Garuda TV di Free to Air atau Streaming melalui:
garuda.tv | YouTube Garuda TV | Aplikasi Vidio | Wewatch | IndiHome CH111 | Transvision CH824 | FirstMedia CH45

#GarudaTV #Laporan8 #MakanBergiziGratis #ProgramMBG #KinerjaPrabowo #SurveiIPO #PrabowoSubianto #KepuasanPublik #EfisiensiAnggaran #Inpres2025 #PenghematanAnggaran #KebijakanPublik #PemerintahanPrabowo",Program Makan Gratis Prabowo,
https://x.com/guci_marbawi/status/1929346792556052936,TRUE,@guci_marbawi,2025-06-02 01:18:00+00:00,"""Jatah uang makan & snack rakor menteri pak @prabowo Rp. 171 rb"" ??
Kenapa tdk Rp 15 rb saja, seperti program Makan Bergizi Gratis ??
Katanya demi rakyat siap menyerahkan jiwa raga nya. Rakyat dipaksa miskin, pejabatnya mewah2 foya2.
Hidup rakyat 🇮🇩 !!
🙏",Program Makan Gratis Prabowo,"{'url': 'https://x.com/CNNIndonesia/status/1928746495009837467', 'avatar': '', 'username': '@CNNIndonesia', 'fullname': 'CNN Indonesia', 'timestamp': '2025-05-31T09:32:00.000Z', 'text': 'Jatah Uang Makan dan Snack Rakor Menteri Prabowo Rp171 Ribu\ncnnindonesia.com/ekonomi/202…', 'links': ['https://www.cnnindonesia.com/ekonomi/20250531160855-78-1235044/jatah-uang-makan-dan-snack-rakor-menteri-prabowo-rp171-ribu?utm_campaign=cnnsocmed&utm_medium=oa&utm_source=twitter']}"
https://x.com/hanoumshakira/status/1929208976622993488,FALSE,@hanoumshakira,2025-06-01 16:10:00+00:00,Prabowo lebih parah mengontrol duit negara. Jalan2 pusat ancur di setiap daerah sengaja ga dibetulin. Program makan gratis rawan dikorup pengurusannta. Kok kenapa sih Jokowi tega mendukung Prabowo. Gara2 sakit hati ke Mega,Program Makan Gratis Prabowo,
https://x.com/kemenkopmRI/status/1926948246397628711,FALSE,@kemenkopmRI,2025-05-26 10:27:00+00:00,Program Makan Bergizi Gratis (MBG) adalah salah satu program prioritas Presiden @prabowo untuk mengentaskan kemiskinan secara nyata. (1),Program Makan Gratis Prabowo,
https://x.com/PDemokrat/status/1923226907312783795,TRUE,@PDemokrat,2025-05-16 04:00:00+00:00,"Tidak Ada Matahari Kembar dalam Pemerintahan, Demokrat Tegaskan Presiden Prabowo Berdaulat dan Mandiri

""Makan bergizi gratis, sekolah rakyat. Melengkapi seluruh fasilitas rumah sakit, membangun institusi koperasi di setiap desa, hilirisasi. Artinya, kalau melihat program-program Pak Prabowo, ini bentuk kemandirian Pak Prabowo. Bentuk kedaulatannya sebagai presiden. Kami tidak pernah melihat ada matahari kembar.""

Dr. Ir. H. E. Herman Khaeron, M.Si
Sekretaris Jenderal DPP Partai Demokrat",Program Makan Gratis Prabowo,
https://x.com/CacaAngsa1/status/1929066046624800943,FALSE,@CacaAngsa1,2025-06-01 06:42:00+00:00,Dukung Program Makan Bergizi Gratis Dari Presiden Prabowo Untuk Anak Indonesia,Program Makan Gratis Prabowo,
https://x.com/MichelleVi1571/status/1929036560860676489,FALSE,@MichelleVi1571,2025-06-01 04:45:00+00:00,"Program Makan Bergizi Gratis bukan sekadar janji, tapi langkah nyata dari Presiden Prabowo untuk anak-anak dan ibu hamil. Gizi terpenuhi, Indonesia tumbuh kuat dan sehat.
#MBG #MakanGratisBergizi #IndonesiaSehat #AnakHebat",Program Makan Gratis Prabowo,
https://x.com/daily_notif/status/1929032030693601647,FALSE,@daily_notif,2025-06-01 04:27:00+00:00,Program Makan Bergizi Gratis Prabowo Raih Dukungan 68 persen Masyarakat Indonesia dailynotif.com/daily/8771526…,Program Makan Gratis Prabowo,
https://x.com/garda_ntt789/status/1929014375051911284,FALSE,@garda_ntt789,2025-06-01 03:17:00+00:00,"Makan Bergizi Gratis (MBG) di Sumba Barat Daya, Nusa Tenggara Timur (NTT), berbagi cerita manfaat yang dia dan anaknya terima dari salah satu program prioritas pemerintahan Presiden Prabowo Subianto itu.",Program Makan Gratis Prabowo,
https://x.com/nichol_ibrahm8/status/1920273390692413885,FALSE,@nichol_ibrahm8,2025-05-08 00:23:00+00:00,"Gabung BRICS bukan cuma soal diplomasi, tapi juga dorong ekspor naik, plus program makan siang gratis udah dinikmati ribuan sekolah se-Indonesia #EnamBulanPemerintah",Program Makan Siang Gratis,
https://x.com/dika_nug45/status/1920273356659507670,FALSE,@dika_nug45,2025-05-08 00:23:00+00:00,Program makan siang gratis bantu capai target pendidikan dan kurangi ketimpangan di wilayah terpencil #EnamBulanPemerintah,Program Makan Siang Gratis,
https://x.com/humaira_mlyni41/status/1920273192167387561,FALSE,@humaira_mlyni41,2025-05-08 00:23:00+00:00,"Makin banyak sekolah yang ikutan program makan siang gratis, anak-anak Indonesia tumbuh sehat dan semangat belajar #EnamBulanPemerintah",Program Makan Siang Gratis,
https://x.com/laras_pus8/status/1920273118804799766,FALSE,@laras_pus8,2025-05-08 00:22:00+00:00,"Sejak gabung BRICS, pasar ekspor barang nasional melejit, program makan siang gratis jadi magnet buat anak-anak sekolah #EnamBulanPemerintah",Program Makan Siang Gratis,
https://x.com/bagusprasety00_/status/1920272942354604356,FALSE,@bagusprasety00_,2025-05-08 00:22:00+00:00,"Diplomasi ke luar negeri solid, industri lokal tumbuh, program sosial kayak makan siang gratis makin banyak manfaatnya #EnamBulanPemerintah",Program Makan Siang Gratis,
https://x.com/awan_maheswara/status/1920272918728118623,FALSE,@awan_maheswara,2025-05-08 00:21:00+00:00,"Dengan program makan siang gratis, Indonesia jadi pelopor solusi gizi untuk anak sekolah di kawasan Asia #EnamBulanPemerintah",Program Makan Siang Gratis,
https://x.com/nur_wahyuni99/status/1920272903259517114,FALSE,@nur_wahyuni99,2025-05-08 00:21:00+00:00,"Baru enam bulan, Indonesia udah jadi anggota BRICS, ekonomi naik, industri makin hidup, dan program makan siang gratis hadir di ratusan ribu sekolah #EnamBulanPemerintah",Program Makan Siang Gratis,
https://x.com/gentara_/status/1920272867507470350,FALSE,@gentara_,2025-05-08 00:21:00+00:00,Makan siang gratis di sekolah jadi program pemerintah paling banyak diapresiasi masyarakat #EnamBulanPemerintah,Program Makan Siang Gratis,
https://x.com/n_adharesta10/status/1920272701232472404,FALSE,@n_adharesta10,2025-05-08 00:21:00+00:00,"Gaung makan siang gratis didukung 92 persen masyarakat, program sosial ini dinanti di daerah terpencil #EnamBulanPemerintah",Program Makan Siang Gratis,
https://x.com/bakidin_jayadi/status/1920272663450132730,FALSE,@bakidin_jayadi,2025-05-08 00:20:00+00:00,"Dalam 6 bulan, indeks produksi nasional naik 8 persen, program makan siang gratis bantu genjot kehadiran siswa #EnamBulanPemerintah",Program Makan Siang Gratis,
https://x.com/samsul_bahri82/status/1920272556160159764,FALSE,@samsul_bahri82,2025-05-08 00:20:00+00:00,"Prabowo konsisten dorong ekonomi inklusif, makanya banyak program sosial kayak makan siang gratis di sekolah #EnamBulanPemerintah",Program Makan Siang Gratis,
https://x.com/fathonah_hassan/status/1920272526112137548,FALSE,@fathonah_hassan,2025-05-08 00:20:00+00:00,"Enam bulan pertama, ekspor industri lokal meningkat 11 persen, kerja sama luar negeri makin solid, dan ada program makan siang gratis untuk pelajar #EnamBulanPemerintah",Program Makan Siang Gratis,
https://x.com/ilsa_lailasari3/status/1920272447749726625,FALSE,@ilsa_lailasari3,2025-05-08 00:20:00+00:00,"Program makan siang gratis sekolah bikin keluarga terbantu, pengeluaran jadi berkurang #EnamBulanPemerintah",Program Makan Siang Gratis,
https://x.com/gara_prasasta/status/1920272299703611810,FALSE,@gara_prasasta,2025-05-08 00:19:00+00:00,"6 bulan kepemimpinan Prabowo penuh gebrakan, dari diplomasi BRICS sampai program makan siang gratis #EnamBulanPemerintah",Program Makan Siang Gratis,
https://x.com/agus_tedjo21/status/1920272277540581465,FALSE,@agus_tedjo21,2025-05-08 00:19:00+00:00,"Baru enam bulan, Prabowo bawa Indonesia masuk BRICS, ekspor naik, dan ribuan sekolah dapat program makan siang gratis #EnamBulanPemerintah",Program Makan Siang Gratis,
https://x.com/ranti_anjani6/status/1920272276211081311,FALSE,@ranti_anjani6,2025-05-08 00:19:00+00:00,"Ekonomi Indonesia naik kelas, program makan siang gratis jadi bukti kalau pemerintah serius perhatikan generasi muda #EnamBulanPemerintah",Program Makan Siang Gratis,
https://x.com/suharto_sutedja/status/1920272190643032239,FALSE,@suharto_sutedja,2025-05-08 00:19:00+00:00,"Dengan Indonesia jadi anggota BRICS, nilai investasi asing naik, sektor industri lokal terdampak positif, program makan siang gratis nambah semangat siswa #EnamBulanPemerintah",Program Makan Siang Gratis,
https://x.com/rukmana_andi207/status/1920272171168825523,FALSE,@rukmana_andi207,2025-05-08 00:18:00+00:00,Program makan siang gratis ke ribuan sekolah jadi bukti nyata janji kampanye Prabowo udah mulai ditepati #EnamBulanPemerintah,Program Makan Siang Gratis,
https://x.com/ridwan_moren/status/1920272153359851751,FALSE,@ridwan_moren,2025-05-08 00:18:00+00:00,"Enam bulan, Indonesia aktif di BRICS, ekspor naik, pelaku industri semakin percaya diri, program makan siang gratis jadi solusi nyata #EnamBulanPemerintah",Program Makan Siang Gratis,
https://x.com/dadi_prabowo8/status/1920272042043289884,FALSE,@dadi_prabowo8,2025-05-08 00:18:00+00:00,"Program makan siang gratis udah berikan efek positif ke kesehatan siswa, diplomasi makin aktif di kancah internasional #EnamBulanPemerintah",Program Makan Siang Gratis,
https://x.com/mai_yuliartii/status/1920271725847327204,FALSE,@mai_yuliartii,2025-05-08 00:17:00+00:00,"Makin banyak sekolah yang terjangkau program makan siang gratis, angka gizi buruk anak pun menurun drastis #EnamBulanPemerintah",Program Makan Siang Gratis,
https://x.com/budi_ruben/status/1920271672877187231,FALSE,@budi_ruben,2025-05-08 00:16:00+00:00,"BRICS bukan cuma label, tapi peluang baru investasi, ditambah program makan siang gratis, Indonesia buktikan diri makin maju #EnamBulanPemerintah",Program Makan Siang Gratis,
https://x.com/rizki_wbw99/status/1920271560985739504,FALSE,@rizki_wbw99,2025-05-08 00:16:00+00:00,Program makan siang gratis memperkuat semangat gotong royong di komunitas sekolah seluruh Indonesia #EnamBulanPemerintah,Program Makan Siang Gratis,
https://x.com/abram_manihuruk/status/1920271474344276267,FALSE,@abram_manihuruk,2025-05-08 00:16:00+00:00,Program makan siang gratis jadi salah satu solusi nyata atasi stunting di kalangan pelajar #EnamBulanPemerintah,Program Makan Siang Gratis,
https://x.com/raharja_sidiqw4/status/1920271344563827128,FALSE,@raharja_sidiqw4,2025-05-08 00:15:00+00:00,"BRICS jadi pintu baru ekspor industri Indonesia, anak sekolah juga nggak perlu takut lapar karena program makan siang gratis jalan terus #EnamBulanPemerintah",Program Makan Siang Gratis,
https://x.com/gangsa_pras7/status/1920271326054633532,FALSE,@gangsa_pras7,2025-05-08 00:15:00+00:00,"Prabowo gas pol, hubungan diplomatik diperkuat, ekonomi tumbuh, dan ribuan sekolah jalankan program makan siang gratis #EnamBulanPemerintah",Program Makan Siang Gratis,
https://x.com/leo_waluyoo3/status/1920270886680363047,FALSE,@leo_waluyoo3,2025-05-08 00:13:00+00:00,Program sosial makan siang gratis sudah mencakup 80% sekolah dasar negeri di Indonesia menurut data Kemendikbud #EnamBulanPemerintah,Program Makan Siang Gratis,
https://x.com/jumadi_dabukke/status/1920270834763247653,FALSE,@jumadi_dabukke,2025-05-08 00:13:00+00:00,"Ekspor RI ke negara BRICS naik 30 persen, siswa makin sehat, industri bertumbuh, dan program makan siang gratis diperluas terus #EnamBulanPemerintah",Program Makan Siang Gratis,
https://x.com/rina_wlndrii/status/1920270810146615504,FALSE,@rina_wlndrii,2025-05-08 00:13:00+00:00,"Program makan siang gratis kurangi gizi buruk sampai 13%, ekspor ke BRICS melonjak, dan ekonomi Indonesia pada track yang tepat #EnamBulanPemerintah",Program Makan Siang Gratis,
https://x.com/anise_0708/status/1920270773282844968,FALSE,@anise_0708,2025-05-08 00:13:00+00:00,"Dari data BPS, konsumsi pangan lokal naik gara-gara program makan siang gratis, petani lokal juga kecipratan untung #EnamBulanPemerintah",Program Makan Siang Gratis,
https://x.com/endangj74_/status/1920270707474280459,FALSE,@endangj74_,2025-05-08 00:13:00+00:00,"Angka kemiskinan anak sekolah turun berkat program makan siang gratis, program kerakyatan banget #EnamBulanPemerintah",Program Makan Siang Gratis,
https://x.com/raharjo_doddy/status/1920270602067141018,FALSE,@raharjo_doddy,2025-05-08 00:12:00+00:00,Lebih dari satu juta siswa sudah menikmati makan siang gratis di sekolah tiap hari berkat program baru #EnamBulanPemerintah,Program Makan Siang Gratis,
https://x.com/zamira_melani1/status/1920270535386411127,FALSE,@zamira_melani1,2025-05-08 00:12:00+00:00,"Ekonomi makin tangguh, kerja sama BRICS menghasilkan pertumbuhan industri, program makan siang gratis terus diperluas #EnamBulanPemerintah",Program Makan Siang Gratis,
https://x.com/fadi_iskandarr/status/1920270499931959793,FALSE,@fadi_iskandarr,2025-05-08 00:12:00+00:00,"Program makan siang gratis tak hanya penuhi nutrisi anak, tapi juga dorong petani dan UMKM lokal suplainya #EnamBulanPemerintah",Program Makan Siang Gratis,
https://x.com/santosa_vian67/status/1920270495666036762,FALSE,@santosa_vian67,2025-05-08 00:12:00+00:00,"Gabung BRICS, sektor industri maju, sekolah makin semangat luncurkan program makan siang gratis ke seluruh siswa #EnamBulanPemerintah",Program Makan Siang Gratis,
https://x.com/shanum_nazua/status/1920270261275791419,FALSE,@shanum_nazua,2025-05-08 00:11:00+00:00,"Keanggotaan BRICS jadi gebrakan Indonesia, bisnis lokal tumbuh lebih cepat, dan program makan siang gratis hadir di hampir seluruh sekolah dasar negeri #EnamBulanPemerintah",Program Makan Siang Gratis,
https://x.com/Yud_lesmon9/status/1920270043272933579,FALSE,@Yud_lesmon9,2025-05-08 00:10:00+00:00,"Program makan siang gratis di sekolah bikin ratusan ribu anak dapat nutrisi, bukti nyata perhatian pemerintah pada generasi muda #EnamBulanPemerintah",Program Makan Siang Gratis,
https://x.com/kamal_hafid23/status/1920270019155411058,FALSE,@kamal_hafid23,2025-05-08 00:10:00+00:00,"Baru enam bulan, Indonesia dilirik banyak negara karena BRICS, ekonomi domestik positif, dan sekolah makin ramai program makan siang gratis #EnamBulanPemerintah",Program Makan Siang Gratis,
https://x.com/aila_edah21/status/1920269626824392885,FALSE,@aila_edah21,2025-05-08 00:08:00+00:00,"Ekonomi bergerak, diplomasi BRICS buka kesempatan, program makan siang gratis bikin siswa lebih fokus belajar #EnamBulanPemerintah",Program Makan Siang Gratis,
https://x.com/PemudaBerimpact/status/1846849916607648197,FALSE,@PemudaBerimpact,2024-10-17 09:45:00+00:00,"Wahai Buzzer Rejim, apakah ini bocoran menu makan siang, eh berbiji, eh gratis, atau apalah yang pake APBN itu?",APBN makan siang gratis,"{'url': 'https://x.com/Laycerta/status/1846791619745616345', 'avatar': '', 'username': '@Laycerta', 'fullname': 'browooni 🐭', 'timestamp': '2024-10-17T05:53:00.000Z', 'text': '……………. Di saat orang2 pada gabisa makan. Boro2 menuhin kebutuhan gizi. Lu pada gabisa ya empati dikit sama rakyat?', 'links': [], 'images': ['https://pbs.twimg.com/media/GaEfMCAbcAA1DYL.jpg']}"
https://x.com/hexiay/status/1846722034367451548,FALSE,@hexiay,2024-10-17 01:16:00+00:00,"Ini prokernya pragib aja udah makan apbn banyak buat makan siang gratis, nambah lagi kabinet isinya 108 orang. Apa kagak meledak itu apbn",APBN makan siang gratis,
https://x.com/tyongnicorn/status/1846626759804178715,FALSE,@tyongnicorn,2024-10-16 18:58:00+00:00,"Tapi disini makan gratis pake dana apbd kota/kab, bukan apbn, dan luar biasa gede bgt, buat yg daerahnya belum semaju daerah lain pasti struggling banget ngalokasi dana buat makan siang disatu sisi harus maksimalin fasilitas pendidikan yang ada dengan sumber dana yang sama",APBN makan siang gratis,"{'url': 'https://x.com/legislatweet/status/1846217994562879645', 'avatar': '', 'username': '@legislatweet', 'fullname': 'maga laksana', 'timestamp': '2024-10-15T15:54:00.000Z', 'text': 'Kamu bilang tidak punya uang untuk menggaji semua guru secara layak, tapi kamu tiba-tiba punya uang 466T untuk IKN, dan 800M sehari untuk makan siang gratis :(\n\nKamu bukan ga punya uang tapi ga punya kemauan.', 'links': []}"
https://x.com/dancersejati07/status/1846560577835139139,FALSE,@dancersejati07,2024-10-16 14:35:00+00:00,"Adiknya berkali-kali bilang, ""Kami ini penguasa dan pengusaha. Biarkan kami menjalankan bisnis kami""

Makan siang gratis nanti jangan2 sejatinya makan APBN gratis? Aku ah elaps 

#KabinetGemoyKurangGizi 
#KabinetGemoyKurangGizi",APBN makan siang gratis,
https://x.com/SIstiatuti/status/1846336812450828748,FALSE,@SIstiatuti,2024-10-15 23:46:00+00:00,"KABINET GEMUK, LEGISLATIF MANJA, MAKAN SIANG GRATIS .....APBN LUDES, 282 JUTA DIPAKSA BAYAR PAJAK. BEDANYA APA DENGAN VOC???",APBN makan siang gratis,
https://x.com/ArjayaDirja/status/1929010228789653763,FALSE,@ArjayaDirja,2025-06-01 03:00:00+00:00,"Ini yg disebut hebat.? Dungu berlebihan, kalo memang hebat, tidak ada program makan gratis, penghematan anggaran, Hutang menggunung, devisit APBN, PHK masal dll. Kalo jokowi hebat, tentunya prabowo akan asyik2 saja.
Beginilah kalo otak sudah kena asam sulfat..",Program Makan Gratis Prabowo,
https://x.com/kendil_jok3002/status/1928807915789357287,FALSE,@kendil_jok3002,2025-05-31 13:36:00+00:00,Semangat Presiden Prabowo jadi motivasi buat gerak maju lewat program makan gratis bergizi,Program Makan Gratis Prabowo,
https://x.com/waanntooo/status/1928781810223247505,FALSE,@waanntooo,2025-05-31 11:53:00+00:00,"Optimalisasi Distribusi Program Makan Gratis Presiden Prabowo Dengan Pendekatan Algoritma Greedy, Dynamic Programming, dan Backtracking",Program Makan Gratis Prabowo,
https://x.com/yesaya_dimara/status/1928670415507066982,FALSE,@yesaya_dimara,2025-05-31 04:30:00+00:00,"Pemerintah Tegaskan Komitmen Perbaiki Program Makan Bergizi Gratis

#mbg #makanbergizigratis #papua #papuabarat #westpapuankri #prabowo",Program Makan Gratis Prabowo,
https://x.com/yesaya_dimara/status/1928670406245781991,FALSE,@yesaya_dimara,2025-05-31 04:30:00+00:00,"Pemerintah Tegaskan Komitmen Perbaiki Program Makan Bergizi Gratis

#mbg #makanbergizigratis #papua #papuabarat #westpapuankri #prabowo",Program Makan Gratis Prabowo,
https://x.com/InvestorID/status/1928668947034825103,FALSE,@InvestorID,2025-05-31 04:24:00+00:00,"Dua program unggulan Presiden Prabowo Subianto, makan bergizi gratis (MBG) dan Koperasi Merah Putih, disebut-sebut menjadi ancaman bagi keberlanjutan Anggaran Pendapatan dan Belanja Negara (APBN) 2026.",Program Makan Gratis Prabowo,
https://x.com/grok/status/1928425484280619187,TRUE,@grok,2025-05-30 12:17:00+00:00,"Kinerja Prabowo Subianto sebagai Presiden di 2025 mendapat tanggapan beragam. Publik mendukungnya dengan rating 81% berkat program makan gratis untuk 82,9 juta orang. Namun, ekonomi melemah, pendapatan pajak turun 18%, dan pasar saham anjlok 7% di Maret. Kebijakan luar negeri aktif tapi inkonsisten, seperti soal klaim Laut China Selatan. Ada kekhawatiran soal pengaruh militer dan kebebasan pers, ditambah protes atas RUU militer. Secara keseluruhan, dukungan publik kuat, tapi tantangan ekonomi dan tata kelola besar.",Program Makan Gratis Prabowo,
https://x.com/anomali__X/status/1928410928795496452,FALSE,@anomali__X,2025-05-30 11:19:00+00:00,"Dibawah Pemerintahan Prabowo siapkan Rp217 triliun untuk program Makan Bergizi Gratis bagi 82,9 juta anak. Menariknya Program ini dijalankan lewat 30.000 Satuan Pelayanan Pemenuhan Gizi oleh BGN. Lanjutkan MBG

#MBGInvestasiMasaDepan
_
_
Boleh Jumbo Indonesia Palestina",Program Makan Gratis Prabowo,
https://x.com/InvestorID/status/1928408242020868181,FALSE,@InvestorID,2025-05-30 11:08:00+00:00,"Dua program unggulan Presiden Prabowo Subianto, makan bergizi gratis (MBG) dan Koperasi Merah Putih, disebut-sebut menjadi ancaman bagi keberlanjutan Anggaran Pendapatan dan Belanja Negara (APBN) 2026.",Program Makan Gratis Prabowo,
https://x.com/anomali__X/status/1928364100741963974,FALSE,@anomali__X,2025-05-30 08:13:00+00:00,"Wah, ada kabar gembira nih! BGN dan Danone Group gandeng tangan untuk kerja sama bisnis.  Semoga program makan bergizi gratis di Indonesia makin oke! Lanjutkan MBG

#MBGInvestasiMasaDepan
_
Persikas Boleh panas prabowo jumbo",Program Makan Gratis Prabowo,
https://x.com/Kobar_Baru/status/1928323211969892472,FALSE,@Kobar_Baru,2025-05-30 05:30:00+00:00,Program Anies Baswedan di ambil Prabowo menutupi kegagalan makan gratis,Program Makan Gratis Prabowo,
https://x.com/ColeJewel79227/status/1928307812645621761,FALSE,@ColeJewel79227,2025-05-30 04:29:00+00:00,"Dalam rangka mendukung program prioritas pemerintah di bidang ketahanan pangan dan perbaikan gizi masyarakat, IDSurvey menyatakan komitmennya untuk berperan aktif dalam menyukseskan program Makan Bergizi Gratis (MBG) yang dicanangkan oleh Presiden Prabowo
#KolaborasiIDSurveyEWI",Program Makan Gratis Prabowo,
https://x.com/rezareva_reza/status/1928292882844152082,FALSE,@rezareva_reza,2025-05-30 03:30:00+00:00,"Program Makan Bergizi Gratis dari Bapak Presiden Prabowo Subianto untuk seluruh anak-anak di Indonesia dari Sabang sd Merauke 

#PenuhiGiziIndonesia",Program Makan Gratis Prabowo,
https://x.com/aegibaee/status/1927998983483404554,FALSE,@aegibaee,2025-05-29 08:02:00+00:00,mau nunggu di merdekain isriwil tu sampe kapan njir? urus noh program makan gratis lu malah banyak yg nyawa nya ilang @prabowo,Program Makan Gratis Prabowo,
https://x.com/MenteriGolkar/status/1927974685570125923,FALSE,@MenteriGolkar,2025-05-29 06:25:00+00:00,@grok Apakah partai golkar mendukung program MBG (Makan Bergizi Gratis) dari Prabowo Gibran?,Program Makan Gratis Prabowo,