conversation_id_str,created_at,favorite_count,full_text,id_str,image_url,in_reply_to_screen_name,lang,location,quote_count,reply_count,retweet_count,tweet_url,user_id_str,username
"1,92015E+18",Wed May 07 23:55:53 +0000 2025,0,@Berburudsknan Makan siang gratis sekolah jadi solusi nyata buat masalah gizi anak-anak Indonesia #EnamBulanPemerintah,"1,92027E+18",,Berburudsknan,in,,0,0,0,https://x.com/arta_sitompul/status/1920266369037226424,"1,70008E+18",arta_sitompul
"1,92027E+18",Wed May 07 23:55:28 +0000 2025,0,Kerjasama BRICS bikin ekspor naik industri lokal berkembang angka stunting turun berkat makan siang gratis di sekolah #EnamBulanPemerintah,"1,92027E+18",,,in,,0,0,0,https://x.com/keyno_faris08/status/1920266260970905999,"1,68702E+18",keyno_faris08
"1,92022E+18",Wed May 07 23:55:25 +0000 2025,0,@cobajawabb Gabung BRICS bikin Indonesia punya mitra dagang baru ekspor meningkat dan anak-anak makin happy belajar karena dapat makan siang gratis #EnamBulanPemerintah,"1,92027E+18",,cobajawabb,in,,0,0,0,https://x.com/faisal_smsu1/status/1920266248878698714,"1,68694E+18",faisal_smsu1
"1,92015E+18",Wed May 07 23:55:16 +0000 2025,0,@Berburudsknan Hadir di BRICS ekspor barang Indonesia tembus pasar internasional makan siang gratis terbukti bikin siswa lebih sehat dan aktif #EnamBulanPemerintah,"1,92027E+18",,Berburudsknan,in,,0,0,0,https://x.com/nuha_bamih6/status/1920266211847287085,"1,70003E+18",nuha_bamih6
"1,92022E+18",Wed May 07 23:54:09 +0000 2025,0,@cobajawabb Ekspor nasional tumbuh berkat peluang BRICS makan siang gratis di sekolah tingkatkan gizi anak-anak #EnamBulanPemerintah,"1,92027E+18",,cobajawabb,in,,0,0,0,https://x.com/farhan_ahmd12/status/1920265932435276031,"1,66928E+18",farhan_ahmd12
"1,92027E+18",Wed May 07 23:52:54 +0000 2025,0,Program makan siang gratis sekolah sukses bantu tingkatkan gizi anak prestasi pun ikut naik #EnamBulanPemerintah,"1,92027E+18",,,in,,0,0,0,https://x.com/yansen_awan24/status/1920265615765303768,"1,68877E+18",yansen_awan24
"1,92022E+18",Wed May 07 23:52:43 +0000 2025,0,@cobajawabb Baru enam bulan perubahan nyata: diplomasi tambah broad pabrik-pabrik lokal tumbuh dan makin banyak anak sekolah menikmati makan siang gratis #EnamBulanPemerintah,"1,92027E+18",,cobajawabb,in,,0,0,0,https://x.com/rizky_drmwan2/status/1920265572551381465,"1,84712E+18",rizky_drmwan2
"1,92027E+18",Wed May 07 23:52:23 +0000 2025,0,Enam bulan Prabowo sekolah makin banyak dapat akses makan siang gratis anak-anak sehat dan aktif #EnamBulanPemerintah,"1,92027E+18",,,in,,0,0,0,https://x.com/asmadi_prayog/status/1920265486866297318,"1,70253E+18",asmadi_prayog
"1,92027E+18",Wed May 07 23:52:11 +0000 2025,0,Indonesia kini gabung BRICS pertumbuhan ekonomi 5 1 persen program sosial andalan: makan siang gratis buat semua siswa sekolah dasar #EnamBulanPemerintah,"1,92027E+18",,,in,,0,0,0,https://x.com/kani_hsnahh/status/1920265436979236887,"1,70254E+18",kani_hsnahh
"1,92027E+18",Wed May 07 23:51:54 +0000 2025,0,Sekolah negeri di 15 provinsi udah nikmatin manfaat makan siang gratis anak-anak nggak lagi belajar sambil lapar #EnamBulanPemerintah,"1,92027E+18",,,in,,0,0,0,https://x.com/raka_putra0072/status/1920265365512228885,"1,68849E+18",raka_putra0072
"1,92027E+18",Wed May 07 23:51:37 +0000 2025,0,Prestasi Prabowo dalam enam bulan: diplomasi bersama BRICS industri jaya dan makan siang gratis sampai ke pelosok #EnamBulanPemerintah,"1,92027E+18",,,in,,0,0,0,https://x.com/hanif_shagaraa/status/1920265293827350846,"1,6863E+18",hanif_shagaraa
"1,92027E+18",Wed May 07 23:51:23 +0000 2025,0,Gak cuma omdo Prabowo buktikan pelayanan ke rakyat nyata ekonomi tumbuh diplomasi luar negeri makin nendang makan siang gratis sudah jalan #EnamBulanPemerintah,"1,92027E+18",,,in,,0,0,0,https://x.com/aprin_tanusa3/status/1920265234826051686,"1,69096E+18",aprin_tanusa3
"1,92026E+18",Wed May 07 23:50:22 +0000 2025,0,Ratusan anak tiap desa sekarang bisa makan sehat di sekolah berkat inisiatif makan siang gratis #EnamBulanPemerintah,"1,92026E+18",,,in,,0,0,0,https://x.com/tina_handayani5/status/1920264978914787519,"1,81524E+18",tina_handayani5
"1,92026E+18",Wed May 07 23:50:22 +0000 2025,0,Jadi anggota BRICS bawa angin segar buat ekonomi Indonesia pelajar pun makin semangat sekolah karena makan siang gratis #EnamBulanPemerintah https://t.co/4P8pLRVJJc,"1,92026E+18",https://pbs.twimg.com/media/GqYm0NBbMAAxBGl.jpg,,in,,0,0,0,https://x.com/lili_astuti2/status/1920264978340131078,"1,70146E+18",lili_astuti2
"1,92026E+18",Wed May 07 23:50:14 +0000 2025,0,Gabung BRICS ekspor nambah pelaku industri tersenyum makan siang gratis bikin generasi muda siap hadapi masa depan #EnamBulanPemerintah,"1,92026E+18",,,in,,0,0,0,https://x.com/ima_shabima/status/1920264944349581403,"1,69138E+18",ima_shabima
"1,92026E+18",Wed May 07 23:49:47 +0000 2025,0,Selama enam bulan angka ekspor nonmigas naik 14 persen makan siang gratis jadi harapan baru #EnamBulanPemerintah,"1,92026E+18",,,in,Jakarta,0,0,0,https://x.com/yogaprasetya04_/status/1920264830591652138,"1,81417E+18",yogaprasetya04_
"1,92026E+18",Wed May 07 23:49:43 +0000 2025,0,Jumlah orang tua yang merasakan manfaat makan siang gratis di sekolah terus bertambah #EnamBulanPemerintah,"1,92026E+18",,,in,,0,0,0,https://x.com/ridho_abdu33/status/1920264815609626835,"1,69172E+18",ridho_abdu33
"1,92026E+18",Wed May 07 23:49:42 +0000 2025,0,Baru setengah tahun tapi Indonesia udah diakui negara BRICS program makan siang gratis sukses turunkan angka insomnia di kalangan siswa #EnamBulanPemerintah,"1,92026E+18",,,in,,0,0,0,https://x.com/tino_ramadhn90/status/1920264810794766374,"1,84318E+18",tino_ramadhn90
"1,92026E+18",Wed May 07 23:49:42 +0000 2025,0,Baru enam bulan pasar BRICS terbuka luas industri nasional naik 10 persen anak sekolah tambah sehat karena makan siang gratis #EnamBulanPemerintah,"1,92026E+18",,,in,,0,0,0,https://x.com/farjana_yunidya/status/1920264809657885018,"1,69096E+18",farjana_yunidya
"1,92026E+18",Wed May 07 23:49:39 +0000 2025,0,Dari diplomasi BRICS sampe makan siang gratis keberhasilan terasa nyata buat industri dan anak sekolah #EnamBulanPemerintah,"1,92026E+18",,,in,,0,0,0,https://x.com/atun_komayah/status/1920264800438747562,"1,68227E+18",atun_komayah
"1,92026E+18",Wed May 07 23:33:07 +0000 2025,0,Prabowo ngebut diplomasi industri nasional bertumbuh makan siang gratis masuk 85 persen sekolah dasar di Indonesia #EnamBulanPemerintah,"1,92026E+18",,,in,,0,0,0,https://x.com/nadhifa_shanika/status/1920260639362007239,"1,69134E+18",nadhifa_shanika
"1,92026E+18",Wed May 07 23:33:07 +0000 2025,0,Program makan siang gratis makin luas ekonomi nasional tumbuh Indonesia diperhitungkan global #EnamBulanPemerintah https://t.co/EQhGN4GmKB,"1,92026E+18",https://pbs.twimg.com/media/GqYi2CnbgAAxCl8.jpg,,in,,0,0,0,https://x.com/muh_raehan20/status/1920260636329545787,"1,69673E+18",muh_raehan20
"1,92026E+18",Wed May 07 23:32:58 +0000 2025,0,Program makan siang gratis sukses bantu atasi kelaparan di sekolah ortu dan guru senang karena anak lebih fokus belajar #EnamBulanPemerintah,"1,92026E+18",,,in,,0,0,0,https://x.com/kemba_marpaung/status/1920260601194136024,"1,7022E+18",kemba_marpaung
"1,92026E+18",Wed May 07 23:32:56 +0000 2025,0,Makan siang gratis juga diisi menu sehat bikin anak-anak tumbuh optimal dan semangat belajar #EnamBulanPemerintah,"1,92026E+18",,,in,,0,0,0,https://x.com/wafa_liah/status/1920260590884249736,"1,6913E+18",wafa_liah
"1,92026E+18",Wed May 07 23:32:37 +0000 2025,0,Industri manufaktur tumbuh 9 persen sejak masuk BRICS siswa SD tambah sehat karena terjamin makan siang gratis di sekolah #EnamBulanPemerintah,"1,92026E+18",,,in,,0,0,0,https://x.com/gaula_onah/status/1920260513499361340,"1,68193E+18",gaula_onah
"1,92026E+18",Wed May 07 23:32:29 +0000 2025,0,Industri dalam negeri tumbuh 7 persen diplomasi dengan BRICS makin luas makan siang gratis temenin anak-anak belajar di sekolah #EnamBulanPemerintah https://t.co/KInaOvP3TL,"1,92026E+18",https://pbs.twimg.com/media/GqYiszfa8AAcEnR.jpg,,in,,0,0,0,https://x.com/zulaikh_mardhyh/status/1920260479550718370,"1,70114E+18",zulaikh_mardhyh
"1,92026E+18",Wed May 07 23:32:22 +0000 2025,0,BRICS buktiin Indonesia berkembang cepat industri jalan terus makan siang gratis jadi kebutuhan harian anak sekolah #EnamBulanPemerintah,"1,92026E+18",,,in,,0,0,0,https://x.com/danu_prmudika/status/1920260448386945278,"1,68839E+18",danu_prmudika
"1,92026E+18",Wed May 07 23:32:19 +0000 2025,0,Diplomasi lewat BRICS makin ciamik pertumbuhan industri naik terus makan siang gratis hadir di sekolah-sekolah dan bikin anak tambah sehat #EnamBulanPemerintah https://t.co/MzRYIyJinY,"1,92026E+18",https://pbs.twimg.com/ext_tw_video_thumb/1920258357765799936/pu/img/PO_CUK7JOKyhxirm.jpg,,in,,0,0,0,https://x.com/ziz_sya321/status/1920260437402149309,"1,84175E+18",ziz_sya321
"1,92026E+18",Wed May 07 23:32:12 +0000 2025,0,Realisasi program sosial terus berlanjut makan siang gratis jadi harapan baru buat ribuan keluarga #EnamBulanPemerintah,"1,92026E+18",,,in,,0,0,0,https://x.com/athiyah_galum/status/1920260407656153452,"1,69099E+18",athiyah_galum
"1,92026E+18",Wed May 07 23:32:04 +0000 2025,0,Sejak BRICS peluang kerja industri bertambah makan siang gratis bikin perut anak sekolah kenyang sebelum belajar #EnamBulanPemerintah,"1,92026E+18",,,in,Jakarta,0,0,0,https://x.com/liakartikasari_/status/1920260372923035687,"1,84317E+18",liakartikasari_
"1,92026E+18",Wed May 07 23:32:03 +0000 2025,0,Program makan siang gratis di 2024 udah jangkau lebih dari 60% SD di Indonesia #EnamBulanPemerintah,"1,92026E+18",,,in,,0,0,0,https://x.com/atikah_malaa/status/1920260368560955420,"1,68847E+18",atikah_malaa
"1,92026E+18",Wed May 07 23:31:58 +0000 2025,0,BRICS membuka peluang bisnis baru industri lokal berkembang 25 juta pelajar kini dapat makan siang gratis tiap hari #EnamBulanPemerintah,"1,92026E+18",,,in,,0,0,0,https://x.com/alda_nageha/status/1920260347136483698,"1,6971E+18",alda_nageha
"1,92026E+18",Wed May 07 23:31:24 +0000 2025,0,Anak sekolah makin sehat absen menurun drastis sejak program makan siang gratis jalan #EnamBulanPemerintah,"1,92026E+18",,,in,,0,0,0,https://x.com/FahrizalGh98552/status/1920260206946136501,"1,69169E+18",FahrizalGh98552
"1,92026E+18",Wed May 07 23:31:13 +0000 2025,0,Program makan siang gratis hadir di 100 ribu sekolah bukti perhatian buat generasi muda makin nyata #EnamBulanPemerintah,"1,92026E+18",,,in,,0,0,0,https://x.com/gaza_dhafir/status/1920260161232367795,"1,6823E+18",gaza_dhafir
"1,92026E+18",Wed May 07 23:31:04 +0000 2025,0,Program makan siang gratis di sekolah tingkat SD sudah mulai jalan di lebih dari 300 kabupaten #EnamBulanPemerintah,"1,92026E+18",,,in,,0,0,0,https://x.com/glensa_fresya2/status/1920260124108607943,"1,69172E+18",glensa_fresya2
"1,92026E+18",Wed May 07 23:31:04 +0000 2025,0,Angka pertumbuhan industri dalam negeri naik lanjut inovasi sekolah-sekolah juga makin ramah dengan makan siang gratis #EnamBulanPemerintah,"1,92026E+18",,,in,,0,0,0,https://x.com/astrid_marf5/status/1920260123966255485,"1,6917E+18",astrid_marf5
"1,92026E+18",Wed May 07 23:30:59 +0000 2025,0,Gabung BRICS ekspor dan impor naik produksi nasional stabil makan siang gratis hadir di hampir semua wilayah Indonesia #EnamBulanPemerintah,"1,92026E+18",,,in,,0,0,0,https://x.com/qadisah_aruma/status/1920260101199319382,"1,69607E+18",qadisah_aruma
"1,92026E+18",Wed May 07 23:30:52 +0000 2025,0,Enam bulan terakhir BRICS dipercaya jadi masa depan ekonomi makan siang gratis di sekolah bantu anak kejar mimpi #EnamBulanPemerintah,"1,92026E+18",,,in,,0,0,0,https://x.com/alda_maliha/status/1920260070316605460,"1,68227E+18",alda_maliha
"1,92026E+18",Wed May 07 23:30:50 +0000 2025,0,Setengah tahun makin banyak sekolah jalankan makan siang gratis BRICS bikin produk Indonesia dikenal dunia #EnamBulanPemerintah,"1,92026E+18",,,in,,0,0,0,https://x.com/azalea_khliqa/status/1920260065514148258,"1,69673E+18",azalea_khliqa
"1,92026E+18",Wed May 07 23:30:42 +0000 2025,0,Semenjak jadi anggota BRICS investasi asing ke industri lokal naik drastis makan siang gratis diminati semua anak sekolah #EnamBulanPemerintah,"1,92026E+18",,,in,,0,0,0,https://x.com/irwan_danangg/status/1920260030797840425,"1,68734E+18",irwan_danangg
"1,92026E+18",Wed May 07 23:30:42 +0000 2025,0,Makan siang gratis di sekolah diluncurkan di lebih dari 150 ribu titik berdampak langsung ke anak-anak Indonesia #EnamBulanPemerintah,"1,92026E+18",,,in,,0,0,0,https://x.com/fathma_auliaa/status/1920260029489246659,"1,69348E+18",fathma_auliaa
"1,92026E+18",Wed May 07 23:30:41 +0000 2025,0,Kini makin banyak siswa dari keluarga kurang mampu semangat sekolah karena makan siang gratis #EnamBulanPemerintah,"1,92026E+18",,,in,,0,0,0,https://x.com/ebel_agung1/status/1920260025395679487,"1,69238E+18",ebel_agung1
"1,92026E+18",Wed May 07 23:30:37 +0000 2025,0,Bukti nyata kerja cepat pemerintahan baru: distribusi makan siang gratis udah sampai ke pulau-pulau terpencil #EnamBulanPemerintah,"1,92026E+18",,,in,,0,0,0,https://x.com/shakila_ftmah/status/1920260009755017520,"1,68876E+18",shakila_ftmah
"1,92026E+18",Wed May 07 23:30:35 +0000 2025,0,Makan siang gratis di sekolah bikin angka anemia di kalangan siswa SD turun drastis menurut survei Kemenkes #EnamBulanPemerintah,"1,92026E+18",,,in,,0,0,0,https://x.com/khayla_almi2/status/1920259998711755253,"1,68845E+18",khayla_almi2
"1,92026E+18",Wed May 07 23:30:31 +0000 2025,0,Indonesia gabung BRICS program makan siang gratis ampuh dorong anak-anak buat belajar lebih produktif #EnamBulanPemerintah,"1,92026E+18",,,in,,0,0,0,https://x.com/robbi_handokoo/status/1920259985310953542,"1,68481E+18",robbi_handokoo
"1,92026E+18",Wed May 07 23:30:25 +0000 2025,0,Program makan siang gratis selamatkan banyak anak dari kelaparan selama jam belajar #EnamBulanPemerintah,"1,92026E+18",,,in,,0,0,0,https://x.com/firdaus_zidaaan/status/1920259959062671855,"1,69497E+18",firdaus_zidaaan
"1,92026E+18",Wed May 07 23:30:24 +0000 2025,0,Baru mulai prestasi Indonesia nyata relasi diplomatik diperluas sektor industri naik lagi makan siang sekolah gratis makin banyak peminat #EnamBulanPemerintah https://t.co/wHXBX1aDZk,"1,92026E+18",https://pbs.twimg.com/ext_tw_video_thumb/1920259801466220544/pu/img/FklFcliMUaHcYDSW.jpg,,in,,0,0,0,https://x.com/fitiya_nahlan/status/1920259954730283198,"1,70115E+18",fitiya_nahlan
"1,92026E+18",Wed May 07 23:30:22 +0000 2025,0,Dalam enam bulan pertumbuhan investasi industri naik 11 persen makan siang gratis sudah sampai ke 34 provinsi #EnamBulanPemerintah,"1,92026E+18",,,in,,0,0,0,https://x.com/adelia_mar9/status/1920259945108246638,"1,68731E+18",adelia_mar9
"1,92026E+18",Wed May 07 23:30:18 +0000 2025,0,Di bawah Prabowo ekonomi tumbuh 5 persen pasar BRICS terbuka lebar program makan siang gratis diterima 20 juta siswa #EnamBulanPemerintah,"1,92026E+18",,,in,,0,0,0,https://x.com/eliza_farah20/status/1920259927970582819,"1,81597E+18",eliza_farah20
"1,92026E+18",Wed May 07 23:30:12 +0000 2025,0,Enam bulan Prabowo BRICS jadi networking besar ekonomi naik anak-anak makin sehat dengan program makan siang gratis #EnamBulanPemerintah,"1,92026E+18",,,in,,0,0,0,https://x.com/siti_nrhyti14/status/1920259905518260344,"1,84386E+18",siti_nrhyti14
"1,92026E+18",Wed May 07 23:30:08 +0000 2025,0,Pencapaian pertama Prabowo: BRICS industri tumbuh dan makan siang gratis menyentuh jutaan anak sekolah #EnamBulanPemerintah,"1,92026E+18",,,in,,0,0,0,https://x.com/asrwd_habib1/status/1920259888703217900,"1,70219E+18",asrwd_habib1
"1,92026E+18",Wed May 07 23:29:44 +0000 2025,0,Makan siang gratis ngebantu atasi problem gizi kronis di sekolah-sekolah pinggiran #EnamBulanPemerintah,"1,92026E+18",,,in,,0,0,0,https://x.com/lala_safira3/status/1920259786735509962,"1,81596E+18",lala_safira3
"1,92026E+18",Wed May 07 23:29:16 +0000 2025,0,BRICS bawa pasar baru ekonomi lokal naik siswa sekolah ga takut lapar lagi karena ada program makan siang gratis #EnamBulanPemerintah,"1,92026E+18",,,in,,0,0,0,https://x.com/nadia_windia/status/1920259668154237048,"1,83376E+18",nadia_windia
"1,92026E+18",Wed May 07 23:29:13 +0000 2025,0,Sekarang tiap jam makan siang anak-anak sekolah penuh semangat gizi lebih terjaga sejak program gratis jalan #EnamBulanPemerintah,"1,92026E+18",,,in,,0,0,0,https://x.com/adrian_galuh3/status/1920259656024216037,"1,68847E+18",adrian_galuh3
"1,92026E+18",Wed May 07 23:29:00 +0000 2025,0,Jutaan anak sudah nikmatin makan siang gratis tiap hari energi mereka buat belajar semakin maksimal #EnamBulanPemerintah,"1,92026E+18",,,in,,0,0,0,https://x.com/bamela_ivah5/status/1920259600978198634,"1,69243E+18",bamela_ivah5
"1,92026E+18",Wed May 07 23:28:37 +0000 2025,0,Program makan siang gratis berhasil angkat nama Indonesia di forum internasional sebagai negara peduli pendidikan #EnamBulanPemerintah,"1,92026E+18",,,in,,0,0,0,https://x.com/desya_arda43/status/1920259506438824431,"1,69498E+18",desya_arda43
"1,92026E+18",Wed May 07 23:28:27 +0000 2025,0,Makan siang gratis jadi penyemangat baru anak-anak lebih fokus belajar dan nggak gampang ngantuk di kelas #EnamBulanPemerintah,"1,92026E+18",,,in,,0,0,0,https://x.com/iyana_rara01/status/1920259464663609445,"1,69133E+18",iyana_rara01
"1,92026E+18",Wed May 07 23:28:25 +0000 2025,0,Terbukti setengah tahun Prabowo bikin industri nasional tambah maju makan siang gratis hadir di semua sekolah desa dan kota #EnamBulanPemerintah,"1,92026E+18",,,in,,0,0,0,https://x.com/dickyy_rahman/status/1920259455045730347,"1,69098E+18",dickyy_rahman
"1,92026E+18",Wed May 07 23:28:23 +0000 2025,0,Anak-anak di daerah pelosok akhirnya bisa makan siang gratis di sekolah tingkat kehadiran naik pesat #EnamBulanPemerintah,"1,92026E+18",,,in,,0,0,0,https://x.com/isyraq_hammam1/status/1920259447340908668,"1,68223E+18",isyraq_hammam1
"1,92026E+18",Wed May 07 23:27:47 +0000 2025,0,Anak sekolah di seluruh Indonesia makin merata dapet akses makan siang gratis semangat belajar pun meningkat #EnamBulanPemerintah,"1,92026E+18",,,in,,0,0,0,https://x.com/azkia_naila5/status/1920259294840189335,"1,69673E+18",azkia_naila5
"1,92026E+18",Wed May 07 23:27:46 +0000 2025,0,Program makan siang gratis nggak cuma soal nutrisi tapi sukses meningkatkan kehadiran murid di kelas sebesar 8% #EnamBulanPemerintah https://t.co/L9xRG65bgt,"1,92026E+18",https://pbs.twimg.com/ext_tw_video_thumb/1920259089592127488/pu/img/-4EWwwjr5tMgnhwR.jpg,,in,,0,0,0,https://x.com/ivan_indrajaya4/status/1920259291103318476,"1,70406E+18",ivan_indrajaya4
"1,92026E+18",Wed May 07 23:27:38 +0000 2025,0,Banyak negara BRICS tertarik produk Indonesia ekonomi berkembang siswa sekolah nggak perlu khawatir lagi soal makanan lewat program makan siang gratis #EnamBulanPemerintah https://t.co/qosa1VX7Nb,"1,92026E+18",https://pbs.twimg.com/ext_tw_video_thumb/1920258952824324096/pu/img/eZ_1qmhJDsquG5mf.jpg,,in,,0,0,0,https://x.com/himah_naswa/status/1920259259654197306,"1,70008E+18",himah_naswa
"1,92026E+18",Wed May 07 23:27:38 +0000 2025,0,Lewat BRICS Indonesia jadi pemain utama baru produksi dalam negeri dan program makan siang gratis jadi fokus utama Prabowo #EnamBulanPemerintah,"1,92026E+18",,,in,,0,0,0,https://x.com/rustam_mhmd/status/1920259258928738366,"1,69602E+18",rustam_mhmd
"1,92026E+18",Wed May 07 23:27:18 +0000 2025,0,Inisiatif makan siang gratis juga bikin angka gizi buruk anak sekolah SD menurun dalam 6 bulan terakhir #EnamBulanPemerintah,"1,92026E+18",,,in,,0,0,0,https://x.com/hamidah_durun/status/1920259176007086174,"1,68845E+18",hamidah_durun
"1,92026E+18",Wed May 07 23:27:11 +0000 2025,0,Ekspor ke BRICS meningkat angka anak putus sekolah turun berkat makan siang gratis dari Prabowo #EnamBulanPemerintah,"1,92026E+18",,,in,,0,0,0,https://x.com/yani_taf/status/1920259144457531800,"1,83588E+18",yani_taf
"1,92026E+18",Wed May 07 23:27:06 +0000 2025,0,Program makan siang gratis jadi solusi buat masalah gizi dan pendidikan anak #EnamBulanPemerintah,"1,92026E+18",,,in,,0,0,0,https://x.com/fajar_mukhlis79/status/1920259125499273593,"1,83266E+18",fajar_mukhlis79
"1,92026E+18",Wed May 07 23:27:04 +0000 2025,0,Kerja sama BRICS bawa efek domino: industri melesat dan makan siang gratis sekolah jadi gaya hidup baru pelajar Indonesia #EnamBulanPemerintah https://t.co/T3Wr8d7rlU,"1,92026E+18",https://pbs.twimg.com/media/GqYhenSaMAA7I3m.jpg,,in,,0,0,0,https://x.com/arabela_hisan52/status/1920259116955558325,"1,69674E+18",arabela_hisan52
"1,92026E+18",Wed May 07 23:26:02 +0000 2025,0,Program makan siang gratis terbukti tingkatkan konsentrasi belajar siswa SD di seluruh Indonesia #EnamBulanPemerintah,"1,92026E+18",,,in,,0,0,0,https://x.com/irfan_rizkyy/status/1920258856384434623,"1,69681E+18",irfan_rizkyy
"1,92026E+18",Wed May 07 23:25:59 +0000 2025,0,Tahun ini Indonesia jadi sorotan karena masuk BRICS tercatat pertumbuhan industri 7 persen makan siang gratis di 300 ribu sekolah #EnamBulanPemerintah,"1,92026E+18",,,in,jakarta,0,0,0,https://x.com/laura_sara50340/status/1920258841834631593,"1,83229E+18",laura_sara50340
"1,92026E+18",Wed May 07 23:25:30 +0000 2025,0,Sekarang setiap anak sekolah dasar di hampir seluruh wilayah dapet makan siang gratis dari pemerintah #EnamBulanPemerintah,"1,92026E+18",,,in,,0,0,0,https://x.com/sadam_tiooo/status/1920258722544107533,"1,7026E+18",sadam_tiooo
"1,92026E+18",Wed May 07 23:25:27 +0000 2025,0,BRICS bikin Indonesia makin diperhitungkan ekonomi naik dan program makan siang gratis bikin sekolah makin asik #EnamBulanPemerintah,"1,92026E+18",,,in,,0,0,0,https://x.com/vina_setiawan22/status/1920258710225510535,"1,81533E+18",vina_setiawan22
"1,92026E+18",Wed May 07 23:25:19 +0000 2025,0,Data terbaru nunjukin tingkat kelaparan anak sekolah turun drastis berkat kebijakan makan siang gratis #EnamBulanPemerintah,"1,92026E+18",,,in,,0,0,0,https://x.com/kenari_damanik7/status/1920258676285382664,"1,70253E+18",kenari_damanik7
"1,92026E+18",Wed May 07 23:25:09 +0000 2025,0,Industri lokal untung besar lewat BRICS makan siang gratis atasi masalah gizi siswa sekolah dasar #EnamBulanPemerintah,"1,92026E+18",,,in,,0,0,0,https://x.com/naziha_kyra23/status/1920258634782814278,"1,69131E+18",naziha_kyra23
"1,92026E+18",Wed May 07 23:25:08 +0000 2025,0,Keanggotaan BRICS bikin ekonomi Indonesia makin terbuka industri tumbuh dua digit makan siang gratis jadi penyemangat harian siswa #EnamBulanPemerintah,"1,92026E+18",,,in,,0,0,0,https://x.com/adara_shidiqia/status/1920258628361036179,"1,68891E+18",adara_shidiqia
"1,92026E+18",Wed May 07 23:25:04 +0000 2025,0,Presiden Prabowo bawa Indonesia naik kelas dengan diplomasi aktif di BRICS dan program makan siang gratis #EnamBulanPemerintah,"1,92026E+18",,,in,,0,0,0,https://x.com/alvan_hafz/status/1920258611231797619,"1,68332E+18",alvan_hafz
"1,92026E+18",Wed May 07 23:25:03 +0000 2025,0,Satu semester kepemimpinan Prabowo industri domestik tumbuh 8 persen makan siang gratis hadir di sekolah negeri dan swasta #EnamBulanPemerintah,"1,92026E+18",,,in,,0,0,0,https://x.com/nur_cahayaa6/status/1920258607968383320,"1,68852E+18",nur_cahayaa6
"1,92026E+18",Wed May 07 23:25:02 +0000 2025,0,Presiden Prabowo buktiin gebrakan lewat BRICS industri lokal makin tumbuh makan siang gratis jadi visi sosial nyata #EnamBulanPemerintah,"1,92026E+18",,,in,,0,0,0,https://x.com/aldi_irwnsyh/status/1920258605376266289,"1,68194E+18",aldi_irwnsyh
"1,92026E+18",Wed May 07 23:24:59 +0000 2025,0,Program makan siang gratis terbukti bikin konsentrasi belajar anak-anak jauh meningkat di sekolah #EnamBulanPemerintah,"1,92026E+18",,,in,,0,0,0,https://x.com/RatiyaUmin34839/status/1920258593112100916,"1,70253E+18",RatiyaUmin34839
"1,92026E+18",Wed May 07 23:22:13 +0000 2025,0,Indonesia makin terdepan dengan diplomasi BRICS UMKM naik daun makan siang gratis jadi solusi gizi #EnamBulanPemerintah,"1,92026E+18",,,in,,0,0,0,https://x.com/assyra_hime/status/1920257895780004170,"1,70257E+18",assyra_hime
"1,92026E+18",Wed May 07 23:22:12 +0000 2025,0,BRICS nambah relasi Indonesia industri dalam negeri makin hidup program makan siang gratis menurunkan angka bolos sekolah #EnamBulanPemerintah,"1,92026E+18",,,in,,0,0,0,https://x.com/arya_prtm8/status/1920257888859078819,"1,73419E+18",arya_prtm8
"1,92026E+18",Wed May 07 23:22:08 +0000 2025,0,Presiden Prabowo bikin bangga Indonesia makin aktif di kancah internasional dan program makan siang gratis buat anak sekolah #EnamBulanPemerintah,"1,92026E+18",,,in,,0,0,0,https://x.com/rabani_zikar88/status/1920257874397151340,"1,70225E+18",rabani_zikar88
"1,92026E+18",Wed May 07 23:22:01 +0000 2025,0,Setengah tahun Prabowo Indonesia ga cuma diam di kancah dunia ekspor naik anak SD menikmati makan siang gratis tiap hari #EnamBulanPemerintah,"1,92026E+18",,,in,,0,0,0,https://x.com/wahyudisigit_/status/1920257846043947200,"1,8435E+18",wahyudisigit_
"1,92026E+18",Wed May 07 23:21:52 +0000 2025,0,Makan siang gratis bener-bener jadi game changer buat anak-anak sekolah dasar prestasi mereka ikut naik #EnamBulanPemerintah,"1,92026E+18",,,in,,0,0,0,https://x.com/kevin_fernnd12/status/1920257807124664761,"1,6823E+18",kevin_fernnd12
"1,92026E+18",Wed May 07 23:21:49 +0000 2025,0,Enam bulan penuh capaian dari BRICS yang bikin ekspor nambah sampai program makan siang gratis se-Indonesia #EnamBulanPemerintah,"1,92026E+18",,,in,,0,0,0,https://x.com/tohaya_kmh2/status/1920257792360771849,"1,68232E+18",tohaya_kmh2
"1,92026E+18",Wed May 07 23:21:39 +0000 2025,0,Ekspor meningkat investasi di industri nasional melonjak makan siang gratis diminati 90 persen pelajar SD #EnamBulanPemerintah,"1,92026E+18",,,in,,0,0,0,https://x.com/marlina_kauri/status/1920257751990874252,"1,68229E+18",marlina_kauri
"1,92026E+18",Wed May 07 23:21:34 +0000 2025,0,Gabung BRICS ekonomi lebih maju industri dalam negeri naik 11 persen makan siang gratis dirasakan lebih banyak siswa #EnamBulanPemerintah,"1,92026E+18",,,in,,0,0,0,https://x.com/khaliq_farizi/status/1920257733485297940,"1,68226E+18",khaliq_farizi
"1,92026E+18",Wed May 07 23:21:28 +0000 2025,0,Makan siang gratis sukses turunkan biaya pendidikan keluarga sekarang ortu nggak terlalu khawatir soal bekal anak di sekolah #EnamBulanPemerintah,"1,92026E+18",,,in,,0,0,0,https://x.com/sarif_krudin/status/1920257705458999746,"1,70263E+18",sarif_krudin
"1,92026E+18",Wed May 07 23:21:21 +0000 2025,0,Setengah tahun penuh kerja nyata: diplomasi kuat ekonomi berdaya saing semua anak sekolah dapat makan siang gratis #EnamBulanPemerintah,"1,92026E+18",,,in,,0,0,0,https://x.com/fahri_nudhr7/status/1920257678875504896,"1,69607E+18",fahri_nudhr7
"1,92026E+18",Wed May 07 23:21:10 +0000 2025,0,Program makan siang gratis di sekolah jadi inspirasi buat negara-negara tetangga #EnamBulanPemerintah,"1,92026E+18",,,in,,0,0,0,https://x.com/farraz_fr/status/1920257632679453011,"1,70257E+18",farraz_fr
"1,92026E+18",Wed May 07 23:21:10 +0000 2025,0,Baru seumur jagung kabinet Prabowo bawa suasana baru Indonesia masuk BRICS dan industri lokal dibikin makin kece makan siang gratis jadi sorotan #EnamBulanPemerintah https://t.co/c8goBKBoLE,"1,92026E+18",https://pbs.twimg.com/ext_tw_video_thumb/1920254176283828224/pu/img/JOA92P8kz7KwGZZZ.jpg,,in,,0,0,0,https://x.com/faizah_yulia99/status/1920257629047472140,"1,70979E+18",faizah_yulia99
"1,92026E+18",Wed May 07 23:21:00 +0000 2025,0,Ekspor nonmigas Indonesia ke BRICS naik 8 persen Prabowo sukses bikin urusan sekolah makin asik dengan makan siang gratis #EnamBulanPemerintah,"1,92026E+18",,,in,,0,0,0,https://x.com/sarah_utami99/status/1920257587737735668,"1,70257E+18",sarah_utami99
"1,92026E+18",Wed May 07 23:20:50 +0000 2025,0,Gabung BRICS industri nasional tambah keterampilan jutaan anak sekolah nikmati makan siang gratis tiap hari #EnamBulanPemerintah,"1,92026E+18",,,in,,0,0,0,https://x.com/akbar_ismail50/status/1920257546725499066,"1,69608E+18",akbar_ismail50
"1,92026E+18",Wed May 07 23:20:45 +0000 2025,0,Program makan siang gratis jangkau jutaan siswa Indonesia makin solid jadi anggota BRICS dan pabrik-pabrik lokal terus buka lowongan kerja baru #EnamBulanPemerintah https://t.co/YZkmXlFIbU,"1,92026E+18",https://pbs.twimg.com/ext_tw_video_thumb/1920255959630557189/pu/img/xa3OK-T10cLg3f5r.jpg,,in,,0,0,0,https://x.com/Susi_karimun23/status/1920257523854045597,"1,70144E+18",Susi_karimun23
"1,92026E+18",Wed May 07 23:20:43 +0000 2025,0,Gabung BRICS bikin anak-anak makin semangat sekolah karena akses makan siang gratis terus dijaga #EnamBulanPemerintah,"1,92026E+18",,,in,,0,0,0,https://x.com/randy_dk2/status/1920257518279725086,"1,68698E+18",randy_dk2
"1,92026E+18",Wed May 07 23:20:39 +0000 2025,0,BRICS bawa peluang baru industri lokal naik daun makan siang gratis jadi program jempolan di sekolah #EnamBulanPemerintah,"1,92026E+18",,,in,,0,0,0,https://x.com/kabsya_munirah/status/1920257502169477394,"1,68848E+18",kabsya_munirah
"1,92026E+18",Wed May 07 23:20:00 +0000 2025,0,Baru hitungan bulan Indonesia udah cetak prestasi: masuk BRICS sektor industri tumbuh makan siang gratis buat anak sekolah makin rutin #EnamBulanPemerintah https://t.co/wk0pGuMzK9,"1,92026E+18",https://pbs.twimg.com/media/GqYf3VubMAUNJ5q.jpg,,in,,0,0,0,https://x.com/upik_horan/status/1920257338218356784,"1,70978E+18",upik_horan
"1,92026E+18",Wed May 07 23:19:18 +0000 2025,0,Setengah tahun pertama BRICS sukses bikin Indonesia makin dihargai industri melejit makan siang gratis jadi gaya hidup baru di sekolah #EnamBulanPemerintah,"1,92026E+18",,,in,,0,0,0,https://x.com/faidah_fazma/status/1920257159050186893,"1,68882E+18",faidah_fazma
"1,91992E+18",Wed May 07 23:18:57 +0000 2025,0,@tethysdeep @LyliDeer183 @miniyayaay Gak tinggal juga karena banyak yang harus dibenerin tapi itu lebih realistis daripada makan siang gratis. Liat aja dananya dipangkas terus ya pantesan kualitas makanannya jelek Tujuannya juga berubah-ubah awalnya buat mencegah stunting trs tetiba dikasih ke murid???,"1,92026E+18",,yanfeisme,in,DNSS & DNFF,0,1,0,https://x.com/yanfeisme/status/1920257071309619394,"1,44523E+18",yanfeisme
"1,92026E+18",Wed May 07 23:18:53 +0000 2025,0,Gabung BRICS sukses tingkatkan ekonomi dan diplomasi sekolah makin ramai karena makan siang gratis tambah minat siswa #EnamBulanPemerintah,"1,92026E+18",,,in,,0,0,0,https://x.com/agung_prmna2/status/1920257057434787860,"1,81567E+18",agung_prmna2
"1,92026E+18",Wed May 07 23:18:51 +0000 2025,0,Baru 6 bulan inisiatif makan siang gratis jadi penyemangat baru diplomasi lewat BRICS makin mantap dan industri nasional makin bergairah #EnamBulanPemerintah https://t.co/H2ijOa4AMB,"1,92026E+18",https://pbs.twimg.com/ext_tw_video_thumb/1920256930238640130/pu/img/6RtMGBlAbQCB5Tpr.jpg,,in,,0,0,0,https://x.com/najib_prasetyo2/status/1920257047397908884,"1,70905E+18",najib_prasetyo2
"1,92026E+18",Wed May 07 23:18:49 +0000 2025,0,Program makan siang gratis juga dorong pemberdayaan petani lokal karena bahan makanan diambil dari hasil daerah #EnamBulanPemerintah,"1,92026E+18",,,in,,0,0,0,https://x.com/dimad_wicaksono/status/1920257040892493835,"1,69709E+18",dimad_wicaksono
"1,92026E+18",Wed May 07 23:18:26 +0000 2025,0,Kinerja Prabowo keliatan banget gabung BRICS industri lokal lanjut tumbuh anak-anak sekolah makin sehat berkat makan siang gratis #EnamBulanPemerintah https://t.co/SQaiPPdiz7,"1,92026E+18",https://pbs.twimg.com/media/GqYfeZebMAI2PnZ.jpg,,in,,0,0,0,https://x.com/sigit_awan24/status/1920256941076496531,"1,69673E+18",sigit_awan24
"1,92026E+18",Wed May 07 23:18:19 +0000 2025,0,Gerao muda makin sehat karena makan siang gratis rutin prestasi sekolah juga naik perlahan #EnamBulanPemerintah,"1,92026E+18",,,in,,0,0,0,https://x.com/khalisa_fairza/status/1920256915390525832,"1,69672E+18",khalisa_fairza
"1,92026E+18",Wed May 07 23:18:18 +0000 2025,0,Program makan siang gratis bikin tingkat kehadiran di sekolah naik anak nggak gampang bolos #EnamBulanPemerintah,"1,92026E+18",,,in,,0,0,0,https://x.com/azrina_misha4/status/1920256910932005238,"1,69172E+18",azrina_misha4
"1,92026E+18",Wed May 07 23:18:09 +0000 2025,0,Keanggotaan BRICS bikin ekspor nambah 10 persen industrialisasi jalan dan anak sekolah makin sehat berkat makan siang gratis #EnamBulanPemerintah,"1,92026E+18",,,in,,0,0,0,https://x.com/sobur_ilman/status/1920256873132929073,"1,69096E+18",sobur_ilman
"1,92026E+18",Wed May 07 23:18:09 +0000 2025,0,Program makan siang gratis di sekolah udah berjalan jutaan anak makin semangat belajar sambil perut kenyang #EnamBulanPemerintah,"1,92026E+18",,,in,,0,0,0,https://x.com/fariska_hika/status/1920256871182614549,"1,6823E+18",fariska_hika
"1,92026E+18",Wed May 07 23:18:09 +0000 2025,0,Presiden Prabowo buktiin gebrakan lewat BRICS industri lokal makin tumbuh makan siang gratis jadi visi sosial nyataBaru enam bulan Indonesia udah resmi gabung BRICS dan makin diperhitungkan di kancah dunia #EnamBulanPemerintah,"1,92026E+18",,,in,,0,0,0,https://x.com/vicka_winarsih3/status/1920256870633386158,"1,7022E+18",vicka_winarsih3
"1,92026E+18",Wed May 07 23:18:09 +0000 2025,0,Sekolah di pedalaman makin semangat karena program makan siang gratis menambah asupan gizi anak #EnamBulanPemerintah,"1,92026E+18",,,in,,0,0,0,https://x.com/rayhan_cornelis/status/1920256870402699767,"1,68847E+18",rayhan_cornelis
"1,92026E+18",Wed May 07 23:18:07 +0000 2025,0,Program makan siang gratis jadi tulang punggung pencegahan kekurangan gizi anak sekolah #EnamBulanPemerintah,"1,92026E+18",,,in,,0,0,0,https://x.com/fariz_bas19/status/1920256862458376659,"1,8512E+18",fariz_bas19
"1,92026E+18",Wed May 07 23:17:51 +0000 2025,0,Program makan siang gratis udah menjangkau puluhan ribu sekolah dalam waktu relatif singkat #EnamBulanPemerintah,"1,92026E+18",,,in,,0,0,0,https://x.com/desi_amelia73/status/1920256798034178065,"1,84384E+18",desi_amelia73
"1,92026E+18",Wed May 07 23:17:35 +0000 2025,0,Anak sekolah sekarang nggak cuma belajar tapi juga dapet makan siang gratis tiap hari pengaruhnya ke kesehatan nyata banget #EnamBulanPemerintah,"1,92026E+18",,,in,,0,0,0,https://x.com/jazila_islami0/status/1920256727557288353,"1,69097E+18",jazila_islami0
"1,92026E+18",Wed May 07 23:17:33 +0000 2025,0,Anak sekolah di kampung makin semangat makan siang gratis bikin mereka nggak bolos lagi #EnamBulanPemerintah,"1,92026E+18",,,in,,0,0,0,https://x.com/alea_kimaya/status/1920256720875741310,"1,6968E+18",alea_kimaya
"1,92026E+18",Wed May 07 23:17:28 +0000 2025,0,Baru 180 hari hubungan internasional Indonesia makin solid pertumbuhan industri tembus 7 persen makan siang gratis makin luas #EnamBulanPemerintah,"1,92026E+18",,,in,jakarta,0,0,0,https://x.com/yuddabgskor0_/status/1920256697953890534,"1,83229E+18",yuddabgskor0_
"1,92026E+18",Wed May 07 23:17:19 +0000 2025,0,Angka pertumbuhan ekonomi Indonesia naik gara-gara BRICS pelaku industri lokal makin percaya diri dan siswa sekolah borong makan siang gratis #EnamBulanPemerintah https://t.co/YUchFED3Cv,"1,92026E+18",https://pbs.twimg.com/ext_tw_video_thumb/1920256552969388032/pu/img/CiwuVk7Xcvb8GUMz.jpg,,in,,0,0,0,https://x.com/samiah_melani/status/1920256660767191547,"1,70145E+18",samiah_melani
"1,92026E+18",Wed May 07 23:17:18 +0000 2025,0,Duet diplomasi dan ekonomi BRICS jadi pendorong program makan siang gratis jaga semangat anak Indonesia #EnamBulanPemerintah,"1,92026E+18",,,in,,0,0,0,https://x.com/slamet_tamba/status/1920256657994469842,"1,70218E+18",slamet_tamba
"1,92026E+18",Wed May 07 23:17:15 +0000 2025,0,Setengah tahun pencapaian nyata: gabung BRICS peluang ekspor naik makan siang gratis jadi andalan #EnamBulanPemerintah,"1,92026E+18",,,in,,0,0,0,https://x.com/rendie_ria66/status/1920256644828590088,"1,69173E+18",rendie_ria66
"1,92026E+18",Wed May 07 23:17:12 +0000 2025,0,Prabowo buktiin janji kampanye soal program makan siang gratis sekarang udah dirasain lebih dari 500 ribu anak sekolah #EnamBulanPemerintah,"1,92026E+18",,,in,,0,0,0,https://x.com/achira_tahina/status/1920256633705521645,"1,69709E+18",achira_tahina
"1,92026E+18",Wed May 07 23:17:02 +0000 2025,0,Kebijakan makan siang gratis memperbaiki status gizi siswa SD makin banyak anak tumbuh sehat #EnamBulanPemerintah,"1,92026E+18",,,in,,0,0,0,https://x.com/tono_stwn0013/status/1920256591275716708,"1,83268E+18",tono_stwn0013
"1,92026E+18",Wed May 07 23:17:02 +0000 2025,0,Makan siang gratis kini dinikmati jutaan siswa SD program sosial Prabowo bikin anak-anak makin semangat sekolah dan gizi terjaga #EnamBulanPemerintah,"1,92026E+18",,,in,,0,0,0,https://x.com/hndr_krwn21/status/1920256590180974601,"1,84386E+18",hndr_krwn21
"1,92026E+18",Wed May 07 23:17:02 +0000 2025,0,Akses pendidikan makin merata dengan makan siang gratis di sekolah satu langkah kecil hasil dampak besar #EnamBulanPemerintah,"1,92026E+18",,,in,,0,0,0,https://x.com/arista_widya116/status/1920256589509919018,"1,6823E+18",arista_widya116
"1,92026E+18",Wed May 07 23:17:00 +0000 2025,0,Gabung BRICS bikin posisi Indonesia makin kuat kebijakan makan siang gratis tingkatkan kesehatan anak sekolah #EnamBulanPemerintah,"1,92026E+18",,,in,,0,0,0,https://x.com/winda_sarii12/status/1920256584170471864,"1,81565E+18",winda_sarii12
"1,92026E+18",Wed May 07 23:16:58 +0000 2025,0,Keputusan gabung BRICS bikin ekspor tumbuh 9 persen Prabowo juga sukses gulirkan makan siang gratis serempak di negeri ini #EnamBulanPemerintah,"1,92026E+18",,,in,,0,0,0,https://x.com/andriani_anevay/status/1920256574481686667,"1,68232E+18",andriani_anevay
"1,92026E+18",Wed May 07 23:16:55 +0000 2025,0,Industri meningkat pesat berkat ekspor BRICS makan siang gratis hadir di 70 persen sekolah di Indonesia #EnamBulanPemerintah,"1,92026E+18",,,in,,0,0,0,https://x.com/fajri_ilham21/status/1920256562158842174,"1,69093E+18",fajri_ilham21
"1,92026E+18",Wed May 07 23:16:55 +0000 2025,0,Pemerintah konsisten salurkan makan siang gratis ke seluruh SD gizi anak-anak Indonesia semakin baik dari hari ke hari #EnamBulanPemerintah,"1,92026E+18",,,in,,0,0,0,https://x.com/aysha_aylani2/status/1920256562074980545,"1,68847E+18",aysha_aylani2
"1,92026E+18",Wed May 07 23:16:48 +0000 2025,0,Enam bulan terakhir diplomasi makin aktif lewat BRICS industri nasional naik kelas anak sekolah makin ceria menikmati makan siang gratis #EnamBulanPemerintah https://t.co/x0s8uQ9wHO,"1,92026E+18",https://pbs.twimg.com/ext_tw_video_thumb/1920255160640811008/pu/img/3D5PJkDJaPNEkacg.jpg,,in,,0,0,0,https://x.com/pandji_ikwl11/status/1920256533251711037,"1,7001E+18",pandji_ikwl11
"1,92026E+18",Wed May 07 23:16:34 +0000 2025,0,Program makan siang gratis bikin orang tua lebih tenang anak-anak punya energi buat belajar seharian #EnamBulanPemerintah,"1,92026E+18",,,in,,0,0,0,https://x.com/mustofa_kamal30/status/1920256474783035488,"1,69243E+18",mustofa_kamal30
"1,92026E+18",Wed May 07 23:16:32 +0000 2025,0,BRICS bikin diplomasi Indonesia naik level ekonomi meningkat program makan siang gratis disambut positif sama keluarga #EnamBulanPemerintah,"1,92026E+18",,,in,,0,0,0,https://x.com/hendra_gnwann/status/1920256464716804372,"1,68839E+18",hendra_gnwann
"1,92026E+18",Wed May 07 23:16:25 +0000 2025,0,Gabung BRICS bikin Indonesia punya suara lebih keras di kancah dunia ekonomi naik dan program makan siang gratis jadi nyata #EnamBulanPemerintah,"1,92026E+18",,,in,,0,0,0,https://x.com/gntr_stwn21/status/1920256435897729028,"1,84385E+18",gntr_stwn21
"1,92026E+18",Wed May 07 23:16:20 +0000 2025,0,Makin banyak siswa melanjutkan sekolah karena ada jaminan makan siang gratis dari pemerintah #EnamBulanPemerintah,"1,92026E+18",,,in,,0,0,0,https://x.com/listi_nur83/status/1920256414938726577,"1,6885E+18",listi_nur83
"1,92026E+18",Wed May 07 23:16:20 +0000 2025,0,Enam bulan penuh inovasi dari BRICS sampai makan siang gratis semua nyata terasa manfaatnya #EnamBulanPemerintah,"1,92026E+18",,,in,,0,0,0,https://x.com/boas_sal51/status/1920256412879385024,"1,70262E+18",boas_sal51
"1,92026E+18",Wed May 07 23:16:16 +0000 2025,0,Makan siang gratis bantu atasi gizi buruk di sekolah sekarang anak-anak nggak mudah sakit dan makin semangat belajar #EnamBulanPemerintah,"1,92026E+18",,,in,,0,0,0,https://x.com/rini_laysa/status/1920256398497063333,"1,68736E+18",rini_laysa
"1,92026E+18",Wed May 07 23:16:08 +0000 2025,0,Presiden Prabowo gaspol diplomasi lewat BRICS program makan siang gratis di 250 ribu sekolah bikin siswa makin happy #EnamBulanPemerintah,"1,92026E+18",,,in,,0,0,0,https://x.com/inez_hauraa/status/1920256365169201281,"1,69675E+18",inez_hauraa
"1,92026E+18",Wed May 07 23:16:07 +0000 2025,0,Gabung BRICS Indonesia ga kebagian pinggir lagi industri jalan makan siang gratis udah menjangkau pelosok #EnamBulanPemerintah,"1,92026E+18",,,in,,0,0,0,https://x.com/alii_mhmmd157/status/1920256360299524438,"1,49126E+18",alii_mhmmd157
"1,92026E+18",Wed May 07 23:16:04 +0000 2025,0,Peningkatan ekspor hampir 12 persen lewat BRICS makan siang gratis jadi solusi masalah gizi anak negeri #EnamBulanPemerintah,"1,92026E+18",,,in,,0,0,0,https://x.com/risya_244/status/1920256346458390841,"1,69346E+18",risya_244
"1,92026E+18",Wed May 07 23:15:51 +0000 2025,0,Pencapaian nyata: makin banyak sekolah terlayani makan siang gratis dan ekspor terbuka lewide BRICS #EnamBulanPemerintah,"1,92026E+18",,,in,,0,0,0,https://x.com/vicky_arteoo/status/1920256292633129197,"1,69133E+18",vicky_arteoo
"1,92026E+18",Wed May 07 23:15:49 +0000 2025,0,Diplomasi BRICS gebrak ekspor industri tumbuh dan makan siang gratis makin banyak dinikmati pelajar #EnamBulanPemerintah,"1,92026E+18",,,in,,0,0,0,https://x.com/wistia_nahrati1/status/1920256285901017482,"1,68223E+18",wistia_nahrati1
"1,92026E+18",Wed May 07 23:15:46 +0000 2025,0,Hebatnya hampir semua sekolah negeri udah jalanin makan siang gratis kerja sama ekonomi BRICS pun memperluas pasar industri lokal #EnamBulanPemerintah https://t.co/9tlwwh7YU6,"1,92026E+18",https://pbs.twimg.com/media/GqYe5ZTbMAASrz_.jpg,,in,,0,0,0,https://x.com/icha_pertiwi10/status/1920256271371956298,"1,70116E+18",icha_pertiwi10
"1,92026E+18",Wed May 07 23:15:43 +0000 2025,0,Makan siang gratis bikin angka putus sekolah di daerah terpencil turun cukup drastis #EnamBulanPemerintah,"1,92026E+18",,,in,,0,0,0,https://x.com/anton_ismail11/status/1920256257459433775,"1,69131E+18",anton_ismail11
"1,92026E+18",Wed May 07 23:15:42 +0000 2025,0,Angka putus sekolah turun signifikan berkat makan siang gratis bukti kepedulian pemerintah soal pendidikan dan kesehatan #EnamBulanPemerintah,"1,92026E+18",,,in,,0,0,0,https://x.com/ifan_naufal99/status/1920256254502637999,"1,68196E+18",ifan_naufal99
"1,92026E+18",Wed May 07 23:15:41 +0000 2025,0,Program makan siang gratis jadi favorit anak SD membangun kebiasaan sehat sejak kecil #EnamBulanPemerintah,"1,92026E+18",,,in,,0,0,0,https://x.com/yadi_muly4/status/1920256249779646885,"1,69243E+18",yadi_muly4
"1,92026E+18",Wed May 07 23:15:40 +0000 2025,0,BRICS membuka jalan baru Indonesia makin diperhitungkan makan siang gratis dan pertumbuhan industri jadi bukti kerja nyata #EnamBulanPemerintah,"1,92026E+18",,,in,,0,0,0,https://x.com/mirza_chanan1/status/1920256246487367856,"1,68228E+18",mirza_chanan1
"1,92026E+18",Wed May 07 23:15:39 +0000 2025,0,Sekarang makin banyak siswa sekolah bisa makan siang gratis ekspor juga nggak kalah ngebut sejak masuk BRICS #EnamBulanPemerintah,"1,92026E+18",,,in,,0,0,0,https://x.com/raqiqah_masir1/status/1920256244318642279,"1,69098E+18",raqiqah_masir1
"1,92026E+18",Wed May 07 23:15:39 +0000 2025,0,Setengah tahun Prabowo: ekonomi naik hubungan luar negeri meningkat 18 juta anak sekolah sudah rasakan makan siang gratis #EnamBulanPemerintah,"1,92026E+18",,,in,,0,0,0,https://x.com/faida_hafih/status/1920256241663644071,"1,69137E+18",faida_hafih
"1,92026E+18",Wed May 07 23:15:36 +0000 2025,0,Program makan siang gratis jadi itikad baik pemerintahan baru dalam membangun masa depan cerah generasi muda #EnamBulanPemerintah,"1,92026E+18",,,in,,0,0,0,https://x.com/alzena_gesa/status/1920256230091604121,"1,69637E+18",alzena_gesa
"1,92026E+18",Wed May 07 23:15:32 +0000 2025,0,Belajar makin semangat karena perut kenyang program makan siang gratis efeknya langsung terasa #EnamBulanPemerintah,"1,92026E+18",,,in,,0,0,0,https://x.com/vio_salman/status/1920256214631354785,"1,70258E+18",vio_salman
"1,92026E+18",Wed May 07 23:15:32 +0000 2025,0,Dari debut di BRICS sampai makan siang gratis di sekolah setengah tahun ini beneran penuh progres nyata #EnamBulanPemerintah,"1,92026E+18",,,in,,0,0,0,https://x.com/iran_nahda34/status/1920256214597861582,"1,6924E+18",iran_nahda34
"1,92026E+18",Wed May 07 23:15:28 +0000 2025,0,Baru enam bulan Prabowo bikin gebrakan makan siang gratis yang udah dinikmati lebih dari 8 juta siswa sekolah #EnamBulanPemerintah,"1,92026E+18",,,in,,0,0,0,https://x.com/dehla_marunda0/status/1920256196579373567,"1,68186E+18",dehla_marunda0
"1,92026E+18",Wed May 07 23:15:25 +0000 2025,0,Setengah tahun pertama Prabowo ekspor ke negara-negara BRICS naik anak-anak sekolah jadi makin semangat gara-gara makan siang gratis #EnamBulanPemerintah,"1,92026E+18",,,in,,0,0,0,https://x.com/ghaida_nur25/status/1920256185841676435,"1,68917E+18",ghaida_nur25
"1,92026E+18",Wed May 07 23:15:24 +0000 2025,0,Sekarang lebih dari 60 persen SD di kota-kota besar udah makan siang gratis bareng pemerintah #EnamBulanPemerintah,"1,92026E+18",,,in,,0,0,0,https://x.com/tamarina_zalfa/status/1920256179302813972,"1,70261E+18",tamarina_zalfa
"1,92026E+18",Wed May 07 23:15:23 +0000 2025,0,Ekspor naik hampir 10 persen makan siang gratis bantu anak tetap fokus belajar BRICS tambah nilai diplomasi #EnamBulanPemerintah,"1,92026E+18",,,in,,0,0,0,https://x.com/mhmmd_fzrin8/status/1920256175393886515,"1,68195E+18",mhmmd_fzrin8
"1,92026E+18",Wed May 07 23:15:23 +0000 2025,0,BRICS jadi kesempatan emas industri dalam negeri tembus rekor makan siang gratis bantu tingkatan kesehatan pelajar #EnamBulanPemerintah,"1,92026E+18",,,in,,0,0,0,https://x.com/bahan_ehsan20/status/1920256174575997049,"1,68233E+18",bahan_ehsan20
"1,92026E+18",Wed May 07 23:15:22 +0000 2025,0,Ga sampai setahun anak-anak di sekolah sambut program makan siang gratis guru juga pada senang #EnamBulanPemerintah,"1,92026E+18",,,in,,0,0,0,https://x.com/fahmi_hmka5/status/1920256173204238638,"1,69604E+18",fahmi_hmka5
"1,92026E+18",Wed May 07 23:15:22 +0000 2025,0,Gabung BRICS industri naik kelas makan siang gratis cakup seluruh kabupaten diplomasi makin top #EnamBulanPemerintah https://t.co/zFQdvuukTQ,"1,92026E+18",https://pbs.twimg.com/ext_tw_video_thumb/1920254201269268480/pu/img/ZdijGu76-SmTPH1V.jpg,,in,,0,0,0,https://x.com/steven_kurni/status/1920256170750849247,"1,7001E+18",steven_kurni
"1,92026E+18",Wed May 07 23:15:16 +0000 2025,0,Program makan siang gratis jadi salah satu legacy terbesar enam bulan pertama Prabowo #EnamBulanPemerintah,"1,92026E+18",,,in,,0,0,0,https://x.com/adam_pratama23/status/1920256145400140036,"1,83413E+18",adam_pratama23
"1,92026E+18",Wed May 07 23:15:09 +0000 2025,0,Setengah tahun jadi presiden Prabowo sukses angkat nama Indonesia di dunia dan bantu ekonomi lokal lewat kebijakan strategis serta makan siang gratis di sekolah #EnamBulanPemerintah https://t.co/bgzPNMLPkh,"1,92026E+18",https://pbs.twimg.com/media/GqYewSlaIAA9nDP.jpg,,in,,0,0,0,https://x.com/rrendra_nghro77/status/1920256118527344897,"1,70115E+18",rrendra_nghro77
"1,92026E+18",Wed May 07 23:15:08 +0000 2025,0,Makin percaya diri Indonesia gabung BRICS dan dorong ekonomi tumbuh makan siang gratis jadi hak semua anak sekolah #EnamBulanPemerintah https://t.co/8L154r7TZN,"1,92026E+18",https://pbs.twimg.com/media/GqYev29bMAEHkNq.jpg,,in,,0,0,0,https://x.com/andikara_angrwn/status/1920256111468261605,"1,70146E+18",andikara_angrwn
"1,92026E+18",Wed May 07 23:15:07 +0000 2025,0,Bukan cuma makan siang gratis kualitas makanannya juga dijaga biar anak-anak bisa tumbuh optimal #EnamBulanPemerintah,"1,92026E+18",,,in,,0,0,0,https://x.com/rogayah_gayum/status/1920256106615480584,"1,68196E+18",rogayah_gayum
"1,92026E+18",Wed May 07 23:14:47 +0000 2025,0,Terbukti program sosial seperti makan siang gratis bikin anak sekolah makin rajin hadir #EnamBulanPemerintah,"1,92026E+18",,,in,,0,0,0,https://x.com/paiman_smsir2/status/1920256023014658545,"1,70253E+18",paiman_smsir2
"1,92026E+18",Wed May 07 23:14:46 +0000 2025,0,Makan siang gratis di sekolah ngurangin angka anak yang bolos dan bantu tumbuh kembang mereka #EnamBulanPemerintah,"1,92026E+18",,,in,,0,0,0,https://x.com/juan_fernandoo1/status/1920256019495571859,"1,68225E+18",juan_fernandoo1
"1,92026E+18",Wed May 07 23:14:44 +0000 2025,0,Baru enam bulan ekspor ke negara BRICS naik 10 persen siswa sekolah dasar makin sehat berkat program makan siang gratis #EnamBulanPemerintah,"1,92026E+18",,,in,,0,0,0,https://x.com/alfian_st00/status/1920256012571062292,"1,70259E+18",alfian_st00
"1,91992E+18",Wed May 07 23:14:44 +0000 2025,0,@LyliDeer183 @miniyayaay Konyol. Lu kira di Korsel itu GRATIS? Mereka bayar konyollllll ortu mereka BAYAR tiap bulan buat makan siang anak-anak mereka KONYOL NIH ORG.,"1,92026E+18",,LyliDeer183,in,DNSS & DNFF,0,1,0,https://x.com/yanfeisme/status/1920256010222018852,"1,44523E+18",yanfeisme
"1,92026E+18",Wed May 07 23:14:25 +0000 2025,0,Industri dalam negeri makin kreatif diplomasi lewat BRICS sukses makan siang gratis jadi andalan tiap siang #EnamBulanPemerintah,"1,92026E+18",,,in,,0,0,0,https://x.com/danill_zakaria/status/1920255934032486899,"1,69494E+18",danill_zakaria
"1,92026E+18",Wed May 07 23:13:57 +0000 2025,0,Anak-anak sekolah lebih aktif di kelas gara-gara makan siang gratis semangat belajar naik bareng kesehatan #EnamBulanPemerintah,"1,92026E+18",,,in,,0,0,0,https://x.com/tia_setiawati80/status/1920255814830547443,"1,84176E+18",tia_setiawati80
"1,92026E+18",Wed May 07 23:13:47 +0000 2025,0,Program makan siang gratis jadi solusi buat anak Indonesia yang butuh tambahan asupan gizi selama sekolah #EnamBulanPemerintah,"1,92026E+18",,,in,,0,0,0,https://x.com/kyra_ulani/status/1920255771448648024,"1,70263E+18",kyra_ulani
"1,92026E+18",Wed May 07 23:13:26 +0000 2025,0,Stok beras nasional aman berkat kebijakan pro petani dan distribusi makan siang gratis serba lokal #EnamBulanPemerintah https://t.co/AVSn7rfNLl,"1,92026E+18",https://pbs.twimg.com/media/GqYeWxzbgAAr5uG.jpg,,in,,0,0,0,https://x.com/astrida_kaumah4/status/1920255685356630516,"1,69643E+18",astrida_kaumah4
"1,92026E+18",Wed May 07 23:13:11 +0000 2025,0,Indonesia makin kompak bangun industri sama anggota BRICS ekonomi naik dan siswa sekolah dapet manfaat langsung dari makan siang gratis #EnamBulanPemerintah https://t.co/feowXAjP4u,"1,92026E+18",https://pbs.twimg.com/ext_tw_video_thumb/1920254505536700416/pu/img/8XSN__r5_d-r9tzF.jpg,,in,,0,0,0,https://x.com/ira_nur88/status/1920255621678706923,"1,70149E+18",ira_nur88
"1,92026E+18",Wed May 07 23:13:10 +0000 2025,0,Setengah tahun pemerintahan ekspor nambah 11 persen sekolah makin ramah anak dengan makan siang gratis #EnamBulanPemerintah,"1,92026E+18",,,in,,0,0,0,https://x.com/ata_apriliany8/status/1920255616708141408,"1,69099E+18",ata_apriliany8
"1,92026E+18",Wed May 07 23:12:20 +0000 2025,0,Makan siang gratis di sekolah udah jadi kenyataan ekonomi juga makin melaju sejak Indonesia gabung BRICS #EnamBulanPemerintah,"1,92026E+18",,,in,,0,0,0,https://x.com/gadis_bila24/status/1920255409375371458,"1,68696E+18",gadis_bila24
"1,92026E+18",Wed May 07 23:12:14 +0000 2025,0,Makin pede ekspor ke pasar BRICS dan makin banyak anak sekolah dapet makan siang gratis #EnamBulanPemerintah,"1,92026E+18",,,in,,0,0,0,https://x.com/handy_steven24/status/1920255381089230935,"1,69167E+18",handy_steven24
"1,92026E+18",Wed May 07 23:11:44 +0000 2025,0,Lewat BRICS Indonesia buka peluang dagang program makan siang gratis angkat gizi anak sekolah #EnamBulanPemerintah,"1,92026E+18",,,in,,0,0,0,https://x.com/katrina_fera112/status/1920255256299995423,"1,70261E+18",katrina_fera112
"1,92026E+18",Wed May 07 23:11:38 +0000 2025,0,Ekspor ke negara BRICS melonjak UMKM lokal makin berkembang anak-anak sekolah makin sehat karena makan siang gratis #EnamBulanPemerintah,"1,92026E+18",,,in,,0,0,0,https://x.com/doni_ptraa/status/1920255232690499978,"1,81423E+18",doni_ptraa
"1,92026E+18",Wed May 07 23:11:04 +0000 2025,0,Baru setengah tahun industri lokal tumbuh 5 persen hubungan luar negeri makin erat lewat BRICS program makan siang gratis jadi andalan #EnamBulanPemerintah https://t.co/mXx8Zm3ZJT,"1,92026E+18",https://pbs.twimg.com/ext_tw_video_thumb/1920254921775149056/pu/img/_4MahFb6T9K3G8sv.jpg,,in,,0,0,0,https://x.com/wingsi_kartika/status/1920255087001141484,"1,70153E+18",wingsi_kartika
"1,92026E+18",Wed May 07 23:10:47 +0000 2025,0,Bisnis makanan lokal makin laris karena didukung program makan siang gratis di sekolah #EnamBulanPemerintah,"1,92026E+18",,,in,,0,0,0,https://x.com/satrio_nugrha/status/1920255016746823801,"1,81091E+18",satrio_nugrha
"1,92026E+18",Wed May 07 23:10:44 +0000 2025,0,Diplomasi aktif bareng negara BRICS udah mulai hasil sektor industri lokal juga naik daun makin banyak sekolah bagi makan siang gratis #EnamBulanPemerintah https://t.co/aMSsYspU6a,"1,92026E+18",https://pbs.twimg.com/media/GqYdvsDaIAAx3BT.jpg,,in,,0,0,0,https://x.com/abram_manihuruk/status/1920255006311080274,"1,70403E+18",abram_manihuruk
"1,92025E+18",Wed May 07 23:10:34 +0000 2025,0,BRICS dorong industri kreatif dan makan siang gratis bantu anak-anak tetap fokus belajar #EnamBulanPemerintah,"1,92025E+18",,,in,,0,0,0,https://x.com/batari_kartini6/status/1920254963596374297,"1,69096E+18",batari_kartini6
"1,92025E+18",Wed May 07 23:07:07 +0000 2025,0,Makan siang gratis di sekolah ternyata bikin konsentrasi belajar siswa naik drastis #EnamBulanPemerintah,"1,92025E+18",,,in,,0,0,0,https://x.com/indra_hendri6/status/1920254093765062690,"1,68849E+18",indra_hendri6
"1,92025E+18",Wed May 07 23:06:58 +0000 2025,0,Dengan BRICS industri nasional makin produktif makan siang gratis hadir di belasan juta piring siswa seluruh Indonesia #EnamBulanPemerintah,"1,92025E+18",,,in,,0,0,0,https://x.com/fatin_qis5/status/1920254056079184079,"1,81597E+18",fatin_qis5
"1,92025E+18",Wed May 07 23:06:52 +0000 2025,0,Enam bulan jalan BRICS jadi batu loncatan industri naik kelas makan siang gratis bantu anak sekolah meraih cita-cita #EnamBulanPemerintah,"1,92025E+18",,,in,,0,0,0,https://x.com/hanif_prtma01/status/1920254033400639752,"1,69173E+18",hanif_prtma01
"1,92025E+18",Wed May 07 23:06:52 +0000 2025,0,Makan siang gratis sekolah sekarang jadi fakta bukan janji makin banyak anak semangat belajar #EnamBulanPemerintah,"1,92025E+18",,,in,,0,0,0,https://x.com/rahayu5728_/status/1920254030233674083,"1,8157E+18",rahayu5728_
"1,92025E+18",Wed May 07 23:06:48 +0000 2025,0,Pertumbuhan ekonomi nasional didorong BRICS program sosial makan siang gratis sukses sentuh anak pelosok #EnamBulanPemerintah,"1,92025E+18",,,in,,0,0,0,https://x.com/sari142091_/status/1920254016702783866,"1,81379E+18",sari142091_
"1,92025E+18",Wed May 07 23:06:45 +0000 2025,0,Program makan siang gratis adalah investasi jangka panjang buat kualitas SDM bangsa #EnamBulanPemerintah,"1,92025E+18",,,in,,0,0,0,https://x.com/inayah_istaqam/status/1920254004094775569,"1,69098E+18",inayah_istaqam
"1,92025E+18",Wed May 07 23:06:40 +0000 2025,0,Gabung BRICS bikin Indonesia dapat akses pasar baru sementara makan siang gratis sekolah bantu anak tetap semangat belajar #EnamBulanPemerintah,"1,92025E+18",,,in,,0,0,0,https://x.com/rina_wulan201/status/1920253982271774966,"1,81565E+18",rina_wulan201
"1,92025E+18",Wed May 07 23:06:38 +0000 2025,0,Anak sekolah sekarang nggak takut kelaparan makan siang gratis jadi solusi buat gizi dan semangat belajar mereka #EnamBulanPemerintah,"1,92025E+18",,,in,,0,0,0,https://x.com/rani_aida56/status/1920253972432236652,"1,70263E+18",rani_aida56
"1,92025E+18",Wed May 07 23:06:38 +0000 2025,0,Ternyata sejak ada makan siang gratis sekolah indeks kesehatan anak naik hampir 20 persen #EnamBulanPemerintah,"1,92025E+18",,,in,,0,0,0,https://x.com/sutati_mayobot2/status/1920253971572167047,"1,68225E+18",sutati_mayobot2
"1,92025E+18",Wed May 07 23:06:34 +0000 2025,0,Berkat diplomasi BRICS dan program makan siang gratis anak sekolah tambah pintar dan industri lokal berkembang #EnamBulanPemerintah,"1,92025E+18",,,in,,0,0,0,https://x.com/faruq_gayyan/status/1920253957013684723,"1,7026E+18",faruq_gayyan
"1,92025E+18",Wed May 07 23:06:31 +0000 2025,0,Kerasan banget jadi orang Indonesia program makan siang gratis dan ekspor industrialisasi makin maju sejak gabung BRICS #EnamBulanPemerintah,"1,92025E+18",,,in,,0,0,0,https://x.com/tetiambarwati_/status/1920253942174199962,"1,84133E+18",tetiambarwati_
"1,92025E+18",Wed May 07 23:06:29 +0000 2025,0,Makan siang gratis terbukti jadi motivasi belajar tambahan buat murid di seluruh Indonesia #EnamBulanPemerintah,"1,92025E+18",,,in,,0,0,0,https://x.com/alifiyah_wina/status/1920253934863581271,"1,7026E+18",alifiyah_wina
"1,92025E+18",Wed May 07 23:06:28 +0000 2025,0,Setengah tahun pasar BRICS terbuka industri lokal naik 9 persen makan siang gratis bikin siswa semangat masuk sekolah #EnamBulanPemerintah,"1,92025E+18",,,in,,0,0,0,https://x.com/adela_darmah/status/1920253931315474445,"1,69098E+18",adela_darmah
"1,92025E+18",Wed May 07 23:06:28 +0000 2025,0,Anak sekolah tambah cerdas dan sehat berkat makan siang gratis pelaku industri happy karena pasar BRICS terbuka #EnamBulanPemerintah,"1,92025E+18",,,in,,0,0,0,https://x.com/arsenio_arzell/status/1920253931009024456,"1,56923E+18",arsenio_arzell
"1,92025E+18",Wed May 07 23:06:25 +0000 2025,0,Kebijakan makan siang gratis bener-bener bantu keluarga kurang mampu fokus ke pendidikan anak #EnamBulanPemerintah,"1,92025E+18",,,in,,0,0,0,https://x.com/alfi_syahri8/status/1920253919051084058,"1,68187E+18",alfi_syahri8
"1,92025E+18",Wed May 07 23:06:23 +0000 2025,0,Presiden Prabowo genjot kemajuan lewat BRICS dan makan siang gratis industri nasional bikin lapangan kerja baru #EnamBulanPemerintah,"1,92025E+18",,,in,,0,0,0,https://x.com/naufal_pratama0/status/1920253912126222691,"1,70262E+18",naufal_pratama0
"1,92025E+18",Wed May 07 23:06:22 +0000 2025,0,Makan siang gratis tersebar di seluruh Indonesia ekspor produk lokal makin gampang lewat BRICS #EnamBulanPemerintah,"1,92025E+18",,,in,,0,0,0,https://x.com/wati_arsanti4/status/1920253905587359982,"1,68231E+18",wati_arsanti4
"1,92025E+18",Wed May 07 23:06:21 +0000 2025,0,Setengah tahun pertama ekspor naik produksi lokal meningkat dan makin banyak anak sekolah bisa makan siang gratis #EnamBulanPemerintah,"1,92025E+18",,,in,,0,0,0,https://x.com/rona_junayih2/status/1920253901275640241,"1,6819E+18",rona_junayih2
"1,92025E+18",Wed May 07 23:06:21 +0000 2025,0,Ekspor produk makanan dan manufaktur naik anak sekolah juga makin sehat lewat program makan siang gratis #EnamBulanPemerintah,"1,92025E+18",,,in,,0,0,0,https://x.com/wawan_hrmwn15/status/1920253900671574453,"1,68191E+18",wawan_hrmwn15
"1,92025E+18",Wed May 07 23:06:19 +0000 2025,0,Industri dalam negeri makin berkembang bantuan makan siang gratis bikin anak sekolah makin setia bersekolah #EnamBulanPemerintah,"1,92025E+18",,,in,,0,0,0,https://x.com/rayyan_reqi/status/1920253894388830230,"1,70265E+18",rayyan_reqi
"1,92025E+18",Wed May 07 23:06:15 +0000 2025,0,Industri lokal tumbuh hampir 8 persen sekolah makin ceria dengan makan siang gratis BRICS jadi gebrakan diplomasi #EnamBulanPemerintah,"1,92025E+18",,,in,,0,0,0,https://x.com/taufik_efendi16/status/1920253876894040125,"1,84357E+18",taufik_efendi16
"1,92025E+18",Wed May 07 23:06:15 +0000 2025,0,Peluang makin luas di kancah internasional anak sekolah tetap bahagia dengan makan siang gratis #EnamBulanPemerintah,"1,92025E+18",,,in,,0,0,0,https://x.com/najmi_adnan91/status/1920253876420149337,"1,68222E+18",najmi_adnan91
"1,92025E+18",Wed May 07 23:06:11 +0000 2025,0,Data menunjukkan kehadiran siswa di sekolah yang dapat makan siang gratis naik tajam #EnamBulanPemerintah,"1,92025E+18",,,in,,0,0,0,https://x.com/ilham_zakariaa/status/1920253860880527812,"1,69493E+18",ilham_zakariaa
"1,92025E+18",Wed May 07 23:06:11 +0000 2025,0,Makan siang gratis jadi cerita baru di sekolah-sekolah banyak ortu tenang anak makin aktif di kelas #EnamBulanPemerintah,"1,92025E+18",,,in,,0,0,0,https://x.com/meto_wicaksono/status/1920253860591124854,"1,70259E+18",meto_wicaksono
"1,92025E+18",Wed May 07 23:06:10 +0000 2025,0,Inisiatif makan siang gratis sukses cegah anak sekolah bolos persentase kehadiran naik #EnamBulanPemerintah,"1,92025E+18",,,in,,0,0,0,https://x.com/ayesha_septiana/status/1920253854261915778,"1,69644E+18",ayesha_septiana
"1,92025E+18",Wed May 07 23:06:08 +0000 2025,0,Prabowo bawa angin segar industrialisasi dipercepat makan siang gratis nyampe ke hampir seluruh sekolah negeri #EnamBulanPemerintah,"1,92025E+18",,,in,,0,0,0,https://x.com/indira_alsavaa/status/1920253847127097777,"1,68449E+18",indira_alsavaa
"1,92025E+18",Wed May 07 23:06:08 +0000 2025,0,Program makan siang gratis nggak cuma soal makanan tapi juga perhatian negara pada masa depan anak-anak #EnamBulanPemerintah,"1,92025E+18",,,in,,0,0,0,https://x.com/alma_maidah/status/1920253846820999651,"1,68192E+18",alma_maidah
"1,92025E+18",Wed May 07 23:06:02 +0000 2025,0,Kebijakan ekonomi dan sosial jalan bareng dari BRICS sampai makan siang gratis dampaknya nyata di masyarakat #EnamBulanPemerintah,"1,92025E+18",,,in,,0,0,0,https://x.com/abrilia_qansa/status/1920253821407691119,"1,69101E+18",abrilia_qansa
"1,92025E+18",Wed May 07 23:05:56 +0000 2025,0,Program makan siang gratis bukan cuma soal makanan tapi juga pendidikan dan masa depan anak-anak #EnamBulanPemerintah,"1,92025E+18",,,in,,0,0,0,https://x.com/safiq_utar/status/1920253798947103126,"1,70261E+18",safiq_utar
"1,92025E+18",Wed May 07 23:05:38 +0000 2025,0,Program makan siang gratis jadi role model buat program serupa di negara lain #EnamBulanPemerintah https://t.co/lbiuNNTjg6,"1,92025E+18",https://pbs.twimg.com/ext_tw_video_thumb/1920253113786904580/pu/img/Zv43frolmRkAQb8k.jpg,,in,,0,0,0,https://x.com/banawi_balapati/status/1920253720383672706,"1,71158E+18",banawi_balapati
"1,92025E+18",Wed May 07 23:05:35 +0000 2025,0,Kerja nyata Presiden Prabowo bukan cuma omongan dari pasar baru ekspor sampai makan siang gratis di jutaan sekolah #EnamBulanPemerintah,"1,92025E+18",,,in,,0,0,0,https://x.com/yudha_pratamaa5/status/1920253709709103199,"1,68224E+18",yudha_pratamaa5
"1,92021E+18",Wed May 07 23:04:26 +0000 2025,0,@Kurrco eng BRICS pasar ekspor naik 10 persen sektor industri lokal tumbuh makan siang gratis bikin siswa senyum tiap hari #EnamBulanPemerintah,"1,92025E+18",,Kurrco,in,,0,0,0,https://x.com/dina_puspita0/status/1920253419538837674,"1,83304E+18",dina_puspita0
"1,92025E+18",Wed May 07 23:04:16 +0000 2025,0,BRICS bikin investasi baru masuk industri berkembang makan siang gratis temani anak sekolah di seluruh Indonesia #EnamBulanPemerintah https://t.co/JSj0yjObef,"1,92025E+18",https://pbs.twimg.com/ext_tw_video_thumb/1920253211451273220/pu/img/_QUxSyscVUsaauPy.jpg,,in,,0,0,0,https://x.com/hendi_pramono02/status/1920253378036105563,"1,84423E+18",hendi_pramono02
"1,92025E+18",Wed May 07 23:04:03 +0000 2025,0,Program makan siang gratis di 28 provinsi bikin partisipasi sekolah dasar tembus 98% dalam waktu singkat #EnamBulanPemerintah https://t.co/ZrC8ApT7X2,"1,92025E+18",https://pbs.twimg.com/ext_tw_video_thumb/1920251247761981440/pu/img/_8eFLlSQBIuvoeSF.jpg,,in,,0,0,0,https://x.com/oliva_vanesa99/status/1920253325024297400,"1,71122E+18",oliva_vanesa99
"1,92025E+18",Wed May 07 23:03:08 +0000 2025,0,Enam bulan dengan Prabowo BRICS bawa masa depan cerah pertumbuhan industri konsisten makan siang gratis menunjukkan kepedulian nyata #EnamBulanPemerintah https://t.co/UlimIHbS99,"1,92025E+18",https://pbs.twimg.com/ext_tw_video_thumb/1920252631899058176/pu/img/tAzlwCYh8lmc5WC7.jpg,,in,,0,0,0,https://x.com/farel_akbar56/status/1920253092416614563,"1,69934E+18",farel_akbar56
"1,92025E+18",Wed May 07 23:02:49 +0000 2025,0,Setengah tahun Prabowo program makan siang gratis tingkatkan indeks kebahagiaan murid sekolah di 18 provinsi #EnamBulanPemerintah https://t.co/NmiEdgEpIy,"1,92025E+18",https://pbs.twimg.com/ext_tw_video_thumb/1920252876338892800/pu/img/9Ua1DPKw6yHaVyDR.jpg,,in,,0,0,0,https://x.com/queen_nasyiah8/status/1920253013601705994,"1,70112E+18",queen_nasyiah8
"1,92025E+18",Wed May 07 23:01:18 +0000 2025,0,Pemerintahan Prabowo genjot investasi lewat BRICS industri dalam negeri makin berkembang anak sekolah kebagian makan siang gratis yang sehat #EnamBulanPemerintah https://t.co/17gidG2cAp,"1,92025E+18",https://pbs.twimg.com/ext_tw_video_thumb/1920252510415302657/pu/img/9SX1-toidIC1cMSR.jpg,,in,,0,0,0,https://x.com/haikal_azzrial/status/1920252629739057555,"1,67658E+18",haikal_azzrial
"1,92025E+18",Wed May 07 23:01:13 +0000 2025,0,Setengah tahun ribuan sekolah dapat makan siang gratis ekspor ke negara BRICS naik 15 persen #EnamBulanPemerintah https://t.co/JV88tUOmpr,"1,92025E+18",https://pbs.twimg.com/media/GqYbjnQagAAXyiN.jpg,,in,,0,0,0,https://x.com/guntur_sonnyy27/status/1920252609534787937,"1,70005E+18",guntur_sonnyy27
"1,92025E+18",Wed May 07 23:00:48 +0000 2025,0,Program makan siang gratis pemerintah Prabowo bikin support system anak sekolah makin solid di pelosok daerah #EnamBulanPemerintah https://t.co/QAmlLZXBca,"1,92025E+18",https://pbs.twimg.com/ext_tw_video_thumb/1920252396057645056/pu/img/jQWP5Vf7MKtQY_Vo.jpg,,in,,0,0,0,https://x.com/karena_yliarti8/status/1920252507076342005,"1,69931E+18",karena_yliarti8
"1,92025E+18",Wed May 07 23:00:44 +0000 2025,0,Pemerintahan Prabowo garap diplomasi serius di BRICS ekonomi makin kokoh makan siang gratis digulirkan ke seluruh negeri #EnamBulanPemerintah https://t.co/BQX2z2iWUO,"1,92025E+18",https://pbs.twimg.com/media/GqYbdHxbMAQGwwA.jpg,,in,,0,0,0,https://x.com/diah_wastuti01/status/1920252487103062217,"1,70144E+18",diah_wastuti01
"1,92025E+18",Wed May 07 23:00:28 +0000 2025,0,Keanggotaan BRICS mendorong kolaborasi ekonomi program makan siang gratis sukses tingkatkan nutrisi pelajar negeri #EnamBulanPemerintah https://t.co/dZ6xCXBGhq,"1,92025E+18",https://pbs.twimg.com/ext_tw_video_thumb/1920252239383498752/pu/img/QlMJvO0fWbOQx9F-.jpg,,in,,0,0,0,https://x.com/herman_sgrtoo/status/1920252421156065455,"1,70399E+18",herman_sgrtoo
"1,92025E+18",Wed May 07 22:59:09 +0000 2025,0,Tekad Presiden Prabowo bawa Indonesia ke BRICS pertumbuhan 7 persen di sektor industri makan siang gratis berikan gizi ke anak sekolah #EnamBulanPemerintah https://t.co/7OBCSWwXfs,"1,92025E+18",https://pbs.twimg.com/media/GqYbEDLbMAALMVG.jpg,,in,,0,0,0,https://x.com/boncel_wibowo/status/1920252090401874305,"1,70181E+18",boncel_wibowo
"1,92025E+18",Wed May 07 22:59:05 +0000 2025,0,Enam bulan di bawah Prabowo ekonomi maju diplomasi kuat makan siang gratis jadi hadiah buat generasi penerus #EnamBulanPemerintah https://t.co/32vIrAYFJr,"1,92025E+18",https://pbs.twimg.com/media/GqYbE7sbMAIJ0GP.jpg,,in,,0,0,0,https://x.com/celli_liana/status/1920252073930584294,"1,70904E+18",celli_liana
"1,92025E+18",Wed May 07 22:57:37 +0000 2025,0,Satu semester bersama Prabowo kolaborasi BRICS memperluas peluang ekonomi UMKM naik kelas dan makan siang gratis jadi momen yang ditunggu siswa #EnamBulanPemerintah https://t.co/OlHUNuoj00,"1,92025E+18",https://pbs.twimg.com/ext_tw_video_thumb/1920251581460852737/pu/img/yP0yLQvLA2oCHsKY.jpg,,in,,0,0,0,https://x.com/wira_suryadi7/status/1920251703271489855,"1,70398E+18",wira_suryadi7
"1,92025E+18",Wed May 07 22:57:03 +0000 2025,0,Indonesia naik kelas gabung BRICS industri tumbuh konsisten makan siang gratis jadi program unggulan bagi pelajar #EnamBulanPemerintah https://t.co/Y1Sp1xo238,"1,92025E+18",https://pbs.twimg.com/media/GqYam-VbMAAVxVu.jpg,,in,,0,0,0,https://x.com/dhani_itanu77/status/1920251562271912024,"1,69638E+18",dhani_itanu77
"1,92025E+18",Wed May 07 22:57:02 +0000 2025,0,Gabung BRICS hubungan luar negeri makin oke industri dalam negeri tumbuh signifikan inisiatif makan siang gratis capai jutaan anak #EnamBulanPemerintah https://t.co/bAqbIxQJLe,"1,92025E+18",https://pbs.twimg.com/ext_tw_video_thumb/1920251280955748352/pu/img/pelrW6g9n7DljoNQ.jpg,,in,,0,0,0,https://x.com/Indah_sari46/status/1920251556580241620,"1,84177E+18",Indah_sari46
"1,92025E+18",Wed May 07 22:56:56 +0000 2025,0,Baru mulai prestasi Indonesia nyata relasi diplomatik diperluas sektor industri naik lagi makan siang sekolah gratis makin banyak peminat #EnamBulanPemerintah https://t.co/Bf5MQmG7wV,"1,92025E+18",https://pbs.twimg.com/ext_tw_video_thumb/1920251425273360384/pu/img/zSupRVFM8kDmqXpC.jpg,,in,,0,0,0,https://x.com/fitiya_nahlan/status/1920251531971940389,"1,70115E+18",fitiya_nahlan
"1,92025E+18",Wed May 07 22:56:23 +0000 2025,0,Ekspor ke anggota BRICS dongkrak pendapatan negara makan siang gratis sekolah jadi viral di media sosial #EnamBulanPemerintah https://t.co/yxy2ryIlbY,"1,92025E+18",https://pbs.twimg.com/media/GqYadUKbMAEA0zk.jpg,,in,,0,0,0,https://x.com/bita_eswit/status/1920251393509929124,"1,70003E+18",bita_eswit
"1,92025E+18",Wed May 07 22:55:03 +0000 2025,0,Statistik nunjukin industri nasional meningkat diplomasi tambah kuat dengan BRICS makan siang gratis rangkul ribuan siswa #EnamBulanPemerintah https://t.co/iTW0NJfF5Y,"1,92025E+18",https://pbs.twimg.com/media/GqYaITRbYAAot8-.jpg,,in,,0,0,0,https://x.com/elvina_wahyuni1/status/1920251059760517201,"1,69899E+18",elvina_wahyuni1
"1,92025E+18",Wed May 07 22:54:15 +0000 2025,0,Banyak negara kagum sama inovasi Indonesia lewat program sosial kayak makan siang gratis yang sudah dinikmati jutaan siswa #EnamBulanPemerintah https://t.co/OHnUuuZQQ0,"1,92025E+18",https://pbs.twimg.com/ext_tw_video_thumb/1920249605704556544/pu/img/nPmB3xyCktupo6fo.jpg,,in,,0,0,0,https://x.com/ulya_oktaviani/status/1920250858073207005,"1,71158E+18",ulya_oktaviani
"1,92025E+18",Wed May 07 22:54:06 +0000 2025,0,Enam bulan jadi momentum BRICS tingkatkan ekspor Indonesia pabrik-pabrik tumbuh dan makan siang gratis jadi kebiasaan positif di sekolah #EnamBulanPemerintah https://t.co/TaepadEtUK,"1,92025E+18",https://pbs.twimg.com/ext_tw_video_thumb/1920248927670185984/pu/img/htfpCMHo-pmaQf1G.jpg,,in,,0,0,0,https://x.com/najwa_lailsri2/status/1920250819850744184,"1,7015E+18",najwa_lailsri2
"1,92025E+18",Wed May 07 22:54:01 +0000 2025,0,Prestasi setengah tahun: ekspor naik anggota BRICS makan siang gratis jadi nyata Indonesia makin maju #EnamBulanPemerintah https://t.co/IgOwYAasUi,"1,92025E+18",https://pbs.twimg.com/media/GqYZ6vHbUAAdOZN.jpg,,in,,0,0,0,https://x.com/rizal_mukti4/status/1920250797197308391,"1,7091E+18",rizal_mukti4
"1,92025E+18",Wed May 07 22:53:06 +0000 2025,0,Presiden Prabowo terobos kancah global lewat BRICS ekonomi Indonesia tumbuh stabil dan makan siang gratis jadi momen andalan di sekolah #EnamBulanPemerintah https://t.co/U9urha4Yps,"1,92025E+18",https://pbs.twimg.com/ext_tw_video_thumb/1920249540810358784/pu/img/d0x0VeGGP5-ReTsZ.jpg,,in,,0,0,0,https://x.com/lurhur_hihu/status/1920250569551458392,"1,71159E+18",lurhur_hihu
"1,92025E+18",Wed May 07 22:52:34 +0000 2025,0,Program makan siang gratis sekarang jadi faktor utama penurunan angka drop out siswa SD di banyak daerah #EnamBulanPemerintah https://t.co/5gblRIZt0Q,"1,92025E+18",https://pbs.twimg.com/ext_tw_video_thumb/1920246673600884737/pu/img/VrLs5EIOBoudfYCy.jpg,,in,,0,0,0,https://x.com/gangsa_pradana/status/1920250433156599896,"1,70978E+18",gangsa_pradana
"1,92025E+18",Wed May 07 22:50:00 +0000 2025,0,Enam bulan kepemimpinan Prabowo kerja sama BRICS industri maju dan anak-anak sekolah dapat makan siang gratis setiap hari #EnamBulanPemerintah https://t.co/NxfudHy1Ta,"1,92025E+18",https://pbs.twimg.com/media/GqYY5SJbMAEOtQ3.jpg,,in,,0,0,0,https://x.com/lasmanto_cecep/status/1920249787208679514,"1,71013E+18",lasmanto_cecep
"1,92025E+18",Wed May 07 22:49:35 +0000 2025,0,Program makan siang gratis di sekolah bikin anak-anak makin semangat belajar angka partisipasi juga naik #EnamBulanPemerintah https://t.co/a5XZgoYi7N,"1,92025E+18",https://pbs.twimg.com/ext_tw_video_thumb/1920248632617676800/pu/img/nXrzmEn5FZYdZsOE.jpg,,in,,0,0,0,https://x.com/bunga_rahma11/status/1920249683319935121,"1,70184E+18",bunga_rahma11
"1,92025E+18",Wed May 07 22:49:09 +0000 2025,0,Orang tua siswa gak perlu khawatir lagi soal bekal sekolah program makan siang gratis beneran jalan #EnamBulanPemerintah https://t.co/nAqWPZjbc9,"1,92025E+18",https://pbs.twimg.com/media/GqYYykjakAAvwqp.jpg,,in,,0,0,0,https://x.com/slamet_lesmono/status/1920249574599635317,"1,69982E+18",slamet_lesmono
"1,92025E+18",Wed May 07 22:48:03 +0000 2025,0,Program makan siang gratis sukses jangkau daerah-daerah terpencil meratakan akses gizi anak bangsa #EnamBulanPemerintah https://t.co/jzUtjs6jQ1,"1,92025E+18",https://pbs.twimg.com/media/GqYYDXGaYAAuiQW.jpg,,in,,0,0,0,https://x.com/wangi_0708/status/1920249298521829507,"1,85911E+18",wangi_0708
"1,92025E+18",Wed May 07 22:48:01 +0000 2025,0,Presiden Prabowo serius banget soal pendidikan dan ekonomi gabung BRICS bangun industri nasional dan siswanya kebagian makan siang gratis #EnamBulanPemerintah https://t.co/HDTXB2Qjc1,"1,92025E+18",https://pbs.twimg.com/ext_tw_video_thumb/1920246137099071488/pu/img/ISH7MDy3VuR4l29o.jpg,,in,,0,0,0,https://x.com/prasetyo_naing/status/1920249286274523341,"1,71124E+18",prasetyo_naing
"1,92025E+18",Wed May 07 22:47:27 +0000 2025,0,Relasi internasional makin erat sejak di BRICS industri berkembang stabil makan siang gratis bantu anak-anak tetap sehat #EnamBulanPemerintah https://t.co/qMt7zycCpj,"1,92025E+18",https://pbs.twimg.com/ext_tw_video_thumb/1920245821251133440/pu/img/_qNmJXaS5HoL_GLB.jpg,,in,,0,0,0,https://x.com/elay_yolanda61/status/1920249146658754748,"1,70115E+18",elay_yolanda61
"1,92025E+18",Wed May 07 22:46:40 +0000 2025,0,Industri berkembang 7 persen di semester pertama BRICS memperluas relasi makan siang di sekolah gratis jadi tulang punggung generasi muda #EnamBulanPemerintah https://t.co/KFWFjO5YIN,"1,92025E+18",https://pbs.twimg.com/media/GqYYN3HbMAEZIPN.jpg,,in,,0,0,0,https://x.com/jati_asirwada77/status/1920248949899731312,"1,7094E+18",jati_asirwada77
"1,92025E+18",Wed May 07 22:45:56 +0000 2025,0,Kerja sama internasional BRICS industri naik level sekolah negeri sukses jalankan makan siang gratis secara luas #EnamBulanPemerintah https://t.co/9AQNQF9DFQ,"1,92025E+18",https://pbs.twimg.com/ext_tw_video_thumb/1920248328081846274/pu/img/Ndm99vPRIbEzlVZa.jpg,,in,,0,0,0,https://x.com/najwa_hary21/status/1920248762351403464,"1,69967E+18",najwa_hary21
"1,92025E+18",Wed May 07 22:44:07 +0000 2025,0,Program makan siang gratis di sekolah jalan serentak di seluruh provinsi ekonomi nasional juga tumbuh di atas rata-rata berkat kebijakan pro-industri #EnamBulanPemerintah https://t.co/8gwvBfoH1Z,"1,92025E+18",https://pbs.twimg.com/media/GqYXp2KbMAIe5ax.jpg,,in,,0,0,0,https://x.com/bambang_dody81/status/1920248307852448138,"1,70004E+18",bambang_dody81
"1,92025E+18",Wed May 07 22:43:50 +0000 2025,0,Bangga dalam enam bulan pertama Indonesia join BRICS industri tumbuh dan ribuan sekolah kebagian makan siang gratis #EnamBulanPemerintah https://t.co/3HzLWbkTqY,"1,92025E+18",https://pbs.twimg.com/media/GqYXk3PbMAET3Cm.jpg,,in,,0,0,0,https://x.com/dyah_widani/status/1920248234854719885,"1,70151E+18",dyah_widani
"1,92025E+18",Wed May 07 22:43:24 +0000 2025,0,Akhirnya Indonesia aktif di BRICS industri dalam negeri makin hidup dan anak sekolah SD makin senang dengan makan siang gratis #EnamBulanPemerintah https://t.co/kCJQKMnCi0,"1,92025E+18",https://pbs.twimg.com/ext_tw_video_thumb/1920247235214028800/pu/img/mHNH0Uz5OdP8YpN4.jpg,,in,,0,0,0,https://x.com/alina_mardimah1/status/1920248125286998473,"1,69673E+18",alina_mardimah1
"1,92025E+18",Wed May 07 22:43:18 +0000 2025,0,Prabowo bikin sejarah diplomasi global makin luas dengan BRICS ekonomi dalam negeri maju makan siang gratis laris di sekolah #EnamBulanPemerintah https://t.co/aDQGQZ7kKS,"1,92025E+18",https://pbs.twimg.com/ext_tw_video_thumb/1920248007423098880/pu/img/OOqYk6KG-WKw48WI.jpg,,in,,0,0,0,https://x.com/jaeman_wahyu/status/1920248102440612196,"1,70111E+18",jaeman_wahyu
"1,92025E+18",Wed May 07 22:42:46 +0000 2025,0,BRICS dorong ekonomi Indonesia tumbuh lebih cepat pelajar pun makin mudah dapet asupan gizi dari makan siang gratis sekolah #EnamBulanPemerintah https://t.co/AYsFhNwVID,"1,92025E+18",https://pbs.twimg.com/media/GqYW1z-bMAEDSy7.jpg,,in,,0,0,0,https://x.com/ulva_laras/status/1920247969049178328,"1,71124E+18",ulva_laras
"1,92025E+18",Wed May 07 22:42:05 +0000 2025,0,Sejak Prabowo jadi presiden diplomasi dengan BRICS makin kuat lapangan kerja bertambah makan siang gratis hadir di sekolah #EnamBulanPemerintah https://t.co/pvBZezwNqE,"1,92025E+18",https://pbs.twimg.com/media/GqYXLrsbMAAy27x.jpg,,in,,0,0,0,https://x.com/ratih_wulanw/status/1920247793836261784,"1,70978E+18",ratih_wulanw
"1,92025E+18",Wed May 07 22:41:26 +0000 2025,0,Kini hampir semua pelajar di Indonesia bisa makan siang gratis ekspor ke negara BRICS juga tembus rekor baru #EnamBulanPemerintah https://t.co/4liECz4gUX,"1,92025E+18",https://pbs.twimg.com/media/GqYXCcLbMAEWgqS.jpg,,in,,0,0,0,https://x.com/martana_widodo2/status/1920247631407669481,"1,70113E+18",martana_widodo2
"1,92025E+18",Wed May 07 22:40:56 +0000 2025,0,Dengan masuk ke BRICS ekonomi Indonesia naik kelas produksi industri tumbuh signifikan program makan siang gratis makin dirasakan manfaatnya #EnamBulanPemerintah https://t.co/po5Sv0Psom,"1,92025E+18",https://pbs.twimg.com/media/GqYW7QIakAANAv4.jpg,,in,,0,0,0,https://x.com/benny_sugiarto2/status/1920247507252359450,"1,70407E+18",benny_sugiarto2
"1,92025E+18",Wed May 07 22:40:28 +0000 2025,0,Gabung BRICS jadi langkah strategis pertumbuhan industri mantap anak sekolah seluruh Indonesia dapat makan siang gratis setiap hari #EnamBulanPemerintah https://t.co/Nl6II1dltG,"1,92025E+18",https://pbs.twimg.com/media/GqYW0YtbAAACa9U.jpg,,in,,0,0,0,https://x.com/azalea_kuswndr/status/1920247390226829672,"1,69964E+18",azalea_kuswndr
"1,92025E+18",Wed May 07 22:40:12 +0000 2025,0,Keberhasilan Prabowo gabung BRICS buktiin Indonesia siap jadi pemain global pendorong industri kuat dan makan siang gratis dah sampe pelosok #EnamBulanPemerintah https://t.co/Bm4buu0Ixi,"1,92025E+18",https://pbs.twimg.com/ext_tw_video_thumb/1920247208928292864/pu/img/LX6d4nOmp3kp2WK4.jpg,,in,,0,0,0,https://x.com/malika_andrian/status/1920247321540866102,"1,70145E+18",malika_andrian
"1,92025E+18",Wed May 07 22:39:57 +0000 2025,0,Ekonomi lokal didorong terus kerja sama BRICS makin erat program makan siang gratis hadir untuk anak sekolah tanpa kecuali #EnamBulanPemerintah https://t.co/Cow1spYvEh,"1,92025E+18",https://pbs.twimg.com/media/GqYWsxya8AADKGT.jpg,,in,,0,0,0,https://x.com/auralie_kimanah/status/1920247258760593798,"1,70116E+18",auralie_kimanah
"1,92025E+18",Wed May 07 22:39:44 +0000 2025,0,Kenapa sih gue liat makin semrawut aja ni negara. Uji coba uji coba noh bangsa lu pada keracunan gara2 makan siang gratis lo.,"1,92025E+18",,,in,,0,0,0,https://x.com/demeterxchu/status/1920247204893122565,"1,1656E+18",demeterxchu
"1,92025E+18",Wed May 07 22:39:35 +0000 2025,0,Gabung BRICS bikin posisi Indonesia makin kuat pertumbuhan industri tinggi makan siang gratis bikin semangat anak sekolah terus menyala #EnamBulanPemerintah https://t.co/OOkkhybOGm,"1,92025E+18",https://pbs.twimg.com/media/GqYWmzGbMAAOY9B.jpg,,in,,0,0,0,https://x.com/tyo_waryan819/status/1920247165164696004,"1,70116E+18",tyo_waryan819
"1,92025E+18",Wed May 07 22:39:28 +0000 2025,0,Setengah tahun penuh gebrakan Indonesia makin eksis di forum global makan siang gratis sekolah dapat sambutan hangat #EnamBulanPemerintah https://t.co/hH9aFmzqAK,"1,92025E+18",https://pbs.twimg.com/media/GqYWlaEbEAEqVlX.jpg,,in,,0,0,0,https://x.com/aney_manela/status/1920247134667882853,"1,70007E+18",aney_manela
"1,91993E+18",Wed May 07 22:39:11 +0000 2025,0,@Ndons_Back @prabowo @are_inismyname @florieliciouss @BANGSAygSUJUD @99propaganda @Kimberley_PS08 @IrawanRommi @coldbrew165 @DarekaRendy @romoatheist Tak ada makan siang gratis... 159 jt dollar hibah apa jual anak Indonesia untuk ajang uji coba vaksin TBC?,"1,92025E+18",,Ndons_Back,in,Udik,0,1,0,https://x.com/XIII_kamp/status/1920247063817683005,"8,18555E+17",XIII_kamp
"1,92025E+18",Wed May 07 22:38:41 +0000 2025,0,Negara tetangga mulai belajar dari strategi Indonesia terutama soal cara memberdayakan industri lokal dan sosialisasi program makan siang gratis #EnamBulanPemerintah https://t.co/4xQLphnZ7a,"1,92025E+18",https://pbs.twimg.com/ext_tw_video_thumb/1920245858798612482/pu/img/equ5XHuX_Yz00eF5.jpg,,in,,0,0,0,https://x.com/darsirah_irawan/status/1920246939838292243,"1,71019E+18",darsirah_irawan
"1,92025E+18",Wed May 07 22:38:38 +0000 2025,0,Kerja sama internasional lewat BRICS pertumbuhan 7 persen di industri dan makan siang gratis jadi bukti nyata #EnamBulanPemerintah https://t.co/5PfIIjYxeb,"1,92025E+18",https://pbs.twimg.com/media/GqYWZdXbMAEEYsh.jpg,,in,,0,0,0,https://x.com/zebadiah_smnn/status/1920246928744309190,"1,70401E+18",zebadiah_smnn
"1,92025E+18",Wed May 07 22:38:23 +0000 2025,0,Ekonomi Indonesia tumbuh 5 persen masuk BRICS dan ribuan anak sekolah nikmati makan siang gratis #EnamBulanPemerintah https://t.co/PuXJhHpjzc,"1,92025E+18",https://pbs.twimg.com/media/GqYWVXSa0AAV4OV.jpg,,in,,0,0,0,https://x.com/ayu_rahma607/status/1920246862956933547,"1,70905E+18",ayu_rahma607
"1,92025E+18",Wed May 07 22:38:13 +0000 2025,0,Dari diplomasi kelas dunia sampai subsidi makan siang gratis Prabowo bawa perubahan nyata hanya dalam 6 bulan kepemimpinan #EnamBulanPemerintah https://t.co/iJap5MXunw,"1,92025E+18",https://pbs.twimg.com/ext_tw_video_thumb/1920246728126799872/pu/img/MB3Pr_tWVyynVtOi.jpg,,in,,0,0,0,https://x.com/saleh_muali721/status/1920246823714779380,"1,70115E+18",saleh_muali721
"1,92025E+18",Wed May 07 22:37:59 +0000 2025,0,Program makan siang gratis di sekolah jadi solusi tepat buat tingkatkan kualitas anak bangsa #EnamBulanPemerintah https://t.co/WZVTKPAzkH,"1,92025E+18",https://pbs.twimg.com/media/GqYWFKCbMAEKkiF.jpg,,in,,0,0,0,https://x.com/abah_dede7/status/1920246761286775027,"1,77284E+18",abah_dede7
"1,92025E+18",Wed May 07 22:37:31 +0000 2025,0,Kebijakan ekonomi baru bikin industri lokal tumbuh Indonesia makin diperhitungkan berkat BRICS anak sekolah doyan makan siang gratis #EnamBulanPemerintah https://t.co/b3WX3QpUgK,"1,92025E+18",https://pbs.twimg.com/media/GqYWI5PasAANQ5-.jpg,,in,,0,0,0,https://x.com/carla_hastuti72/status/1920246645058367936,"1,70977E+18",carla_hastuti72
"1,92025E+18",Wed May 07 22:37:17 +0000 2025,0,Angka stunting turun sejak makan siang gratis digulirkan kesehatan anak Indonesia makin terjaga #EnamBulanPemerintah https://t.co/l1LCjVLsOF,"1,92025E+18",https://pbs.twimg.com/ext_tw_video_thumb/1920245686521798656/pu/img/otAcxTaCRdOGRLLS.jpg,,in,,0,0,0,https://x.com/hasna_usada/status/1920246587084976465,"1,70147E+18",hasna_usada
"1,92025E+18",Wed May 07 22:36:41 +0000 2025,0,Gabung BRICS bikin diplomasi luar negeri Indonesia makin diperhitungkan industri lokal moncer dan makan siang gratis jadi andalan sekolah #EnamBulanPemerintah https://t.co/BJmrnn4xG4,"1,92025E+18",https://pbs.twimg.com/ext_tw_video_thumb/1920246317391228928/pu/img/iKpUBJNI2krs6zTz.jpg,,in,,0,0,0,https://x.com/melati_anindya/status/1920246435330523449,"1,85146E+18",melati_anindya
"1,92025E+18",Wed May 07 22:35:41 +0000 2025,0,Bersama BRICS arus investasi ke Indonesia naik 15 persen sektor industri dan makan siang gratis sekolah sukses dorong kesejahteraan #EnamBulanPemerintah https://t.co/uN1AMwNh9I,"1,92025E+18",https://pbs.twimg.com/ext_tw_video_thumb/1920246096145887234/pu/img/EAA_qYTaFPzPaMh1.jpg,,in,,0,0,0,https://x.com/raharjo_doddy/status/1920246183055786066,"1,69906E+18",raharjo_doddy
"1,92025E+18",Wed May 07 22:34:26 +0000 2025,0,Inisiatif makan siang gratis dorong siswa tambah sehat diplomasi lewat BRICS pecahkan rekor industri RI makin kompetitif di pasar global #EnamBulanPemerintah https://t.co/0v4r1wQcaS,"1,92025E+18",https://pbs.twimg.com/ext_tw_video_thumb/1920245008009211904/pu/img/MpxgzVgoR_1lHNrD.jpg,,in,,0,0,0,https://x.com/gontong_sm22/status/1920245870903373891,"1,70146E+18",gontong_sm22
"1,92025E+18",Wed May 07 22:34:07 +0000 2025,0,Baru mulai prestasi Indonesia nyata relasi diplomatik diperluas sektor industri naik lagi makan siang sekolah gratis makin banyak peminat #EnamBulanPemerintah https://t.co/DSYl0ehOMr,"1,92025E+18",https://pbs.twimg.com/ext_tw_video_thumb/1920245659577540608/pu/img/d4EQXIWLHDv4nnhb.jpg,,in,,0,0,0,https://x.com/fitiya_nahlan/status/1920245790879953322,"1,70115E+18",fitiya_nahlan
"1,92025E+18",Wed May 07 22:33:18 +0000 2025,0,Bangga jadi bagian BRICS Indonesia cetak sejarah kebijakan ekonomi Prabowo bawa pertumbuhan makan siang gratis dirasakan jutaan pelajar #EnamBulanPemerintah https://t.co/WuB1Ps930S,"1,92025E+18",https://pbs.twimg.com/ext_tw_video_thumb/1920245398368841728/pu/img/gWI9aUCNL0f0rL8A.jpg,,in,,0,0,0,https://x.com/ara_hita25/status/1920245585447100799,"1,70144E+18",ara_hita25
"1,92025E+18",Wed May 07 22:32:52 +0000 2025,0,Kebijakan baru bikin industri melonjak masuk BRICS makan siang gratis jadi pelengkap prestasi Indonesia di setengah tahun pertama Prabowo #EnamBulanPemerintah https://t.co/uE6SUeyrK1,"1,92025E+18",https://pbs.twimg.com/media/GqYVEr8bMAAnrrS.jpg,,in,,0,0,0,https://x.com/haura_istari/status/1920245477330591937,"1,70144E+18",haura_istari
"1,92025E+18",Wed May 07 22:32:09 +0000 2025,0,Diplomasi lewat BRICS makin ciamik pertumbuhan industri naik terus makan siang gratis hadir di sekolah-sekolah dan bikin anak tambah sehat #EnamBulanPemerintah https://t.co/4XGHAs5cdG,"1,92025E+18",https://pbs.twimg.com/ext_tw_video_thumb/1920242281023717376/pu/img/6t1ykit4HfXs_82W.jpg,,in,,0,0,0,https://x.com/ziz_sya321/status/1920245294442189160,"1,84175E+18",ziz_sya321
"1,92025E+18",Wed May 07 22:32:01 +0000 2025,0,Kebijakan makan siang gratis bikin ibu-ibu lebih tenang anak-anak sekolah dijamin kenyang dan sehat #EnamBulanPemerintah https://t.co/sRc3YrZJ7B,"1,92025E+18",https://pbs.twimg.com/ext_tw_video_thumb/1920245051692888064/pu/img/iEhAd_CXQQTyiUvz.jpg,,in,,0,0,0,https://x.com/latika_k3/status/1920245260225052720,"1,70909E+18",latika_k3
"1,92025E+18",Wed May 07 22:32:00 +0000 2025,0,Perkuat hubungan luar negeri lewat BRICS kebijakan ekonomi usung produk lokal program makan siang gratis ciptakan prestasi baru #EnamBulanPemerintah https://t.co/ouyg2mPfNP,"1,92025E+18",https://pbs.twimg.com/ext_tw_video_thumb/1920245158081409026/pu/img/Kq6oZtnr2h1tORfH.jpg,,in,,0,0,0,https://x.com/fajar_sputraa/status/1920245255535788533,"1,70146E+18",fajar_sputraa
"1,92025E+18",Wed May 07 22:31:42 +0000 2025,0,Jadi anggota BRICS buktiin Indonesia disegani ekonomi tumbuh 4 8 persen makan siang gratis sukses di ratusan ribu sekolah #EnamBulanPemerintah https://t.co/jnr5Csp2GH,"1,92025E+18",https://pbs.twimg.com/ext_tw_video_thumb/1920245103970684928/pu/img/2zG_dza7yTdFduqO.jpg,,in,,0,0,0,https://x.com/gangsa_harr/status/1920245180906488085,"1,70114E+18",gangsa_harr
"1,92024E+18",Wed May 07 22:30:57 +0000 2025,0,Angka anak stunting turun drastis sejak kebijakan makan siang gratis dijalankan serentak #EnamBulanPemerintah https://t.co/OjBLuj2lyM,"1,92024E+18",https://pbs.twimg.com/media/GqYUn0CbMAAKPrB.jpg,,in,,0,0,0,https://x.com/clara_zura/status/1920244992569737490,"1,70981E+18",clara_zura
"1,92024E+18",Wed May 07 22:30:52 +0000 2025,0,Setengah tahun pertumbuhan industri domestik sentuh 5 persen makan siang gratis makin luas #EnamBulanPemerintah https://t.co/hW1xNQyEA9,"1,92024E+18",https://pbs.twimg.com/media/GqYUnuTbMAAQizo.jpg,,in,,0,0,0,https://x.com/layla_gini/status/1920244972478951617,"1,7018E+18",layla_gini
"1,92024E+18",Wed May 07 22:30:51 +0000 2025,0,Enam bulan seru relasi BRICS lancar sektor produksi naik 4 9 persen makan siang gratis menjangkau 14 juta anak sekolah #EnamBulanPemerintah https://t.co/GwZwFGLifS,"1,92024E+18",https://pbs.twimg.com/ext_tw_video_thumb/1920244880233975808/pu/img/NTX4xp4zh8coCPl1.jpg,,in,,0,0,0,https://x.com/lia_rahma04/status/1920244967374573708,"1,70144E+18",lia_rahma04
"1,92024E+18",Wed May 07 22:30:45 +0000 2025,0,Gabung BRICS bikin peluang baru terbuka industri lokal makin berkembang makan siang gratis buat anak sekolah tambah bahagia #EnamBulanPemerintah https://t.co/XQO0l30QU3,"1,92024E+18",https://pbs.twimg.com/ext_tw_video_thumb/1920242184625979392/pu/img/1YndDvk2oVWlCbqM.jpg,,in,,0,0,0,https://x.com/alfiansyah_ali3/status/1920244941881741436,"1,85043E+18",alfiansyah_ali3
"1,92024E+18",Wed May 07 22:30:25 +0000 2025,0,Ekonomi dalam negeri mulai menggeliat hubungan diplomatik lewat BRICS makin mantap makan siang gratis bikin anak sekolah sehat #EnamBulanPemerintah https://t.co/QE0EL663Up,"1,92024E+18",https://pbs.twimg.com/media/GqYUg2pbIAAGgRX.jpg,,in,,0,0,0,https://x.com/herman_cahya977/status/1920244859333476646,"1,70006E+18",herman_cahya977
"1,92024E+18",Wed May 07 22:30:13 +0000 2025,0,Dari diplomasi BRICS pertumbuhan industri sampai makan siang gratis kini jadi bukti nyata perubahan Indonesia di tangan Prabowo #EnamBulanPemerintah https://t.co/9rikfOU0fv,"1,92024E+18",https://pbs.twimg.com/media/GqYUelha4AAeRkV.jpg,,in,,0,0,0,https://x.com/ellis_yolanda7/status/1920244810268434700,"1,71163E+18",ellis_yolanda7
"1,92024E+18",Wed May 07 22:29:33 +0000 2025,0,Gabung BRICS jadi game changer industri dalam negeri makin kreatif anak sekolah pada heboh tiap jam makan karena ada makan siang gratis #EnamBulanPemerintah https://t.co/1ckd2VRwyE,"1,92024E+18",https://pbs.twimg.com/ext_tw_video_thumb/1920244421549068288/pu/img/8umDd8atPVr8qCRI.jpg,,in,,0,0,0,https://x.com/raima_adlyna1/status/1920244639119909182,"1,69459E+18",raima_adlyna1
"1,92024E+18",Wed May 07 22:27:52 +0000 2025,0,Sukses gabung BRICS pertumbuhan sektor industri terus kelihatan hasilnya program makan siang gratis makin luas jangkauannya #EnamBulanPemerintah https://t.co/X2ZdRZzJbW,"1,92024E+18",https://pbs.twimg.com/media/GqYT7DLasAAgrSH.jpg,,in,,0,0,0,https://x.com/danti_ranti/status/1920244216489521583,"1,70182E+18",danti_ranti
"1,92024E+18",Wed May 07 22:27:16 +0000 2025,0,Makan siang gratis ciptakan efek domino warung lokal sekitar sekolah juga ikut kebagian rejeki #EnamBulanPemerintah https://t.co/Fs0evIPn4J,"1,92024E+18",https://pbs.twimg.com/ext_tw_video_thumb/1920243967284948992/pu/img/yLWABNTOB_ztumqG.jpg,,in,,0,0,0,https://x.com/fitria_widstt/status/1920244066819977531,"1,71159E+18",fitria_widstt
"1,92024E+18",Wed May 07 22:27:09 +0000 2025,0,Enam bulan berjalan Indonesia makin diperhitungkan dunia industri lokal makin jago dan makan siang gratis bikin siswa antusias datang ke sekolah #EnamBulanPemerintah https://t.co/Vtkwre9IdT,"1,92024E+18",https://pbs.twimg.com/ext_tw_video_thumb/1920243917582467072/pu/img/7xdqTVW0Gjon6H5B.jpg,,in,,0,0,0,https://x.com/endah_rahimah/status/1920244035236577535,"1,69897E+18",endah_rahimah
"1,92024E+18",Wed May 07 22:25:55 +0000 2025,0,Program sosial makan siang gratis terbukti bikin anak lebih betah sama lingkungan sekolah #EnamBulanPemerintah https://t.co/RqTf2h5z9B,"1,92024E+18",https://pbs.twimg.com/media/GqYTfIrbMAQPLYc.jpg,,in,,0,0,0,https://x.com/gabriella_rhm4/status/1920243726682578966,"1,70369E+18",gabriella_rhm4
"1,92024E+18",Wed May 07 22:25:49 +0000 2025,0,Gabung BRICS bawa efek ganda: ekonomi tumbuh dan makan siang gratis dinikmati siswa di mana-mana #EnamBulanPemerintah https://t.co/kkSm5mzPhy,"1,92024E+18",https://pbs.twimg.com/media/GqYSqRIbMAEt2AV.jpg,,in,,0,0,0,https://x.com/hana_dania114/status/1920243700858286540,"1,90996E+18",hana_dania114
"1,92024E+18",Wed May 07 22:25:45 +0000 2025,0,Diplomasi global sektor manufaktur tumbuh makan siang gratis bikin semua senyum di sekolah #EnamBulanPemerintah https://t.co/uIG6hN9fuM,"1,92024E+18",https://pbs.twimg.com/ext_tw_video_thumb/1920242941869903872/pu/img/JufGk1gWxnuBfQlp.jpg,,in,,0,0,0,https://x.com/naradi_r25/status/1920243683821064363,"1,70979E+18",naradi_r25
"1,92024E+18",Wed May 07 22:24:53 +0000 2025,0,Kerja sama internasional makin solid industri dalam negeri naik level semua pelajar negeri dapat makan siang gratis tiap hari #EnamBulanPemerintah https://t.co/zsp2pZzpCL,"1,92024E+18",https://pbs.twimg.com/media/GqYTO4jbcAAQ1Jt.jpg,,in,,0,0,0,https://x.com/novi_suartini5/status/1920243464656080963,"1,70372E+18",novi_suartini5
"1,92024E+18",Wed May 07 22:24:46 +0000 2025,0,Makin mantap bareng BRICS ekonomi dalam negeri tumbuh 4 9 persen anak sekolah nyicip makan siang gratis di ratusan sekolah #EnamBulanPemerintah https://t.co/a4XaU5cSEu,"1,92024E+18",https://pbs.twimg.com/ext_tw_video_thumb/1920243184564908035/pu/img/oT0XKg6lJAC4NUVh.jpg,,in,,0,0,0,https://x.com/ilyas_roji/status/1920243437267259702,"1,7094E+18",ilyas_roji
"1,92024E+18",Wed May 07 22:24:44 +0000 2025,0,BRICS jadi mesin penggerak diplomasi industri dalam negeri berkembang makan siang gratis makin terasa manfaatnya untuk pelajar #EnamBulanPemerintah https://t.co/kzd8g9MObB,"1,92024E+18",https://pbs.twimg.com/media/GqYTNVubcAAQqx2.jpg,,in,,0,0,0,https://x.com/bayu_rizkiann/status/1920243428371103960,"1,90919E+18",bayu_rizkiann
"1,92024E+18",Wed May 07 22:24:08 +0000 2025,0,Makan siang gratis udah berikan efek positif ke 30% anak yang dulu rawan gizi buruk di sekolah menurut data Kemenkes #EnamBulanPemerintah https://t.co/gjtcd2JHWT,"1,92024E+18",https://pbs.twimg.com/ext_tw_video_thumb/1920242624507883520/pu/img/zIOumnHSdgVbykRQ.jpg,,in,,0,0,0,https://x.com/yanti_s7/status/1920243277938540848,"1,70007E+18",yanti_s7
"1,92024E+18",Wed May 07 22:24:03 +0000 2025,0,BRICS bikin Indonesia makin global industri nasional meningkat pesat ratusan ribu siswa puas dapet makan siang gratis tiap hari #EnamBulanPemerintah https://t.co/mzQo6uzxfr,"1,92024E+18",https://pbs.twimg.com/ext_tw_video_thumb/1920243140667285504/pu/img/dD4_PM3G29Cu2elJ.jpg,,in,,0,0,0,https://x.com/cici_astuti70/status/1920243258971566138,"1,69895E+18",cici_astuti70
"1,92024E+18",Wed May 07 22:24:00 +0000 2025,0,Pemerintahan Prabowo sukses angkat posisi Indonesia di BRICS pendorong ekonomi lewat industri lokal dan inisiatif makan siang gratis #EnamBulanPemerintah https://t.co/jUEYHNQxNR,"1,92024E+18",https://pbs.twimg.com/ext_tw_video_thumb/1920243107293204480/pu/img/z6D05Xv2VAsp5EY0.jpg,,in,,0,0,0,https://x.com/mayi_pertiwi16/status/1920243245423980785,"1,69936E+18",mayi_pertiwi16
"1,92024E+18",Wed May 07 22:23:51 +0000 2025,0,Program makan siang gratis udah jalan di 75% sekolah negeri target 100% siap dicapai tahun depan #EnamBulanPemerintah https://t.co/B5QRFd3eIJ,"1,92024E+18",https://pbs.twimg.com/ext_tw_video_thumb/1920242952049471488/pu/img/8DR6rkejOVjPP71w.jpg,,in,,0,0,0,https://x.com/humaira_genah5/status/1920243204701761955,"1,69638E+18",humaira_genah5
"1,92024E+18",Wed May 07 22:23:32 +0000 2025,0,Enam bulan pemerintahan Prabowo sektor ekspor makin cepat berkembang dan makan siang gratis sekolah dapat apresiasi tinggi #EnamBulanPemerintah https://t.co/2mvZUZUnw2,"1,92024E+18",https://pbs.twimg.com/ext_tw_video_thumb/1920242723472486403/pu/img/E-cFWAewpzXnKRZb.jpg,,in,,0,0,0,https://x.com/amar_zoni45/status/1920243125961756832,"1,70047E+18",amar_zoni45
"1,92024E+18",Wed May 07 22:23:26 +0000 2025,0,Siswa sekolah dasar lebih rajin belajar sejak dapat makan siang gratis tiap hari industri Indonesia makin eksis dan diplomasi kenceng dll BRICS #EnamBulanPemerintah https://t.co/YjP8zOspAu,"1,92024E+18",https://pbs.twimg.com/ext_tw_video_thumb/1920239668991594496/pu/img/sc-zbKlVGglGcTML.jpg,,in,,0,0,0,https://x.com/heru_luthfiardi/status/1920243103233147064,"1,70945E+18",heru_luthfiardi
"1,92024E+18",Wed May 07 22:23:19 +0000 2025,0,Makan siang gratis buat siswa solusi cerdas Prabowo turunin tingkat ketidaksetaraan akses pangan anak #EnamBulanPemerintah https://t.co/ouQwYy5W9p,"1,92024E+18",https://pbs.twimg.com/ext_tw_video_thumb/1920242849758785537/pu/img/FegKPVGL4u6iUfPP.jpg,,in,,0,0,0,https://x.com/vanesa_astu71/status/1920243074250281057,"1,70946E+18",vanesa_astu71
"1,92024E+18",Wed May 07 22:13:58 +0000 2025,0,Makin banyak sekolah yang ikutan program makan siang gratis anak-anak Indonesia tumbuh sehat dan semangat belajar #EnamBulanPemerintah https://t.co/1jv9ABw7xH,"1,92024E+18",https://pbs.twimg.com/ext_tw_video_thumb/1920239208352129024/pu/img/OVnNxUaC8n6xTxs9.jpg,,in,,0,0,0,https://x.com/humaira_mlyni41/status/1920240717676642403,"1,70148E+18",humaira_mlyni41
"1,92024E+18",Wed May 07 22:13:47 +0000 2025,0,Kebijakan BRICS bikin diplomasi top industri domestik tumbuh pesat ribuan anak sekolah nikmatin makan siang gratis #EnamBulanPemerintah https://t.co/G4cauk43PQ,"1,92024E+18",https://pbs.twimg.com/media/GqYQjzHa4AA6SEa.jpg,,in,,0,0,0,https://x.com/bancar_saptonoo/status/1920240671421497672,"1,71157E+18",bancar_saptonoo
"1,92024E+18",Wed May 07 22:13:41 +0000 2025,0,BRICS kasih peluang inovasi industri berkembang pesat makan siang gratis dinikmati 20 juta pelajar #EnamBulanPemerintah https://t.co/vVbjUPha9d,"1,92024E+18",https://pbs.twimg.com/ext_tw_video_thumb/1920240558733508608/pu/img/-UfiUhy_7rWX2TPV.jpg,,in,,0,0,0,https://x.com/cengkir_mud616/status/1920240648529293610,"1,71017E+18",cengkir_mud616
"1,92024E+18",Wed May 07 22:13:31 +0000 2025,0,Makan siang gratis udah sampe ke lebih dari 30 ribu sekolah sekarang anak-anak makin semangat belajar #EnamBulanPemerintah https://t.co/YZE5eY7J2T,"1,92024E+18",https://pbs.twimg.com/media/GqYQM3QbMAEXaal.jpg,,in,,0,0,0,https://x.com/yani_marya46/status/1920240607928201443,"1,70978E+18",yani_marya46
"1,92024E+18",Wed May 07 22:13:18 +0000 2025,0,BRICS bawa Indonesia ke level baru industri tumbuh sekitar 7 persen sejak enam bulan terakhir makan siang gratis bikin harapan baru anak-anak #EnamBulanPemerintah https://t.co/C9bifRhcv4,"1,92024E+18",https://pbs.twimg.com/media/GqYQXNnasAAvUa0.jpg,,in,,0,0,0,https://x.com/dita_vangkia39/status/1920240553301602743,"1,70218E+18",dita_vangkia39
"1,92024E+18",Wed May 07 22:13:17 +0000 2025,0,Indonesia masuk BRICS ekonomi tumbuh 5 persen makan siang gratis kini di ribuan sekolah #EnamBulanPemerintah https://t.co/R9pm3OJloY,"1,92024E+18",https://pbs.twimg.com/media/GqYQPNhbMAETBH-.jpg,,in,,0,0,0,https://x.com/ahmad_ruhon/status/1920240546796245108,"1,70147E+18",ahmad_ruhon
"1,92024E+18",Wed May 07 22:13:09 +0000 2025,0,Di bawah Prabowo bukan cuma hubungan luar negeri yang naik level tapi industri dalam negeri juga tumbuh pesat dan 12 juta siswa sekolah dasar ngerasain makan siang gratis #EnamBulanPemerintah https://t.co/H6FfegvEzE,"1,92024E+18",https://pbs.twimg.com/ext_tw_video_thumb/1920237729188884482/pu/img/PJTxekwkK5W24xds.jpg,,in,,0,0,0,https://x.com/eluh_suwarno/status/1920240512587715042,"1,70008E+18",eluh_suwarno
"1,92024E+18",Wed May 07 22:12:53 +0000 2025,0,Indonesia kini jadi negara tujuan investasi BRICS pabrik tumbuh pesat anak sekolah nikmatin makan siang gratis tiap hari #EnamBulanPemerintah https://t.co/mE33ExLKQl,"1,92024E+18",https://pbs.twimg.com/media/GqYQf9ybMAA4NzT.jpg,,in,,0,0,0,https://x.com/ratu_maher18/status/1920240448645574877,"1,7015E+18",ratu_maher18
"1,92024E+18",Wed May 07 22:12:45 +0000 2025,0,Bulan keenam pemerintahan Prabowo ekspor naik industri stabil dan makan siang gratis sekolah dirasakan hampir semua pelajar #EnamBulanPemerintah https://t.co/N89tZXlIlv,"1,92024E+18",https://pbs.twimg.com/ext_tw_video_thumb/1920239302841413633/pu/img/IvYJNbZxa6ixHIX0.jpg,,in,,0,0,0,https://x.com/ramzi_rian/status/1920240412524167335,"1,83442E+18",ramzi_rian
"1,92024E+18",Wed May 07 22:12:45 +0000 2025,0,Setengah tahun terakhir Indonesia buktiin diri di BRICS ekonomi makin hidup dengan industri lokal anak sekolah makan siang gratis terus #EnamBulanPemerintah https://t.co/eLODfrmP3G,"1,92024E+18",https://pbs.twimg.com/ext_tw_video_thumb/1920239050495307776/pu/img/y1QBIYdfB5uMH2Y_.jpg,,in,,0,0,0,https://x.com/salsa_bila607/status/1920240411877982241,"1,70905E+18",salsa_bila607
"1,92024E+18",Wed May 07 22:12:41 +0000 2025,0,Enam bulan pemerintahan sekolah-sekolah seneng karena makan siang gratis benar-benar bantu siswa butuh gizi #EnamBulanPemerintah https://t.co/FNeSSEHtaW,"1,92024E+18",https://pbs.twimg.com/ext_tw_video_thumb/1920240298594349056/pu/img/7_pBo3BEdbDdYX-i.jpg,,in,,0,0,0,https://x.com/cahya_ar4/status/1920240395654516922,"1,71019E+18",cahya_ar4
"1,92024E+18",Wed May 07 22:12:34 +0000 2025,0,Dengan leadership Prabowo Indonesia kini makin diterima di dunia internasional join BRICS ekonominya naik makan siang gratis juga jalan terus #EnamBulanPemerintah https://t.co/KaY6YDOKT2,"1,92024E+18",https://pbs.twimg.com/media/GqYQapBaUAA5fQz.jpg,,in,,0,0,0,https://x.com/arya_ptraaa/status/1920240365996814354,"1,69638E+18",arya_ptraaa
"1,92024E+18",Wed May 07 22:12:27 +0000 2025,0,Enam bulan ekspor naik drastis 10 persen berkat BRICS industri lokal makin gacor makan siang gratis hadir di hampir seluruh provinsi #EnamBulanPemerintah https://t.co/OmOSWVZ4Kh,"1,92024E+18",https://pbs.twimg.com/ext_tw_video_thumb/1920240235956613120/pu/img/g3wxutFaYgqzYlTU.jpg,,in,,0,0,0,https://x.com/puji_u77/status/1920240336330269070,"1,70943E+18",puji_u77
"1,92024E+18",Wed May 07 22:12:16 +0000 2025,0,6 bulan ini Indonesia benar-benar jadi pemain global industri lokal makin bersaing makan siang gratis bikin energi belajar nambah #EnamBulanPemerintah https://t.co/6fDsN70TvM,"1,92024E+18",https://pbs.twimg.com/ext_tw_video_thumb/1920239717402234880/pu/img/qhJ1JsEBE5VhNIwP.jpg,,in,,0,0,0,https://x.com/resta_gulayah/status/1920240292004843661,"1,70108E+18",resta_gulayah
"1,92024E+18",Wed May 07 22:12:09 +0000 2025,0,BRICS bawa Indonesia ke kancah global ekonomi dalam negeri semakin hijau makan siang gratis jadi bagian penting pendidikan #EnamBulanPemerintah https://t.co/saKTh1sVVj,"1,92024E+18",https://pbs.twimg.com/media/GqYQVgBbwAA0UHV.jpg,,in,,0,0,0,https://x.com/sulastra_masya8/status/1920240263634825555,"1,69456E+18",sulastra_masya8
"1,92024E+18",Wed May 07 22:12:05 +0000 2025,0,Program makan siang gratis jadi role model buat program serupa di negara lain #EnamBulanPemerintah https://t.co/Zs7fdkhdMf,"1,92024E+18",https://pbs.twimg.com/ext_tw_video_thumb/1920239970754981888/pu/img/YKTL68Rv1_NX4rpb.jpg,,in,,0,0,0,https://x.com/banawi_balapati/status/1920240246148460700,"1,71158E+18",banawi_balapati
"1,92024E+18",Wed May 07 22:11:59 +0000 2025,0,Presiden Prabowo bergerak cepat masuk BRICS industri melejit makan siang gratis jadi harapan baru anak-anak sekolah #EnamBulanPemerintah https://t.co/7mkktzsNtf,"1,92024E+18",https://pbs.twimg.com/media/GqYQS6IaYAAnnqp.jpg,,in,,0,0,0,https://x.com/danis_afnan/status/1920240219518853376,"1,70869E+18",danis_afnan
"1,92024E+18",Wed May 07 22:11:40 +0000 2025,0,Enam bulan yang produktif Indonesia tambah dipercaya di BRICS industri lokal dapet banyak support dan anak sekolah makin sehat berkat makan siang gratis #EnamBulanPemerintah https://t.co/hpsZ2c0SAn,"1,92024E+18",https://pbs.twimg.com/ext_tw_video_thumb/1920239983237226496/pu/img/2DAXSpc6e6EQ_CfZ.jpg,,in,,0,0,0,https://x.com/lilie_cantika/status/1920240140686873058,"1,70151E+18",lilie_cantika
"1,92024E+18",Wed May 07 22:11:35 +0000 2025,0,Gak nyangka 6 bulan udah segini berkat BRICS RI makin dunia industri naik daun dan siswa sekolah menikmati makan siang gratis #EnamBulanPemerintah https://t.co/4JeYHZV8Ub,"1,92024E+18",https://pbs.twimg.com/ext_tw_video_thumb/1920240019132067842/pu/img/l3IH_X8tmEnTds2R.jpg,,in,,0,0,0,https://x.com/okto_putra11/status/1920240119572832626,"1,70011E+18",okto_putra11
"1,92024E+18",Wed May 07 22:11:24 +0000 2025,0,Jagoan diplomasi program makan siang gratis tembus 60% sekolah dasar anak-anak makin sehat dan prestasi naik #EnamBulanPemerintah https://t.co/LjpA6bB4TR,"1,92024E+18",https://pbs.twimg.com/media/GqYPZ0mboAAlUIq.jpg,,in,,0,0,0,https://x.com/fathonah_mndsr/status/1920240073167286508,"1,71019E+18",fathonah_mndsr
"1,92024E+18",Wed May 07 22:11:18 +0000 2025,0,Makan siang gratis bukan drama semata data Kemdikbud kasih bukti tingkat partisipasi siswa naik 6% #EnamBulanPemerintah https://t.co/8VGO1gb0RH,"1,92024E+18",https://pbs.twimg.com/ext_tw_video_thumb/1920239800407457792/pu/img/FwuwXjIltL2ZnWys.jpg,,in,,0,0,0,https://x.com/makuta_budiyto/status/1920240047795941616,"1,70145E+18",makuta_budiyto
"1,92024E+18",Wed May 07 22:11:18 +0000 2025,0,BRICS bikin nilai ekspor naik beberapa persen industri dalam negeri makin digemari konsumen makan siang gratis ngasih semangat belajar siswa #EnamBulanPemerintah https://t.co/JpOFoLoOcp,"1,92024E+18",https://pbs.twimg.com/ext_tw_video_thumb/1920238265548091393/pu/img/AeAoSc4or3HaAnaj.jpg,,in,,0,0,0,https://x.com/garda_irawan/status/1920240047242293569,"1,7094E+18",garda_irawan
"1,92024E+18",Wed May 07 22:11:12 +0000 2025,0,Setengah tahun Indonesia nggak cuma lebih eksis di BRICS tapi juga dorong pertumbuhan industri dan kasih makan siang gratis buat siswa #EnamBulanPemerintah https://t.co/dZOJ1WaVaG,"1,92024E+18",https://pbs.twimg.com/media/GqYP1B_bUAA7CAH.jpg,,in,,0,0,0,https://x.com/wisnu_albar99/status/1920240021497389539,"1,70181E+18",wisnu_albar99
"1,92024E+18",Wed May 07 22:11:07 +0000 2025,0,Prestasi cemerlang di 6 bulan awal kebangkitan industri lokal terasa diplomasi makin luas makan siang gratis raih apresiasi #EnamBulanPemerintah https://t.co/IUZJ1Uj2Qt,"1,92024E+18",https://pbs.twimg.com/ext_tw_video_thumb/1920239927025152000/pu/img/15rXF3IoLJXrlNXh.jpg,,in,,0,0,0,https://x.com/wawan_tiantoo/status/1920240003466108981,"1,81931E+18",wawan_tiantoo
"1,92024E+18",Wed May 07 22:11:03 +0000 2025,0,Kebijakan ekonomi yang berpihak ke industri lokal diplomasi makin luas dan makan siang gratis bantu lebih dari 10 juta siswa tiap hari #EnamBulanPemerintah https://t.co/tiAxI0yvuk,"1,92024E+18",https://pbs.twimg.com/ext_tw_video_thumb/1920239873140928513/pu/img/N3-Pw3YImStafpOF.jpg,,in,,0,0,0,https://x.com/febi_maya6/status/1920239987376717968,"1,7037E+18",febi_maya6
"1,91992E+18",Wed May 07 22:11:01 +0000 2025,1019,@miniyayaay Wkwkwk. inget debat capres. Cara atasi kekerasan terhadap perempuan. 01 bilang bikin rumah aman korban 03 bilang bikin saluran lapor yg gak ngeekspose nama korban. 02 bilang apa? Makan siang gratis. dulu juga janjinya bukan buat siswa tapi seluruh rakyat indonesia.,"1,92024E+18",,miniyayaay,in,,21,7,97,https://x.com/uizukcd643s/status/1920239977557897236,"1,58091E+18",uizukcd643s
"1,92024E+18",Wed May 07 22:11:00 +0000 2025,0,Baru enam bulan setelah pemerintahan baru Indonesia tembus ke BRICS ekonomi domestik naik dan makan siang gratis digulirkan di ribuan sekolah #EnamBulanPemerintah https://t.co/sjuPdOs62c,"1,92024E+18",https://pbs.twimg.com/media/GqYQEhIbMAIF-dV.jpg,,in,,0,0,0,https://x.com/rina_amelia891/status/1920239972780499369,"1,85697E+18",rina_amelia891
"1,92024E+18",Wed May 07 22:10:24 +0000 2025,0,Indonesia jadi member BRICS diplomasi tambah kuat ekonomi melaju makan siang gratis bikin anak-anak makin ceria tiap hari #EnamBulanPemerintah https://t.co/FWnN1aq6FW,"1,92024E+18",https://pbs.twimg.com/ext_tw_video_thumb/1920239686288850944/pu/img/VVSBnnr4bAJpAmaa.jpg,,in,,0,0,0,https://x.com/hengki_st89/status/1920239822741844430,"1,69898E+18",hengki_st89
"1,92024E+18",Wed May 07 22:09:49 +0000 2025,0,Ekonomi Indonesia makin kinclong enam bulan terakhir industri dalam negeri tumbuh lebih dari 5 persen dan anak sekolah makin happy karena inisiatif makan siang gratis jalan terus #EnamBulanPemerintah https://t.co/O5u1gyesDd,"1,92024E+18",https://pbs.twimg.com/media/GqYPyp0bYAAJsdl.jpg,,in,,0,0,0,https://x.com/nurul_hana2/status/1920239673487794640,"1,81601E+18",nurul_hana2
"1,92024E+18",Wed May 07 22:09:38 +0000 2025,0,Enam bulan Prabowo ekonomi stabil diplomasi global lancar program makan siang gratis terus jalan #EnamBulanPemerintah https://t.co/W9BY8G2FX1,"1,92024E+18",https://pbs.twimg.com/media/GqYPqG5bMAEsTZw.jpg,,in,,0,0,0,https://x.com/ayu_yuniar17/status/1920239629191520407,"1,7018E+18",ayu_yuniar17
"1,92024E+18",Wed May 07 22:09:33 +0000 2025,0,Makan siang gratis sukses turunkan angka ketidakhadiran siswa sampai 2 3% dibanding tahun lalu #EnamBulanPemerintah https://t.co/RGxJm0ngDV,"1,92024E+18",https://pbs.twimg.com/ext_tw_video_thumb/1920239480545632256/pu/img/Fj9kolVuFdFIT6Nz.jpg,,in,,0,0,0,https://x.com/helna_eryn4/status/1920239605950886360,"1,70144E+18",helna_eryn4
"1,92024E+18",Wed May 07 22:08:50 +0000 2025,0,Diplomasi Indonesia lewat BRICS bikin ekonomi dalam negeri ikut tumbuh makan siang gratis bantu anak sekolah belajar tanpa mikir lapar #EnamBulanPemerintah https://t.co/RYU5mUhcKp,"1,92024E+18",https://pbs.twimg.com/media/GqYPk67bcAACxHG.jpg,,in,,0,0,0,https://x.com/denny_aria00/status/1920239427819090321,"1,84355E+18",denny_aria00
"1,92024E+18",Wed May 07 22:08:21 +0000 2025,0,Makan siang gratis di sekolah makin tersebar industri dalam negeri terus digenjot Prabowo gaspol #EnamBulanPemerintah https://t.co/dvhFqsUf6N,"1,92024E+18",https://pbs.twimg.com/media/GqYPdldbMAAmbwf.jpg,,in,,0,0,0,https://x.com/sri_hariyah11/status/1920239305961640099,"1,70006E+18",sri_hariyah11
"1,92024E+18",Wed May 07 22:08:11 +0000 2025,0,Pemerintah serius dorong industri nasional makan siang gratis sekolah jadi menu wajib tiap hari buat pelajar #EnamBulanPemerintah https://t.co/HuROlbHPNk,"1,92024E+18",https://pbs.twimg.com/ext_tw_video_thumb/1920239160985858048/pu/img/twfKZgwzMqSqmTQa.jpg,,in,,0,0,0,https://x.com/dela_danti/status/1920239265096556605,"1,7011E+18",dela_danti
"1,92024E+18",Wed May 07 22:07:58 +0000 2025,0,Negara-negara BRICS banyak belajar dari program sosial Indonesia makan siang gratis jadi inspirasi #EnamBulanPemerintah https://t.co/lYcaaIqVcH,"1,92024E+18",https://pbs.twimg.com/ext_tw_video_thumb/1920239103289012226/pu/img/JGt5Lw3MKmzMS8jU.jpg,,in,,0,0,0,https://x.com/ratah_n99/status/1920239208461164949,"1,69964E+18",ratah_n99
"1,92024E+18",Wed May 07 22:07:20 +0000 2025,0,Enam bulan diplomasi aktif pertumbuhan industri lokal 4 8 persen makan siang gratis dibuat menyeluruh dari kota sampai desa #EnamBulanPemerintah https://t.co/HgFQadx09O,"1,92024E+18",https://pbs.twimg.com/ext_tw_video_thumb/1920238827719016448/pu/img/BAPwYxbBrz-uM1b8.jpg,,in,,0,0,0,https://x.com/najwa_syafa63/status/1920239052105671031,"1,70119E+18",najwa_syafa63
"1,92024E+18",Wed May 07 22:07:05 +0000 2025,0,Makan siang gratis di sekolah beneran efektif menurut data riset kesehatan jumlah murid sakit turun signifikan #EnamBulanPemerintah https://t.co/OBno9yQ9qd,"1,92024E+18",https://pbs.twimg.com/ext_tw_video_thumb/1920238887198470144/pu/img/UaQPx3c_NsGbFiB-.jpg,,in,,0,0,0,https://x.com/cahyanto_dbkk/status/1920238985903026186,"1,70942E+18",cahyanto_dbkk
"1,92024E+18",Wed May 07 22:06:33 +0000 2025,0,BRICS jadi katalis peningkatan ekonomi Indonesia relasi global makin terjalin program makan siang gratis tersebar di penjuru tanah air #EnamBulanPemerintah https://t.co/32q06XGCfO,"1,92024E+18",https://pbs.twimg.com/ext_tw_video_thumb/1920238721481519108/pu/img/swkXFvUar7jgl6ZI.jpg,,in,,0,0,0,https://x.com/fathonah_hassan/status/1920238853106942009,"1,71015E+18",fathonah_hassan
"1,92024E+18",Wed May 07 22:06:00 +0000 2025,0,Indonesia lebih diperhitungkan di kawasan BRICS pertumbuhan industri makin konsisten makan siang gratis jadi kebahagiaan pelajar #EnamBulanPemerintah https://t.co/qNqalneuPq,"1,92024E+18",https://pbs.twimg.com/ext_tw_video_thumb/1920238635435372544/pu/img/oXZ6YyEF982wWTwC.jpg,,in,,0,0,0,https://x.com/mila_rahayu8/status/1920238715982496162,"1,70402E+18",mila_rahayu8
"1,92024E+18",Wed May 07 22:05:46 +0000 2025,0,6 bulan Prabowo ekspor naik berkat BRICS industri lokal tumbuh dan makan siang gratis bikin anak sekolah makin sehat #EnamBulanPemerintah https://t.co/o2xtfZDoEQ,"1,92024E+18",https://pbs.twimg.com/ext_tw_video_thumb/1920237891487477761/pu/img/GH9TaaOlmQuOaCXw.jpg,,in,,0,0,0,https://x.com/susi_s82/status/1920238654485680394,"1,70009E+18",susi_s82
"1,92024E+18",Wed May 07 22:05:35 +0000 2025,0,Baru setengah tahun industri dalam negeri tumbuh 4 7 persen diplomasi bareng BRICS program makan siang gratis sukses diimplementasi #EnamBulanPemerintah https://t.co/wU74YWY0Nh,"1,92024E+18",https://pbs.twimg.com/ext_tw_video_thumb/1920237226497294336/pu/img/QJI7TELF9bkOxVV5.jpg,,in,,0,0,0,https://x.com/jane_rahimah99/status/1920238611322077394,"1,71122E+18",jane_rahimah99
"1,92024E+18",Wed May 07 22:05:10 +0000 2025,0,Industrinya naik peluang baru lewat BRICS dan makan siang gratis bikin hari-hari anak sekolah makin ceria #EnamBulanPemerintah https://t.co/pQtxfdEFAS,"1,92024E+18",https://pbs.twimg.com/media/GqYOu9ubMAEAfb7.jpg,,in,,0,0,0,https://x.com/rafly_raboni/status/1920238502815445078,"1,70009E+18",rafly_raboni
"1,92024E+18",Wed May 07 22:04:24 +0000 2025,0,Baru mulai prestasi Indonesia nyata relasi diplomatik diperluas sektor industri naik lagi makan siang sekolah gratis makin banyak peminat #EnamBulanPemerintah https://t.co/dkVydqQx3d,"1,92024E+18",https://pbs.twimg.com/ext_tw_video_thumb/1920238205355634688/pu/img/Zp5M_Hdv1WamwMnq.jpg,,in,,0,0,0,https://x.com/fitiya_nahlan/status/1920238310972109067,"1,70115E+18",fitiya_nahlan
"1,92024E+18",Wed May 07 22:04:04 +0000 2025,0,Makan siang gratis ala Prabowo now jadi primadona nyatanya absensi siswa SD meningkat sampe 9% dibanding tahun lalu #EnamBulanPemerintah https://t.co/zXFZt84pDW,"1,92024E+18",https://pbs.twimg.com/ext_tw_video_thumb/1920237837544497152/pu/img/IwhvN-D1POSfrm2S.jpg,,in,,0,0,0,https://x.com/afrimawan_gnwn/status/1920238228977664181,"1,70005E+18",afrimawan_gnwn
"1,92024E+18",Wed May 07 22:03:18 +0000 2025,0,Bareng BRICS relasi dengan negara lain makin solid program makan siang gratis capai 93 persen sekolah dasar negeri #EnamBulanPemerintah https://t.co/3koqdIVvlU,"1,92024E+18",https://pbs.twimg.com/ext_tw_video_thumb/1920237534904528896/pu/img/R0v6qgU8ECl-k9ul.jpg,,in,,0,0,0,https://x.com/sarale_calie25/status/1920238035779596553,"1,69709E+18",sarale_calie25
"1,92024E+18",Wed May 07 22:02:53 +0000 2025,0,BRICS jadi kunci strategi baru ekonomi lokal tumbuh 5 persen makan siang gratis jangkau 20 juta pelajar #EnamBulanPemerintah https://t.co/rB9RytppH4,"1,92024E+18",https://pbs.twimg.com/ext_tw_video_thumb/1920237760939782144/pu/img/SkoJNqB8oBWPai-o.jpg,,in,,0,0,0,https://x.com/baria_kimilia/status/1920237931119456555,"1,70145E+18",baria_kimilia
"1,92024E+18",Wed May 07 22:02:47 +0000 2025,0,Program makan siang gratis terus bertambah ekonomi lokal makin menggeliat #EnamBulanPemerintah https://t.co/zTNt2bQKpa,"1,92024E+18",https://pbs.twimg.com/media/GqYOLyCb0AA3L8g.jpg,,in,,0,0,0,https://x.com/rina_ksmwatii/status/1920237903378288967,"1,69899E+18",rina_ksmwatii
"1,92024E+18",Wed May 07 22:02:28 +0000 2025,0,Baru enam bulan Prabowo buktiin Indonesia mampu bersaing global industri lokal naik hampir 5 persen makan siang gratis diperluas ke pelosok #EnamBulanPemerintah https://t.co/hlHuD2PAQR,"1,92024E+18",https://pbs.twimg.com/ext_tw_video_thumb/1920237735903993856/pu/img/LlNzRQ27DS0XWZO2.jpg,,in,,0,0,0,https://x.com/gagah_setiawan1/status/1920237825070453215,"1,84421E+18",gagah_setiawan1
"1,92024E+18",Wed May 07 22:01:39 +0000 2025,0,Dari kerja sama BRICS pertumbuhan sektor industri melesat makan siang gratis makin bikin anak sekolah betah #EnamBulanPemerintah https://t.co/MCJwzmmhbG,"1,92024E+18",https://pbs.twimg.com/media/GqYN7hcbMAEssqx.jpg,,in,,0,0,0,https://x.com/ophelia_elisara/status/1920237618484449568,"1,70977E+18",ophelia_elisara
"1,92024E+18",Wed May 07 22:01:08 +0000 2025,0,Program sosial makin berasa makan siang gratis jadi alasan anak-anak gak bolos sekolah lagi #EnamBulanPemerintah https://t.co/FHo9AZXh7A,"1,92024E+18",https://pbs.twimg.com/media/GqYN0LabMAQ4sMw.jpg,,in,,0,0,0,https://x.com/sara_sari12/status/1920237490704646228,"1,70181E+18",sara_sari12
"1,92024E+18",Wed May 07 22:01:01 +0000 2025,0,Presiden Prabowo bikin gebrakan diplomasi cemerlang masuk BRICS industri dalam negeri makin di-support makan siang gratis jadi prioritas #EnamBulanPemerintah https://t.co/eSoLmgZoeO,"1,92024E+18",https://pbs.twimg.com/media/GqYNxtrbUAAB0DM.jpg,,in,,0,0,0,https://x.com/andika_sob77/status/1920237459717435733,"1,70869E+18",andika_sob77
"1,92024E+18",Wed May 07 22:00:57 +0000 2025,0,Enam bulan berjalan diplomasi Indonesia makin diakui dengan join di BRICS pertumbuhan industri nasional dan makan siang gratis di sekolah-sekolah #EnamBulanPemerintah https://t.co/MT5l6puCUn,"1,92024E+18",https://pbs.twimg.com/media/GqYNxbubMAAHvq3.jpg,,in,,0,0,0,https://x.com/galang_ov499/status/1920237443644854542,"1,70905E+18",galang_ov499
"1,92024E+18",Wed May 07 22:00:50 +0000 2025,0,Gabung BRICS penting banget buat Indonesia menambah jaringan diplomasi ekonomi lokal makin subur dan anak sekolah makin semangat berkat makan siang gratis #EnamBulanPemerintah https://t.co/gas80Y9Iji,"1,92024E+18",https://pbs.twimg.com/ext_tw_video_thumb/1920237142661607424/pu/img/tOCbmqKECZ3UPv0S.jpg,,in,,0,0,0,https://x.com/padmi_yuniar70/status/1920237415215546482,"1,71195E+18",padmi_yuniar70
"1,92024E+18",Wed May 07 22:00:38 +0000 2025,0,Anggota BRICS Indonesia makin dihargai di forum dunia program ekonomi dorong industri lokal dan makan siang gratis sudah dinikmati siswa #EnamBulanPemerintah https://t.co/p0AX1xhWZP,"1,92024E+18",https://pbs.twimg.com/ext_tw_video_thumb/1920236981457727489/pu/img/f0Sxo8P0B8X4hgbX.jpg,,in,,0,0,0,https://x.com/talia_tivi/status/1920237364200558696,"1,71013E+18",talia_tivi
"1,92024E+18",Wed May 07 22:00:33 +0000 2025,0,Tahun ini gaya baru Indonesia aktif di BRICS bikin relasi dunia makin lebar sektor industri bertumbuh dan anak sekolah kebagian makan siang gratis #EnamBulanPemerintah https://t.co/pHGkPaUvZk,"1,92024E+18",https://pbs.twimg.com/ext_tw_video_thumb/1920237080745291777/pu/img/GowVyI6-D79FLAVW.jpg,,in,,0,0,0,https://x.com/enteng_mahes/status/1920237342402453535,"1,70977E+18",enteng_mahes
"1,92024E+18",Wed May 07 22:00:19 +0000 2025,0,Enam bulan awal Prabowo: hubungan diplomatik makin erat ekonomi lokal naik anak-anak sekolah dapat makan siang gratis tiap hari #EnamBulanPemerintah https://t.co/xZkpquFRgl,"1,92024E+18",https://pbs.twimg.com/ext_tw_video_thumb/1920237138714804224/pu/img/c-fXsVQGPC8-cyNR.jpg,,in,,0,0,0,https://x.com/rendi_ajii/status/1920237282168074561,"1,7087E+18",rendi_ajii
"1,92024E+18",Wed May 07 22:00:18 +0000 2025,0,Gabung BRICS bikin diplomasi makin berbobot industri lokal naik panggung dan makan siang gratis jadi alasan tambah semangat anak sekolah #EnamBulanPemerintah https://t.co/Cs4B40cm5Z,"1,92024E+18",https://pbs.twimg.com/ext_tw_video_thumb/1920234946909925376/pu/img/cUokCDEIhdVTaDmE.jpg,,in,,0,0,0,https://x.com/nadya_amadeaokt/status/1920237278053450122,"1,70183E+18",nadya_amadeaokt
"1,92024E+18",Wed May 07 22:00:08 +0000 2025,0,Baru setengah tahun Indonesia makin diakui di kancah global industri berkembang nggak lupa program makan siang gratis buat anak-anak #EnamBulanPemerintah https://t.co/gR4Z0AVpW3,"1,92024E+18",https://pbs.twimg.com/ext_tw_video_thumb/1920237128774258688/pu/img/qVqXXRz9zkzci917.jpg,,in,,0,0,0,https://x.com/bayu_widodo37/status/1920237239965233232,"1,70111E+18",bayu_widodo37
"1,92024E+18",Wed May 07 21:59:19 +0000 2025,0,Lebih dari 12 juta murid sekolah di pedalaman rasakan manfaat makan siang gratis selama enam bulan terakhir #EnamBulanPemerintah https://t.co/uG0TBCUoQO,"1,92024E+18",https://pbs.twimg.com/ext_tw_video_thumb/1920236935584608256/pu/img/7O_d3Pem92IKGF8Z.jpg,,in,,0,0,0,https://x.com/malika_angraini/status/1920237033014059081,"1,69894E+18",malika_angraini
"1,92024E+18",Wed May 07 21:58:24 +0000 2025,0,BRICS membawa Indonesia berkompetisi di dunia makan siang gratis bantu anak-anak sekolah tumbuh ekonomi semakin progresif #EnamBulanPemerintah https://t.co/FGypBVfgGI,"1,92024E+18",https://pbs.twimg.com/media/GqYNL4EbMAELBjM.jpg,,in,,0,0,0,https://x.com/novi_ahan56/status/1920236801727361189,"1,70145E+18",novi_ahan56
"1,92024E+18",Wed May 07 21:58:07 +0000 2025,0,Di bawah Prabowo anak-anak sekolah dapat makan siang gratis dari Sabang sampai Merauke makin semangat sekolah #EnamBulanPemerintah https://t.co/Li0sjdaBNZ,"1,92024E+18",https://pbs.twimg.com/ext_tw_video_thumb/1920236591966281728/pu/img/557PNasyDsjIYFM0.jpg,,in,,0,0,0,https://x.com/Gilda_per212/status/1920236729891770655,"1,70117E+18",Gilda_per212
"1,92024E+18",Wed May 07 21:57:58 +0000 2025,0,Makin banyak sekolah dapet dukungan makan siang gratis efek domino buat pendidikan #EnamBulanPemerintah https://t.co/DBKqwXGSBN,"1,92024E+18",https://pbs.twimg.com/media/GqYNFiUbcAAgz_4.jpg,,in,,0,0,0,https://x.com/ikhsan_mgunsong/status/1920236692931244511,"1,70186E+18",ikhsan_mgunsong
"1,92024E+18",Wed May 07 21:57:55 +0000 2025,0,Enam bulan terakhir 75% sekolah target sudah nikmatin makan siang gratis dari pemerintah #EnamBulanPemerintah https://t.co/O805mB1IMm,"1,92024E+18",https://pbs.twimg.com/media/GqYNFGMbMAEmKxS.jpg,,in,,0,0,0,https://x.com/zakiyah_alhasni/status/1920236680600301672,"1,70111E+18",zakiyah_alhasni
"1,92024E+18",Wed May 07 21:57:55 +0000 2025,0,Sektor industri terus didorong naik diplomasi Indonesia di kancah dunia makin aktif bareng BRICS sekolah makin meriah pas jam makan siang gratis #EnamBulanPemerintah https://t.co/1qxH0BhMW5,"1,92024E+18",https://pbs.twimg.com/ext_tw_video_thumb/1920235147879985154/pu/img/u4kS6VDK21jGSvtm.jpg,,in,,0,0,0,https://x.com/fajar_rohmat22/status/1920236679551500642,"1,69637E+18",fajar_rohmat22
"1,92024E+18",Wed May 07 21:57:38 +0000 2025,0,Diplomasi global sektor manufaktur tumbuh makan siang gratis bikin semua senyum di sekolah #EnamBulanPemerintah https://t.co/M9ycE9l4U8,"1,92024E+18",https://pbs.twimg.com/ext_tw_video_thumb/1920234751417593857/pu/img/WrsPk_0mlB7KtL9H.jpg,,in,,0,0,0,https://x.com/naradi_r25/status/1920236607094825048,"1,70979E+18",naradi_r25
"1,92024E+18",Wed May 07 21:57:28 +0000 2025,0,Keanggotaan BRICS dorong perluasan ekspor industri nasional makin handal program makan siang gratis terus berkembang #EnamBulanPemerintah https://t.co/Sdd628t8I8,"1,92024E+18",https://pbs.twimg.com/ext_tw_video_thumb/1920236468456599555/pu/img/-UoirGneOYxW9dIx.jpg,,in,,0,0,0,https://x.com/fitriani_srtini/status/1920236565269196882,"1,69896E+18",fitriani_srtini
"1,92024E+18",Wed May 07 21:57:24 +0000 2025,0,Gabung BRICS bukan cuma soal diplomasi tapi juga dorong industrialisasi dan pastiin anak Indonesia sekolah dengan kenyang lewat makan siang gratis #EnamBulanPemerintah https://t.co/PNKYrY82PG,"1,92024E+18",https://pbs.twimg.com/ext_tw_video_thumb/1920234023596830720/pu/img/6phbM5Ru2lgG-oZq.jpg,,in,,0,0,0,https://x.com/gandi_jailani/status/1920236548332924955,"1,70943E+18",gandi_jailani
"1,92024E+18",Wed May 07 21:57:14 +0000 2025,0,Prestasi enam bulan: diplomasi naik kelas dengan BRICS pertumbuhan industri kelihatan real anak-anak sekolah dapet makan siang gratis tiap hari #EnamBulanPemerintah https://t.co/zx9bHd6gaI,"1,92024E+18",https://pbs.twimg.com/media/GqYM6_NbMAAhG5E.jpg,,in,,0,0,0,https://x.com/ardi_rmdn/status/1920236508780331361,"1,83305E+18",ardi_rmdn
"1,92024E+18",Wed May 07 21:56:59 +0000 2025,0,Keren banget Indonesia semenjak gabung BRICS jadi makin dilirik ekonomi makin oke makan siang gratis udah rutin di sekolah #EnamBulanPemerintah https://t.co/YPr9edi2xt,"1,92024E+18",https://pbs.twimg.com/media/GqYMvejbgAAAoeu.jpg,,in,,0,0,0,https://x.com/dadi_prabowo8/status/1920236446721716396,"1,70977E+18",dadi_prabowo8
"1,92024E+18",Wed May 07 21:56:54 +0000 2025,0,Keuntungan jadi anggota BRICS langsung kerasa di perkembangan industri dan program makan siang gratis buat anak sekolah #EnamBulanPemerintah https://t.co/TR6bjdUTpB,"1,92024E+18",https://pbs.twimg.com/media/GqYM0sGbMAE1AWj.jpg,,in,,0,0,0,https://x.com/baralin_ratih/status/1920236423304696001,"1,85696E+18",baralin_ratih
"1,92024E+18",Wed May 07 21:56:52 +0000 2025,0,Indonesia jadi negara BRICS sektor industri cetak kenaikan 7 persen makan siang gratis temani anak-anak sekolah di berbagai daerah #EnamBulanPemerintah https://t.co/BcHzLYpCBF,"1,92024E+18",https://pbs.twimg.com/media/GqYM1idbAAAVTLo.jpg,,in,,0,0,0,https://x.com/novi_lestarii99/status/1920236415780069619,"1,71158E+18",novi_lestarii99
"1,92024E+18",Wed May 07 21:56:51 +0000 2025,0,Gabung BRICS industri lokal tumbuh 8% angka partisipasi sekolah juga naik karena adanya makan siang gratis #EnamBulanPemerintah https://t.co/uplaoxn8R5,"1,92024E+18",https://pbs.twimg.com/media/GqYMxQWbMAI7WA6.jpg,,in,,0,0,0,https://x.com/daliono_rajata4/status/1920236411535409432,"1,7091E+18",daliono_rajata4
"1,92024E+18",Wed May 07 21:56:40 +0000 2025,0,Program makan siang gratis sudah dirasain jutaan siswa sekolah Indonesia punya peran strategis di BRICS industri lokal makin diminati #EnamBulanPemerintah https://t.co/89QlpwIoKw,"1,92024E+18",https://pbs.twimg.com/ext_tw_video_thumb/1920236163018993664/pu/img/ysBVMEMWVuq0KyC9.jpg,,in,,0,0,0,https://x.com/tasnim_waluyo/status/1920236364513136857,"1,70115E+18",tasnim_waluyo
"1,92024E+18",Wed May 07 21:56:36 +0000 2025,0,Gabung forum negara BRICS Indonesia lebih eksis industri tumbuh 7 persen anak sekolah semangat makan siang gratis #EnamBulanPemerintah https://t.co/1h8VnB8ox0,"1,92024E+18",https://pbs.twimg.com/media/GqYMxsIbMAII6vr.jpg,,in,,0,0,0,https://x.com/iman_yuwono8/status/1920236348369203633,"1,69897E+18",iman_yuwono8
"1,92024E+18",Wed May 07 21:56:30 +0000 2025,0,Mulai gabung BRICS Indonesia dorong industri sendiri anak-anak sekolah makin semangat belajar karena makan siang gratis setiap hari #EnamBulanPemerintah https://t.co/poZ8dopKK9,"1,92024E+18",https://pbs.twimg.com/ext_tw_video_thumb/1920236237199454209/pu/img/IDoNf5du5k5KS5yH.jpg,,in,,0,0,0,https://x.com/muni_mahen/status/1920236324411330568,"1,71019E+18",muni_mahen
"1,92024E+18",Wed May 07 21:56:03 +0000 2025,0,Enam bulan yang penuh gebrakan gabung BRICS dorong industri makan siang gratis hadir di banyak sekolah #EnamBulanPemerintah https://t.co/S6zRGzPkCG,"1,92024E+18",https://pbs.twimg.com/media/GqYMpm9aoAAVw36.jpg,,in,,0,0,0,https://x.com/bala_sitorus/status/1920236209709662219,"1,70909E+18",bala_sitorus
"1,92024E+18",Wed May 07 21:55:49 +0000 2025,0,Salah satu capaian Prabowo makan siang gratis sekolah udah jangkau ribuan siswa di berbagai daerah #EnamBulanPemerintah https://t.co/iYA5uLERcw,"1,92024E+18",https://pbs.twimg.com/media/GqYMmY5bcAA3-Az.jpg,,in,,0,0,0,https://x.com/andi_pratma15/status/1920236152956576128,"1,84387E+18",andi_pratma15
"1,92024E+18",Wed May 07 21:55:15 +0000 2025,0,Diplomasi Indonesia tambah solid sejak Prabowo ambil alih apalagi sekarang udah jadi keluarga BRICS plus industri lokal berkembang dan makan siang gratis terus jalan #EnamBulanPemerintah https://t.co/IXWTa35qd0,"1,92024E+18",https://pbs.twimg.com/media/GqYMd7sbMAAr8iN.jpg,,in,,0,0,0,https://x.com/abdul_akbar85/status/1920236009981395020,"1,70118E+18",abdul_akbar85
"1,92024E+18",Wed May 07 21:55:08 +0000 2025,0,Angka anak gizi buruk menurun sebagian besar berkat rutinitas makan siang gratis di sekolah #EnamBulanPemerintah https://t.co/eO8HhdG1nE,"1,92024E+18",https://pbs.twimg.com/ext_tw_video_thumb/1920235472615583749/pu/img/mVkfiSWfZMZIVOzL.jpg,,in,,0,0,0,https://x.com/ismail_mail223/status/1920235978020827291,"1,69672E+18",ismail_mail223
"1,92024E+18",Wed May 07 21:54:13 +0000 2025,0,Gabung BRICS ekonomi tumbuh stabil produksi lokal meningkat ribuan sekolah bagikan makan siang gratis dengan menu sehat #EnamBulanPemerintah https://t.co/v3MF6Z13CD,"1,92024E+18",https://pbs.twimg.com/ext_tw_video_thumb/1920235597219995648/pu/img/t5acYEJBVxIMlCFk.jpg,,in,,0,0,0,https://x.com/adi_barnas62/status/1920235750228177021,"1,69935E+18",adi_barnas62
"1,92024E+18",Wed May 07 21:53:32 +0000 2025,0,Gengsi Indonesia naik setelah masuk BRICS industri dalam negeri tambah maju makan siang gratis jadi favorit anak sekolah #EnamBulanPemerintah https://t.co/Fm0fdJDdBw,"1,92024E+18",https://pbs.twimg.com/media/GqYMDthbMAImEG0.jpg,,in,,0,0,0,https://x.com/lucian_toro98/status/1920235577871302957,"1,90996E+18",lucian_toro98
"1,92024E+18",Wed May 07 21:53:16 +0000 2025,0,Gabung BRICS Indonesia makin strategis di dunia sektor industri tumbuh makan siang gratis jadi inovasi sosial di sekolah #EnamBulanPemerintah https://t.co/2ZYHxuuP68,"1,92024E+18",https://pbs.twimg.com/media/GqYMBB-bsAA2Vn9.jpg,,in,,0,0,0,https://x.com/zhria_gysum8/status/1920235511806820736,"1,70111E+18",zhria_gysum8
"1,92024E+18",Wed May 07 21:53:06 +0000 2025,0,Momen 6 bulan ini historis banget buat Indonesia masuk BRICS industri dalam negeri naik level dan siswa SD tiap hari makan siang gratis #EnamBulanPemerintah https://t.co/6hfYcKNAiJ,"1,92024E+18",https://pbs.twimg.com/ext_tw_video_thumb/1920235364981354496/pu/img/L-ElXPZqvoP4-HZM.jpg,,in,,0,0,0,https://x.com/listy_tania35/status/1920235469406929333,"1,71747E+18",listy_tania35
"1,92024E+18",Wed May 07 21:52:16 +0000 2025,0,Gabung BRICS bikin Indonesia makin cukup pede tampil di dunia industri jalan lancar makan siang gratis diterima banyak siswa #EnamBulanPemerintah https://t.co/Gkf6GtadnT,"1,92024E+18",https://pbs.twimg.com/media/GqYLyXRbMAAdl4S.jpg,,in,,0,0,0,https://x.com/jasmika_wnrsih3/status/1920235260391907460,"1,70367E+18",jasmika_wnrsih3
"1,92024E+18",Wed May 07 21:52:08 +0000 2025,0,Presiden Prabowo bikin gebrakan lewat BRICS pertumbuhan industri domestik anak sekolah dimanjakan makan siang gratis tiap hari #EnamBulanPemerintah https://t.co/GlQjv2aaXW,"1,92024E+18",https://pbs.twimg.com/media/GqYLt7ZaYAAg1UN.jpg,,in,,0,0,0,https://x.com/puspa_uyainah8/status/1920235226246066353,"1,70182E+18",puspa_uyainah8
"1,92024E+18",Wed May 07 21:51:32 +0000 2025,0,Diplomasi makin luas industri lokal tumbuh dana buat makan siang gratis sekolah naik 3 kali lipat #EnamBulanPemerintah https://t.co/MNumu1zVun,"1,92024E+18",https://pbs.twimg.com/ext_tw_video_thumb/1920234779859169283/pu/img/EIWCjUeQuuL1nLB0.jpg,,in,,0,0,0,https://x.com/luhung_hutag/status/1920235073129099714,"1,71126E+18",luhung_hutag
"1,92023E+18",Wed May 07 21:50:38 +0000 2025,0,Enam bulan pertama kepemimpinan Prabowo bawa angin segar keanggotaan BRICS tumbuhnya industri lokal sampai program makan siang gratis di sekolah jadi nyata #EnamBulanPemerintah https://t.co/o3LCyzDNoi,"1,92023E+18",https://pbs.twimg.com/media/GqYLXz1bQAAXrdB.jpg,,in,,0,0,0,https://x.com/sasya_athira/status/1920234849371099447,"1,69459E+18",sasya_athira
"1,92023E+18",Wed May 07 21:50:23 +0000 2025,0,Anak sekolah di desa dan kota sama-sama senyum lebar semua bisa nikmatin makan siang gratis tiap hari #EnamBulanPemerintah https://t.co/pfXA2Vl8TD,"1,92023E+18",https://pbs.twimg.com/media/GqYLWjobwAAyJ7l.jpg,,in,,0,0,0,https://x.com/putra_adit46/status/1920234784506183716,"1,70182E+18",putra_adit46
"1,92023E+18",Wed May 07 21:49:59 +0000 2025,0,Diplomasi internasional dengan BRICS industri maju makan siang gratis jadi bukti Indonesia makin keren selama enam bulan terakhir #EnamBulanPemerintah https://t.co/htzAqAmDg9,"1,92023E+18",https://pbs.twimg.com/media/GqYLQ1AbMAEarWK.jpg,,in,,0,0,0,https://x.com/lasmanto_karja/status/1920234683650224556,"1,70946E+18",lasmanto_karja
"1,92023E+18",Wed May 07 21:49:57 +0000 2025,0,Makan siang gratis dorong inovasi menu sehat di sekolah anak-anak jadi mengenal makanan bergizi sejak dini #EnamBulanPemerintah https://t.co/jIh5sQSR81,"1,92023E+18",https://pbs.twimg.com/media/GqYLQKnbMAEKgLi.jpg,,in,,0,0,0,https://x.com/ananda_ldy88/status/1920234677190721563,"1,70003E+18",ananda_ldy88
"1,9202E+18",Wed May 07 21:49:46 +0000 2025,0,@Kurrco eng BRICS pasar ekspor naik 10 persen sektor industri lokal tumbuh makan siang gratis bikin siswa senyum tiap hari #EnamBulanPemerintah,"1,92023E+18",,Kurrco,in,,0,0,0,https://x.com/dina_puspita0/status/1920234627522048202,"1,83304E+18",dina_puspita0
"1,92023E+18",Wed May 07 21:49:20 +0000 2025,0,Kesempatan ekspor ke negara BRICS terbuka lebar pelajar Indonesia gak pernah telat makan siang gratis di sekolah #EnamBulanPemerintah https://t.co/qB3PxdwffH,"1,92023E+18",https://pbs.twimg.com/media/GqYLHLOaUAEghnB.jpg,,in,,0,0,0,https://x.com/cici_yuniar80/status/1920234519912984755,"1,70976E+18",cici_yuniar80
"1,92023E+18",Wed May 07 21:48:48 +0000 2025,0,Industri manufaktur makin kompetitif makan siang gratis bikin anak sekolah makin sehat #EnamBulanPemerintah https://t.co/2gssq6zIFt,"1,92023E+18",https://pbs.twimg.com/media/GqYK1lUbMAACxgq.jpg,,in,,0,0,0,https://x.com/kamaria_jamalia/status/1920234385879806413,"1,70942E+18",kamaria_jamalia
"1,92023E+18",Wed May 07 21:48:45 +0000 2025,0,Makan siang gratis bukan cuma program tapi jadi gerakan nasional sehatkan anak bangsa #EnamBulanPemerintah https://t.co/jSKuhMO38P,"1,92023E+18",https://pbs.twimg.com/media/GqYK-zTbMAMnMPR.jpg,,in,,0,0,0,https://x.com/mai_yuliartii/status/1920234375452774797,"1,69963E+18",mai_yuliartii
"1,92023E+18",Wed May 07 21:48:24 +0000 2025,0,Nggak nyangka inisiatif makan siang gratis Prabowo udah nyentuh 15 juta murid sekolah dalam enam bulan pertama #EnamBulanPemerintah https://t.co/JgpCcqlbsz,"1,92023E+18",https://pbs.twimg.com/ext_tw_video_thumb/1920234092924448771/pu/img/DYlZi1Xd7ls3ZA8h.jpg,,in,,0,0,0,https://x.com/juan_adryan82/status/1920234283744088152,"1,69672E+18",juan_adryan82
"1,92023E+18",Wed May 07 21:48:16 +0000 2025,0,Pemerintah sukses perluas pasar ekspor lewat BRICS dunia pendidikan hadirkan makan siang gratis ke seluruh siswa #EnamBulanPemerintah https://t.co/oLLxJS05b1,"1,92023E+18",https://pbs.twimg.com/media/GqYK3i3bMAE6dt0.jpg,,in,,0,0,0,https://x.com/restu_nuraini6/status/1920234252743893474,"1,69965E+18",restu_nuraini6
"1,92023E+18",Wed May 07 21:47:46 +0000 2025,0,Industri dalam negeri jadi tuan rumah di negeri sendiri diplomasi makin sangat aktif lewat BRICS inisiatif makan siang gratis jadi favorit siswa #EnamBulanPemerintah https://t.co/ik02z3yirz,"1,92023E+18",https://pbs.twimg.com/ext_tw_video_thumb/1920233908584787969/pu/img/ncYsWC1bEVoCOh1h.jpg,,in,,0,0,0,https://x.com/dirga_jenaka35/status/1920234124620804187,"1,70904E+18",dirga_jenaka35
"1,92023E+18",Wed May 07 21:47:35 +0000 2025,0,Anak-anak sekolah makin ceria dengan makan siang gratis industri nasional berkembang dan Indonesia diakui dunia lewat BRICS #EnamBulanPemerintah https://t.co/ZkMo6dVC7B,"1,92023E+18",https://pbs.twimg.com/media/GqYKtgfa0AAogJw.jpg,,in,,0,0,0,https://x.com/ikhsan_winarmo1/status/1920234081511432431,"1,70114E+18",ikhsan_winarmo1
"1,92023E+18",Wed May 07 21:47:31 +0000 2025,0,Jadi anggota BRICS bawa angin segar buat ekonomi Indonesia pelajar pun makin semangat sekolah karena makan siang gratis #EnamBulanPemerintah https://t.co/Y5Kv9IKZR4,"1,92023E+18",https://pbs.twimg.com/media/GqYKqWUbMAIan6M.jpg,,in,,0,0,0,https://x.com/lili_astuti2/status/1920234064906195300,"1,70146E+18",lili_astuti2
"1,92023E+18",Wed May 07 21:47:02 +0000 2025,0,Anak-anak sekolah nggak cuma semangat belajar tapi senang juga dapet makan siang gratis industri dan BRICS menguatkan ekonomi Indonesia #EnamBulanPemerintah https://t.co/6UmKS84WJX,"1,92023E+18",https://pbs.twimg.com/media/GqYKWPhbMAAC9-i.jpg,,in,,0,0,0,https://x.com/sofyan_udi71/status/1920233939697844466,"1,77282E+18",sofyan_udi71
"1,92023E+18",Wed May 07 21:47:01 +0000 2025,0,Berperan aktif di BRICS bikin Indonesia makin percaya diri industri lokal tumbuh dan pelajar makin sehat lewat program makan siang gratis #EnamBulanPemerintah https://t.co/HPOYHcyIfd,"1,92023E+18",https://pbs.twimg.com/media/GqYKkhXbMAAk44o.jpg,,in,,0,0,0,https://x.com/tesa_candrakasi/status/1920233937672052980,"1,70182E+18",tesa_candrakasi
"1,92023E+18",Wed May 07 21:46:59 +0000 2025,0,Siswa SD di seluruh Indonesia dapat asupan gizi lebih baik dari makan siang gratis output belajar juga meningkat #EnamBulanPemerintah https://t.co/8XF8UCSCpU,"1,92023E+18",https://pbs.twimg.com/ext_tw_video_thumb/1920233845703782401/pu/img/zGMqHUIKfPUTwjCh.jpg,,in,,0,0,0,https://x.com/ana_astuti45/status/1920233926989123951,"1,70398E+18",ana_astuti45
"1,92023E+18",Wed May 07 21:46:17 +0000 2025,0,Data kementerian: pengeluaran keluarga penerima makan siang gratis turun rata-rata 20 ribu per hari #EnamBulanPemerintah https://t.co/8egolxPrpG,"1,92023E+18",https://pbs.twimg.com/media/GqYKajCbMAESQnM.jpg,,in,,0,0,0,https://x.com/adhytia_wibowo/status/1920233754112766375,"1,69687E+18",adhytia_wibowo
"1,92023E+18",Wed May 07 21:46:07 +0000 2025,0,Nggak nyangka cuma enam bulan Indonesia bisa go international lewat BRICS industri tumbuh pesat dan anak-anak sekolah bisa makan siang gratis #EnamBulanPemerintah https://t.co/vjygGakgpL,"1,92023E+18",https://pbs.twimg.com/media/GqYKXoabMAAqQhE.jpg,,in,,0,0,0,https://x.com/warji_rangga/status/1920233709099159942,"1,70909E+18",warji_rangga
"1,92023E+18",Wed May 07 21:45:53 +0000 2025,0,Kebijakan makan siang gratis ikut mendorong ekonomi lokal petani dan peternak sekitar sekolah makin laku jualannya #EnamBulanPemerintah https://t.co/lfeD5krrfM,"1,92023E+18",https://pbs.twimg.com/media/GqYKT_9bcAA0Ekb.jpg,,in,,0,0,0,https://x.com/kezia_yuniar3/status/1920233649951117588,"1,70369E+18",kezia_yuniar3
"1,92023E+18",Wed May 07 21:45:49 +0000 2025,0,Tahun ini Indonesia resmi di BRICS kebijakan ekonomi dorong industri nasional dan siswa sekolah makin sehat berkat makan siang gratis #EnamBulanPemerintah https://t.co/64TK9J6Ziu,"1,92023E+18",https://pbs.twimg.com/ext_tw_video_thumb/1920233553415319559/pu/img/hmQrv1q1lrbXUuaH.jpg,,in,,0,0,0,https://x.com/irma_humaira99/status/1920233636520935603,"1,70908E+18",irma_humaira99
"1,92023E+18",Wed May 07 21:45:49 +0000 2025,0,Gabung BRICS ngebuat Indonesia makin didengar dunia pertumbuhan industri lokal makin kenceng dan makan siang gratis jadi favorit anak sekolah #EnamBulanPemerintah https://t.co/rwVI5Taa5f,"1,92023E+18",https://pbs.twimg.com/media/GqYKTbNbAAAmcAf.jpg,,in,,0,0,0,https://x.com/safiya_indryni/status/1920233633819820502,"1,7018E+18",safiya_indryni
"1,92023E+18",Wed May 07 21:45:48 +0000 2025,0,Inisiatif makan siang gratis bikin Indonesia dapat pujian dari lembaga internasional soal perhatian ke anak sekolah #EnamBulanPemerintah https://t.co/etVhjvmXI3,"1,92023E+18",https://pbs.twimg.com/media/GqYKS4rbQAAhWT9.jpg,,in,,0,0,0,https://x.com/zamira_melani1/status/1920233630724473023,"1,70007E+18",zamira_melani1
"1,92023E+18",Wed May 07 21:44:41 +0000 2025,0,Prestasi awal: produksi lokal naik makan siang gratis makin luas diplomasi makin strategis #EnamBulanPemerintah https://t.co/CYHEUmFZ1I,"1,92023E+18",https://pbs.twimg.com/media/GqYKDpdbMAQAjRh.jpg,,in,,0,0,0,https://x.com/rabi_saptono/status/1920233352046469196,"1,70186E+18",rabi_saptono
"1,92023E+18",Wed May 07 21:43:39 +0000 2025,0,Investasi industri naik diplomasi lewat BRICS makin solid anak sekolah senang makan siang gratis tiap hari #EnamBulanPemerintah https://t.co/hwkJpOw0Er,"1,92023E+18",https://pbs.twimg.com/media/GqYJyCobMAAxDL_.jpg,,in,,0,0,0,https://x.com/remmy_purba2/status/1920233089441137145,"1,71889E+18",remmy_purba2
"1,92023E+18",Wed May 07 21:43:38 +0000 2025,0,Anggota BRICS baru Indonesia buktiin produktivitas industri meningkat sekaligus sukses luncurkan makan siang gratis buat pelajar #EnamBulanPemerintah https://t.co/L5y2aM45A6,"1,92023E+18",https://pbs.twimg.com/media/GqYJtJsbMAAThVd.jpg,,in,,0,0,0,https://x.com/marwata_martaka/status/1920233085708206394,"1,70979E+18",marwata_martaka
"1,92023E+18",Wed May 07 21:43:37 +0000 2025,0,Makin banyak siswa Indonesia belajar tanpa cemas soal makan inisiatif makan siang gratis terbukti jitu #EnamBulanPemerintah https://t.co/YQHIgyt7YK,"1,92023E+18",https://pbs.twimg.com/ext_tw_video_thumb/1920232982490853376/pu/img/QJa2WhXLOUZnvHMK.jpg,,in,,0,0,0,https://x.com/suhendra_budi08/status/1920233081991999672,"1,69895E+18",suhendra_budi08
"1,92023E+18",Wed May 07 21:43:17 +0000 2025,0,Kini lebih dari sejuta anak sekolah terbantu makan siang gratis berkat gebrakan awal Prabowo #EnamBulanPemerintah https://t.co/QQkpU7OvKa,"1,92023E+18",https://pbs.twimg.com/media/GqYJtvUbMAEjgvf.jpg,,in,,0,0,0,https://x.com/talia_maryati/status/1920232998466896256,"1,71019E+18",talia_maryati
"1,92023E+18",Wed May 07 21:43:08 +0000 2025,0,Makan siang gratis dirasakan seluruh keluarga siswa ibu-ibu terbantu urus kebutuhan anak sekolah #EnamBulanPemerintah https://t.co/HQ4mShsNVY,"1,92023E+18",https://pbs.twimg.com/ext_tw_video_thumb/1920232443724115968/pu/img/wrV6bcyt9CvtnXo3.jpg,,in,,0,0,0,https://x.com/dodi_setiawan20/status/1920232960915095562,"1,70111E+18",dodi_setiawan20
"1,92023E+18",Wed May 07 21:43:03 +0000 2025,0,Gabung BRICS bikin banyak peluang untuk UMKM naik kelas program makan siang gratis di sekolah jadi bukti komitmen pemerintah buat masa depan anak-anak #EnamBulanPemerintah https://t.co/kqXw7JPENN,"1,92023E+18",https://pbs.twimg.com/ext_tw_video_thumb/1920232500707930113/pu/img/fex45vmcBRJtz0S8.jpg,,in,,0,0,0,https://x.com/violet_purwanti/status/1920232940799131955,"1,71158E+18",violet_purwanti
"1,92023E+18",Wed May 07 21:43:03 +0000 2025,0,Program makan siang gratis bikin kegiatan belajar mengajar makin merata di seluruh daerah #EnamBulanPemerintah https://t.co/JGYhFOOCnc,"1,92023E+18",https://pbs.twimg.com/media/GqYJpUwbMAEd23y.jpg,,in,,0,0,0,https://x.com/oman_thamrin7/status/1920232937125003346,"1,71018E+18",oman_thamrin7
"1,92023E+18",Wed May 07 21:42:56 +0000 2025,0,Di bawah Prabowo Indonesia jadi negara BRICS terbaru industri lokal naik 10 persen makan siang gratis sudah dirasakan hampir 25 juta siswa #EnamBulanPemerintah https://t.co/P2XX0VJYLi,"1,92023E+18",https://pbs.twimg.com/media/GqYJpoHbMAA22X0.jpg,,in,,0,0,0,https://x.com/januar_irawan10/status/1920232910327521298,"1,67656E+18",januar_irawan10
"1,92023E+18",Wed May 07 21:42:41 +0000 2025,0,Makan siang gratis naikin motivasi belajar nilai rata-rata kelas meningkat 5% selama enam bulan terakhir #EnamBulanPemerintah https://t.co/3pNvQmMn8h,"1,92023E+18",https://pbs.twimg.com/ext_tw_video_thumb/1920232745361653760/pu/img/FHYq1HFlBCGWv7ry.jpg,,in,,0,0,0,https://x.com/ridwan_dnajmu/status/1920232846544773497,"1,7094E+18",ridwan_dnajmu
"1,92023E+18",Wed May 07 21:42:37 +0000 2025,0,Presiden baru semangat baru ekonomi lokal naik akses makan siang gratis makin luas diplomasinya makin aktif #EnamBulanPemerintah https://t.co/vEIu4zDxmS,"1,92023E+18",https://pbs.twimg.com/media/GqYJkq5bkAA_8ZA.jpg,,in,,0,0,0,https://x.com/krisna_bakti52/status/1920232830061219940,"1,70075E+18",krisna_bakti52
"1,92023E+18",Wed May 07 21:42:36 +0000 2025,0,Dari kebijakan makan siang gratis angka siswa yang putus sekolah turun 0 5% selama enam bulan terakhir #EnamBulanPemerintah https://t.co/WhZldocl5M,"1,92023E+18",https://pbs.twimg.com/ext_tw_video_thumb/1920232546270654464/pu/img/OuAebzXTQt4qrd8S.jpg,,in,,0,0,0,https://x.com/surya_hutapea99/status/1920232825321656371,"1,70946E+18",surya_hutapea99
"1,92023E+18",Wed May 07 21:42:24 +0000 2025,0,Sejak enam bulan terakhir lebih dari 11 juta pelajar sudah dapat akses makan siang gratis di sekolah #EnamBulanPemerintah https://t.co/2eCwE3tCEo,"1,92023E+18",https://pbs.twimg.com/media/GqYJg1FbMAMWqXN.jpg,,in,,0,0,0,https://x.com/febryan_iqbal98/status/1920232773853274556,"1,69637E+18",febryan_iqbal98
"1,92023E+18",Wed May 07 21:42:23 +0000 2025,0,Gabung BRICS bawa efek domino ke industri nasional Indonesia ekonomi tumbuh dan siswa sekolah makin sehat dengan makan siang gratis #EnamBulanPemerintah https://t.co/I6XNCOFJse,"1,92023E+18",https://pbs.twimg.com/ext_tw_video_thumb/1920232616382640129/pu/img/Y702Dzyai9KwK9im.jpg,,in,,0,0,0,https://x.com/alif_bntng000/status/1920232772230103237,"1,8664E+18",alif_bntng000
"1,92023E+18",Wed May 07 21:42:15 +0000 2025,0,Makan siang gratis kini udah jadi sahabat anak sekolah di ratusan kota BRICS jadi gebrakan baru buat diplomasi kita #EnamBulanPemerintah https://t.co/9OuStEZWYZ,"1,92023E+18",https://pbs.twimg.com/media/GqYJebBbMAAQMi8.jpg,,in,,0,0,0,https://x.com/cemplunk_whydn/status/1920232737694220448,"1,70946E+18",cemplunk_whydn
"1,92023E+18",Wed May 07 21:41:52 +0000 2025,0,Anggota BRICS ekonomi Indonesia makin terbuka anak sekolah makin sehat berkat makan siang gratis #EnamBulanPemerintah https://t.co/CFZAmhQ6KK,"1,92023E+18",https://pbs.twimg.com/media/GqYJaC1aUAABhkD.jpg,,in,,0,0,0,https://x.com/jamalia_rhmwti/status/1920232642798055813,"1,69891E+18",jamalia_rhmwti
"1,92023E+18",Wed May 07 21:41:48 +0000 2025,0,Makan siang gratis bukan sekadar bantuan makanan tapi bentuk perhatian pemerintah ke masa depan pendidikan #EnamBulanPemerintah https://t.co/z7TaN9UnSU,"1,92023E+18",https://pbs.twimg.com/media/GqYJY5lbMAIbBoD.jpg,,in,,0,0,0,https://x.com/putri_kar88/status/1920232626155368579,"1,7018E+18",putri_kar88
"1,92023E+18",Wed May 07 21:41:47 +0000 2025,0,Ekspor ke pasar BRICS tambah kenceng angka gizi buruk di sekolah turun tajam sejak ada makan siang gratis #EnamBulanPemerintah https://t.co/tHwEWeg5DG,"1,92023E+18",https://pbs.twimg.com/media/GqYJYmvbsAA29ha.jpg,,in,,0,0,0,https://x.com/darani_mala/status/1920232618098110870,"1,70112E+18",darani_mala
"1,92023E+18",Wed May 07 21:41:40 +0000 2025,0,Makan siang gratis jadi bukti nyata perhatian pemerintah pada anak-anak sekolah #EnamBulanPemerintah https://t.co/Ajon0D7akg,"1,92023E+18",https://pbs.twimg.com/media/GqYJXDDbMAE65bO.jpg,,in,,0,0,0,https://x.com/rini_okt568/status/1920232591430394135,"1,70118E+18",rini_okt568
"1,92023E+18",Wed May 07 21:41:38 +0000 2025,0,Setengah tahun Prabowo investasi asing berdatangan lewat BRICS pabrik lokal makin rame dan siswa SD se-Indonesia kecipratan makan siang gratis #EnamBulanPemerintah https://t.co/VrUKf43K31,"1,92023E+18",https://pbs.twimg.com/ext_tw_video_thumb/1920232464074850304/pu/img/daAhzGUujnF9LCc5.jpg,,in,,0,0,0,https://x.com/umi_hasanah2/status/1920232581594792432,"1,71015E+18",umi_hasanah2
"1,92023E+18",Wed May 07 21:41:27 +0000 2025,0,Makan siang gratis di sekolah jadi agenda rutin yang bener-bener dinanti sama anak-anak #EnamBulanPemerintah https://t.co/9Imyqt8ob4,"1,92023E+18",https://pbs.twimg.com/media/GqYJT0qbMAA3u8B.jpg,,in,,0,0,0,https://x.com/jajang_pariawan/status/1920232536594395486,"1,709E+18",jajang_pariawan
"1,92023E+18",Wed May 07 21:41:26 +0000 2025,0,Makan siang gratis bukan cuma slogan sekarang udah dinikmati lebih dari 10 juta siswa di seluruh Indonesia #EnamBulanPemerintah https://t.co/iMQmE8tXmk,"1,92023E+18",https://pbs.twimg.com/media/GqYJTdQaEAA8q5Q.jpg,,in,,0,0,0,https://x.com/tsamira_nora9/status/1920232531988742644,"1,69673E+18",tsamira_nora9
"1,92023E+18",Wed May 07 21:41:03 +0000 2025,0,Kebijakan makan siang gratis jadi solusi praktis buat atasi anak sekolah yang sering bolos #EnamBulanPemerintah https://t.co/12W4ipfjvF,"1,92023E+18",https://pbs.twimg.com/media/GqYJEsMbMAAnghD.jpg,,in,,0,0,0,https://x.com/paramita_nurai6/status/1920232436526379079,"1,70977E+18",paramita_nurai6
"1,92023E+18",Wed May 07 21:41:00 +0000 2025,0,Kerja sama BRICS tingkatkan ekspor sektor industri maju makan siang gratis jadi daya dorong pendidikan nasional #EnamBulanPemerintah https://t.co/UnUhN0Gyfv,"1,92023E+18",https://pbs.twimg.com/media/GqYJLXZbMAE50vM.jpg,,in,,0,0,0,https://x.com/maya_prnm/status/1920232421976395994,"1,71157E+18",maya_prnm
"1,92023E+18",Wed May 07 21:40:44 +0000 2025,0,Makan siang gratis jadi program unggulan enam bulan pertama masa jabatan Prabowo #EnamBulanPemerintah https://t.co/sS06eYGIM6,"1,92023E+18",https://pbs.twimg.com/media/GqYJJQ8bMAAiHkl.jpg,,in,,0,0,0,https://x.com/sari_purnama21/status/1920232355568009428,"1,83413E+18",sari_purnama21
"1,92023E+18",Wed May 07 21:40:41 +0000 2025,0,Setengah tahun dirasakan pabrik bertambah peran di BRICS makin solid dan sekolah pun penuh keceriaan saat makan siang gratis #EnamBulanPemerintah https://t.co/8WEclM1HYI,"1,92023E+18",https://pbs.twimg.com/ext_tw_video_thumb/1920232244742139905/pu/img/zNvpZRDT7Px9ab8F.jpg,,in,,0,0,0,https://x.com/faiha_rifd4/status/1920232341408030818,"1,70112E+18",faiha_rifd4
"1,92023E+18",Wed May 07 21:40:26 +0000 2025,0,Masuk BRICS Indonesia tambah eksis pabrik dalam negeri tumbuh anak-anak makin semangat belajar dengan makan siang gratis #EnamBulanPemerintah https://t.co/cZREGp7dWJ,"1,92023E+18",https://pbs.twimg.com/ext_tw_video_thumb/1920232186755887105/pu/img/RUMVO1kPMGGitxtx.jpg,,in,,0,0,0,https://x.com/anggun_wulan6/status/1920232279126704138,"1,70144E+18",anggun_wulan6
"1,92023E+18",Wed May 07 21:40:18 +0000 2025,0,Gabung BRICS industri lokal dapat peluang ekspor baru siswa sekolah gak pernah skip makan siang gratis lagi mantap #EnamBulanPemerintah https://t.co/CsU0GtwEgS,"1,92023E+18",https://pbs.twimg.com/ext_tw_video_thumb/1920232110805430274/pu/img/0R9vs8k5Uyijbtt7.jpg,,in,,0,0,0,https://x.com/jagapati_ardnto/status/1920232247271010638,"1,70111E+18",jagapati_ardnto
"1,91997E+18",Wed May 07 21:40:06 +0000 2025,0,@poin_opini @prabowo Semua nilai minus ini hanya untuk makan siang gratis??? ,"1,92023E+18",,poin_opini,in,"Labuhan Lombok, NTB, Indonesia",0,0,0,https://x.com/Antozy777/status/1920232196012716376,169839359,Antozy777
"1,92023E+18",Wed May 07 21:39:50 +0000 2025,0,Program sosial seperti makan siang gratis bikin siswa makin semangat belajar #EnamBulanPemerintah https://t.co/woCLDnmxJJ,"1,92023E+18",https://pbs.twimg.com/media/GqYI8Mda8AAX_T1.jpg,,in,,0,0,0,https://x.com/endra_uta/status/1920232131084579279,"1,71122E+18",endra_uta
"1,92023E+18",Wed May 07 21:39:40 +0000 2025,0,Setengah tahun tren positif terlihat di diplomasi ekonomi sampai sosial makan siang gratis jadi andalan baru #EnamBulanPemerintah https://t.co/Wxim1DVBDB,"1,92023E+18",https://pbs.twimg.com/media/GqYI50NaUAAexx0.jpg,,in,,0,0,0,https://x.com/ismail_winarno/status/1920232088625619370,"1,70108E+18",ismail_winarno
"1,92023E+18",Wed May 07 21:39:08 +0000 2025,0,Makan siang gratis udah dinikmati lebih dari separuh siswa SD di Indonesia selama enam bulan terakhir #EnamBulanPemerintah https://t.co/CILA0GToiy,"1,92023E+18",https://pbs.twimg.com/media/GqYIxXQbMAAXBuw.jpg,,in,,0,0,0,https://x.com/afif_pratama99/status/1920231952105267364,"1,7004E+18",afif_pratama99
"1,92023E+18",Wed May 07 21:38:25 +0000 2025,0,Efek gabung BRICS kerasa banget Indonesia makin punya peran strategis di peta ekonomi global anak sekolah bisa makan siang gratis tiap hari #EnamBulanPemerintah https://t.co/W2mVRlPVZY,"1,92023E+18",https://pbs.twimg.com/media/GqYInc3akAA9ig6.jpg,,in,,0,0,0,https://x.com/yasir_badwi65/status/1920231773985726640,"1,70111E+18",yasir_badwi65
"1,92023E+18",Wed May 07 21:38:22 +0000 2025,0,Dukungan ekonomi lewat kebijakan baru bikin sektor industri tumbuh signifikan anak sekolah menikmati makan siang gratis tanpa ribet #EnamBulanPemerintah https://t.co/7vc7M7hQo5,"1,92023E+18",https://pbs.twimg.com/media/GqYIlP2asAAsS-w.jpg,,in,,0,0,0,https://x.com/zamira_padmsri2/status/1920231762040389810,"1,70152E+18",zamira_padmsri2
"1,92023E+18",Wed May 07 21:38:11 +0000 2025,0,Anak-anak sekolah makin fokus belajar berkat makan siang gratis sektor industri mulai ekstra BRICS jadi gerbang dunia baru #EnamBulanPemerintah https://t.co/57vt9GO5cq,"1,92023E+18",https://pbs.twimg.com/media/GqYIjMqagAAq7qp.jpg,,in,,0,0,0,https://x.com/kairav_latupono/status/1920231712111382668,"1,71123E+18",kairav_latupono
"1,92023E+18",Wed May 07 21:37:57 +0000 2025,0,Enam bulan yang produktif Indonesia bangun relasi baru lewat BRICS serta bikin sekolah negeri nyaman dengan makan siang gratis #EnamBulanPemerintah https://t.co/zJJ8H0URKF,"1,92023E+18",https://pbs.twimg.com/media/GqYIgbobMAAUEL8.jpg,,in,,0,0,0,https://x.com/rahma_w89/status/1920231656658489706,"1,70109E+18",rahma_w89
"1,92023E+18",Wed May 07 21:37:25 +0000 2025,0,Dengan kebijakan pro-industri Indonesia berhasil naik 2 peringkat dalam Indeks Daya Saing Global makan siang gratis jadi favorit siswa #EnamBulanPemerintah https://t.co/IrLLus5c88,"1,92023E+18",https://pbs.twimg.com/media/GqYH3aFbMAMBMMm.jpg,,in,,0,0,0,https://x.com/aepkurniawa_/status/1920231519869968734,"1,77283E+18",aepkurniawa_
"1,92023E+18",Wed May 07 21:37:22 +0000 2025,0,Presiden Prabowo pastikan tiap anak sekolah dapat makan siang gratis industri lokal didorong terus #EnamBulanPemerintah https://t.co/sQRxggvsio,"1,92023E+18",https://pbs.twimg.com/media/GqYIX1DaQAAR4bs.jpg,,in,,0,0,0,https://x.com/kenadhar_/status/1920231510465991077,"1,85628E+18",kenadhar_
"1,92023E+18",Wed May 07 21:37:16 +0000 2025,0,Makin banyak sekolah dapat fasilitas makan siang gratis angka malnutrisi pelajar turun drastis #EnamBulanPemerintah https://t.co/zwE7n1tX0T,"1,92023E+18",https://pbs.twimg.com/media/GqYIWfzbMAYKq5D.jpg,,in,,0,0,0,https://x.com/tira_agstna89/status/1920231482779414799,"1,69964E+18",tira_agstna89
"1,92023E+18",Wed May 07 21:37:14 +0000 2025,0,Kebijakan ekonomi dukung UMKM program makan siang gratis dorong pendidikan #EnamBulanPemerintah https://t.co/4IVX9mg4te,"1,92023E+18",https://pbs.twimg.com/media/GqYIV62bAAAo4fa.jpg,,in,,0,0,0,https://x.com/sandri_hrdnsyh/status/1920231474533384482,"1,69964E+18",sandri_hrdnsyh
"1,92023E+18",Wed May 07 21:36:34 +0000 2025,0,BRICS jadi wadah baru diplomasi Indonesia pabrik dan UMKM tumbuh dan program makan siang gratis jadi contoh buat negara lain #EnamBulanPemerintah https://t.co/sHKU6gUrsg,"1,92023E+18",https://pbs.twimg.com/media/GqYIMYMbMAIsMWM.jpg,,in,,0,0,0,https://x.com/jesica_kusmwti/status/1920231309051326707,"1,69929E+18",jesica_kusmwti
"1,92023E+18",Wed May 07 21:36:20 +0000 2025,0,Makan siang gratis dorong angka kelulusan karena siswa makin rajin hadir di kelas #EnamBulanPemerintah https://t.co/DGlaYvabNq,"1,92023E+18",https://pbs.twimg.com/media/GqYIIrCawAAbtkk.jpg,,in,,0,0,0,https://x.com/michelle_pj22/status/1920231246610727236,"1,69896E+18",michelle_pj22
"1,92023E+18",Wed May 07 21:36:08 +0000 2025,0,Pemerintahan Prabowo dorong investasi internasional lewat BRICS industri lokal tumbuh dan makan siang gratis tambah motivasi anak sekolah #EnamBulanPemerintah https://t.co/ZC3zoq2ejn,"1,92023E+18",https://pbs.twimg.com/ext_tw_video_thumb/1920231054021144576/pu/img/NdWK25txq0Gj4mlu.jpg,,in,,0,0,0,https://x.com/dian_purwanti7/status/1920231196614619507,"1,71194E+18",dian_purwanti7
"1,92023E+18",Wed May 07 21:35:52 +0000 2025,0,Dalam 6 bulan pertumbuhan ekonomi didongkrak anggota BRICS industri lokal jadi pilihan utama makan siang gratis tambah gairah belajar #EnamBulanPemerintah https://t.co/5rsGQgGxwz,"1,92023E+18",https://pbs.twimg.com/ext_tw_video_thumb/1920230856385572866/pu/img/tk_DYnd2EmLNQ8qg.jpg,,in,,0,0,0,https://x.com/martaka_kusuma/status/1920231129522524439,"1,70943E+18",martaka_kusuma
"1,92023E+18",Wed May 07 21:35:45 +0000 2025,0,Angka partisipasi sekolah meningkat setelah makan siang gratis anak-anak lebih termotivasi datang ke sekolah #EnamBulanPemerintah https://t.co/18jysP6tdI,"1,92023E+18",https://pbs.twimg.com/ext_tw_video_thumb/1920230978309795841/pu/img/70Dl4f87Ia9hRj9m.jpg,,in,,0,0,0,https://x.com/abraham_siam44/status/1920231101227819331,"1,69892E+18",abraham_siam44
"1,92023E+18",Wed May 07 21:35:08 +0000 2025,0,Baru 6 bulan sudah banyak pencapaian: Indonesia naik kelas di BRICS industri bertumbuh makan siang gratis merata di sekolah-sekolah #EnamBulanPemerintah https://t.co/iZlhKZhe8B,"1,92023E+18",https://pbs.twimg.com/ext_tw_video_thumb/1920230753797091330/pu/img/uEuQXHMrKHhPFLCj.jpg,,in,,0,0,0,https://x.com/nadia_idahass60/status/1920230946025939105,"1,70943E+18",nadia_idahass60
"1,92023E+18",Wed May 07 21:34:57 +0000 2025,0,Kebijakan makan siang gratis udah dinikmati di lebih dari 95% sekolah negeri industri pengolahan tumbuh signifikan #EnamBulanPemerintah https://t.co/oCwwftpdjD,"1,92023E+18",https://pbs.twimg.com/media/GqYH0kaa8AAyFkl.jpg,,in,,0,0,0,https://x.com/gatot_wibisono1/status/1920230899712401919,"1,7011E+18",gatot_wibisono1
"1,92023E+18",Wed May 07 21:34:36 +0000 2025,0,Kebijakan makan siang gratis buat pelajar jalan mulus sinergi ekonomi dengan negara anggota BRICS makin kelihatan dampaknya #EnamBulanPemerintah https://t.co/4INGaAxEnS,"1,92023E+18",https://pbs.twimg.com/media/GqYHusSaEAEC19E.jpg,,in,,0,0,0,https://x.com/Sarah_Yati231/status/1920230814068944994,"1,7015E+18",Sarah_Yati231
"1,92023E+18",Wed May 07 21:34:17 +0000 2025,0,Gak cuma BRICS ekonomi lokal tumbuh real dan anak sekolah makin semangat karena makan siang gratis #EnamBulanPemerintah https://t.co/KV1yi0HAMU,"1,92023E+18",https://pbs.twimg.com/media/GqYHq7Gb0AAWhBj.jpg,,in,,0,0,0,https://x.com/eka_muslimin84/status/1920230733328888319,"1,70181E+18",eka_muslimin84
"1,92023E+18",Wed May 07 21:33:40 +0000 2025,0,BRICS bikin posisi tawar Indonesia naik kebijakan ekonomi Prabowo dorong pertumbuhan industri nasional dan makan siang gratis bantu gizi siswa sekolah #EnamBulanPemerintah https://t.co/tZWw1SdNNG,"1,92023E+18",https://pbs.twimg.com/ext_tw_video_thumb/1920230209028304896/pu/img/rrbI9Pq42Hx0qCw3.jpg,,in,,0,0,0,https://x.com/abinada_syah/status/1920230577925456307,"1,69457E+18",abinada_syah
"1,92023E+18",Wed May 07 21:32:59 +0000 2025,0,Negara tetangga mulai belajar dari strategi Indonesia terutama soal cara memberdayakan industri lokal dan sosialisasi program makan siang gratis #EnamBulanPemerintah https://t.co/OYCdPdcRy9,"1,92023E+18",https://pbs.twimg.com/ext_tw_video_thumb/1920228023552638976/pu/img/iYJ9R_4BSw2fp_Gp.jpg,,in,,0,0,0,https://x.com/darsirah_irawan/status/1920230406248403114,"1,71019E+18",darsirah_irawan
"1,92023E+18",Wed May 07 21:31:23 +0000 2025,0,Joins BRICS bawa efek nyata ekonomi jalan diplomasi kuat rakyat dapet solusi sosial kekinian kayak makan siang gratis #EnamBulanPemerintah https://t.co/kHSzRwEMED,"1,92023E+18",https://pbs.twimg.com/media/GqYHAHybcAAGyaZ.jpg,,in,,0,0,0,https://x.com/anjani_putri12/status/1920230004295938325,"1,70186E+18",anjani_putri12
"1,92023E+18",Wed May 07 21:30:58 +0000 2025,0,Indonesia punya peran baru di BRICS pabrik lokal tumbuh 10% makan siang gratis sekolah jadi andalan #EnamBulanPemerintah https://t.co/RctNTNpd4V,"1,92023E+18",https://pbs.twimg.com/media/GqYG6VGbMAMkH9E.jpg,,in,,0,0,0,https://x.com/anastasias_sudi/status/1920229899853304035,"1,699E+18",anastasias_sudi
"1,92023E+18",Wed May 07 21:30:47 +0000 2025,0,Pemerintahan Prabowo langsung tancap gas: sinergi BRICS lancar pertumbuhan UMKM stabil siswa sekolah makin gizi dengan makan siang gratis #EnamBulanPemerintah https://t.co/NCdTfCLPa4,"1,92023E+18",https://pbs.twimg.com/media/GqYG3c_bMAAkOe7.jpg,,in,,0,0,0,https://x.com/bagas_p245/status/1920229851652604029,"1,69972E+18",bagas_p245
"1,92023E+18",Wed May 07 21:30:37 +0000 2025,0,Akses pendidikan jadi lebih merata program makan siang gratis bantu anak di daerah tertinggal biar semangat sekolah #EnamBulanPemerintah https://t.co/Oyhe0FsO4V,"1,92023E+18",https://pbs.twimg.com/ext_tw_video_thumb/1920229679933632513/pu/img/8AOxzLM2M4pV3xCC.jpg,,in,,0,0,0,https://x.com/daliono_damanik/status/1920229809528959275,"1,70183E+18",daliono_damanik
"1,92023E+18",Wed May 07 21:30:27 +0000 2025,0,Program makan siang gratis udah dinikmati lebih dari 1 juta siswa di semester pertama Prabowo #EnamBulanPemerintah https://t.co/fjr0l12CWN,"1,92023E+18",https://pbs.twimg.com/media/GqYGyo-bMAIbKnn.jpg,,in,,0,0,0,https://x.com/calandra_erlna/status/1920229767367848111,"1,70111E+18",calandra_erlna
"1,92023E+18",Wed May 07 21:30:07 +0000 2025,0,Gak nyangka ekspor produk lokal ke negara BRICS meningkat signifikan sejak Indonesia gabung anak sekolah makin semangat belajar karena makan siang gratis #EnamBulanPemerintah https://t.co/UwVKZ11VSP,"1,92023E+18",https://pbs.twimg.com/media/GqYGtv1bMAAyth2.jpg,,in,,0,0,0,https://x.com/patricia_winar5/status/1920229683297402962,"1,71161E+18",patricia_winar5
"1,92023E+18",Wed May 07 21:29:33 +0000 2025,0,Kebijakan ekonomi pro-industri bikin lapangan kerja baru sekolah negeri makin lengkap dengan makan siang gratis #EnamBulanPemerintah https://t.co/Funfnn9K2s,"1,92023E+18",https://pbs.twimg.com/media/GqYGkiubQAAFkw7.jpg,,in,,0,0,0,https://x.com/bagiya_p153/status/1920229541491933351,"1,70185E+18",bagiya_p153
"1,92023E+18",Wed May 07 21:29:26 +0000 2025,0,BRICS buka akses teknologi industri nasional berinovasi dan program makan siang gratis jadi favorit murid sekolah di seluruh Indonesia #EnamBulanPemerintah https://t.co/vKbNPzsAuZ,"1,92023E+18",https://pbs.twimg.com/ext_tw_video_thumb/1920228972207747073/pu/img/k-As7EWteIzp5Cnh.jpg,,in,,0,0,0,https://x.com/maya_rombong18/status/1920229512744177933,"1,70149E+18",maya_rombong18
"1,92023E+18",Wed May 07 21:28:36 +0000 2025,0,Baru enam bulan udah berasa perubahannya: diplomasi global makin luas industri jalan dan sekolah-sekolah penuh canda tawa waktu makan siang gratis #EnamBulanPemerintah https://t.co/pOpNt4gwQj,"1,92023E+18",https://pbs.twimg.com/ext_tw_video_thumb/1920228976351731712/pu/img/C2W4ROssT1XKCSlc.jpg,,in,,0,0,0,https://x.com/heri_su51/status/1920229303821783524,"1,70871E+18",heri_su51
"1,92023E+18",Wed May 07 21:28:33 +0000 2025,0,BRICS legowo terima Indonesia industri dalam negeri semakin gahar dan sekolah makin meriah bareng program makan siang gratis #EnamBulanPemerintah https://t.co/DWGPiGMXCX,"1,92023E+18",https://pbs.twimg.com/ext_tw_video_thumb/1920229189330018304/pu/img/mkAQXqHabwXGVn3t.jpg,,in,,0,0,0,https://x.com/kian_solihin7/status/1920229290727387591,"1,70874E+18",kian_solihin7
"1,92023E+18",Wed May 07 21:28:27 +0000 2025,0,Makan siang gratis dorong kesehatan anak pertumbuhan industri domestik makin kuat #EnamBulanPemerintah https://t.co/T0XD7uQMl5,"1,92023E+18",https://pbs.twimg.com/media/GqYGVOkacAA_HYN.jpg,,in,,0,0,0,https://x.com/cia_hariyah/status/1920229263015563741,"1,70404E+18",cia_hariyah
"1,92023E+18",Wed May 07 21:28:09 +0000 2025,0,Dengan Prabowo makan siang gratis di sekolah jadi andalan diplomasi makin top #EnamBulanPemerintah https://t.co/jMXLfnHip1,"1,92023E+18",https://pbs.twimg.com/media/GqYGQ49aIAA8J1B.jpg,,in,,0,0,0,https://x.com/widiys_rhma/status/1920229187996033105,"1,70145E+18",widiys_rhma
"1,92023E+18",Wed May 07 21:27:52 +0000 2025,0,Pertumbuhan ekonomi dalam negeri didukung jajaran industri program makan siang gratis sekolah makin diperluas #EnamBulanPemerintah https://t.co/HCKP2F3eJ9,"1,92023E+18",https://pbs.twimg.com/media/GqYGMXvbMAAb-0y.jpg,,in,,0,0,0,https://x.com/safina_ast7/status/1920229117930148126,"1,70147E+18",safina_ast7
"1,92023E+18",Wed May 07 21:27:24 +0000 2025,0,Program makan siang gratis sukses jadi percontohan buat beberapa negara sahabat #EnamBulanPemerintah https://t.co/4QqjnOa1W9,"1,92023E+18",https://pbs.twimg.com/media/GqYGFs0a8AAfDNJ.jpg,,in,,0,0,0,https://x.com/kadir_pangestu/status/1920228998581485634,"1,7018E+18",kadir_pangestu
"1,92023E+18",Wed May 07 21:27:14 +0000 2025,0,Program makan siang gratis udah menjangkau ribuan sekolah anak-anak gak lagi belajar sambil lapar #EnamBulanPemerintah https://t.co/GQgtvkvwcs,"1,92023E+18",https://pbs.twimg.com/ext_tw_video_thumb/1920228860660232193/pu/img/v1dYPJ-lt9jwVb3d.jpg,,in,,0,0,0,https://x.com/ratu_putri2/status/1920228960052682867,"1,70114E+18",ratu_putri2
"1,92023E+18",Wed May 07 21:27:03 +0000 2025,0,Makin banyak produsen lokal go international lewat BRICS makan siang gratis juga bikin anak-anak makin semangat sekolah #EnamBulanPemerintah https://t.co/Wia4cEJql1,"1,92023E+18",https://pbs.twimg.com/media/GqYGAQQbIAAenWy.jpg,,in,,0,0,0,https://x.com/ikml_surbakti44/status/1920228910354108493,"1,70034E+18",ikml_surbakti44
"1,92023E+18",Wed May 07 21:27:01 +0000 2025,0,Pemerintahan Prabowo mempererat diplomasi BRICS sekaligus kasih akses makan siang gratis ke lebih dari 90% siswa sekolah negeri #EnamBulanPemerintah https://t.co/YIVMxb5YpA,"1,92023E+18",https://pbs.twimg.com/media/GqYF92AbMAIPPFN.jpg,,in,,0,0,0,https://x.com/didit_mayur33/status/1920228905165754603,"1,70148E+18",didit_mayur33
"1,92023E+18",Wed May 07 21:26:43 +0000 2025,0,Makin banyak anak sekolah yang punya gizi baik karena program makan siang gratis prestasi belajar juga naik #EnamBulanPemerintah https://t.co/ydB8Z3XVOk,"1,92023E+18",https://pbs.twimg.com/ext_tw_video_thumb/1920228136987602946/pu/img/vdHD8E32GNhTJods.jpg,,in,,0,0,0,https://x.com/indah_lesti1/status/1920228828598972821,"1,7087E+18",indah_lesti1
"1,92023E+18",Wed May 07 21:26:33 +0000 2025,0,Baru setengah tahun Indonesia buka jaringan ke BRICS industri dalam negeri makin jaya makan siang gratis di sekolah bikin anak-anak makin sehat dan semangat #EnamBulanPemerintah https://t.co/I4FBMTEvgr,"1,92023E+18",https://pbs.twimg.com/media/GqYF5Via8AAnqks.jpg,,in,,0,0,0,https://x.com/warjo_doni/status/1920228785636716699,"1,70108E+18",warjo_doni
"1,92023E+18",Wed May 07 21:26:18 +0000 2025,0,Program makan siang gratis sukses bantu anak-anak sekolah lebih giat belajar di 6 bulan #EnamBulanPemerintah https://t.co/eQ1YStYdEs,"1,92023E+18",https://pbs.twimg.com/media/GqYFaQpbMAEEFUf.jpg,,in,,0,0,0,https://x.com/mulyani_amalia3/status/1920228721698677051,"1,70944E+18",mulyani_amalia3
"1,92023E+18",Wed May 07 21:25:48 +0000 2025,0,Data terbaru angka stunting di sekolah penerima makan siang gratis turun sampai 3 persen #EnamBulanPemerintah https://t.co/TjGuUiaEi1,"1,92023E+18",https://pbs.twimg.com/media/GqYFubybMAIC8c2.jpg,,in,,0,0,0,https://x.com/samsul_bahri82/status/1920228599719731670,"1,70873E+18",samsul_bahri82
"1,92023E+18",Wed May 07 21:25:37 +0000 2025,0,Setengah tahun makin banyak generasi muda sekolah dapet manfaat makan siang gratis dan keterampilan baru dari industri lokal #EnamBulanPemerintah https://t.co/da2cSaZ52H,"1,92023E+18",https://pbs.twimg.com/media/GqYFryqasAA63rS.jpg,,in,,0,0,0,https://x.com/shania_usamah/status/1920228552953286775,"1,71013E+18",shania_usamah
"1,92023E+18",Wed May 07 21:25:21 +0000 2025,0,Makan siang gratis bikin indeks gizi anak sekolah naik orang tua makin tenang #EnamBulanPemerintah https://t.co/OSp50RzDaB,"1,92023E+18",https://pbs.twimg.com/media/GqYFly1bQAA9c3C.jpg,,in,,0,0,0,https://x.com/kamal_natsir8/status/1920228486297391177,"1,71128E+18",kamal_natsir8
"1,92023E+18",Wed May 07 21:25:09 +0000 2025,0,Data menarik: total investasi asing ke Indonesia naik 11% sejak masuk BRICS anak sekolah makin semangat berkat makan siang gratis #EnamBulanPemerintah https://t.co/sZwvw6d885,"1,92023E+18",https://pbs.twimg.com/media/GqYFlGZaUAA9iD3.jpg,,in,,0,0,0,https://x.com/garang_utama/status/1920228435068399713,"1,70942E+18",garang_utama
"1,92023E+18",Wed May 07 21:25:02 +0000 2025,0,Kebijakan ekonomi dorong industri gabung BRICS tingkatkan posisi global makan siang gratis tetap dijaga #EnamBulanPemerintah https://t.co/UvKCtlcdr5,"1,92023E+18",https://pbs.twimg.com/media/GqYFjVCbMAE7LVP.jpg,,in,,0,0,0,https://x.com/agus_tedjo21/status/1920228406723293306,"1,69896E+18",agus_tedjo21
"1,92023E+18",Wed May 07 21:25:02 +0000 2025,0,Makan siang gratis bikin siswa makin konsen belajar prestasi sekolah meningkat #EnamBulanPemerintah https://t.co/2QahGz98dD,"1,92023E+18",https://pbs.twimg.com/media/GqYFjTSawAAfpzd.jpg,,in,,0,0,0,https://x.com/hanum_bantara/status/1920228406681350247,"1,70058E+18",hanum_bantara
"1,92023E+18",Wed May 07 21:25:02 +0000 2025,0,Pemerintahan Prabowo nyatain tekadnya urusan ekspor makin lancar makan siang gratis sekolah jadi contoh buat negara lain #EnamBulanPemerintah https://t.co/upgywELg69,"1,92023E+18",https://pbs.twimg.com/media/GqYFiywbEAACCk9.jpg,,in,,0,0,0,https://x.com/unggul_ansyah/status/1920228404881994046,"1,71157E+18",unggul_ansyah
"1,92023E+18",Wed May 07 21:25:00 +0000 2025,0,Di era Prabowo diplomasi makin tajam ke BRICS pertumbuhan ekonomi makin nyata makan siang gratis bikin generasi muda lebih kuat #EnamBulanPemerintah https://t.co/0CfH2pLMs5,"1,92023E+18",https://pbs.twimg.com/media/GqYFgp1bMAA2JuK.jpg,,in,,0,0,0,https://x.com/mahfud_haryanto/status/1920228396254040296,"1,70077E+18",mahfud_haryanto
"1,92023E+18",Wed May 07 21:24:56 +0000 2025,0,Gabung BRICS sektor industri melonjak dan program makan siang gratis makin masif #EnamBulanPemerintah https://t.co/13yTu2D9TI,"1,92023E+18",https://pbs.twimg.com/media/GqYFhwSbMAAFpyA.jpg,,in,,0,0,0,https://x.com/bahuw_n82/status/1920228381372920107,"1,71014E+18",bahuw_n82
"1,92023E+18",Wed May 07 21:24:50 +0000 2025,0,Program makan siang gratis dorong anak sekolah sehat produktivitas makin tinggi #EnamBulanPemerintah https://t.co/c2MXnODLcZ,"1,92023E+18",https://pbs.twimg.com/media/GqYFgOga8AA3XnC.jpg,,in,,0,0,0,https://x.com/taufik_pasir/status/1920228353589620935,"1,6964E+18",taufik_pasir
"1,92023E+18",Wed May 07 21:24:48 +0000 2025,0,Siswa jadi lebih konsentrasi belajar setelah rutin dapat makan siang gratis dari pemerintah #EnamBulanPemerintah https://t.co/hEyH2Y0CbT,"1,92023E+18",https://pbs.twimg.com/media/GqYFf8IbMAEUeEr.jpg,,in,,0,0,0,https://x.com/maida_rahimah/status/1920228346866380863,"1,69895E+18",maida_rahimah
"1,92023E+18",Wed May 07 21:24:45 +0000 2025,0,Selama enam bulan Indonesia catat surplus perdagangan pelajar di ujung negeri pun udah bisa makan siang gratis di sekolah #EnamBulanPemerintah https://t.co/zgAsGp7yGW,"1,92023E+18",https://pbs.twimg.com/media/GqYFfTebMAE5CHh.jpg,,in,,0,0,0,https://x.com/limah_alnu99/status/1920228335663395099,"1,69457E+18",limah_alnu99
"1,92023E+18",Wed May 07 21:24:42 +0000 2025,0,Makan siang gratis di sekolah jadi pemicu kebiasaan makan sehat buat generasi muda Indonesia #EnamBulanPemerintah https://t.co/J968ZrZzmS,"1,92023E+18",https://pbs.twimg.com/media/GqYFecxbMAES3ZG.jpg,,in,,0,0,0,https://x.com/rudi_sutanto4/status/1920228321863881097,"1,70144E+18",rudi_sutanto4
"1,92023E+18",Wed May 07 21:24:32 +0000 2025,0,Program sekolah makan siang gratis bikin siswa lebih sehat dan prestasi naik diplomasi Indonesia lewat BRICS makin diakui #EnamBulanPemerintah https://t.co/uvacPwwTDA,"1,92023E+18",https://pbs.twimg.com/media/GqYFcGTb0AAW0K5.jpg,,in,,0,0,0,https://x.com/panca_saptono/status/1920228280407634079,"1,70113E+18",panca_saptono
"1,92023E+18",Wed May 07 21:24:28 +0000 2025,0,Baru setengah tahun kerjasama BRICS pertumbuhan industri dan makan siang gratis udah jadi realita di Indonesia #EnamBulanPemerintah https://t.co/AZ8AHZiIOm,"1,92023E+18",https://pbs.twimg.com/media/GqYFbCvaoAAhGMk.jpg,,in,,0,0,0,https://x.com/kartika_ju4/status/1920228261306773823,"1,83377E+18",kartika_ju4
"1,92023E+18",Wed May 07 21:24:19 +0000 2025,0,Makan siang gratis sukses kurangi angka stunting siswa SD di 15 provinsi selama setengah tahun #EnamBulanPemerintah https://t.co/9vipaM9m8B,"1,92023E+18",https://pbs.twimg.com/media/GqYFYd7bMAIGCSH.jpg,,in,,0,0,0,https://x.com/darmaji_nababan/status/1920228223042171031,"1,70145E+18",darmaji_nababan
"1,92023E+18",Wed May 07 21:24:18 +0000 2025,0,Presiden Prabowo bener-bener bawa perubahan dari diplomasi internasional sampai makan siang gratis untuk siswa #EnamBulanPemerintah https://t.co/j0lyyNkXMl,"1,92023E+18",https://pbs.twimg.com/media/GqYFYqGaYAAmJ3Y.jpg,,in,,0,0,0,https://x.com/bahuwarna_ardi3/status/1920228221980979468,"1,70114E+18",bahuwarna_ardi3
"1,92023E+18",Wed May 07 21:24:07 +0000 2025,0,Enam bulan ekspor Indonesia ke BRICS naik tajam produsen lokal berkembang anak sekolah makin gizi berkat makan siang gratis #EnamBulanPemerintah https://t.co/2xmCIaooKF,"1,92023E+18",https://pbs.twimg.com/media/GqYFUAgbMAAoSYD.jpg,,in,,0,0,0,https://x.com/rizky_hartono4/status/1920228173423522271,"1,69639E+18",rizky_hartono4
"1,92023E+18",Wed May 07 21:23:51 +0000 2025,0,Enam bulan kehadiran Indonesia di BRICS langsung berdampak ke ekspor meningkat dan makan siang gratis di sekolah #EnamBulanPemerintah https://t.co/855Slroz3X,"1,92023E+18",https://pbs.twimg.com/media/GqYFR6XakAAbN3_.jpg,,in,,0,0,0,https://x.com/melinka_wstuti8/status/1920228105022812256,"1,70371E+18",melinka_wstuti8
"1,92023E+18",Wed May 07 21:23:23 +0000 2025,0,Sekolah-sekolah makin rame karena siswa antusias ikut program makan siang gratis suasana belajar jadi lebih seru #EnamBulanPemerintah https://t.co/wCW8BYFzhL,"1,92023E+18",https://pbs.twimg.com/media/GqYFK7gbMAAxczr.jpg,,in,,0,0,0,https://x.com/tatang_taufik1/status/1920227991009046668,"1,6964E+18",tatang_taufik1
"1,92023E+18",Wed May 07 21:22:53 +0000 2025,0,Program makan siang gratis sudah dirasakan di pelosok makin banyak anak desa bisa makan sehat waktu istirahat #EnamBulanPemerintah https://t.co/ZAKpof1pjb,"1,92023E+18",https://pbs.twimg.com/media/GqYFDW-acAAfrWG.jpg,,in,,0,0,0,https://x.com/natalia_yanti99/status/1920227863476789384,"1,71018E+18",natalia_yanti99
"1,92023E+18",Wed May 07 21:22:44 +0000 2025,0,BRICS jadikan Indonesia pusat perhatian ekonomi industri lokal tumbuh dan siswa makin happy karena makan siang gratis di sekolah #EnamBulanPemerintah https://t.co/sR6K2zlPuf,"1,92023E+18",https://pbs.twimg.com/media/GqYFBHabsAApAw2.jpg,,in,,0,0,0,https://x.com/prabu_timbul/status/1920227826625912960,"1,71095E+18",prabu_timbul
"1,92023E+18",Wed May 07 21:22:05 +0000 2025,0,Prestasi membanggakan selama enam bulan kerja sama BRICS geliat sektor industri dan makan siang gratis di sekolah-sekolah di seluruh Indonesia #EnamBulanPemerintah https://t.co/FUocEgRGQw,"1,92023E+18",https://pbs.twimg.com/media/GqYE3lzbgAA1qL4.jpg,,in,,0,0,0,https://x.com/qairen_zahrani/status/1920227661143814305,"1,69638E+18",qairen_zahrani
"1,92023E+18",Wed May 07 21:22:02 +0000 2025,0,Anak sekolah di seluruh pelosok negeri kini bisa makan siang gratis ekspor nonmigas ke negara BRICS melejit 14% #EnamBulanPemerintah https://t.co/Ba3i7zCERK,"1,92023E+18",https://pbs.twimg.com/media/GqYE3E1bMAMmGHU.jpg,,in,,0,0,0,https://x.com/pangeran_sira3/status/1920227649948881308,"1,70946E+18",pangeran_sira3
"1,92023E+18",Wed May 07 21:21:41 +0000 2025,0,Makin ke sini kerjasama BRICS bikin ekspor barang Indonesia ke luar negeri melonjak sekolah negeri jadi tempat penuh energi karena makan siang gratis #EnamBulanPemerintah https://t.co/WNJ4lZVGeo,"1,92023E+18",https://pbs.twimg.com/media/GqYEwrSbkAA1Xev.jpg,,in,,0,0,0,https://x.com/aditya_habibii/status/1920227562690900247,"1,71123E+18",aditya_habibii
"1,92023E+18",Wed May 07 21:20:14 +0000 2025,0,Program makan siang gratis makin luas ekonomi nasional tumbuh Indonesia diperhitungkan global #EnamBulanPemerintah https://t.co/T1ugwFd3Yk,"1,92023E+18",https://pbs.twimg.com/media/GqYEbjqbMAAUPxE.jpg,,in,,0,0,0,https://x.com/muh_raehan20/status/1920227198981845026,"1,69673E+18",muh_raehan20
"1,92023E+18",Wed May 07 21:19:28 +0000 2025,0,Dalam waktu singkat ekspor produk Indonesia ke BRICS naik tajam siswa sekolah makin sehat berkat makan siang gratis #EnamBulanPemerintah https://t.co/KX8dlN5NDh,"1,92023E+18",https://pbs.twimg.com/media/GqYESMGaQAAS3Sm.jpg,,in,,0,0,0,https://x.com/septi_nurdiyant/status/1920227004949147682,"1,71159E+18",septi_nurdiyant
"1,92023E+18",Wed May 07 21:18:17 +0000 2025,0,Sektor manufaktur tumbuh pelajar Indonesia makin punya akses gizi lewat makan siang gratis #EnamBulanPemerintah https://t.co/IaqUctShq1,"1,92023E+18",https://pbs.twimg.com/media/GqYEAbqbMAAfkDJ.jpg,,in,,0,0,0,https://x.com/latif_suryono/status/1920226705459064849,"1,70144E+18",latif_suryono
"1,92023E+18",Wed May 07 21:16:45 +0000 2025,0,Makin percaya diri Indonesia anggota BRICS sektor industri jalan kencang makan siang gratis masuk sekolah negeri dan swasta #EnamBulanPemerintah https://t.co/g4BplnSV2q,"1,92023E+18",https://pbs.twimg.com/media/GqYDpzyaEAEH7ZW.jpg,,in,,0,0,0,https://x.com/khusna_mausa/status/1920226319885087101,"1,70113E+18",khusna_mausa
"1,92023E+18",Wed May 07 21:16:02 +0000 2025,0,Keanggotaan BRICS bikin investasi asing naik industri lokal makin maju makan siang gratis di sekolah jadi andalan baru #EnamBulanPemerintah https://t.co/fJCP27fiI5,"1,92023E+18",https://pbs.twimg.com/media/GqYDfc7bMAAIe1L.jpg,,in,,0,0,0,https://x.com/suryadi_pangari/status/1920226140779610348,"1,69902E+18",suryadi_pangari
"1,92023E+18",Wed May 07 21:15:07 +0000 2025,0,Data menunjukkan pertumbuhan manufaktur nasional naik kerjasama BRICS jadi batu loncatan makan siang gratis sekolah makin diminati #EnamBulanPemerintah https://t.co/DC2IVMC7qy,"1,92023E+18",https://pbs.twimg.com/media/GqYDR1IbMAYMpv2.jpg,,in,,0,0,0,https://x.com/hanifah_putriii/status/1920225907756970368,"1,70146E+18",hanifah_putriii
"1,92023E+18",Wed May 07 21:14:52 +0000 2025,0,Makan siang gratis bantu turunkan angka malnutrisi anak usia sekolah dalam waktu enam bulan #EnamBulanPemerintah https://t.co/oJdj1cn38Z,"1,92023E+18",https://pbs.twimg.com/media/GqYCwKVa0AAkOm6.jpg,,in,,0,0,0,https://x.com/adi_supranaa/status/1920225844590784753,"1,69637E+18",adi_supranaa
"1,92023E+18",Wed May 07 21:13:55 +0000 2025,0,Siswa makin semangat sekolah karena makan siang gratis makin jadi rutinitas #EnamBulanPemerintah https://t.co/wc7Y0IApqg,"1,92023E+18",https://pbs.twimg.com/media/GqYC__vaQAAZ8Zz.jpg,,in,,0,0,0,https://x.com/jaya_kusmo2/status/1920225608690512186,"1,71161E+18",jaya_kusmo2
"1,92023E+18",Wed May 07 21:13:52 +0000 2025,0,Pertumbuhan industri dalam negeri naik berkat kebijakan ekonomi baru makan siang gratis di sekolah jadi realita buat jutaan pelajar Indonesia #EnamBulanPemerintah https://t.co/kLaAALUSZs,"1,92023E+18",https://pbs.twimg.com/media/GqYC17AacAArkeG.jpg,,in,,0,0,0,https://x.com/ciara_abihaa/status/1920225596745064597,"1,69456E+18",ciara_abihaa
"1,92023E+18",Wed May 07 21:13:08 +0000 2025,0,Jalur diplomasi nasional makin luas pelaku industri makin percaya diri pelajar sekolah negeri rasakan manfaat makan siang gratis #EnamBulanPemerintah https://t.co/Z4Tcyi6aE5,"1,92023E+18",https://pbs.twimg.com/media/GqYC0xsaEAAwdOf.jpg,,in,,0,0,0,https://x.com/lidya_lestarie/status/1920225409402351962,"1,70154E+18",lidya_lestarie
"1,92023E+18",Wed May 07 21:13:07 +0000 2025,0,Ekspor produk lokal ke BRICS naik bertahap makan siang gratis sekolah dirasakan hampir semua siswa dari Sabang sampai Merauke #EnamBulanPemerintah https://t.co/Z5TVrCgTBl,"1,92023E+18",https://pbs.twimg.com/media/GqYC04MacAAIwBZ.jpg,,in,,0,0,0,https://x.com/eko_lazuard1/status/1920225407389085952,"1,70102E+18",eko_lazuard1
"1,92023E+18",Wed May 07 21:11:57 +0000 2025,0,Setelah enam bulan ekspor nonmigas Indonesia ke negara BRICS naik dobel digit sekolah jadi surga makan siang gratis #EnamBulanPemerintah https://t.co/NHjQ6pgnmm,"1,92023E+18",https://pbs.twimg.com/media/GqYCjm8bMAE5XPA.jpg,,in,,0,0,0,https://x.com/artawan_firgan4/status/1920225110386204944,"1,70941E+18",artawan_firgan4
"1,92023E+18",Wed May 07 21:11:54 +0000 2025,0,Angka ekspor nonmigas naik produksi dalam negeri berkembang pesat makan siang gratis sekolah bikin siswa makin berprestasi #EnamBulanPemerintah https://t.co/dJ5jEtaD1k,"1,92023E+18",https://pbs.twimg.com/media/GqYChTRacAA-3HF.jpg,,in,,0,0,0,https://x.com/victoria_nasydh/status/1920225101716598916,"1,70148E+18",victoria_nasydh
"1,92023E+18",Wed May 07 21:11:45 +0000 2025,0,Lewat BRICS produk Indonesia makin diminati sekolah negeri makin ramai makan siang gratis ekonomi bergerak naik #EnamBulanPemerintah https://t.co/hYPIzS0d1C,"1,92023E+18",https://pbs.twimg.com/media/GqYCgr1bMAA4SbO.jpg,,in,,0,0,0,https://x.com/feni_iskandar4/status/1920225061195431981,"1,70872E+18",feni_iskandar4
"1,92023E+18",Wed May 07 21:11:38 +0000 2025,0,Ratusan ribu pelaku usaha lokal rasain dampak ekonomi positif sejak Indonesia jadi anggota BRICS anak sekolah pun gembira dengan makan siang gratis #EnamBulanPemerintah https://t.co/qtCP8O4cmp,"1,92023E+18",https://pbs.twimg.com/media/GqYCfGcawAAzlg_.jpg,,in,,0,0,0,https://x.com/kianti_sanah/status/1920225033525612988,"1,7094E+18",kianti_sanah
"1,92023E+18",Wed May 07 21:11:34 +0000 2025,0,Kolaborasi BRICS bantu tingkatkan investasi dan ekspor sekolah negeri makin solid dengan program makan siang gratis #EnamBulanPemerintah https://t.co/lb9srtgWbA,"1,92023E+18",https://pbs.twimg.com/media/GqYCeCvbMAAV-Jl.jpg,,in,,0,0,0,https://x.com/fiki_juni8/status/1920225014894211424,"1,70872E+18",fiki_juni8
"1,92023E+18",Wed May 07 21:11:33 +0000 2025,0,Ekspor barang ke negara BRICS naik 7% selama enam bulan anak sekolah negeri menikmati makan siang gratis penuh gizi #EnamBulanPemerintah https://t.co/rgalzwlm7t,"1,92023E+18",https://pbs.twimg.com/media/GqYCdpzbMAA0Mqv.jpg,,in,,0,0,0,https://x.com/carla_permata/status/1920225009617764762,"1,71125E+18",carla_permata
"1,92023E+18",Wed May 07 21:11:30 +0000 2025,0,Gabung BRICS sukses dorong pertumbuhan ekspor Indonesia program makan siang gratis di sekolah udah hampir merata #EnamBulanPemerintah https://t.co/9cRXPhmgl9,"1,92023E+18",https://pbs.twimg.com/media/GqYCajIbMAASYi-.jpg,,in,,0,0,0,https://x.com/suci_anggr/status/1920225000428351916,"1,71201E+18",suci_anggr
"1,92022E+18",Wed May 07 21:11:30 +0000 2025,0,Masuk BRICS bikin Indonesia disorot sebagai kekuatan ekonomi baru 30% pelajar di daerah sudah nikmatin makan siang gratis #EnamBulanPemerintah https://t.co/YIwkyaXWra,"1,92022E+18",https://pbs.twimg.com/media/GqYCaRbboAAbBF-.jpg,,in,,0,0,0,https://x.com/wadi_rajasa/status/1920224997072830800,"1,70009E+18",wadi_rajasa
"1,92022E+18",Wed May 07 21:11:28 +0000 2025,0,Indonesia gabung BRICS ekspor naik 6% di semester pertama program makan siang gratis untungkan 24 juta anak #EnamBulanPemerintah https://t.co/Yd1Z0dkLB1,"1,92022E+18",https://pbs.twimg.com/media/GqYCcmFbYAAd0fA.jpg,,in,,0,0,0,https://x.com/arnel_kos3/status/1920224991922303258,"1,70904E+18",arnel_kos3
"1,92022E+18",Wed May 07 21:11:27 +0000 2025,0,Makan siang gratis dorong peningkatan kehadiran siswa hingga 98% dampaknya langsung kelihatan di sekolah #EnamBulanPemerintah https://t.co/PsHCglAk8O,"1,92022E+18",https://pbs.twimg.com/media/GqYCcbJbMAAnMOA.jpg,,in,,0,0,0,https://x.com/ningsih_pspita/status/1920224988222927108,"1,71169E+18",ningsih_pspita
"1,92022E+18",Wed May 07 21:11:26 +0000 2025,0,Inisiatif makan siang gratis ngasih dampak langsung ke konsentrasi dan prestasi anak sekolah #EnamBulanPemerintah https://t.co/G4py1G6L0P,"1,92022E+18",https://pbs.twimg.com/media/GqYCbLXbwAEtSwo.jpg,,in,,0,0,0,https://x.com/jindra_hutasoit/status/1920224982887551429,"1,71125E+18",jindra_hutasoit
"1,92022E+18",Wed May 07 21:11:25 +0000 2025,0,Lebih dari 60% siswa sekolah dasar sudah nikmati makan siang gratis rekor buat Indonesia #EnamBulanPemerintah https://t.co/ungm56HcBq,"1,92022E+18",https://pbs.twimg.com/media/GqYCbqubUAAeA_J.jpg,,in,,0,0,0,https://x.com/catur_w29/status/1920224979574239399,"1,70981E+18",catur_w29
"1,92022E+18",Wed May 07 21:11:18 +0000 2025,0,Program makan siang gratis terbukti ngurangin kasus kekurangan gizi di sekolah dasar sampai 30 persen #EnamBulanPemerintah https://t.co/Q3BWWEugrn,"1,92022E+18",https://pbs.twimg.com/media/GqYCZ3-agAA_Xdr.jpg,,in,,0,0,0,https://x.com/marsito_saptono/status/1920224947663946081,"1,70144E+18",marsito_saptono
"1,92022E+18",Wed May 07 21:11:15 +0000 2025,0,Setengah tahun Prabowo investasi asing masuk deras makan siang gratis di sekolah jadi program andalan di semua provinsi #EnamBulanPemerintah https://t.co/yHW4jm9jii,"1,92022E+18",https://pbs.twimg.com/media/GqYCZb0bMAAlrQG.jpg,,in,,0,0,0,https://x.com/basima_wrdtu1/status/1920224935169143128,"1,7011E+18",basima_wrdtu1
"1,92022E+18",Wed May 07 21:11:14 +0000 2025,0,Kebijakan baru Indonesia sukses angkat industri nasional ke level baru sekolah negeri jadi tempat asyik dengan makan siang gratis #EnamBulanPemerintah https://t.co/4aQ3rj1C7f,"1,92022E+18",https://pbs.twimg.com/media/GqYCZLxa4AAME-e.jpg,,in,,0,0,0,https://x.com/prayitna_wibowo/status/1920224932551876880,"1,70144E+18",prayitna_wibowo
"1,92022E+18",Wed May 07 21:11:14 +0000 2025,0,Enam bulan peluang bisnis makin terbuka lewat BRICS anak sekolah tambah gizi lewat makan siang gratis #EnamBulanPemerintah https://t.co/1lwWmaaTWt,"1,92022E+18",https://pbs.twimg.com/media/GqYCZJebMAA67FM.jpg,,in,,0,0,0,https://x.com/daniel_jayadi12/status/1920224930794234038,"1,69899E+18",daniel_jayadi12
"1,92022E+18",Wed May 07 21:11:07 +0000 2025,0,Dampak langsung program sosial: ribuan sekolah nikmati makan siang gratis semangat belajar naik #EnamBulanPemerintah https://t.co/yzP6hOr0YD,"1,92022E+18",https://pbs.twimg.com/media/GqYCXWKbMAMgSsz.jpg,,in,,0,0,0,https://x.com/jaya_kuswoyo2/status/1920224903518957762,"1,70112E+18",jaya_kuswoyo2
"1,92014E+18",Wed May 07 21:02:09 +0000 2025,0,@Athalia_Lize Makan siang gratis bukan cuma wacana program ini jadi realita yang bantu anak-anak dan keluarga di banyak daerah #EnamBulanPemerintah,"1,92022E+18",,Athalia_Lize,in,,0,0,0,https://x.com/andi_syhptra3/status/1920222646307819596,"1,81566E+18",andi_syhptra3
"1,92004E+18",Wed May 07 20:48:44 +0000 2025,0,@tempodotco Konsekuensinya rakyat jadi uji coba vaksin TBC buatan bill Gates... Ingat dia itu bisnis mana tak ada makan siang gratis... Rakyat negeri ini jadi taruhannya,"1,92022E+18",,tempodotco,in,,0,0,0,https://x.com/spirithardiesha/status/1920219269826023459,1344411835,spirithardiesha
"1,92022E+18",Wed May 07 20:42:50 +0000 2025,0,Reformasi ekonomi berwujud nyata dari meningkatnya ekspor industri sampai makan siang gratis yang manfaatnya jelas #EnamBulanPemerintah,"1,92022E+18",,,in,,0,0,0,https://x.com/jaka_pur45/status/1920217784329629953,"1,8193E+18",jaka_pur45
"1,92022E+18",Wed May 07 20:37:35 +0000 2025,0,Setengah tahun jalankan pemerintahan Prabowo sukses bikin anak sekolah makin semangat lewat makan siang gratis #EnamBulanPemerintah,"1,92022E+18",,,in,,0,0,0,https://x.com/afeya_hanifah/status/1920216463404904701,"1,68949E+18",afeya_hanifah
"1,92022E+18",Wed May 07 20:34:32 +0000 2025,0,Enam bulan lebih banyak sekolah nikmatin makan siang gratis sementara investasi sektor usaha lokal naik drastis #EnamBulanPemerintah,"1,92022E+18",,,in,,0,0,0,https://x.com/josua_yuri/status/1920215694517416391,"1,70253E+18",josua_yuri
"1,92022E+18",Wed May 07 20:33:10 +0000 2025,0,Inisiatif makan siang gratis di sekolah jadi role model negara lain berkat keberhasilan menekan angka anemia dan putus sekolah #EnamBulanPemerintah,"1,92022E+18",,,in,,0,0,0,https://x.com/jumadi_wali24/status/1920215350542807196,"1,68154E+18",jumadi_wali24
"1,92021E+18",Wed May 07 20:30:25 +0000 2025,0,Makan siang gratis sekolah bikin anak-anak lebih sehat sementara industrinya dorong lapangan kerja baru buat masyarakat #EnamBulanPemerintah,"1,92021E+18",,,in,,0,0,0,https://x.com/firman_agus647/status/1920214658704699501,"1,83234E+18",firman_agus647
"1,92021E+18",Wed May 07 20:29:52 +0000 2025,0,Inisiatif makan siang gratis bikin 23 juta anak sekolah makin semangat belajar didukung pertumbuhan industri dari dalam negeri #EnamBulanPemerintah,"1,92021E+18",,,in,,0,0,0,https://x.com/setyo_budi28/status/1920214523283111977,"1,84423E+18",setyo_budi28
"1,92021E+18",Wed May 07 20:29:30 +0000 2025,0,Sekolah makin ramai berkat makan siang gratis dan keluarga senang karena biaya harian anak berkurang #EnamBulanPemerintah,"1,92021E+18",,,in,,0,0,0,https://x.com/gevanya_amle/status/1920214431142719876,"1,69426E+18",gevanya_amle
"1,92021E+18",Wed May 07 20:26:21 +0000 2025,0,Makan siang gratis di sekolah rame dinikmatin anak-anak sementara ekonomi nasional tumbuh positif berkat kebijakan baru #EnamBulanPemerintah,"1,92021E+18",,,in,,0,0,0,https://x.com/rizky_drmwan2/status/1920213635055726960,"1,84712E+18",rizky_drmwan2
"1,92021E+18",Wed May 07 20:24:24 +0000 2025,0,Industri nasional dipacu maju lewat kebijakan baru investasi meningkat dan makan siang gratis beri dampak positif pendidikan #EnamBulanPemerintah,"1,92021E+18",,,in,,0,0,0,https://x.com/AbilaBimas90964/status/1920213144900940154,"1,68914E+18",AbilaBimas90964
"1,92021E+18",Wed May 07 20:24:22 +0000 2025,0,6 bulan Prabowo kerja ekonomi naik diplomasi makin dihargai pendidikan juga dapet sentuhan baru lewat makan siang gratis #EnamBulanPemerintah,"1,92021E+18",,,in,,0,0,0,https://x.com/farah_adelia2/status/1920213136663327075,"1,69419E+18",farah_adelia2
"1,92021E+18",Wed May 07 20:23:22 +0000 2025,0,Enam bulan aja inisiatif makan siang gratis jangkau 80 persen sekolah dasar dan bikin angka partisipasi sekolah naik #EnamBulanPemerintah,"1,92021E+18",,,in,,0,0,0,https://x.com/dhika_rezky7/status/1920212887664275606,"1,68993E+18",dhika_rezky7
"1,92021E+18",Wed May 07 20:22:41 +0000 2025,0,Makan siang gratis di sekolah nggak sekadar makanan tapi jadi momen kebersamaan anak-anak di seluruh Indonesia #EnamBulanPemerintah,"1,92021E+18",,,in,,0,0,0,https://x.com/syakira_azkiaa/status/1920212712920957405,"1,68587E+18",syakira_azkiaa
"1,92021E+18",Wed May 07 20:22:26 +0000 2025,0,Enam bulan dampak makan siang gratis makin luas sekolah-sekolah daerah terpencil ikut merasakannya #EnamBulanPemerintah,"1,92021E+18",,,in,,0,0,0,https://x.com/eman_marbun/status/1920212650228695164,"1,70186E+18",eman_marbun
"1,92021E+18",Wed May 07 20:20:35 +0000 2025,0,Momen 6 bulan pemerintahan Prabowo diwarnai ekspor naik investasi asing datang terus dan makan siang gratis yang jadi idola murid sekolah #EnamBulanPemerintah,"1,92021E+18",,,in,,0,0,0,https://x.com/mikhayla_nahuna/status/1920212184518570205,"1,68449E+18",mikhayla_nahuna
"1,92021E+18",Wed May 07 20:18:51 +0000 2025,0,Program makan siang gratis ngurangin angka anak putus sekolah sampai 20 persen sejak pertama kali diterapkan #EnamBulanPemerintah,"1,92021E+18",,,in,,0,0,0,https://x.com/darijan_mustofa/status/1920211750504575022,"1,70184E+18",darijan_mustofa
"1,92021E+18",Wed May 07 20:12:12 +0000 2025,0,Makan siang gratis di sekolah bukan cuma program tapi harapan buat banyak anak supaya makin semangat berprestasi #EnamBulanPemerintah,"1,92021E+18",,,in,,0,0,0,https://x.com/yameta_nashita/status/1920210074775212336,"1,70021E+18",yameta_nashita
"1,91994E+18",Wed May 07 14:44:58 +0000 2025,0,@haecpunzel @FOODFESS2 kayak makan siang gratis wkwk,"1,92013E+18",,haecpunzel,in,Olympus,0,0,0,https://x.com/danilajpr/status/1920127726561771552,"1,21057E+18",danilajpr
"1,92013E+18",Wed May 07 14:40:18 +0000 2025,1,tidak ada makan siang gratis hanya omon-omon,"1,92013E+18",,,in,,0,0,1,https://x.com/AngingMamiri26/status/1920126549107659259,"1,74912E+18",AngingMamiri26
"1,92013E+18",Wed May 07 14:35:12 +0000 2025,0, Tidak ada makan siang gratis ,"1,92013E+18",,,in,in your dream,0,0,0,https://x.com/yourhappinesst/status/1920125268574060930,1018820293,yourhappinesst
"1,92011E+18",Wed May 07 14:24:18 +0000 2025,1,@NgkongRoses @prabowo Bahasa Indonesia nya tak ada makan siang gratis,"1,92012E+18",,NgkongRoses,in,,0,0,1,https://x.com/AntoniusCDN/status/1920122525323088154,4184979312,AntoniusCDN
"1,92011E+18",Wed May 07 13:49:20 +0000 2025,0,Hebat diranjang Dari kontol hanya sebesar ibu jariku Smpai yg besar bengkok Yg punya kelereng Yg suntik selikon Yg model apa saja Boking sy Ta ajari Bagaimana memusakn yg benar Harus modal bro Gak ada makan siang gratis Gratis di rmh saudaramu hanya seminggu Setelahnya ngomel,"1,92011E+18",,,in,,0,0,0,https://x.com/tante_sye/status/1920113722598826325,"1,87792E+18",tante_sye
"1,91991E+18",Wed May 07 13:48:09 +0000 2025,0,@ARSIPAJA Pentingnya pendidikan gratis daripada makan siang gratis supaya SDM begini makin berkurang,"1,92011E+18",,ARSIPAJA,in,,0,0,0,https://x.com/rich_ivaldo/status/1920113426896138652,2946374683,rich_ivaldo
"1,92004E+18",Wed May 07 13:34:00 +0000 2025,0,@tempodotco Gak ada makan siang gratis Siap2 jadi kelinci percobaan bill Gates.,"1,92011E+18",,tempodotco,in,,0,0,0,https://x.com/AlineAl85171985/status/1920109867395911868,"1,66239E+18",AlineAl85171985
"1,92011E+18",Wed May 07 13:28:38 +0000 2025,0,buat noob yang mau muncak pls ikut trip kita (gratis makan siang tiket masuk diurusin dokumentasi GUE YANG FOTOIN+ gue mandu juga) YUK DAFTAR https://t.co/6TdZyR3P6H https://t.co/HCpJfAiYKO,"1,92011E+18",https://pbs.twimg.com/media/GqWYg6kboAAoxL2.jpg,,in,,0,2,0,https://x.com/cprlian/status/1920108516930629985,"1,60198E+18",cprlian
"1,92008E+18",Wed May 07 13:27:18 +0000 2025,0,@Daneswa12a Jujur makan waktu banyak banget kalau ke PP sebenernya di kantor dapet makan siang gratis tapi kadang suka laper diluar lunch,"1,92011E+18",,Daneswa12a,in,"DKI Jakarta, Indonesia",0,0,0,https://x.com/customerpath5a/status/1920108178454536540,"1,1421E+18",customerpath5a
"1,92005E+18",Wed May 07 13:27:01 +0000 2025,0,@sgkxt @Heraloebss @prabowo @BillGates Tapi tidak ada makan siang yang gratis,"1,92011E+18",,sgkxt,in,"Yogyakarta, Indonesia",0,0,0,https://x.com/angkerrr_/status/1920108106668974541,"1,43332E+18",angkerrr_
"1,92011E+18",Wed May 07 13:25:20 +0000 2025,0,G ada makan siang gratis guys. Jadi uji coba.,"1,92011E+18",,,in,"Lamongan, Indonesia.",0,0,0,https://x.com/Zaenal_Batawara/status/1920107684755558540,428047873,Zaenal_Batawara
"1,9201E+18",Wed May 07 13:18:52 +0000 2025,0,@jumanstara Inget Mayi selain nggak kebagian makan siang gratis biaya kuliah kita juga nggak gratis. ,"1,92011E+18",,jumanstara,in,Sréstha N. Azzurê.,0,1,0,https://x.com/jaeyunj/status/1920106056254190036,"8,92968E+17",jaeyunj
"1,92002E+18",Wed May 07 13:12:47 +0000 2025,0,@prabowo @BillGates Tidak ada makan siang gratis ...,"1,9201E+18",,prabowo,in,Purwokerto,0,0,0,https://x.com/Azis_abuHamzah/status/1920104524431425902,2500007743,Azis_abuHamzah
"1,91998E+18",Wed May 07 13:05:15 +0000 2025,0,@kompascom Tolong jangan korbankan rakyatmu pak.. Dalam politik Tidak ada makan siang gratis ,"1,9201E+18",,kompascom,in,,0,0,0,https://x.com/Karcedi/status/1920102631349076102,490473152,Karcedi
"1,9201E+18",Wed May 07 13:01:47 +0000 2025,0,waktu itu udah ditawarin ganjar pranowo program 1 rumah 1 sarjana kalian lebih milih makan siang gratis. udah keburu diganti programnya jd 1 rumah 1 haechan,"1,9201E+18",,,in,,0,0,0,https://x.com/hayasekenakun/status/1920101757059047557,"1,86187E+18",hayasekenakun
"1,91941E+18",Wed May 07 12:52:38 +0000 2025,0,@worksfess di perusahaanku benefitnya dapet makan siang gratis + masuk hari sabtu/libur (bukan minggu) gaji 2 kali lipat :),"1,9201E+18",,worksfess,in,Indonesia,0,0,0,https://x.com/erumitcha/status/1920099455203971544,"9,52093E+17",erumitcha
"1,9201E+18",Wed May 07 12:49:00 +0000 2025,0,Padahal Bill Gates bilangnya tidak ada makan siang gratis jadi selalu ada take and give . Itu bukan pujian itu malah jadi penegasan tidak ada yg gratis : bill gates ngasih dana hibah 2 6 trilliun dengan syarat indonesia mau dijadikan ladang ujicoba vaksin tbc.,"1,9201E+18",,,in,,0,0,0,https://x.com/lucimaya123/status/1920098540694450477,3032152165,lucimaya123
"1,91981E+18",Wed May 07 12:45:53 +0000 2025,1,@abcdefghydre harusnya kamu hidup di jaman ini biar dapet makan siang gratis (minusnya kracunan ajh),"1,9201E+18",,abcdefghydre,in,,0,2,0,https://x.com/sulitnyah/status/1920097755684581754,"1,70522E+18",sulitnyah
"1,92009E+18",Wed May 07 12:45:12 +0000 2025,0,@M____Yahya cpek ditagih makan siang gratis mulu,"1,9201E+18",,M____Yahya,in,,0,0,0,https://x.com/niralexnal/status/1920097584560972072,"1,53041E+18",niralexnal
"1,9201E+18",Wed May 07 12:39:50 +0000 2025,0,Makan siang gratis langkah kecil demi kemajuan besar bangsa kita MBG Penuhi Gizi #PenuhiGiziIndonesia https://t.co/ioxQ54Vdst,"1,9201E+18",https://pbs.twimg.com/media/GqWNWCoaoAAbiJW.jpg,,in,,0,0,0,https://x.com/RezhaArdia66905/status/1920096234016014499,"1,88267E+18",RezhaArdia66905
"1,9201E+18",Wed May 07 12:39:41 +0000 2025,0,Makan siang gratis langkah kecil demi kemajuan besar bangsa Indonesia #PenuhiGiziIndonesia https://t.co/6Yk44k8rdn,"1,9201E+18",https://pbs.twimg.com/media/GqWNTpwbEAABFo3.jpg,,in,,0,0,0,https://x.com/RezhaArdia66905/status/1920096196494053437,"1,88267E+18",RezhaArdia66905
"1,91996E+18",Wed May 07 12:37:16 +0000 2025,0,@kompascom Demi makan siang gratis,"1,9201E+18",,kompascom,in,,0,0,0,https://x.com/ter_nate/status/1920095588055703995,"1,44291E+18",ter_nate
"1,92004E+18",Wed May 07 12:31:42 +0000 2025,1,@BosPurwa Ga ada makan siang gratis...jd kelinci percobaan vaksin. Awokawok ,"1,92009E+18",,BosPurwa,in,"Depok, Indonesia",0,0,0,https://x.com/SemutRangrangGO/status/1920094185761448014,"1,58931E+18",SemutRangrangGO
"1,91996E+18",Wed May 07 12:23:01 +0000 2025,0,@CNNIndonesia Gak ada yg namanya makan siang gratis ,"1,92009E+18",,CNNIndonesia,in,West Java,0,0,0,https://x.com/asotnaSonraS/status/1920092000340353032,165385438,asotnaSonraS
"1,91957E+18",Wed May 07 12:17:32 +0000 2025,2,@injcol bukan mau bela ini ya gua beraniin diri aja ini buat ngasih opini gua. Tapi menurut gua makanan gratis tuh bagus ya bagus aja cmn tergantung didaerah lu tuh korupsi apa kaga yang ngatur makan siang gratis ke sekolah sekolah gitu aja sih kata gua,"1,92009E+18",,injcol,in,she/her,0,4,0,https://x.com/reynastfuugh/status/1920090621320077378,"1,31513E+18",reynastfuugh
"1,92009E+18",Wed May 07 12:08:58 +0000 2025,0,Transformasi program makan bergizi gratis jadi makan siang gratis berawal dari Pak Prabowo yang ga masalah ada keracunan asal persentase ga keracunan masih 99.99%,"1,92009E+18",,,in,Midgard,0,1,0,https://x.com/aurumnf_/status/1920088466248884492,"1,14008E+18",aurumnf_
"1,92006E+18",Wed May 07 10:12:39 +0000 2025,0,Babinsa Koramil 02/Sdy Serda Nanang Pujatmiko melaksanakan Pendampingan dalam program Makan Siang Gratis dari BGN(Badan Gizi Nasional)Bertempat di SD Tapen dsn.Tapen Kalurahan Argosari Kap.Sedayu Bantul. https://t.co/kuUKwcZYSK,"1,92006E+18",https://pbs.twimg.com/media/GqVrm7LacAA3Net.jpg,,in,,0,0,0,https://x.com/KoramilSedayu/status/1920059193253646504,"1,41374E+18",KoramilSedayu
"1,9197E+18",Wed May 07 10:07:40 +0000 2025,0,@CafeDanielDjb @itsurboihyl iya padahal mah mau diedukasi sebagus apapun grassroot mana masuk. apalagi pke desak anies. lebih masuk makan siang gratis mudah dicerna low educated. perih sih cuma mau menang caranya emank harus bgtu,"1,92006E+18",,CafeDanielDjb,in,"Jakarta, Indonesia",0,2,0,https://x.com/riyanflush/status/1920057937978110356,268572036,riyanflush
"1,91954E+18",Wed May 07 10:01:18 +0000 2025,0,@hbprnm @ARSIPAJA Yg penting makan bukan apa yg dimakan. Terus gimana bisa bilang berhasil nurunin stunting kalau indikator utamanya aja dilupain? Anak-anak dikasih makanan seadanya tanpa cek kualitas dan keberlanjutan. Intinya ini makan siang massal gratis.,"1,92006E+18",,qiaorra,in,,0,1,0,https://x.com/qiaorra/status/1920056336584507650,"1,15384E+18",qiaorra
"1,92006E+18",Wed May 07 10:00:59 +0000 2025,0,Mana ada makan siang gratis ujung-ujungnya akan ada suplemen yg akan dikonsumsi. Misi terselubung yayasan Bill Gates. https://t.co/tLvGE0d6rL,"1,92006E+18",https://pbs.twimg.com/media/GqVo_WNbgAIRrAQ.jpg,,in,,0,0,0,https://x.com/sharpandshark/status/1920056256766816357,"1,62834E+18",sharpandshark
"1,92002E+18",Wed May 07 09:42:55 +0000 2025,0,@prabowo @BillGates Tak ada makan siang gratis,"1,92005E+18",,prabowo,in,,0,0,0,https://x.com/Ambonhelmi8899/status/1920051711151895011,"1,68922E+18",Ambonhelmi8899
"1,92002E+18",Wed May 07 09:29:05 +0000 2025,0,@george888e Setuju tapi gak setuju sebenarnya kalau mau buat gituan tuh bagus tapi coba ke sekolah-sekolah pelosok dulu terus jangan makanan katering yang dimasak pagi hari terus ditutup dimakan nya baru siang karena bikin basi. Kalau mau ya buat kantin gratis khusus makan siang,"1,92005E+18",,george888e,in,,0,1,0,https://x.com/argy000i/status/1920048228420002009,3360499126,argy000i
"1,92004E+18",Wed May 07 09:20:00 +0000 2025,0,@BosPurwa Tak ada makan siang gratis ,"1,92005E+18",,BosPurwa,in,,0,0,0,https://x.com/Wakhid_3/status/1920045944571150804,"1,20545E+18",Wakhid_3
"1,92004E+18",Wed May 07 09:14:56 +0000 2025,32,*DIBUKA PELATIHAN MEBELAIR* *BLK SLEMAN* *GRATIS* tidak dipungut biaya apapun Pelatihan meliputi pembuatan furniture kayu minimalis modern sampai proses finishing produk. Selain itu juga ada materi foto produk &amp; marketing. *Fasilitas* - Uang Transport - Makan Siang - Sarana https://t.co/aGQU7EWB72,"1,92004E+18",https://pbs.twimg.com/media/GqVebhXboAA7aib.jpg,,in,"Yogyakarta, Indonesia",1,2,5,https://x.com/merapi_uncover/status/1920044668429168844,"1,2798E+18",merapi_uncover
"1,91999E+18",Wed May 07 09:06:39 +0000 2025,0,@Anak__Ogi Gak ada makan siang gratis Kalau makan siang gratis risikonya keracunan,"1,92004E+18",,Anak__Ogi,in,Jakarta Capital Region,0,0,0,https://x.com/abjadbiru/status/1920042586313470441,4129929672,abjadbiru
"1,92004E+18",Wed May 07 09:04:49 +0000 2025,1,@tempodotco Hibah untuk apa? Kompensasinya apa? Gak ada kencing eeeh makan siang gratis Ada udang di selimut rempeyek Ayo katakan apa maksudnya? Apa skemanya? Apa yg kita beri? https://t.co/C8rjCIbFki,"1,92004E+18",,tempodotco,in,,0,1,0,https://x.com/s_mulyatie/status/1920042124000493609,232887930,s_mulyatie
"1,92004E+18",Wed May 07 08:59:03 +0000 2025,0,First thing first programnya namanya Makan Siang Bergizi Gratis. MAKAN SIANG. Lo nyebut Sarapan? Yang bener yg mana?,"1,92004E+18",,blueskyranvier,in,Indonesia,0,1,0,https://x.com/blueskyranvier/status/1920040670766772649,3303362522,blueskyranvier
"1,91961E+18",Wed May 07 08:48:02 +0000 2025,1,@drowzzzyde @kleponwajik Ra kalau cara lu mikir gini sama aja kaya makan siang gratis gak pa2 keracunan orang cuma dikit berapa persen doang sih urusan lu sama manusia bukan angka harusnya ya semua gak boleh Cewek toxic banyak cowok toxic banyak ya itu salah titik bukan masalah gender cowok cewek,"1,92004E+18",,drowzzzyde,in,"Inagi-shi, Tokyo",0,1,0,https://x.com/PrimaYudhaPS/status/1920037900785537380,194501396,PrimaYudhaPS
"1,92004E+18",Wed May 07 08:47:30 +0000 2025,0,Hari ini bukan sekadar makan siang Ini bentuk cinta TNI untuk rakyat. Kodim 1710/Nduga hadir di Pigapu membagikan makan siang gratis untuk masyarakat. Karena kenyang rakyat adalah tugas negara. #Kodim1710 #TNIuntukRakyat #BhaktiTNI #TNIbersamaPapua #PigapuDamai #TNIPrima https://t.co/m4WAQ9gloz,"1,92004E+18",https://pbs.twimg.com/amplify_video_thumb/1920036356820193280/img/Hcwb9txNjlkG3sK1.jpg,,in,manado,0,0,0,https://x.com/carolinede49544/status/1920037764164170046,"1,88155E+18",carolinede49544
"1,91998E+18",Wed May 07 08:46:22 +0000 2025,0,@KompasTV Sudah kundungan?krn tidak ada makan siang gratis mau dukung mbg dg imbalan vaksinnya dr dia yaudah ketebak bgt,"1,92004E+18",,KompasTV,in,,0,0,0,https://x.com/ruwetnmtengahku/status/1920037481921024128,"1,83845E+18",ruwetnmtengahku
"1,91996E+18",Wed May 07 08:33:06 +0000 2025,0,@CNNIndonesia Loh saya kira Mas Bill Gates ini datang ke Indonesia karena mau makan siang gratis loh ya. Ternyata mau dijadiin uji klinis loh ya xixixixi,"1,92003E+18",,CNNIndonesia,in,PRezeki99951385,0,0,0,https://x.com/lokerdongmas/status/1920034140524511724,"1,73278E+18",lokerdongmas
"1,92003E+18",Wed May 07 08:23:54 +0000 2025,0,ini MBG ga cocok namanya Makan bergizi gratis lah parameternya suksesnya aja statistik yg keracunan atau engga. lebih cocok jadi MSG (makan siang gratis) biar 2045 Indonesia Generasi Micin,"1,92003E+18",,,in,,0,0,0,https://x.com/audyvalentino/status/1920031826342772835,859368554,audyvalentino
"1,92003E+18",Wed May 07 08:22:11 +0000 2025,0,Hari ini bukan sekadar makan siang Ini bentuk cinta TNI untuk rakyat. Kodim 1710/Nduga hadir di Pigapu membagikan makan siang gratis untuk masyarakat. Karena kenyang rakyat adalah tugas negara. #Kodim1710 #TNIuntukRakyat #BhaktiTNI #TNIbersamaPapua #PigapuDamai #TNIPrima https://t.co/PgOlvM3Fwk,"1,92003E+18",https://pbs.twimg.com/amplify_video_thumb/1920031342332723200/img/8mOXDi7hCrWiJh0x.jpg,,in,,0,0,0,https://x.com/Lilis_Sulastr1/status/1920031392802738649,"1,66558E+18",Lilis_Sulastr1
"1,92003E+18",Wed May 07 08:16:17 +0000 2025,0,@ka_rika_rika Asli si anjing. Malah pede bilang negara asing ingin belajar sial makan siang gratis sumpah nih orang bego kah???,"1,92003E+18",,ka_rika_rika,in,,0,1,0,https://x.com/XiaooQiao/status/1920029908757315789,"1,70921E+18",XiaooQiao
"1,92003E+18",Wed May 07 08:14:00 +0000 2025,0,itu semua ga penting kan yang penting cuma makan siang gratis wokwowk,"1,92003E+18",,,in,,0,0,0,https://x.com/pretszeel/status/1920029335345373577,"1,28361E+18",pretszeel
"1,92003E+18",Wed May 07 08:05:55 +0000 2025,386,Prabowo : Bill Gates puji program MBG Bill Gates : Tidak ada makan siang gratis https://t.co/fjkOXkAERT,"1,92003E+18",https://pbs.twimg.com/media/GqVOL-MbAAE8dyG.jpg,,in,Warteg,11,58,151,https://x.com/BosPurwa/status/1920027302345220349,"1,06837E+18",BosPurwa
"1,92003E+18",Wed May 07 08:02:05 +0000 2025,0,Hari ini bukan sekadar makan siang Ini bentuk cinta TNI untuk rakyat. Kodim 1710/Nduga hadir di Pigapu membagikan makan siang gratis untuk masyarakat. Karena kenyang rakyat adalah tugas negara. #Kodim1710 #TNIuntukRakyat #BhaktiTNI #TNIbersamaPapua #PigapuDamai #TNIPrima https://t.co/DKyeYxri4v,"1,92003E+18",https://pbs.twimg.com/amplify_video_thumb/1920025989134090242/img/4AgZWlzJ2jQHXZQb.jpg,,in,,0,0,0,https://x.com/zackyahmad0520/status/1920026337135255804,"1,88672E+18",zackyahmad0520
"1,92003E+18",Wed May 07 08:00:15 +0000 2025,0,Eh anjing gimana ga ngasih BLT Duit lu buang percuma demi makan siang gratis. Ga mau BLT? Makan siang gratis lu alihin buat bangun sekolah atau gratisin kuliah dll kampret Emosi gue anjing punya presiden kek orang idiot,"1,92003E+18",,,in,,0,1,0,https://x.com/XiaooQiao/status/1920025872805044425,"1,70921E+18",XiaooQiao
"1,91996E+18",Wed May 07 07:57:30 +0000 2025,0,@CNNIndonesia wkwkwkwk setelah ke afrika nihil akhir nya dapet jg nih ke indonesia. Barter sama makan siang gratis.. not bad lah. *Bill Gates,"1,92003E+18",,CNNIndonesia,in,Bandung,0,0,0,https://x.com/ariensalaby/status/1920025181126590494,558676418,ariensalaby
"1,91997E+18",Wed May 07 07:49:49 +0000 2025,0,@KheyL4_8 Kayaknya anak ini nggak kebagian makan siang gratis deh,"1,92002E+18",,KheyL4_8,in,5 april 25 ,0,0,0,https://x.com/v4nc1_b0zz/status/1920023248483582010,"1,64974E+18",v4nc1_b0zz
"1,92002E+18",Wed May 07 07:28:24 +0000 2025,0,Hari ini bukan sekadar makan siang Ini bentuk cinta TNI untuk rakyat. Kodim 1710/Nduga hadir di Pigapu membagikan makan siang gratis untuk masyarakat. Karena kenyang rakyat adalah tugas negara. #Kodim1710 #TNIuntukRakyat #BhaktiTNI #TNIbersamaPapua #PigapuDamai #TNIPrima https://t.co/Xwhqwqf2zK,"1,92002E+18",https://pbs.twimg.com/amplify_video_thumb/1920017808160915456/img/Qy9EF2ym8ag0eCyU.jpg,,in,,0,0,0,https://x.com/Dharma_wira14/status/1920017859696284157,"1,86776E+18",Dharma_wira14
"1,91996E+18",Wed May 07 07:23:45 +0000 2025,0,@kompascom Mampuuuuussssssss Diajak nengok Makan Siang Grati bagu bill gate gak ada makan siang yang gratis.. tolak dana hibah bill gate,"1,92002E+18",,kompascom,in,,0,0,0,https://x.com/sputskill/status/1920016689380635111,"1,87947E+18",sputskill
"1,92002E+18",Wed May 07 07:21:33 +0000 2025,838,Nggak ada Makan Siang yg Gratis ️ Dia kaki tangan Dajjal Menteri Kesehatan bagian dari kaki tangannya ️ https://t.co/olOR2KjYs7,"1,92002E+18",https://pbs.twimg.com/ext_tw_video_thumb/1920016011904090115/pu/img/0d6sNhlvO6sWbEn3.jpg,,in,Perbatasan 🏝  Tiga Negara,7,23,441,https://x.com/Faraz_kepri/status/1920016135963214254,"1,51347E+18",Faraz_kepri
"1,92001E+18",Wed May 07 07:16:06 +0000 2025,92,Program MBG dapat dukungan rakyatnya jadi uji coba? Tidak ada makan siang gratis betulkan pak @prabowo? Prabowo: Indonesia Jadi Lokasi Uji Coba Vaksin TBC yang Dikembangkan Bill Gates. https://t.co/IMP4xl5oem https://t.co/7hCKi6xmS4,"1,92001E+18",https://pbs.twimg.com/media/GqVDQKXaUAALQE1.jpg,,in,"Kalimantan Timur, Indonesia",7,33,40,https://x.com/ch_chotimah2/status/1920014763435950469,154435354,ch_chotimah2
"1,92001E+18",Wed May 07 07:13:07 +0000 2025,0,@Kyuuziel Saya menilai kepemimpinan Prabowo Subianto sebagai Presiden RI pada skala 100 sekitar 70. Prestasinya meliputi program makan siang gratis pembangunan infrastruktur dan diplomasi global yang aktif yang mendapat dukungan tinggi. Namun ada kritik terkait kebijakan yang tidak,"1,92001E+18",,Kyuuziel,in,wherever you are,0,0,0,https://x.com/grok/status/1920014011858669578,"1,72067E+18",grok
"1,92001E+18",Wed May 07 06:43:49 +0000 2025,1,Mana nih makan siang gratis gua? (Hari ke199),"1,92001E+18",,,in,,0,0,0,https://x.com/kematttian/status/1920006640603984323,"1,77289E+18",kematttian
"1,92001E+18",Wed May 07 06:43:14 +0000 2025,0,Hari ini bukan sekadar makan siang Ini bentuk cinta TNI untuk rakyat. Kodim 1710/Nduga hadir di Pigapu membagikan makan siang gratis untuk masyarakat. #Kodim1710 #TNIuntukRakyat #BhaktiTNI #TNIbersamaPapua #PigapuDamai #TNIPrima Jangan lupa untuk LIKE KOMEN &amp; SEBARKAN! https://t.co/3pV3K6wc7N,"1,92001E+18",https://pbs.twimg.com/amplify_video_thumb/1920006320138407937/img/xBrGykx3YOf626SM.jpg,,in,,0,0,0,https://x.com/Lindoelangit/status/1920006492922544419,"1,88968E+18",Lindoelangit
"1,91996E+18",Wed May 07 06:41:00 +0000 2025,0,@CNNIndonesia Ga ada makan siang gratis. Bayar bayar bayar !!!,"1,92001E+18",,CNNIndonesia,in,Jkt,0,0,0,https://x.com/climber_super/status/1920005931867287925,"1,56838E+18",climber_super
"1,92001E+18",Wed May 07 06:40:51 +0000 2025,0,Pengangguran Makin Mencemaskan Ketua PWNU DKI Jakarta Minta Pemerintah Segera Evaluasi. Kira-kira berani enggak pemerintah melakukan evaluasi total. Misalnya dengan makan siang gratis. Kondisi bangsa ini apakah butuh makan apakah butuh pekerjaan? https://t.co/KpLTxMiwki https://t.co/KWcwgzXIRV,"1,92001E+18",https://pbs.twimg.com/media/GqU7LIJbAAI-bYZ.jpg,,in,,0,0,0,https://x.com/PohanChoky40724/status/1920005891837067740,"1,86648E+18",PohanChoky40724
"1,91999E+18",Wed May 07 06:38:49 +0000 2025,0,@hrdbacot memiliki program makan siang gratis,"1,92001E+18",,hrdbacot,in,"Manhattan, NY",0,0,0,https://x.com/yeagerist666/status/1920005383029981295,"1,64087E+18",yeagerist666
"1,92E+18",Wed May 07 06:19:37 +0000 2025,3,Makan siang gratis di BKK. Thank you JCB! https://t.co/uN6id8R7xE,"1,92E+18",https://pbs.twimg.com/media/GqU2UxObAAYKJvD.jpg,,in,,0,0,0,https://x.com/ridhasidi/status/1920000550696866156,"1,01292E+18",ridhasidi
"1,91998E+18",Wed May 07 06:17:11 +0000 2025,1,@V3g3L Tidak ada makan siang gratis ,"1,92E+18",,V3g3L,in,,0,0,0,https://x.com/KolilLila/status/1919999938932683052,"1,70218E+18",KolilLila
"1,92E+18",Wed May 07 06:16:35 +0000 2025,0,Program Makan Siang Gratis di PALI Dihentikan Dampak Ada 172 Siswa di Talang Ubi Keracunan https://t.co/5qZIyND8zv,"1,92E+18",,,in,Palembang,0,0,0,https://x.com/tribunsumsel/status/1919999786620522526,585623257,tribunsumsel
"1,91998E+18",Wed May 07 06:07:23 +0000 2025,0,@kompascom Jangan mau dibohongi pake embel2 dana hibah. Ga ada makan siang gratis kecuali pas Jumat berkah,"1,92E+18",,kompascom,in,"Jawa Timur, Indonesia",0,0,0,https://x.com/mas_ageng/status/1919997470806880405,105708994,mas_ageng
"1,91999E+18",Wed May 07 06:06:05 +0000 2025,2,@SumandoGaek TIDAK ADA MAKAN SIANG GRATIS. ,"1,92E+18",,SumandoGaek,in,,0,0,0,https://x.com/TheEagle_BEN/status/1919997145614319930,"1,24453E+18",TheEagle_BEN
"1,92E+18",Wed May 07 06:04:31 +0000 2025,0,man ada makan siang gratis,"1,92E+18",,,in,☑ Indonesia,0,0,0,https://x.com/J_Evriyanto/status/1919996750942839049,233524760,J_Evriyanto
"1,92E+18",Wed May 07 06:00:00 +0000 2025,0,Siapa sangka seorang petani asal Indonesia bisa jadi pemasok untuk program makan siang gratis di Jepang? #AllAboutJapan https://t.co/6kkL9LB6Gy https://t.co/FIG6IuTWl1,"1,92E+18",https://pbs.twimg.com/media/GqReSGbaoAA6pUn.jpg,,in,Indonesia,0,0,0,https://x.com/JapaneseStation/status/1919995611732181405,69876693,JapaneseStation
"1,91999E+18",Wed May 07 05:57:05 +0000 2025,0,@Aralie_JKT48 siang bii ini lagii membuka laptop lagi melihat kerjaan tadi udah tidur banyak sihh iyaaa belum disuruh sama nenek makan siangnya dirumahh laa biar gratis dan banyak kamuu juga semangat yeaaaa okeeee kaloo gitu bii,"1,91999E+18",,Aralie_JKT48,in,,0,0,0,https://x.com/AqilSannz_/status/1919994879834522015,"1,44531E+18",AqilSannz_
"1,91999E+18",Wed May 07 05:52:54 +0000 2025,0,Untuk adek adek semua kalau bisa jangan mau makanan gratis untuk sekarang jika kalian bisa buat bekal makan siang dari rumah itu lebih bagus! Dan ingat untuk yang bisa saja apabila kalian terhalangi dari beberapa faktor tidak apa lah tapi jika ada yang tak bisa tolong di bantu,"1,91999E+18",,,in,somewhere doing something,0,1,0,https://x.com/4Jax_mane/status/1919993826719961502,"1,41438E+18",4Jax_mane
"1,91932E+18",Wed May 07 05:51:59 +0000 2025,0,@slythrclw @WillyCh4ndr4 @MrOngDedy Dia belum tau Model begini juga buat yg ditawarin trading index emas komoditi saham forex ...ikutan aja sekali inget ya cuma sekali trading diawal setelah menang langsung keluar jangan serakah dan sok pinter Bandar gak ada yg bodoh dan mau kasih makan siang gratis,"1,91999E+18",,slythrclw,in,,0,0,0,https://x.com/ray62887/status/1919993593428902183,"1,89468E+18",ray62887
"1,91968E+18",Wed May 07 05:49:16 +0000 2025,0,@tempodotco dia dukung program mbg n ternyata emang benar tidak ada makan siang gratis... https://t.co/6l7z0KJcJZ,"1,91999E+18",,tempodotco,in,,0,0,0,https://x.com/wlaha_sarimbit/status/1919992910897979657,"1,08066E+18",wlaha_sarimbit
"1,91999E+18",Wed May 07 05:43:56 +0000 2025,1,Yesus adalah pencetus konsep Makan Siang Gratis tanpa minta siapapun di luar 5000 orang yg makan buat ikutan bayar.,"1,91999E+18",,,in,Point Nemo,0,0,0,https://x.com/rchlgrtl/status/1919991569186488524,"1,7939E+18",rchlgrtl
"1,91999E+18",Wed May 07 05:41:19 +0000 2025,0,Buat adek-adek yang dapat makan siang gratis semangat belajarnya yaa disitu ada keikhlasan hati kakak-kakak yang kena efisiensi anggaran perusahaan 2025,"1,91999E+18",,,in,"Sukoharjo, Indonesia",0,1,0,https://x.com/vivitpuspt_/status/1919990911666421861,2241563388,vivitpuspt_
"1,91938E+18",Wed May 07 05:31:06 +0000 2025,0,@BaseBDG Pernah tes di Paragon pulangna dapet snack Pernah juga tes kerja di Bank Panin dikasih makan siang gratis Tapi tes doang keterimanya mah henteu ,"1,91999E+18",,BaseBDG,in,Indonesia,0,0,0,https://x.com/alfareadzi/status/1919988341547626713,"1,48103E+18",alfareadzi
"1,9199E+18",Wed May 07 05:28:55 +0000 2025,0,@GenZNusantara Setiap anak Tasikmalaya yang makan siang gratis sekarang bisa lebih tenang BPOM udah siap jaga standarnya,"1,91999E+18",,GenZNusantara,in,,0,0,0,https://x.com/ismail_ali76/status/1919987788591857941,"1,69497E+18",ismail_ali76
"1,91998E+18",Wed May 07 05:25:06 +0000 2025,1,@UmarHasibuan__ Tdk ada makan siang gratis..,"1,91999E+18",,UmarHasibuan__,in,"Jawa Timur, Indonesia",0,0,0,https://x.com/TarKot0174/status/1919986831346528605,"1,24732E+18",TarKot0174
"1,91999E+18",Wed May 07 05:22:13 +0000 2025,1,Gw mau kuliah gratis bkn makan siang gratis,"1,91999E+18",,,in,Stepping out of the cage,0,1,0,https://x.com/del_takodel/status/1919986103722873307,"9,72267E+17",del_takodel
"1,91957E+18",Wed May 07 05:22:05 +0000 2025,0,@PartaiSocmed Saking sejahteranya sampe dikasih makan siang gratis,"1,91999E+18",,PartaiSocmed,in,,0,1,0,https://x.com/Ajay51493590/status/1919986068709113998,"1,55356E+18",Ajay51493590
"1,91996E+18",Wed May 07 05:21:59 +0000 2025,0,@CNNIndonesia Bukannya dia ke Indonesia mau belajar makan siang gratis? ,"1,91999E+18",,CNNIndonesia,in,,0,0,0,https://x.com/saklarslex/status/1919986047423070249,"1,80233E+18",saklarslex
"1,91996E+18",Wed May 07 05:15:55 +0000 2025,2,@CNNIndonesia Astagaaa pikirannya kok polos bgt siiiii nduuuuuttttttt. Emg bener deh gk ada makan siang gratis. Lu hutuh duit buat program gk jels lu dan dewa penyelamat bernama bill gates dtg ksh lu duit tp warga lu jf tmpt uji coba vaksin. UJI COBA artinya bisa sj merenggut nyawa (error),"1,91998E+18",,CNNIndonesia,in,,0,0,0,https://x.com/mrnobodywithme/status/1919984517919461477,"1,56789E+18",mrnobodywithme
"1,91998E+18",Wed May 07 05:14:45 +0000 2025,0,oke. selamat menikmati makan siang beracun itu yang sama sekali gak lebih berarti dari sistem pendidikan bagus atau kuliah gratis atau paspor yang kuat. nyam nyam nyam,"1,91998E+18",,,in,mangkuk sup,0,0,0,https://x.com/rwnhns/status/1919984224800542749,"1,38656E+18",rwnhns
"1,91996E+18",Wed May 07 05:12:48 +0000 2025,0,@CNNIndonesia Tidak ada makan siang gratis.. tp ini taruhannya nyawa rakyat Indonesia,"1,91998E+18",,CNNIndonesia,in,,0,0,0,https://x.com/Ayahharis1/status/1919983733098074254,"1,08287E+18",Ayahharis1
"1,91996E+18",Wed May 07 05:08:28 +0000 2025,6,@CNNIndonesia Tidak ada makan siang gratis (((UjiCoba))),"1,91998E+18",,CNNIndonesia,in,,0,1,1,https://x.com/DavidWijaya82/status/1919982643053293857,"1,18054E+18",DavidWijaya82
"1,91997E+18",Wed May 07 05:08:06 +0000 2025,5,@geloraco Tidak ada makan siang gratis dia mau bantu program mbg tp mau jadikan negara ini tempat uji coba vaksin,"1,91998E+18",,geloraco,in,,0,0,1,https://x.com/azkaald88811919/status/1919982549868380242,"1,53476E+18",azkaald88811919
"1,91978E+18",Wed May 07 05:06:57 +0000 2025,0,@cannqy mau temenan dong siapa tau cocok dan bisa langsung ke rumah kamu buat minta makan siang gratis,"1,91998E+18",,cannqy,in, ⠀𖤘 ⠀‘金络’⠀(2006)ᅠ,0,0,0,https://x.com/xincue/status/1919982263309107218,372712598,xincue
"1,91995E+18",Wed May 07 05:06:14 +0000 2025,0,@BANGSAygSUJUD @prabowo @awikuchuz @bitCarli77 @DedynurPalakka @EdySularno96489 @FDonghun @IrawanRommi @Kimberley_PS08 @romoatheist @mimih6mei @kiwalipitu 'Tidak ada makan siang yg gratis' kecuali MBG. Ingat bisnis is Bisnis..buat diketahui saja Bill Gates adalah pemodal vaksin corona dan pemodal buat beberapa perusahaan farmasi internasional. https://t.co/RyOfNYBu34,"1,91998E+18",https://pbs.twimg.com/media/GqUlg2MagAAr3y_.jpg,BANGSAygSUJUD,in,Jakarta Capital Region,0,3,0,https://x.com/Najazi731/status/1919982080651391005,"1,06954E+18",Najazi731
"1,91996E+18",Wed May 07 05:00:39 +0000 2025,0,@kompascom kan bener tumben2 bil gates dateng di sini terus ngasih bantuan makan siang gratis pasti ada maksudnya ‍,"1,91998E+18",,kompascom,in,nomaden,0,1,0,https://x.com/hudialfarich_/status/1919980676587442269,4678833986,hudialfarich_
"1,91998E+18",Wed May 07 04:52:49 +0000 2025,0,Presiden Prabowo Ajak Bill Gates Pantau Program Makan Bergizi Gratis di SDN Jati 03 Pulogadung Jaktim Seputar Inews Siang Rcti Rabu 7 Mei Live Mulai 11:50 https://t.co/S0ctwh5kMP,"1,91998E+18",https://pbs.twimg.com/media/GqUibQLbAAEiJX-.jpg,,in,iNews Tower Jakarta,0,1,0,https://x.com/SeputariNews/status/1919978707126739137,375995332,SeputariNews
"1,91998E+18",Wed May 07 04:49:30 +0000 2025,1,Hokage ke 8 bangun dapur makan siang gratis di deket tempat gw anjirrrrr,"1,91998E+18",,,in,she/her,0,1,0,https://x.com/Naottaw_/status/1919977870375420126,"1,64564E+18",Naottaw_
"1,91996E+18",Wed May 07 04:49:14 +0000 2025,0,@RFritzy_JKT48 Makan siang gratis,"1,91998E+18",,RFritzy_JKT48,in,,0,0,0,https://x.com/ikhsan19953/status/1919977803279433923,"1,3763E+18",ikhsan19953
"1,91973E+18",Wed May 07 04:46:27 +0000 2025,2,@pppkguru Tolong Linieritas di perbaiki Bapak/Ibu @Kemdikdasmen gemuk bener kayak kabinet padahal di PGSD juga kalau ngga salah ada penjurusan / spesialisasi,"1,91998E+18",,pppkguru,in,,0,0,0,https://x.com/KMSG_RI/status/1919977104218743036,"1,51218E+18",KMSG_RI
"1,91996E+18",Wed May 07 04:43:58 +0000 2025,0,@kompascom Tidak ada makan siang yg gratis ,"1,91998E+18",,kompascom,in,,0,0,0,https://x.com/nadiaretna/status/1919976477405163622,131116265,nadiaretna
"1,91996E+18",Wed May 07 04:35:36 +0000 2025,0,@kompascom 'Tidak ada makan siang yg gratis' kecuali MBG Bill Gates salah satu pemodal obat Covid 19.....bisnis is bisnis https://t.co/rk0YJrf5ji,"1,91997E+18",https://pbs.twimg.com/media/GqUegANbAAIbCJZ.jpg,kompascom,in,Jakarta Capital Region,0,0,0,https://x.com/Najazi731/status/1919974370891726863,"1,06954E+18",Najazi731
"1,91996E+18",Wed May 07 04:35:30 +0000 2025,0,@NDASHmuuu @CNNIndonesia @prabowo Mana ada makan siang gratis? ,"1,91997E+18",,NDASHmuuu,in,Pamulang City ,0,1,0,https://x.com/Benoe_Adja/status/1919974348246426051,1092339847,Benoe_Adja
"1,91969E+18",Wed May 07 04:33:45 +0000 2025,3,@BangDropID @AnalisaCrypto Sama ada rewardnya itu masih ga paham kenapa sam altman ngasih reward itu ya taulah tidak ada makan siang gratis bahkan mbg aja harus mdngorbankan pertumbuhan ekonomi,"1,91997E+18",,BangDropID,in,,0,0,0,https://x.com/ghanylebihbaik/status/1919973907144311208,"1,64668E+18",ghanylebihbaik
"1,91996E+18",Wed May 07 04:31:20 +0000 2025,0,@CNNIndonesia nah kan Tidak ada makan siang gratis kecuali MBG,"1,91997E+18",,CNNIndonesia,in,Jakarta Capital Region,0,0,0,https://x.com/Najazi731/status/1919973298135335084,"1,06954E+18",Najazi731
"1,91997E+18",Wed May 07 04:26:26 +0000 2025,6,Transparansi penting. Apapun agendanya rakyat berhak tahu apa yang ada di piring mereka. Tidak ada namanya makan siang Gratis! https://t.co/Iyw8CaxrOn,"1,91997E+18",https://pbs.twimg.com/media/GqUcYzYa4AA31kS.jpg,,in,,0,0,6,https://x.com/blue_berets7/status/1919972066935357775,"1,2333E+18",blue_berets7
"1,91939E+18",Tue May 06 12:57:44 +0000 2025,0,@kompascom Gak ada Makan Siang Gratis.... Ujung-ujungnya minta Proyek,"1,91974E+18",,kompascom,in,,0,0,0,https://x.com/jawir69/status/1919738349012845073,174193809,jawir69
"1,91974E+18",Tue May 06 12:48:13 +0000 2025,0,makan siang bergizi tidak gratis tidak beracun tidak dikorupsi https://t.co/6GJ2dVgs52,"1,91974E+18",https://pbs.twimg.com/media/GqRFlqpaoAAMAH6.jpg,,in,Singapore,0,0,0,https://x.com/dmarvine/status/1919735957466788243,103847657,dmarvine
"1,91973E+18",Tue May 06 12:42:45 +0000 2025,0,yaampun pantesan gapernah dapet makan siang gratis (katanya) duitnya dipake buat bayar listrik ,"1,91973E+18",,,in,ricky's house,0,0,0,https://x.com/lovelicky3/status/1919734579034046467,"1,41886E+18",lovelicky3
"1,91973E+18",Tue May 06 12:16:42 +0000 2025,0,mending ganti nama jadi makan siang gratis sedikit beracun su,"1,91973E+18",,,in,dnf,0,1,0,https://x.com/baryeonix/status/1919728023299096906,"1,83395E+18",baryeonix
"1,91973E+18",Tue May 06 12:12:55 +0000 2025,0,Uang dri hasil sewa lapak &amp; gaji endorse abis semua buat modal gimana ini @prabowo @gibran_tweet Pasar sepi &amp; PHK dimana mana daya beli customer menurun tolong buat kebijakan yang menguntungan UMKM dong jangan cuma bisa efesiensi anggaran &amp; makan siang gratis doang,"1,91973E+18",,,in,Indonesia,0,1,0,https://x.com/Chaiiiluvie_/status/1919727074115563558,"7,96544E+17",Chaiiiluvie_
"1,91954E+18",Tue May 06 11:47:15 +0000 2025,0,@ARSIPAJA Kayaknya mesti diganti nama program nya jadi: Makan Siang Gratis (MSG). Supaya gak ada tekanan. Kalau mbg kan tekanan nya di makanan harus bergizi makanya pak Prabs keliatan salah mulu saat eksekusi nya bermasalah. Kalau jadi makan siang gratis kan rileks no pressure.,"1,91972E+18",,ARSIPAJA,in,,0,0,0,https://x.com/situkangmain/status/1919720611863032026,"9,05868E+17",situkangmain
"1,91968E+18",Tue May 06 11:44:05 +0000 2025,0,@NirmalaYumeria dapet makan siang gratis soalnya tetangga lagi syukuran 4 bulan hamil,"1,91972E+18",,NirmalaYumeria,in,,0,0,0,https://x.com/ShoNakanoVtuber/status/1919719815964463316,"1,3077E+18",ShoNakanoVtuber
"1,91955E+18",Tue May 06 11:38:08 +0000 2025,0,@tukangndaut @kompascom Tidak sepenuhnya benar bahwa Prabowo adalah presiden boneka Jokowi. Bukti menunjukkan Prabowo independen di beberapa bidang seperti kunjungan kenegaraan ke India dan program makan siang gratis. Namun pengaruh Jokowi tetap ada melalui putranya Gibran sebagai wapres dan,"1,91972E+18",,tukangndaut,in,wherever you are,0,0,0,https://x.com/grok/status/1919718317016961315,"1,72067E+18",grok
"1,91972E+18",Tue May 06 11:36:08 +0000 2025,0,Makan siang gratis langkah kecil demi kemajuan besar bangsa kita MBG Penuhi Gizi #PenuhiGiziIndonesia https://t.co/BHoG0L3nUv,"1,91972E+18",https://pbs.twimg.com/media/GqQ1LBGbAAI00UE.jpg,,in,,0,0,0,https://x.com/RezhaArdia66905/status/1919717816871354523,"1,88267E+18",RezhaArdia66905
"1,91971E+18",Tue May 06 11:10:48 +0000 2025,1,Fir'aun juga akan dukung makan siang gratis wokk wokk ,"1,91971E+18",,,in,"Pekalongan, Jawa Tengah",0,0,0,https://x.com/putraadamss/status/1919711440866255107,"1,62447E+18",putraadamss
"1,91971E+18",Tue May 06 11:00:19 +0000 2025,7,Makan Siang Bergizi tidak Gratis Hari Selasa. Di kantin nya my wife. https://t.co/RRQhBKJHS1,"1,91971E+18",https://pbs.twimg.com/media/GqQs-HxbUAAQya6.jpg,,in,Jakarta Capital Region,1,0,0,https://x.com/el_jastip/status/1919708800853905784,"1,64469E+18",el_jastip
"1,91962E+18",Tue May 06 10:45:51 +0000 2025,0,@idextratime Respect perjalanan sejauh ini tim yg gangasih makan siang gratis ke anak anak akademinya kalah sama program prabowo-gibran,"1,91971E+18",,idextratime,in,,0,0,0,https://x.com/R_NFadillah/status/1919705159380435186,"1,22221E+18",R_NFadillah
"1,91965E+18",Tue May 06 07:07:33 +0000 2025,0,saran makan siang kalo bisa yang gratis langsung nyampe kamar.,"1,91965E+18",,,in,,0,1,0,https://x.com/staturnues/status/1919650224387084657,"7,88351E+17",staturnues
"1,91965E+18",Tue May 06 06:56:59 +0000 2025,0,semogaaa anak-anak dan keluarga yang milih dia merasakan makan siang gratis itu pasti seneng bangeet mereka ,"1,91965E+18",,,in,,0,5,0,https://x.com/aestaengtics/status/1919647563747365368,"9,23063E+17",aestaengtics
"1,91964E+18",Tue May 06 06:51:47 +0000 2025,0,@Firdhaaanr Makan siang gratis omke gas fir,"1,91965E+18",,Firdhaaanr,in,"Karanganyar, Indonesia",0,1,0,https://x.com/masdapak_/status/1919646255149371601,"1,61254E+18",masdapak_
"1,91941E+18",Tue May 06 06:49:39 +0000 2025,2,@DianSandiU YA km sendiri sampe ancurin kejujuran demi kebohongan jokowi apa itu bukan cari nafkah? Gak ada makan siang gratis mas bro...,"1,91965E+18",,DianSandiU,in,JAKSEL,0,0,0,https://x.com/Bashu2950331/status/1919645717523501484,"1,69187E+18",Bashu2950331
"1,91964E+18",Tue May 06 06:46:43 +0000 2025,0,BERHASIL???!!! SEDANGKAN PEMBAGIANNYA AJA MASIH NGGA RATA. Jangankan satu provinsi disatu kota Banjarmasin aja masih banyak sekolah yang belum dapat MAKAN SIANG GRATIS itu,"1,91964E+18",,,in,,0,5,0,https://x.com/thinxaboutzuu/status/1919644982106829310,"1,6108E+18",thinxaboutzuu
"1,91964E+18",Tue May 06 06:43:42 +0000 2025,0,@Metro_TV Kita liat sama sama ya pak apakah makan siang (benar benar) bisa gratis.,"1,91964E+18",,Metro_TV,in,"Jakarta, Indonesia",1,0,0,https://x.com/BforBAM/status/1919644221754982871,26012425,BforBAM
"1,91964E+18",Tue May 06 06:34:08 +0000 2025,0,Untung sekolah gw ga dapet makan siang gratis. (Ga nafsu juga liatnya),"1,91964E+18",,,in,DNSS.,0,0,0,https://x.com/boynexthdoor/status/1919641814899847396,3626032576,boynexthdoor
"1,91964E+18",Tue May 06 06:23:16 +0000 2025,2,Kepala Badan Gizi Nasional Dadan Hindayana mengungkap penyebab siswa keracunan usail menyantap makan bergizi gratis di Pali Sumatra Selatan Bandung dan Tasikmalaya lantaran makanan yang diolah terlalu cepat sebelum disajikan ke para siswa Selasa (6/5) siang. Ard https://t.co/S018OKEkij,"1,91964E+18",https://pbs.twimg.com/media/GqPtiPha0AAvZk3.jpg,,in,,0,1,0,https://x.com/RadioElshinta/status/1919639081107259814,121640063,RadioElshinta
"1,91964E+18",Tue May 06 06:20:40 +0000 2025,0,WKWKWK YANG PERGI KONDANGAN YANG SAMA DI TINGGAL RUMMET NY HOLIDEI Gabut ga? Kondangan yok lumayan makan siang gratis ,"1,91964E+18",,,in,FA ╱ RPS • MDNI 🔞 | 21+,0,0,0,https://x.com/SCOUPYBOO/status/1919638424216338600,"1,30476E+18",SCOUPYBOO
"1,91964E+18",Tue May 06 06:19:49 +0000 2025,0,goblok si dikasi pendidikan gratis milih makan siang gratis,"1,91964E+18",,,in,ui,0,0,0,https://x.com/florawourld/status/1919638212647223325,"1,54147E+18",florawourld
"1,91964E+18",Tue May 06 06:11:48 +0000 2025,6,Nasi Cumi Cumi buat makan siang Bukan makan siang gratis yah kalo gratis mah jadi Nasi Cuma Cuma https://t.co/XgwyJ5W4CK,"1,91964E+18",https://pbs.twimg.com/media/GqPq8gibAAYsaeP.jpg,,in,Mimpi Indahmu ,0,2,0,https://x.com/skealve/status/1919636195010892058,"7,66432E+17",skealve
"1,91963E+18",Tue May 06 05:57:03 +0000 2025,4,Ngubah nama program dari makan siang gratis jadi makan BERGIZI gratis cuman pada akhirnya indikator keberhasilannya serendah gak beracun aja ,"1,91963E+18",,,in,,0,1,0,https://x.com/put30107982/status/1919632480669446218,"1,54036E+18",put30107982
"1,91963E+18",Tue May 06 05:32:38 +0000 2025,0,Kepala Badan Gizi Nasional Dadan Hindayana menegaskan hingga awal Mei 2025 total penerima manfaat Makan Bergizi Gratis (MBG) telah tembus hingga 3 5 juta orang Selasa (6/5) siang. Ard #BeritaElshinta https://t.co/qIpc87Ug83,"1,91963E+18",https://pbs.twimg.com/media/GqPh-AYbAAMv-zp.jpg,,in,,0,0,0,https://x.com/RadioElshinta/status/1919626338597560591,121640063,RadioElshinta
"1,91963E+18",Tue May 06 05:32:10 +0000 2025,0,dapet makan siang gratis MasyaAllah https://t.co/gZQC1L36wA,"1,91963E+18",https://pbs.twimg.com/media/GqPh3FxbAAUbFxJ.jpg,,in,,0,0,0,https://x.com/haechacan/status/1919626222310465877,"1,06307E+18",haechacan
"1,91962E+18",Tue May 06 05:20:28 +0000 2025,0,Mana nih makan siang gratis gua? (Hari ke198),"1,91962E+18",,,in,,1,0,0,https://x.com/kematttian/status/1919623274780360941,"1,77289E+18",kematttian
"1,91956E+18",Tue May 06 05:19:05 +0000 2025,2,@iimfahima Dan anak2 yang keracunan Makan Siang Gratis kemaren cuma dianggap angka gak peduli mereka ampe sakit Dan bisa meninggal kapan aja.,"1,91962E+18",,iimfahima,in,Jakarta,0,0,0,https://x.com/rubyastari/status/1919622929769496742,45138557,rubyastari
"1,91962E+18",Tue May 06 05:13:28 +0000 2025,0,Gagal dapet makan siang gratis ,"1,91962E+18",,,in,Gaza 🇵🇸,0,0,0,https://x.com/Alfannaani/status/1919621514921447531,116712360,Alfannaani
"1,91919E+18",Tue May 06 04:59:02 +0000 2025,0,@geloraco Mulut kau bau busuk ngarap makan siang gratis kasian nasinya tak datang datang,"1,91962E+18",,geloraco,in,"West Borneo, Indonesia",0,0,0,https://x.com/Ariefff92839705/status/1919617881870106727,"1,47258E+18",Ariefff92839705
"1,91922E+18",Tue May 06 04:51:40 +0000 2025,0,@DS_yantie Siapa yang puas hanya kau yang puas karna ngarap dapat makan siang gratis kasisnnnn lapar tak dapat makan,"1,91962E+18",,DS_yantie,in,"West Borneo, Indonesia",0,0,0,https://x.com/Ariefff92839705/status/1919616029715579167,"1,47258E+18",Ariefff92839705
"1,91958E+18",Tue May 06 04:43:59 +0000 2025,0,@Aaabbbiiibbb @GiveRep mana makan siang gratis nya @GiveRep,"1,91961E+18",,Aaabbbiiibbb,in,,0,1,0,https://x.com/maannvreich/status/1919614092622352713,"1,62211E+18",maannvreich
"1,91939E+18",Tue May 06 04:43:13 +0000 2025,2,@kompascom Tak ada makan siang gratis... Kira2 apa yg bill gate mau ambil dr bangsa ini? Kesehatan yg memburuk kah atau pendataan akurat generasi usia sekolah?,"1,91961E+18",,kompascom,in,Monas,0,0,0,https://x.com/Lazuardi_988/status/1919613902096077052,1127872477,Lazuardi_988
"1,91961E+18",Tue May 06 04:29:26 +0000 2025,0,Begini kalo orang tidak menyerap poin yang seharusnya. It's like wowok memberantas kemiskinan dengan makan siang gratis wakwkwkwk,"1,91961E+18",,,in,"Cyber, mdni  —  23",0,0,0,https://x.com/lostinrays/status/1919610432496537695,2187947808,lostinrays
"1,9196E+18",Tue May 06 04:00:38 +0000 2025,0,Komisi 9 DPR RI menggelar rapat dengar pendapat bersama Kepala Badan Gizi Nasional dan membahas evaluasi program makan bergizi gratis triwulan II tahun 2025 Selasa (6/5) siang. Ard #BeritaElshinta https://t.co/xBeHme8UvA,"1,9196E+18",https://pbs.twimg.com/media/GqPM6MSbAAIL7SU.jpg,,in,,0,0,0,https://x.com/RadioElshinta/status/1919603186978918711,121640063,RadioElshinta
"1,9196E+18",Tue May 06 03:44:07 +0000 2025,0,kok dia gk mikirin makan siang gratis ya? heran...aneh2 orang afrika ini,"1,9196E+18",,,in,"Medan Kota, Indonesia",0,0,0,https://x.com/taqem/status/1919599027391218076,98176084,taqem
"1,9196E+18",Tue May 06 03:42:42 +0000 2025,1,Makan siang bergizi gratis anyone?,"1,9196E+18",,,in,Indonesia,0,1,0,https://x.com/hvmmnn/status/1919598671131508946,"1,17842E+18",hvmmnn
"1,91942E+18",Tue May 06 03:31:26 +0000 2025,2,@IndoPopBase Memang kita semua hanyalah data statistik semata. Secara statistik pernyataan itu benar. Tapi bagi 200 orang keracunan &amp; 5 orang yg rawat inap tentu mereka akan ingat tragedi Makan Siang Gratis ini dibayar dgn kesehatan mereka sendiri. Bukan berarti jg mengecilkan MBG.,"1,9196E+18",,IndoPopBase,in,,0,0,0,https://x.com/rejoels/status/1919595835438071951,"1,75624E+18",rejoels
"1,91959E+18",Tue May 06 03:27:58 +0000 2025,0,Najis instead of makan siang gratis mending pendidikan gratis,"1,91959E+18",,,in,,0,0,0,https://x.com/adikkalcer/status/1919594966046933187,"1,89894E+18",adikkalcer
"1,91958E+18",Tue May 06 03:03:36 +0000 2025,0,Makan Siang Gratis di awal udah bener sebenarnya. Pelan2 tapi ajeg progres sampe nanti jadi Makan Bergizi Gratis. Didampingi program Masak Bergizi Gratis. Bahan bakunya yang gratis. *kedip angguk*,"1,91959E+18",,glennmars,in,,0,0,0,https://x.com/glennmars/status/1919588833949049027,25065219,glennmars
"1,91958E+18",Tue May 06 03:00:36 +0000 2025,0,@Silvanohajid Makan Siang Gratis tuh dah bener. Kamu sih Bang terlalu idealis.,"1,91959E+18",,Silvanohajid,in,,0,0,0,https://x.com/glennmars/status/1919588078798172340,25065219,glennmars
"1,91959E+18",Tue May 06 02:53:44 +0000 2025,0,Yg nggak bs sekolah nggak dapat makan siang gratis..,"1,91959E+18",,,in,pedalaman,0,0,0,https://x.com/barry_all2n/status/1919586347586593187,"1,34523E+18",barry_all2n
"1,91942E+18",Tue May 06 02:52:26 +0000 2025,0,@IndoPopBase lagian bukan nya minta pendidikan gratis makan siang mah di rumah juga mak gua masak mau di tuker pajero juga ogah kalo masakan mak gua *canda*,"1,91959E+18",,IndoPopBase,in,garden of eden,0,0,0,https://x.com/fogglemclovinn/status/1919586022448628029,"1,72902E+18",fogglemclovinn
"1,91948E+18",Tue May 06 02:51:08 +0000 2025,0,@TxtdariHI Gapapa yang penting masyarakat Indonesia senang dapat makan siang basi gratis,"1,91959E+18",,TxtdariHI,in,Rumah,0,0,0,https://x.com/gedebugenjooy/status/1919585695426826627,839675286,gedebugenjooy
"1,91957E+18",Tue May 06 02:47:37 +0000 2025,0,@odeofhunger ih km selalu dengerin campaign MuzAnn ya hebaaat dukung trs ya program makan siang gratis utk seluruh negri /ampunpakduitnyadarimana AHAHAHHAAHAHA MULESSSS BERATTTTT ,"1,91958E+18",,odeofhunger,in,#BukaKartuMuzAnn,0,0,0,https://x.com/hourlykibutsuji/status/1919584810286354832,"1,43343E+18",hourlykibutsuji
"1,91938E+18",Mon May 05 16:07:52 +0000 2025,0,@LazioForever27 @ommi_siregar @ommi_siregar Kejujuran Pak Prabowo saat berbicara tentang independensinya dari Jokowi cukup kompleks. Di satu sisi ia menegaskan tidak dikendalikan Jokowi didukung oleh kebijakan berbeda seperti program makan siang gratis senilai $29 miliar serta kemenangan telak di pemilu,"1,91942E+18",,LazioForever27,in,wherever you are,0,0,0,https://x.com/grok/status/1919423812351000890,"1,72067E+18",grok
"1,91942E+18",Mon May 05 15:51:25 +0000 2025,0, Mengatasnamakan solidaritas padahal menyelipkan kepentingan. Dia tidak pernah benar-benar memberi tanpa menuntut kembali. Waspada bantuan bisa jadi alat kendali. Saya mendukung makan siang gratis mendukung perubahan dari bapak presiden kita Pak Prabowo tidak dengan BG. https://t.co/moFMox9bkK,"1,91942E+18",https://pbs.twimg.com/media/GqMmA-laMAA5ccq.jpg,,in,"Jakarta, Indonesia",0,0,0,https://x.com/Human_B/status/1919419670303498319,71504904,Human_B
"1,91932E+18",Mon May 05 15:45:52 +0000 2025,0,@MrOngDedy Ga ada makan siang gratis. Nyampe 100K udah cut off. ,"1,91942E+18",,MrOngDedy,in,,0,0,0,https://x.com/pappersteam/status/1919418273629720644,"8,87679E+17",pappersteam
"1,91941E+18",Mon May 05 15:28:48 +0000 2025,0,@ewsbbd Makan siang gratis dengan lauk yang diambil langsung dari kebun. ,"1,91941E+18",,ewsbbd,in,,0,1,0,https://x.com/aubcde/status/1919413981673885889,1595548418,aubcde
"1,9194E+18",Mon May 05 14:40:38 +0000 2025,2,SORRY sebel bgt gue akan selalu menyalahkan 02voters yg lebih memilih makan siang gratis,"1,9194E+18",,dofyluvies,in,,0,1,0,https://x.com/dofyluvies/status/1919401860412100788,"1,60185E+18",dofyluvies
"1,91939E+18",Mon May 05 13:53:50 +0000 2025,1,Program makan siang gratis prabowo itu emang sampah gila aja keluarin duit ratusan triliun untuk makan siang gratis.,"1,91939E+18",,,in,,0,0,0,https://x.com/FafaganFatagan/status/1919390081778921804,"1,70257E+18",FafaganFatagan
"1,91939E+18",Mon May 05 13:45:01 +0000 2025,1,infoin ya teman2 dapet makan siang gratis.. tapi beneran bergizi ko makan siang yang ini:D,"1,91939E+18",,,in,,0,0,0,https://x.com/anakdosenn/status/1919387863759663277,"1,84131E+18",anakdosenn
"1,91939E+18",Mon May 05 13:39:38 +0000 2025,0,alhamdulillah mulai malam ini sampai 2 hari kedepan gue ga perlu memikirkan mau makan siang/malam apa coz gue akan dapat konsum gratis berturut2,"1,91939E+18",,,in,,0,0,0,https://x.com/imnotraymondz/status/1919386509280411799,"1,74761E+18",imnotraymondz
"1,91938E+18",Mon May 05 13:27:51 +0000 2025,0,@pembaikj Gak ada makan siang gratis by (kecuali mau keracunan),"1,91938E+18",,pembaikj,in,,0,0,0,https://x.com/GoldenCatto365/status/1919383543874216193,"1,27248E+18",GoldenCatto365
"1,91938E+18",Mon May 05 13:23:19 +0000 2025,0,Makan siang gratis secara langsung membantu mengurangi beban ekonomi keluarga terutama di daerah terpencil yang sulit mendapatkan bahan pangan secara merata dan terjangkau. https://t.co/BdSAsCQdLE,"1,91938E+18",https://pbs.twimg.com/media/GqMEHfgasAASQPd.jpg,,in,"Pegunungan Bintang, Papua",0,0,0,https://x.com/StefanDuyala/status/1919382400255377850,"1,44106E+18",StefanDuyala
"1,91922E+18",Mon May 05 12:56:05 +0000 2025,29,@zhil_arf Masalah Pesantren memang saatnya Pendidikan itu satu pintu aja Kemendikbud titik. Ini terbagi lagi ke kemenag malah sekarang mau buka lagi di kemensos sama dikti makanya jangan heran pendidikan kita gitu2 aja banyak yang mau kebagian kue 20% APBN.,"1,91938E+18",,zhil_arf,in,,1,2,5,https://x.com/KMSG_RI/status/1919375548255523144,"1,51218E+18",KMSG_RI
"1,91935E+18",Mon May 05 11:20:43 +0000 2025,0,Semakin gue belajar semakin benci gue sama pemerintah.. ini sistem pendidikan indonesia bobrok banget tapi yg dipentingin sama pemerintahnya malah makan siang gratis. Tai.,"1,91935E+18",,,in,,0,0,0,https://x.com/hyunjaesfuture/status/1919351545851683182,"1,38291E+18",hyunjaesfuture
"1,91934E+18",Mon May 05 10:45:03 +0000 2025,1,Literally pengen ngakak.. Pagi di kantor Ada yang sukuran beli motor jadi dikasih nasi kuning gratis padahal udah bawa nasi kuning dari rumah. Alhasil nasi kuning yang beli dari rumah aq makan buat siang. Barusan nyampe rumah kakak ngasih bungkusan..,"1,91934E+18",,,in,,0,3,0,https://x.com/cisicheesecake/status/1919342572335710240,"1,41552E+18",cisicheesecake
"1,91934E+18",Mon May 05 10:24:03 +0000 2025,10,Menu Kantin Makan Siang Bergizi tidak Gratis hari senin ini MBtG Di Kantin sekolah yg di kelola my wife. https://t.co/ek3XvWYlpQ,"1,91934E+18",https://pbs.twimg.com/media/GqLbFIXagAAfcAk.jpg,,in,Jakarta Capital Region,0,2,0,https://x.com/el_jastip/status/1919337285658591603,"1,64469E+18",el_jastip
"1,91884E+18",Mon May 05 10:03:29 +0000 2025,0,@BarengJomok Anda Belum Tahu Saja Seberapa BESAR DANA Buat Bayar BUZZER Ngegedein Nama Si Mr D Ini Pake Metode MULYONO..... Tentu Saja Ga Ada Makan Siang Yg GRATIS ,"1,91933E+18",,BarengJomok,in,,0,0,0,https://x.com/ZongWanxue/status/1919332112689451016,"1,5767E+18",ZongWanxue
"1,91933E+18",Mon May 05 09:59:25 +0000 2025,0,Makan siang gratis langkah kecil demi kemajuan besar bangsa kita MBG Penuhi Gizi #PenuhiGiziIndonesia https://t.co/s2dZhxxVS9,"1,91933E+18",https://pbs.twimg.com/media/GqLVcvFaYAA1--l.jpg,,in,,0,0,0,https://x.com/RezhaArdia66905/status/1919331088800825436,"1,88267E+18",RezhaArdia66905
"1,91905E+18",Mon May 05 09:16:40 +0000 2025,140,@nosmoke_sanji @tanyakanrl Gw dukung perkataan lo nder politikus 98% pada kotor. Tp knp voter 02 selalu di ceng2in krn mereka kemakan dgn janji program makan siang gratis. Programnya bagus tp dananya gk ada udh dibilangin ini hanya program khayalan yg digunakan utk menarik vote masyarakat masih kepancing,"1,91932E+18",,nosmoke_sanji,in,,0,4,1,https://x.com/MariaOl61976405/status/1919320330595692856,"1,5268E+18",MariaOl61976405
"1,91862E+18",Mon May 05 09:11:29 +0000 2025,0,@kenhans03 Apa yang dirasakan china dulu sekarang dirasakan Indonesia. Ekonomi ambruk investor takut investasi premanisme merajalela PHK dimana mana dan masih ada yang bilang Indonesia cerah jualan AI dan makan siang gratis,"1,91932E+18",,kenhans03,in,"Tuban, Indonesia",0,0,0,https://x.com/sigit_taph/status/1919319026070605979,497574374,sigit_taph
"1,91851E+18",Mon May 05 09:08:36 +0000 2025,0,@hanyucin Kok ga ngaca gitu sih kamu dd? Weekendnya aku di rumah aja nih. Lagi nunggu makan siang gratis,"1,91932E+18",,hanyucin,in,"SND ᭪ ⊱ ― Evadere, Melodist.",0,0,0,https://x.com/Jenniel/status/1919318297608155598,"1,12104E+18",Jenniel
"1,91932E+18",Mon May 05 08:59:36 +0000 2025,0,Makan siang gratis day 1 dari presiden ter gbl* https://t.co/DqM11LQsih,"1,91932E+18",https://pbs.twimg.com/media/GqLHwhLaYAAYwKc.jpg,,in,my pronouns she/they,0,1,0,https://x.com/varrvva/status/1919316035779363150,"1,80801E+18",varrvva
"1,91931E+18",Mon May 05 08:30:29 +0000 2025,0,Babinsa Koramil 02/Sedayu Koptu Nicholas Aditya melaksanakan Monitoring dan Pendampingan dalam Rangka Running Makan Siang Gratis Program BGN(Badan Gizi Naional)Bertempat di SD Muhammadiyah TAPEN Argosari Kap.Sedayu Bantul. https://t.co/iKZ4dDYPMv,"1,91931E+18",https://pbs.twimg.com/media/GqLBF4obIAA-eEt.jpg,,in,,0,0,0,https://x.com/KoramilSedayu/status/1919308707642376507,"1,41374E+18",KoramilSedayu
"1,9193E+18",Mon May 05 07:39:16 +0000 2025,0,Makan siang gratis,"1,9193E+18",,,in,Indonesia Open,0,0,0,https://x.com/utamaiqbal/status/1919295817103335658,41083451,utamaiqbal
"1,9193E+18",Mon May 05 07:37:38 +0000 2025,0,SUMPAH IH PARAH BGT makan siang gratis ini udh ga bgt masa ade gue disekolah dikasihnya makanan basi mulu dimulai sayuran buah buahan busuk geram bgt ditambah liat berita ada sekolah yg keracunan gara2 mgb makin keselll dan takut juga baru aja tadi ade gue cerita,"1,9193E+18",,,in,,0,1,0,https://x.com/scndkawai/status/1919295408959856782,"1,24875E+18",scndkawai
"1,91927E+18",Mon May 05 07:25:00 +0000 2025,0,@kripekpisang @infoXwor_ @milikmekdi gada makan siang yg gratis btw,"1,91929E+18",,kripekpisang,in,Teras belakang,0,0,0,https://x.com/agterplass_/status/1919292226875818330,"1,85693E+18",agterplass_
"1,91929E+18",Mon May 05 07:00:05 +0000 2025,0,Mana nih makan siang gratis gua? (Hari ke197),"1,91929E+18",,,in,,1,0,0,https://x.com/kematttian/status/1919285957984993678,"1,77289E+18",kematttian
"1,91925E+18",Mon May 05 06:51:36 +0000 2025,0,@fwuruta @_ Duh ngebaca choco lava cake aku udah ngiler ini. Kak eve boleh bagi ke aku yang ga dapet makan siang gratis ini?,"1,91928E+18",,fwuruta,in,"⋆˖⭑ Champions, La Petite Slice",0,1,0,https://x.com/yizhuofing/status/1919283822446673920,441159896,yizhuofing
"1,91927E+18",Mon May 05 06:23:58 +0000 2025,1,@AU_LiaJKT48 Makan siang gratis,"1,91928E+18",,AU_LiaJKT48,in,"Bekasi Utara, Indonesia",0,0,0,https://x.com/wardana_rasyid/status/1919276868911403276,"1,57096E+18",wardana_rasyid
"1,91928E+18",Mon May 05 06:18:09 +0000 2025,0,Makan siang gratis untuk pelajar Makan malam gratis untuk bonek,"1,91928E+18",,,in,,0,0,0,https://x.com/radityaayub11/status/1919275406072414335,713919000,radityaayub11
"1,91926E+18",Mon May 05 05:25:52 +0000 2025,4,Cek PROMO nya ada harga promo + nempel voucher 65% 40% 55% GRATIS ONGKIR sd 7RB Cocok nih buat makan siang mumpung masih tanggal muda https://t.co/y4eJ60DSUo https://t.co/Mhm0Wv6HUJ,"1,91926E+18",https://pbs.twimg.com/media/GqKW1SCboAAHdYu.jpg,,in,,0,0,2,https://x.com/pemburupromo28/status/1919262248893120998,2384473045,pemburupromo28
"1,91926E+18",Mon May 05 05:23:12 +0000 2025,0,Liputan Pencanangan Pelayanan KB Serentak dalam Rangka HUT IBI ke-74 Tahun 2025 . Mayan lah ya dapet makan siang snack sama payung gratis. https://t.co/30pppdaa7D,"1,91926E+18",https://pbs.twimg.com/media/GqKWN2_bsAAegjB.jpg,,in,"Surakarta, Jawa Tengah",0,0,0,https://x.com/lintanghimself/status/1919261575430676555,410760374,lintanghimself
"1,91926E+18",Mon May 05 05:13:48 +0000 2025,0,lagi-lagi gue bilang dikasih pilihan pendidikan gratis malah milih makan siang gratis.,"1,91926E+18",,,in,,0,1,0,https://x.com/starchtim/status/1919259211470676044,"1,8367E+18",starchtim
"1,91922E+18",Mon May 05 05:12:57 +0000 2025,0,@sumbumbaw kapusan program makan siang gratis,"1,91926E+18",,sumbumbaw,in,,0,0,0,https://x.com/bagasthar_/status/1919258997548515601,"1,13973E+18",bagasthar_
"1,91925E+18",Mon May 05 05:02:27 +0000 2025,0,@northbridge_e di NB gaada makan siang gratis yah? ️,"1,91926E+18",,northbridge_e,in,"SND. ★ 00, hot-for-fun! ☆",0,1,0,https://x.com/Chaewo1n/status/1919256352066609153,"9,7451E+17",Chaewo1n
"1,91926E+18",Mon May 05 04:59:07 +0000 2025,0,Sikap Polos Anak SD Ungkapkan Makan Siang Gratis Tidak Enak! https://t.co/4GN3SM5c2f,"1,91926E+18",,,in,,0,2,0,https://x.com/kabarmalaka/status/1919255516200710415,"1,89114E+18",kabarmalaka
"1,91925E+18",Mon May 05 04:30:06 +0000 2025,0,Makan siang sushi https://t.co/zJ7BDW7PFe Promo shopee tokopedia blibli voucher Lazada Sale Mega Guncang diskon promo mumpung Belanja gratis flash sale cashback racun shopee festival gajian OOTD #zonauang #zonajajan️️ https://t.co/UEclJdS7mB,"1,91925E+18",https://pbs.twimg.com/media/GqKKE1Ca8AA4YTw.jpg,,in,,0,0,0,https://x.com/CariiCaraah/status/1919248214869381518,"1,73709E+18",CariiCaraah
"1,91925E+18",Mon May 05 04:24:07 +0000 2025,0,Tidak ada makan siang yang gratis . Makan bergizi gratis ada .,"1,91925E+18",,,in,,0,1,0,https://x.com/saringkopinya/status/1919246707180630275,"1,60555E+18",saringkopinya
"1,91925E+18",Mon May 05 04:23:57 +0000 2025,0,Diskonan makan siang gengss https://t.co/UKfMCqyKnv Promo shopee tokopedia blibli voucher Lazada Sale Mega Guncang diskon promo mumpung Belanja gratis flash sale cashback racun shopee festival gajian OOTD #zonauang #zonajajan️️ https://t.co/634arrrY03,"1,91925E+18",https://pbs.twimg.com/media/GqKIqpEbQAAvN0D.jpg,,in,,0,0,0,https://x.com/CariiCaraah/status/1919246665602519357,"1,73709E+18",CariiCaraah
"1,91924E+18",Mon May 05 04:16:07 +0000 2025,0,gapenting pak solusinya mah makan siang gratis ,"1,91924E+18",,,in,,0,1,0,https://x.com/miseewng/status/1919244694304743683,"1,54901E+18",miseewng
"1,91924E+18",Mon May 05 03:37:42 +0000 2025,1,ANJAAYYY MAKAN SIANG GRATIS COOO,"1,91924E+18",,,in,,0,0,0,https://x.com/jedegduarr/status/1919235024890519798,"1,52359E+18",jedegduarr
"1,91923E+18",Mon May 05 03:24:28 +0000 2025,0,Tidak ada makan siang gratis .,"1,91923E+18",,,in,,0,0,0,https://x.com/saringkopinya/status/1919231694319567268,"1,60555E+18",saringkopinya
"1,91923E+18",Mon May 05 03:10:22 +0000 2025,5,Anak-anak tidak ada makan siang gratis. Jangan tertipu oleh tipuan murahan. Ingat itu baik-baik yaa -- Kepala Polisi Labrador. https://t.co/AmnNi9kDLs,"1,91923E+18",https://pbs.twimg.com/media/GqJ3w4MaoAAPyoc.png,,in,United States,0,5,0,https://x.com/tanganjojo/status/1919228148299780503,460806698,tanganjojo
"1,91922E+18",Mon May 05 02:49:25 +0000 2025,10,pdhl visi misi AMIN se simple itu buat dimengerti biar rakyat bisa terus kenyang tanpa miskin. tapi yg rame malah janji makan siang gratis. pdhl kenyang hari ini ga menjamin bebas lapar besok ‍,"1,91922E+18",,,in,,0,2,0,https://x.com/chaosvtics/status/1919222876227404145,"1,31735E+18",chaosvtics
"1,91922E+18",Mon May 05 02:32:09 +0000 2025,1,makan siang gratis aja ada ulernya benerin dulu yg lainnya deh https://t.co/ijUge33qMP,"1,91922E+18",https://pbs.twimg.com/media/GqJvE3-bEAA-GPv.jpg,,in,Everywhere,0,1,0,https://x.com/kocaksih__/status/1919218528672166012,"1,15586E+18",kocaksih__
"1,91897E+18",Mon May 05 02:01:22 +0000 2025,0,@zy_zy_lestary Kau muji muji karna ngarap dapat makan siang gratis. Kasiannn kena bohongi,"1,91921E+18",,zy_zy_lestary,in,"West Borneo, Indonesia",0,0,0,https://x.com/Ariefff92839705/status/1919210782769713598,"1,47258E+18",Ariefff92839705
"1,91918E+18",Mon May 05 01:47:44 +0000 2025,0,@ARSIPAJA MBG adalah proyek yg ndk guna bagaimana bsa seorang terdidik lebih memilih makan siang gratis dri pda pendidikan gratis? Makan itu bsa dicari masaklah pemerintah mau menggolontorkan uang hanya utk makan dan org² yg diuntungkan hanya segelintir dgn uang pajak dri semua rakyat,"1,91921E+18",,ARSIPAJA,in,,0,2,0,https://x.com/andinyusu/status/1919207353167262180,"1,8984E+18",andinyusu
"1,91904E+18",Mon May 05 01:22:47 +0000 2025,0,@DarsAlexandra1 Kau muji muji karna ngarap dapat makan siang gratis. Kasiannnn kena tipu kebohongan,"1,9192E+18",,DarsAlexandra1,in,"West Borneo, Indonesia",0,0,0,https://x.com/Ariefff92839705/status/1919201073220186250,"1,47258E+18",Ariefff92839705
"1,91899E+18",Mon May 05 01:18:11 +0000 2025,1,@DoankWarto Menang nya wapres ada diguyur bansos masih kau bilang orang pintar ya karna kau ngarap makan gratis.. kasian lapar sampai sekarang kau tak dapat makan siang gratis ,"1,9192E+18",,DoankWarto,in,"West Borneo, Indonesia",0,0,0,https://x.com/Ariefff92839705/status/1919199914711560612,"1,47258E+18",Ariefff92839705
"1,91918E+18",Sun May 04 23:53:04 +0000 2025,0,Klo tujuannya murni utk program Makan Siang Gratis ya idealnya memang spt itu. Cari cara yg paling simple dan hemat. Tp ini kan proyek. Jd pertanyaan kenapa yg sdh pernah jg ditanyakan banyak ahli sebelumnya ga ada guna. Biar aja dia berantakan sendiri..,"1,91918E+18",,,in,Indonesia,0,1,0,https://x.com/ayahbos/status/1919178496678494320,606847574,ayahbos
"1,91864E+18",Sun May 04 23:47:58 +0000 2025,0,@Puspen_PKI dia itu lg kampanye bukan kerja.. 10 tahun lagi dia bs jd presiden siapa pemilih nya? anak2 sekolah yg 10 tahun lg punya hak pilih. bonus demografi jumlah nya banyak anak muda. anak sd yg dibagiin susu gratis makan siang.. itu basis pemilihnya nanti 10 tahun lg.,"1,91918E+18",,Puspen_PKI,in,Bandung,0,2,0,https://x.com/ariensalaby/status/1919177209945657382,558676418,ariensalaby
"1,91849E+18",Sun May 04 22:55:17 +0000 2025,0,@ardisatriawan Di @SekolahSQ alhamdulillah ada makan siang gratis dari Orang Tua siswa setiap jumat edisi Jumat berkah wali muridnya. Makanan fresh dari pilihan orang tua. MBG kalau dikelola wali murid setiap kelas juga bakalan lebih baik.,"1,91916E+18",,ardisatriawan,in,"Gresik, ID",0,7,0,https://x.com/mohdwildanuss/status/1919163954695422342,"1,70109E+18",mohdwildanuss
"1,91909E+18",Sun May 04 18:03:58 +0000 2025,0, Pangan yang melimpah tidak otomatis mengalir dari daerah berkelebihan ke daerah berkekurangan. Yang berlaku adalah tidak ada norma makan siang gratis ,"1,91909E+18",,,in,"DKI Jakarta, Indonesia",0,2,0,https://x.com/ipit_o/status/1919090640748445868,"9,7516E+17",ipit_o
"1,91907E+18",Sun May 04 16:50:11 +0000 2025,1,Scaling gratis tapi bayarnya pake tiket kereta pp makan siang dan kesabaran seluas samudra https://t.co/pRifLDbdgS,"1,91907E+18",https://pbs.twimg.com/media/GqHp4Aba0AEuy7G.jpg,,in,"Yogyakarta, Indonesia",0,0,0,https://x.com/suburbangrove/status/1919072072904360359,"1,13264E+18",suburbangrove
"1,91851E+18",Sun May 04 16:13:58 +0000 2025,0,@txtdrimedia makan siang gratis aja belom dapet apa lagi ini ,"1,91906E+18",,txtdrimedia,in,di pangkuan eskup,0,5,0,https://x.com/dnxk_mwr/status/1919062958526836889,"1,55731E+18",dnxk_mwr
"1,91905E+18",Sun May 04 15:52:29 +0000 2025,11,@tanyakanrl Paling shibal saat kampanye apapun pertanyaan nya ujung-ujungnya dijawab Makan Siang Gratis .,"1,91906E+18",,tanyakanrl,in,"Semarang, Jawa Tengah",0,1,0,https://x.com/happyymealll_/status/1919057551427080663,"1,09632E+18",happyymealll_
"1,91906E+18",Sun May 04 15:48:15 +0000 2025,0,Fuck ini beneran banget anjir. Makan noh makan siang gratis,"1,91906E+18",,,in,hyunjae's little bro,0,0,0,https://x.com/rizzychza/status/1919056485377790131,"1,29788E+18",rizzychza
"1,91862E+18",Sun May 04 15:19:06 +0000 2025,0,@Metro_TV Makan siang gratis gk beres pak ini mau buat tv lagi..anda punya malu gk??,"1,91905E+18",,Metro_TV,in,,0,3,0,https://x.com/Ivanazhari29/status/1919049151645663588,"1,71228E+18",Ivanazhari29
"1,91895E+18",Sun May 04 15:18:04 +0000 2025,0,@tanyarlfes Dikira makan siang gratis kali,"1,91905E+18",,tanyarlfes,in,Indonesia,0,1,0,https://x.com/HilmiFads/status/1919048890545811799,"1,39905E+18",HilmiFads
"1,91904E+18",Sun May 04 15:02:09 +0000 2025,2,duit saya habis untuk makan siang gratis,"1,91904E+18",,,in,,0,1,1,https://x.com/rekayasawati/status/1919044884436046088,"1,25556E+18",rekayasawati
"1,91837E+18",Sun May 04 14:50:33 +0000 2025,0,@pandoe91 Tidak ada makan siang gratis teman teman. Tiati.,"1,91904E+18",,pandoe91,in,Finland,0,0,0,https://x.com/rifanwahyudi/status/1919041966408392726,77536519,rifanwahyudi
"1,91824E+18",Sun May 04 14:26:35 +0000 2025,0,@wiponk @ARSIPAJA sisanya tinggal gimana pemerintah aja baik yg setempat sama pusat masih mau gitu2 terus atau kedepan dijamin entah bakal dpt kerjaan atau apa yg lain2 yg seengganya bikin mereka bisa berdiri sendiri kalo lu bilang gitu apa bedanya sama program Makan Siang Gratis coba,"1,91904E+18",,wiponk,in,,0,1,0,https://x.com/estarossaaa/status/1919035936949592415,"1,11103E+18",estarossaaa
"1,91903E+18",Sun May 04 14:16:09 +0000 2025,0,sejujurnya ngga butuh makan siang gratis. cukup gratisin aja ukt selama kuliah,"1,91903E+18",,,in,she/her,0,0,0,https://x.com/aninmails/status/1919033307330728419,"1,84863E+18",aninmails
"1,91903E+18",Sun May 04 14:12:51 +0000 2025,0,Tanggal 12 tetap masuk dengan kompensasi MSG (Makan Siang Gratis) ,"1,91903E+18",,,in,Semarang,0,0,0,https://x.com/iniapi_/status/1919032479807066427,190527273,iniapi_
"1,91851E+18",Sun May 04 14:02:41 +0000 2025,0,@txtdrimedia Sedangkan makan siang gratis aja belum semua sekolah dapet,"1,91903E+18",,txtdrimedia,in,,0,8,0,https://x.com/FahrizalSukardi/status/1919029919612391911,700991587,FahrizalSukardi
"1,91854E+18",Sun May 04 13:39:18 +0000 2025,1,@weewooings @barengwarga Karena masalah kecil ketika viral semua pada teriak supaya programnya diberhentikan disaat tidak melihat daerah lain yang anaknya bersyukur atas adanya program makan siang gratis ini. Tidak semua yang di up di media itu merepresentasikan 100% apa yang terjadi dilapangan,"1,91902E+18",,weewooings,in,,0,2,0,https://x.com/nyawnyaw45/status/1919024033628127393,2399872519,nyawnyaw45
"1,91835E+18",Sun May 04 13:35:16 +0000 2025,0,@BloomingLerry @hiaprii Yg Nerima manfaat banyakk? Siapa ajaa tuuh? Pajak naik karena hal tersebut berimbas ekonomi negara dan perusahaan dibelakangnya dan berefek pada pekerja berakhir di PHK Anak makan gratis 1 siang itupun klo lucky gabakal keracunan,"1,91902E+18",,BloomingLerry,in,,0,3,0,https://x.com/SyifaL7319/status/1919023020263280680,"1,66808E+18",SyifaL7319
"1,91902E+18",Sun May 04 13:28:32 +0000 2025,0,@arkxyzand Makan siang gratis punya kompetitor sekarang,"1,91902E+18",,arkxyzand,in,pekanbaru,0,1,0,https://x.com/yoitsnormal/status/1919021325659574666,"1,62322E+18",yoitsnormal
"1,91902E+18",Sun May 04 13:21:09 +0000 2025,0,Tadi siang keluar duit xxjt padahal makan aja belum terus jadi males buat beli makan. Tapi malemnya dapet nasi goreng gratis dari ibu kos ,"1,91902E+18",,,in,20+ Aries INTJ ,0,1,0,https://x.com/purririmpa/status/1919019469487124483,"1,35401E+18",purririmpa
"1,91893E+18",Sun May 04 12:40:21 +0000 2025,0,@zelinxe @pageallea @yashormine @wakaaranayy nagih janji makan siang gratis dari seseorang,"1,91901E+18",,zelinxe,in,zeline,0,0,0,https://x.com/zennseee/status/1919009201621172245,"1,29738E+18",zennseee
"1,91893E+18",Sun May 04 12:37:51 +0000 2025,0,@rmol_id Emg ada makan siang gratis bro?,"1,91901E+18",,rmol_id,in,"Semarang, Jawa Tengah",0,1,0,https://x.com/Basuki80844076/status/1919008571850690812,"9,20823E+17",Basuki80844076
"1,919E+18",Sun May 04 12:19:27 +0000 2025,0,Buka X. Sajiannya -Politik -Tunggakan Makan Siang Gratis -Ijazah Palus dll 99% politik: yg nyerang nyari² bahan. Yg diserang ngejek dg kebijakan² konyol Buka FB Bu ibu salam interaksi Kang ngaret Catur,"1,919E+18",,,in,Indonesia Lahir Batin,0,2,0,https://x.com/NgaliMahfud/status/1919003939891978658,486998039,NgaliMahfud
"1,91899E+18",Sun May 04 11:14:55 +0000 2025,0,makan siang gratis....,"1,91899E+18",,,in,kasur,0,0,0,https://x.com/AdhiraReina/status/1918987699869868474,"1,05237E+18",AdhiraReina
"1,91893E+18",Sun May 04 11:05:37 +0000 2025,0,@txtdrimedia Di Amerika plus Korea ada wamil apalagi Thailand tuh meski mereka ngadain wamil tetep aja ada Gay sama Trans women hehe ikut militer atau enggak tuh enggak bakal ngerubah orientasi seksual mereka malah bisa jadi ladang korupsi kaya makan siang gratis,"1,91899E+18",,txtdrimedia,in,,0,1,0,https://x.com/Astro_Clean/status/1918985360291287418,4554741492,Astro_Clean
"1,91898E+18",Sun May 04 11:05:06 +0000 2025,0,@xiabunn MAKAN SIANG GRATIS ,"1,91899E+18",,xiabunn,in,,0,1,0,https://x.com/IcyNorwell/status/1918985228082663795,"1,75988E+18",IcyNorwell
"1,91898E+18",Sun May 04 10:55:29 +0000 2025,0,Idv makan siang gratis,"1,91898E+18",,,in,,0,0,0,https://x.com/IcyNorwell/status/1918982808506130612,"1,75988E+18",IcyNorwell
"1,91893E+18",Sun May 04 10:43:20 +0000 2025,2,@kompascom Tinggal hentikan program makan siang gratis..trus alihkan dananya ke renovasi sekolah dan perbaikan jalan..simpel ko..ini masalah prioritas aja atau kagak,"1,91898E+18",,kompascom,in,"DKI Jakarta, Indonesia",0,2,0,https://x.com/DaudCool/status/1918979750728528198,255978791,DaudCool
"1,91897E+18",Sun May 04 10:17:34 +0000 2025,0,Mecima m nya makan siang gratis alias gbloq,"1,91897E+18",,,in,on the edge of the rooftop,0,0,0,https://x.com/sheilbabyyy/status/1918973269677637638,39041311,sheilbabyyy
"1,91897E+18",Sun May 04 10:17:19 +0000 2025,0,Bangsatttt charity idv tahun ini MAKAN SIANG GRATIS,"1,91897E+18",,,in,cxs',0,0,0,https://x.com/adiousea/status/1918973203038294334,"1,54285E+18",adiousea
"1,91849E+18",Sun May 04 10:03:06 +0000 2025,0,@ardisatriawan Banyak yang protes soal ini padahal menurut gw ada benarnya juga kalau emang pemerintah berniat untuk bikin program makan siang gratis ya Adain aja dapur sekolah dan tukang masak biar lebih aman dan sehat,"1,91897E+18",,ardisatriawan,in,,0,1,0,https://x.com/MatnorliaL/status/1918969628975415551,"1,46043E+18",MatnorliaL
"1,91895E+18",Sun May 04 09:29:50 +0000 2025,0,@MurtadhaOne1 Yg penting makan siang gratis kunci nya,"1,91896E+18",,MurtadhaOne1,in,"West Java, Indonesia",0,1,0,https://x.com/wisnukatep/status/1918961256981266851,426612085,wisnukatep
"1,91896E+18",Sun May 04 09:28:14 +0000 2025,0,@macroandmicros Kemarin juga keracunan massal makan siang gratis kejadiannya dibawah pemerintahan dia kan bener-bener gajelas itu ilmu ratusan jutanya dipakai buat apa‍️,"1,91896E+18",,macroandmicros,in,,0,1,0,https://x.com/amoriondnat/status/1918960850863640929,"1,56194E+18",amoriondnat
"1,9189E+18",Sun May 04 09:20:57 +0000 2025,35,@KompasTV Asli deh mending lu pikirin gimana caranya buka lapangan kerja dg gaji layak biar anak2 tuh tercukupi gizinya. Mereka gak butuh makan siang gratis kasih kerjaan yg layak ke ortunya biar taraf hidup mereka naik gizi anak naik. Sbelum bikin program tuh mikir dulu g sih?!,"1,91896E+18",,KompasTV,in,my art(s) ⬇️,0,2,4,https://x.com/criesofbtterfly/status/1918959021534663146,"1,43404E+18",criesofbtterfly
"1,91889E+18",Sun May 04 09:18:07 +0000 2025,0,@pikiran_rakyat Yayasan Buddha Tzu Chi itu yang punya Aguan. Pengusaha yang terlibat dalam pemagaran laut. Selama tidak ada kepentingan bisnis dibalik bantuan maka tidak apa. Tapi biasanya tidak ada makan siang gratis.,"1,91896E+18",,pikiran_rakyat,in,,0,1,0,https://x.com/fathurrabb15642/status/1918958306380612069,"1,90781E+18",fathurrabb15642
"1,91891E+18",Sun May 04 08:18:10 +0000 2025,0,@PUSPAbalsem Tadi info dari mbak Nunung sih di lantai satu ada makan siang gratis Ya,"1,91894E+18",,PUSPAbalsem,in,( @ RuanganJompo )         IC:,0,1,0,https://x.com/WALIDkoyo/status/1918943221545312569,"1,71996E+18",WALIDkoyo
"1,91894E+18",Sun May 04 08:12:08 +0000 2025,0,Setuju makan siang gratis buat peserta utbk sesi siang soalnya kemaren gue utbk sesi siang kelaperan,"1,91894E+18",,,in,,0,1,0,https://x.com/BucinKoyuki_dll/status/1918941700883701909,"1,27216E+18",BucinKoyuki_dll
"1,91894E+18",Sun May 04 07:50:07 +0000 2025,2,Sudah saatnya pelajar di seluruh indonesia demo berhentikan makan siang gratis sebelom ada yang mati karena keracunan.,"1,91894E+18",,,in,"South Semarang, Indonesia",0,8,0,https://x.com/muhamaddaffari2/status/1918936161399288136,"9,42773E+17",muhamaddaffari2
"1,91849E+18",Sun May 04 06:54:30 +0000 2025,1,@ardisatriawan Emang makan bergizi gratis tuh beneran ada ya? Disekolah anaku cuman pernah di data doang sampe detik ini g dapat makan siang gratis,"1,91892E+18",,ardisatriawan,in,,0,3,0,https://x.com/Kynansanjaya22/status/1918922163626659960,"1,55808E+18",Kynansanjaya22
"1,91892E+18",Sun May 04 06:46:55 +0000 2025,1,makan siang gratis ala cina https://t.co/fq4jOXsqJ0,"1,91892E+18",https://pbs.twimg.com/amplify_video_thumb/1918920159819141120/img/TNPHGWjLXHSiMjDK.jpg,,in,alaska,0,1,0,https://x.com/deBUGsy/status/1918920255755489665,213626100,deBUGsy
"1,91857E+18",Sun May 04 06:37:01 +0000 2025,0,@Lucy_888888 @sadtan13 @aniesbaswedan MBG juga demikian dengan bangga SOLUSI KEMISKINAN ADALAH MAKAN SIANG GRATIS lah apa konteksnya? kok bisa tiba2 itu memecahkan masalah?,"1,91892E+18",,duhkuk,in,Gresik - Surabaya - Sidoarjo,0,1,0,https://x.com/duhkuk/status/1918917766507012527,"1,74973E+18",duhkuk
"1,91887E+18",Sun May 04 06:24:29 +0000 2025,0,@xandreanda @bukanpamanmu Tapi ngomong ngomong makan siang gratis pemerintah itu ngasih makan diang gratis ke sekolah2 ya berarti ada dong ya makan siang gratis.,"1,91891E+18",,naraaweb3,in,"East Worldham, England",0,0,0,https://x.com/naraaweb3/status/1918914611278995942,"1,38195E+18",naraaweb3
"1,91891E+18",Sun May 04 05:53:41 +0000 2025,0,Mana nih makan siang gratis gua? (Hari ke196),"1,91891E+18",,,in,,1,0,0,https://x.com/kematttian/status/1918906860859510797,"1,77289E+18",kematttian
"1,91853E+18",Sun May 04 05:14:51 +0000 2025,0,@ARSIPAJA 11 12 sama program makan siang gratis wkwkw,"1,9189E+18",,ARSIPAJA,in,,0,1,0,https://x.com/AlmizanAltar/status/1918897086201844108,"1,64062E+18",AlmizanAltar
"1,91869E+18",Sun May 04 05:08:20 +0000 2025,63,@JackMoon_MikeAK @redread99 @sociotalker Lu terlalu men sederhana kan. Dari awal juga udah beda ama mbg. MBG = duit negara -&gt; makan siang gratis (untuk anak sekolah). Foodbank = makanan berlebih -&gt; org yg membutuhkan. Mbg = duit negara dijadikan makanan sedangkan Foodbank ngga gitu,"1,9189E+18",,JackMoon_MikeAK,in,,0,1,0,https://x.com/ciptaanmamah/status/1918895447130952006,"1,51326E+18",ciptaanmamah
"1,91857E+18",Sun May 04 04:51:41 +0000 2025,72,@Sewarna_09 @aniesbaswedan Bro ternak 58% lebih memilih berjoget sembari makan siang gratis. Otak mereka lebih mudah mencerna janji singkat padat mengenyangkan perut menggunakan kas negara daripada untuk mencari literatur cara untuk mengisi perut dengan uang yang didapat dari kegiatan ekonomi yang sehat.,"1,91889E+18",,Sewarna_09,in,sengon city,0,1,3,https://x.com/M45ureal/status/1918891257385963688,1581250741,M45ureal
"1,91889E+18",Sun May 04 04:46:18 +0000 2025,0,Program Makan Bergizi Gratis merupakan program makan siang gratis Indonesia yang dicetuskan pada masa pemerintahan Prabowo Subianto. https://t.co/x8uhN7xMOE,"1,91889E+18",https://pbs.twimg.com/media/GqFEL9jaoAAXAZb.jpg,,in,"Bandung Wetan, Indonesia",0,0,0,https://x.com/Tivannni/status/1918889901816447069,"1,68628E+18",Tivannni
"1,91888E+18",Sun May 04 04:16:18 +0000 2025,1,Orang secerdas ini bisa menjelaskan dengan runut rapih terstruktur berani berdiskusi dengan para kaum intelektual demi mencapai tujuan bersama eh kalah sama makan siang gratis + joget gemoy doang Fyi Jkt di pimpin beliau jadi 1/3 dari kota terbaik di dunia versi STA,"1,91888E+18",,,in,"DKI Jakarta, Indonesia",0,0,0,https://x.com/DikaPrasetio8/status/1918882350869393660,"1,15659E+18",DikaPrasetio8
"1,91888E+18",Sun May 04 04:15:23 +0000 2025,0,@wleonyeny setelah itu kt tak akan mndpt makan siang gratis lg rel ,"1,91888E+18",,wleonyeny,in,konoha,0,1,0,https://x.com/whatswrongcalli/status/1918882119344103530,"1,47665E+18",whatswrongcalli
"1,91866E+18",Sun May 04 04:04:02 +0000 2025,1,@_BangFu Dan makan siang gratis berikut bualan 19 juta lapangan kerja tanpa penindakan terhadap perusahaan-perusahaan yang sok eksklusif dan eksploitatif yang justru mereka beking itu juga sama dengan pengkhianatan. Sama kayak bapaknya yang memperalat Esemka sampai dimatikan netizen.,"1,91888E+18",,_BangFu,in,,0,0,0,https://x.com/a__nurrachman/status/1918879264188862829,450365619,a__nurrachman
"1,91883E+18",Sun May 04 03:56:28 +0000 2025,0,@segopincux @idextratime Dan juga anggaran gaji anda buat program mbg akademi Barcelona karena udah lama nggk dapat makan siang gratis,"1,91888E+18",,segopincux,in,"Kota Surabaya, Jawa Timur",0,1,0,https://x.com/attheleftback/status/1918877360134189391,"1,49893E+18",attheleftback
"1,91887E+18",Sun May 04 03:36:50 +0000 2025,0,sejauh ini jg makan siang bergizi gratis tuh bneran udh bergizi kah? itu yg keracunan seberapa banyak? beneran gak tuh makanan yg dikasih layak makan dan pas gizinya untuk anak seusianya?,"1,91887E+18",,Lassvie,in,sama Jisung,0,1,0,https://x.com/Lassvie/status/1918872421664260156,"1,30319E+18",Lassvie
"1,91887E+18",Sun May 04 03:21:42 +0000 2025,0,Yahh pak kan 58% rakyat kita gasuka baca pak. Mereka lebih pilih joget2 sama makan siang gratis:(,"1,91887E+18",,,in,,0,0,0,https://x.com/kanucangtip_/status/1918868609847160909,"1,12098E+18",kanucangtip_
"1,91849E+18",Sun May 04 03:20:56 +0000 2025,0,@ardisatriawan Program makan siang gratis ini cukup rumit sistemnya gak sesimple pemikiran kita. Banyak sekolah nolak makan siang gratis karena 1. Pengadaan harus bersama-sama dengan sekolah lain yg sewilayah (gabisa mau sendirian) 2. Dana makan ditanggung oleh uang sekolah terlebih dahulu c-,"1,91887E+18",,ardisatriawan,in,"Kota Surabaya, Jawa Timur",0,1,0,https://x.com/Nuriilf_/status/1918868416586273171,"9,76758E+17",Nuriilf_
"1,91886E+18",Sun May 04 03:09:08 +0000 2025,0,@WeFallinBehind Nanti siang mau bagi makan gratis yh??,"1,91887E+18",,WeFallinBehind,in,"Ma beauté, Raelinne. DEF044. ",0,1,0,https://x.com/cphen/status/1918865449451745514,"1,54473E+18",cphen
"1,91849E+18",Sun May 04 03:03:12 +0000 2025,0,@ardisatriawan Karena ini bukan cuma tentang makan siang gratis.,"1,91886E+18",,ardisatriawan,in,,0,0,0,https://x.com/irma_moetia/status/1918863954979197157,173824400,irma_moetia
"1,91885E+18",Sun May 04 02:27:00 +0000 2025,0,Makan siang gratis https://t.co/NN6XmY6dha,"1,91885E+18",https://pbs.twimg.com/media/GqEkTsWakAA_LJe.jpg,,in,"Kotabaru, Kalimantan Selatan",0,0,0,https://x.com/akhmadhsdini/status/1918854847408771238,"1,28478E+18",akhmadhsdini
"1,91849E+18",Sun May 04 02:00:44 +0000 2025,11,@irfan_parakarsa @ardisatriawan Mas astaga di tmpku ngajar di sekolah swasta Sby. Murid2 dpt makan siang itu g dr catering. Ada dapur sekolah ada tukang masaknya. SOPnya harusnya gitu. Kan itu konteksnya MBG sekali lg MBG Makan Bergizi Gratis. Klo makanan ga fresh makanan basi kan jd nambah masalah baru.,"1,91885E+18",,irfan_parakarsa,in,📍021 • 031,0,0,1,https://x.com/AliaRachma/status/1918848235734786339,70079008,AliaRachma
"1,91884E+18",Sun May 04 01:32:22 +0000 2025,4,Alasan orang milih 02: 1. Karena gemoy 2. Slogan okegas 3. Makan siang gratis 4. Serangan fajarnya gacor banget kang 5. Gibran asiq well (ceunah) 6. Kisah cinta Wowo 7. Pendukung Paslon lain kasar Apa lagi ya?,"1,91884E+18",,,in,isfj-t | minor/homophobes dni!,0,0,1,https://x.com/amouericc/status/1918841096697675989,"1,84901E+18",amouericc
"1,91883E+18",Sun May 04 01:07:18 +0000 2025,1,Enakan makan siang pak gratis dan solusi instan (walaupun sementara di hari itu),"1,91883E+18",,,in,do not ss & save content,0,0,0,https://x.com/prioritxy/status/1918834790708502672,2350227313,prioritxy
"1,91849E+18",Sun May 04 00:58:07 +0000 2025,573,@irfan_parakarsa Tanya kenapa pengadaan barang dan jasa jadi begitu. Kalau di Korea karena memang sistem sekolah memang menyediakan makan siang gratis di sekolah ada dapur. Tapi balik lagi memang butuh modal dan alokasi jika memang diprioritaskan.,"1,91883E+18",,irfan_parakarsa,in,"Michuhol-gu, Republic of Korea",1,7,22,https://x.com/ardisatriawan/status/1918832478845915450,170542374,ardisatriawan
"1,91857E+18",Sat May 03 23:59:44 +0000 2025,86,@Aditama25_ @aniesbaswedan mereka kan cuma ngeliat makan siang gratis dan udah terlena hhh,"1,91882E+18",,Aditama25_,in,18,0,1,0,https://x.com/bentokenma/status/1918817783002849701,"1,43049E+18",bentokenma
"1,91861E+18",Sat May 03 23:56:06 +0000 2025,0,@sewverus tapi kan... makan siang gratis lebih enak semisal,"1,91882E+18",,sewverus,in,,0,0,0,https://x.com/dtstvrb/status/1918816872125891027,"1,1456E+18",dtstvrb
"1,91857E+18",Sat May 03 23:55:57 +0000 2025,0,@aniesbaswedan suka heran yg malah pilih makan siang gratis padahal yg mau diyuntaskan itu akarnya,"1,91882E+18",,aniesbaswedan,in,indonesia,0,0,0,https://x.com/Ramdanial_Qadri/status/1918816832720375943,2711249388,Ramdanial_Qadri
"1,9185E+18",Sat May 03 23:44:11 +0000 2025,0,@Mdy_Asmara1701 Gak ada makan siang gratis. Adanya makan beracun gratis.,"1,91881E+18",,Mdy_Asmara1701,in,"Bandung, Indonesia",0,0,0,https://x.com/joopi_and/status/1918813871932096636,"1,54959E+18",joopi_and
"1,91847E+18",Sat May 03 23:12:57 +0000 2025,0,@HumorJonTampan Omon - omon makan siang gratis sdh berjalan belum yah di kabupaten kebumen belum terlihat hilalnya padahal anggarannya sudah nampak,"1,91881E+18",,HumorJonTampan,in,"Jakarta Selatan, DKI Jakarta",0,0,0,https://x.com/fmaulana179/status/1918806009658974271,2942502020,fmaulana179
"1,91879E+18",Sat May 03 22:05:42 +0000 2025,0,Makin kesini makin rusuh aja ni ormas2 aparatnya makin kesini makin aktif main sosmed sengaja dibikin rame keknya. Makan siang gratis pun beritanya hmpir ga ada lagi ,"1,91879E+18",,,in,,0,0,0,https://x.com/dwianggara1987/status/1918789089202930110,198946595,dwianggara1987
"1,91869E+18",Sat May 03 21:35:23 +0000 2025,1,@msaid_didu Pelawak berkumpul Bahas makan siang gratis,"1,91878E+18",,msaid_didu,in,,0,0,0,https://x.com/Pegawai14/status/1918781457150947460,"1,04416E+18",Pegawai14
"1,91851E+18",Sat May 03 21:33:48 +0000 2025,0,@txtdrimedia Makan siang gratis aja kaga becus ,"1,91878E+18",,txtdrimedia,in,,0,0,0,https://x.com/Lukman23716563/status/1918781060956999798,"1,29973E+18",Lukman23716563
"1,91864E+18",Sat May 03 21:15:20 +0000 2025,12,@letteraee @kaizzmmi @tanyakanrl Gcam settingnya beda-beda cari gcam yang ada Astrofotografinya,"1,91878E+18",,letteraee,in,,0,0,0,https://x.com/KMSG_RI/status/1918776414289174636,"1,51218E+18",KMSG_RI
"1,91862E+18",Sat May 03 19:39:11 +0000 2025,0,@sanoceann bansosnya makan siang gratis ya,"1,91875E+18",,sanoceann,in,unlabeled. 24. mdni🔞,0,0,0,https://x.com/ceilecious/status/1918752216430633184,"1,83712E+18",ceilecious
"1,9185E+18",Sat May 03 19:31:59 +0000 2025,1,@KompasTV Ijin maseh @gibran_tweet memang di Indonesia sudah siap belum ? Ini Masalah Makan siang gratis aja belum semua sekolah loh,"1,91875E+18",,KompasTV,in,,0,0,0,https://x.com/DidihD99295/status/1918750402792542229,"1,65265E+18",DidihD99295
"1,91847E+18",Sat May 03 19:19:57 +0000 2025,0,@pompomfess Gapapa nder gak dosa juga musti gk nyelesain end game konten... yg dosa itu 02 voters yg bikin anak² sekolahan keracunan makan siang gratis :),"1,91875E+18",,pompomfess,in,🛌,0,0,0,https://x.com/Fake_lyMe/status/1918747374794481944,"1,40555E+18",Fake_lyMe
"1,91874E+18",Sat May 03 19:08:37 +0000 2025,0,gak perlu makan siang gratis gak perlu kuota gratis. yg kami perlukan progam pemerentah satu kk satu abang HAHAHAHAHAHAHA JEBALLLLLLLLL https://t.co/mWEQVWG2FI,"1,91874E+18",,,in,"RPS 🔞 | homophobic, minor dni",0,0,0,https://x.com/poodleehanie/status/1918744522780979472,"1,8683E+18",poodleehanie
"1,9183E+18",Sat May 03 19:07:59 +0000 2025,2,@txtdrbekasi Ga ada makan siang gratis. Lu dibayar sekian maka potensi asli data lu lebih dari itu. Mungkin saat ini belum kepake efektif tp kl mereka berani bayar maka di masa depan itu value-nya berpotensi tinggi.,"1,91874E+18",,txtdrbekasi,in,indonesia,0,0,0,https://x.com/jonjonfh/status/1918744364542771374,25254938,jonjonfh
"1,91849E+18",Sat May 03 17:06:58 +0000 2025,0,@ardisatriawan kan emang niatnya kaga bikin kebijakan makan siang gratis...alias emg buat aliran dana ke kantong aja,"1,91871E+18",,ardisatriawan,in,,0,0,0,https://x.com/babigeprek_/status/1918713910435459097,"1,62623E+18",babigeprek_
"1,91861E+18",Sat May 03 17:03:11 +0000 2025,0,@cocoNutfrsh @sewverus Janji ngab owo udh dijalanin kak makan siang gratis. Sisanya kan omongan dia selalu kita bangsa besar ekonomi kita kuat itu antek asing + hidup jokowi :( .,"1,91871E+18",,cocoNutfrsh,in,Bogota,0,0,0,https://x.com/ccepmek/status/1918712958177386815,540794071,ccepmek
"1,91853E+18",Sat May 03 16:58:56 +0000 2025,0,@aofuri_ @ARSIPAJA Solusinya cuma 1 makan siang gratis ,"1,91871E+18",,aofuri_,in,,0,0,0,https://x.com/fantastixue/status/1918711885584589128,"1,33534E+18",fantastixue
"1,91857E+18",Sat May 03 16:18:12 +0000 2025,0,@aniesbaswedan Penduduk kitakan mayoritas malas baca pak mungkin sebaiknya di pemilihan selanjutnya bisa lebih dibuat sesimpel dan segambalang mungkin. Makan Siang Gratis Atau Buat mobil Esemka menjadi nyata Gitu. Semoga MK masih waras dan mau menentukan batas atas koalisi pilpres. ,"1,9187E+18",,aniesbaswedan,in,Earth,0,0,0,https://x.com/dark_life_side/status/1918701635766726829,"1,80161E+18",dark_life_side
"1,9187E+18",Sat May 03 16:15:07 +0000 2025,0,sprti makan siang gratis by pemerintah tp bentukannya worse AWOKWOWK KASUS MEN,"1,9187E+18",,,in,,0,0,0,https://x.com/cloovmoon/status/1918700862181912918,"1,13937E+18",cloovmoon
"1,9187E+18",Sat May 03 16:07:36 +0000 2025,0,Maaf pak Anies makan siang gratis lebih menggoda ,"1,9187E+18",,,in,,0,0,0,https://x.com/dazedaze1111/status/1918698969506488567,"9,88883E+17",dazedaze1111
"1,9187E+18",Sat May 03 15:53:47 +0000 2025,0,orang indon bani 58 mana mau sih baca beginian. mendingan makan siang GRATIS dan joget.,"1,9187E+18",,,in,Christmas Island,0,0,0,https://x.com/winterwind_23/status/1918695490297712871,"1,0798E+18",winterwind_23
"1,91869E+18",Sat May 03 15:50:25 +0000 2025,0,makan siang gratis beracun,"1,91869E+18",,,in,,0,0,0,https://x.com/calonbayangan/status/1918694642473922779,"1,86121E+18",calonbayangan
"1,91869E+18",Sat May 03 15:45:46 +0000 2025,13,Dikasih program pengentasan kemiskinan dan penciptaan lapangan kerja tp 58% orang indo milih makan siang gratis sambil joget oke gas oke gas trus skrg pada banyak yg keracunan makan siang WKWKWKWK,"1,91869E+18",,,in,,0,0,1,https://x.com/orbitually/status/1918693472531558632,"1,13872E+18",orbitually
"1,91869E+18",Sat May 03 15:41:57 +0000 2025,0,WOII dulu gua TERIAK PALING KENCENG MENDING LAPANGAN KERJA BANYAK DARIPADA MAKAN SIANG GRATIS tapi selalu kalah sama suara mending makan siang gratis!! ,"1,91869E+18",,,in,psych ward ,0,0,0,https://x.com/herdistortiion/status/1918692514644590797,"1,55111E+18",herdistortiion
"1,91869E+18",Sat May 03 15:35:47 +0000 2025,2,Lebih dari 100 anak di Mokama Bihar India mengalami sakit setelah mengonsumsi makan siang gratis di sekolah mereka pada minggu lalu. Insiden ini diduga disebabkan oleh kontaminasi bangkai ular dalam makanan yang disajikan. Komisi Hak Asasi Manusia https://t.co/MvoQAElg1w,"1,91869E+18",https://pbs.twimg.com/media/GqCPQUWaIAAGBBM.jpg,,in,"Jakarta,Indonesia",0,0,0,https://x.com/sasaputri466403/status/1918690960461984048,"1,90509E+18",sasaputri466403
"1,9183E+18",Sat May 03 15:31:25 +0000 2025,0,@tanyarlfes Ingat nder gak ada makan siang gratis Bisa jadi skrg sahabatmu sok peduli ngirim fore 1 botol belum tau besoknya minta tuker sama keperawananmu km sakit hati trus curhat lagi deh di base,"1,91869E+18",,tanyarlfes,in,land of dawn,0,0,0,https://x.com/bukanusermiya/status/1918689861608841416,252913790,bukanusermiya
"1,91869E+18",Sat May 03 15:20:37 +0000 2025,1,Ngana makan itu makan siang gratis,"1,91869E+18",,,in,,0,0,0,https://x.com/guemasihbingung/status/1918687144056614982,"1,08781E+18",guemasihbingung
"1,91857E+18",Sat May 03 15:02:29 +0000 2025,0,@hambametrics @aniesbaswedan Ini bener sih. Orang indo gamau tau prosesnya yg penting hasilnya. Makanya program mbg yg gajelas itu bisa menang. Karena mereka taunya dpt makan siang gratis tanpa mau tau kalau regulasinya itu sulit diterapin di negara ini.,"1,91868E+18",,hambametrics,in,,0,0,0,https://x.com/not02voter/status/1918682581022683203,"1,88092E+18",not02voter
"1,91861E+18",Sat May 03 15:00:24 +0000 2025,18,@sewverus Wkwkwkwk orang2 mana mau baca gituan pengen program yang tanpa perlu baca syarat dan ketentuan ini itu babibubebo yaitu ... MAKAN SIANG GRATIS ... yeah that program is self-explanatory,"1,91868E+18",,sewverus,in,Jakarta,0,2,0,https://x.com/adriandufromage/status/1918682055845785868,"1,06947E+18",adriandufromage
"1,91868E+18",Sat May 03 14:56:32 +0000 2025,0,Karena ngalir ke makan siang gratis ,"1,91868E+18",,,in,ocean,0,0,0,https://x.com/HSmanmore/status/1918681084620849401,"1,46871E+18",HSmanmore
"1,91868E+18",Sat May 03 14:47:20 +0000 2025,0,Indonesia hampir punya presiden yang setidaknya punya roadmap. Masalah hasil kerja cuma omon² bisa belakangan. Tapi minimal banget punya roadmap yang jelas. Sayangnya negara ini masih lebih memilih makan siang gratis daripada perbaikan kemiskinan secara sistemik.,"1,91868E+18",,,in,,0,0,0,https://x.com/alpunpunjtk/status/1918678768908169568,"1,05144E+18",alpunpunjtk
"1,91868E+18",Sat May 03 14:46:53 +0000 2025,20,100 Siswa Ini Sakit Setelah Menu Makan Siang Gratis di Sekolah Berisi Bangkai Ular https://t.co/5EnxuwonIT,"1,91868E+18",,,in,,0,0,19,https://x.com/OposisiCerdas/status/1918678654415954342,"8,87744E+17",OposisiCerdas
"1,91868E+18",Sat May 03 14:45:41 +0000 2025,0,Tapi kebanyakan orang Indo ga bisa mencerna tulisan sepanjang ini. Ngertinya cuman makan siang gratis ,"1,91868E+18",,,in,,0,0,0,https://x.com/fallindoun/status/1918678353609216274,"7,32759E+17",fallindoun
"1,91857E+18",Sat May 03 14:40:13 +0000 2025,27,@aniesbaswedan Misi sebagus ini tapi bingung juga ya gimana nyampein hal2 kompleks kyk gini ke grass root... Sebelum pilpres sempat iseng diskusi dengan rekan2 tukang bangunan di proyek tapi mereka pasti lebih fokus pada kebutuhan langsung yang konkret... makan siang gratis contohnya,"1,91868E+18",,aniesbaswedan,in,alas purwo,0,1,0,https://x.com/hasblyat/status/1918676976157769793,"1,01085E+18",hasblyat
"1,91868E+18",Sat May 03 14:35:53 +0000 2025,0,Tapi voters genap percaya hanya dengan joget² dan makan siang gratis indonesia akan maju,"1,91868E+18",,,in,RANT.,0,0,0,https://x.com/cotteshu/status/1918675887026753742,"1,5968E+18",cotteshu
"1,91867E+18",Sat May 03 13:59:31 +0000 2025,0,WKWKWKWKWKWK kan maunya yg penting oke gamzzzz n makan siang basi gratis tsb,"1,91867E+18",,,in,20 | daily rant,0,0,0,https://x.com/stardusthou/status/1918666734791164160,"1,35593E+18",stardusthou
"1,91866E+18",Sat May 03 13:22:33 +0000 2025,0,02 voter udah birahie duluan sama makan siang gratis ga sempet baca jadinya pak,"1,91866E+18",,,in,22 | infp 🫧,0,0,0,https://x.com/vojainah/status/1918657433100312750,"8,67667E+17",vojainah
"1,91815E+18",Sat May 03 12:57:15 +0000 2025,0,@prabowo Stop makan siang gratis ndut! Dah banyak anak-anak yg keracun. Harus nunggu ada yg mati dulu gitu?,"1,91865E+18",,prabowo,in,,0,0,0,https://x.com/ShinFa_04/status/1918651064259158094,"1,76758E+18",ShinFa_04
"1,91865E+18",Sat May 03 12:42:10 +0000 2025,0,nanyain solusi kemiskinan? nih kami kan udah pernah nawarin ya tapi kalian pilih makan siang gratis aowkaowk ditampar ini mah,"1,91865E+18",,,in,,0,0,0,https://x.com/kimitofutari__/status/1918647271513829389,"1,00547E+18",kimitofutari__
"1,91864E+18",Sat May 03 12:38:49 +0000 2025,2,@ilhampurnama887 Wow.. Memang bener.. ga ada makan siang gratis . Ya bayaran nya memng 300m. + kelola tambang. Dan keistimewaan lain nya. Jalan infrastruktur remuk. Sekolah ambruk. Anak kurg gizi. Masa bodoh dng semua itu. Yg penting pesantren kami indah. Buku lengkap. Mesjid lantai marmer,"1,91865E+18",,ilhampurnama887,in,"Saint-Christophe-du-Luat, Fran",0,0,0,https://x.com/gajahserenang/status/1918646425082384445,"1,60389E+18",gajahserenang
"1,91831E+18",Sat May 03 12:37:51 +0000 2025,0,@tempodotco Ya fokusnya lagi ke makan siang gratis,"1,91865E+18",,tempodotco,in,"Bekasi, Jawa Barat",0,0,0,https://x.com/DonnyRus/status/1918646183108764132,191769879,DonnyRus
"1,91864E+18",Sat May 03 12:34:25 +0000 2025,4,@Valhallaah Wow.. Memang bener.. ga ada makan siang gratis . Ya bayaran nya memng 300m. + kelola tambang. Dan keistimewaan lain nya. Jalan infrastruktur remuk. Sekolah ambruk. Anak kurg gizi. Masa bodoh dng semua itu. Yg penting pesantren kami indah. Buku lengkap. Mesjid lantai marmer,"1,91865E+18",,Valhallaah,in,"Saint-Christophe-du-Luat, Fran",0,1,0,https://x.com/gajahserenang/status/1918645320885674279,"1,60389E+18",gajahserenang
"1,91816E+18",Sat May 03 12:33:13 +0000 2025,0,@czxtrem @shinebrightasyo @CNNIndonesia Ini kan bicara program dedi mulyadi apa urusan sama makan siang bergizi gratis ?elu bodoh ya ? Emang kita ngomongin pusat ? Coba baca dulu dek kita ngomong soal apa bodoh2,"1,91865E+18",,czxtrem,in,Indonesia,0,2,0,https://x.com/zeracnovic/status/1918645016278217193,104694262,zeracnovic
"1,91816E+18",Sat May 03 12:30:58 +0000 2025,0,@shinebrightasyo @zeracnovic @CNNIndonesia Mereka cuma nyari bancakan eh orang2 tolol yang otak nya berkarat yang gk bisa mikir malah belain mati2an minimal kalau miskin otak jangan ikutan miskin pas kampanye bilang makan siang gratis (tanpa spesifik) mereka menggira 280 jt orang bakalan di kasih makan siang gratis.,"1,91864E+18",,shinebrightasyo,in,,0,3,0,https://x.com/czxtrem/status/1918644450437247395,"1,29988E+18",czxtrem
"1,91816E+18",Sat May 03 12:25:45 +0000 2025,1,@Ms_Rain29 @SamuelTomo0426 @tanyakanrl mana ada dijatim kota kecil tiujung timur aja belum ada yg dapet makan siang gratis,"1,91864E+18",,Ms_Rain29,in,,0,0,0,https://x.com/GabutSekal1353/status/1918643137326788772,"1,90055E+18",GabutSekal1353
"1,91848E+18",Sat May 03 12:23:27 +0000 2025,0,@txtdrimedia Saya pelajar lebih butuh waktu tidur siang daripada makan bergizi gratis pak,"1,91864E+18",,txtdrimedia,in,zuo ran's arm,0,0,0,https://x.com/lovedbyartem/status/1918642557820784707,"1,89565E+18",lovedbyartem
"1,91864E+18",Sat May 03 12:14:48 +0000 2025,0,@keqingojek Waktu itu ada percobaan makan siang gratis turns out people don t like it LOL (ujung ujungnya sekolah ku gak dapet juga sih cm percobaan doang) UGH SEBELNYA LAGI MUKA DIA DI PRINT GEDE BANGET DI MADINg,"1,91864E+18",,keqingojek,in,Teyvat,0,1,0,https://x.com/gakmauutbk/status/1918640380603764888,"1,8741E+18",gakmauutbk
"1,91862E+18",Sat May 03 12:10:32 +0000 2025,0,@eleanorichelle pokoknya dari sharing keseharian tiba-tiba bahas makan siang gratis plus kokim share info loker.,"1,91864E+18",,eleanorichelle,in,     THE   PRISM     ,0,0,0,https://x.com/sauralane/status/1918639307612475589,3242768853,sauralane
"1,91864E+18",Sat May 03 12:08:24 +0000 2025,0,Warga dikasih solusi cakep begini malah lebih milih makan siang gratis.. jadi keracunan kan sekarang,"1,91864E+18",,,in,,0,0,0,https://x.com/nisathalha/status/1918638769986568690,2913849632,nisathalha
"1,91864E+18",Sat May 03 12:07:17 +0000 2025,0,Kantor w udah mulai garap proyek dapur makan siang gratis i hate it here,"1,91864E+18",,,in,(🌻)บัลคิส    ○ Born December,0,0,0,https://x.com/gugiri/status/1918638490390237525,822788148,gugiri
"1,91864E+18",Sat May 03 12:00:02 +0000 2025,0,Gak cuma makan siang gratis yg keracunan tp snack konser jg expired. Udh lu wni nongton konser yg promotornya mecibal beuh gilak ga tuh,"1,91864E+18",,,in,🇮🇩,0,0,0,https://x.com/shansflower/status/1918636666815934773,62028085,shansflower
"1,91862E+18",Sat May 03 10:50:45 +0000 2025,0,@rolaend makan siang gratis,"1,91862E+18",,rolaend,in,🇮🇩🇬🇧,0,1,0,https://x.com/aleonzer/status/1918619231974822083,"1,89697E+18",aleonzer
"1,91862E+18",Sat May 03 10:45:20 +0000 2025,0,Sudah jelas kenapa masyarakat kita banyak yg suka sama makan siang gratis. Di sebuah organisasi yg ku ikuti ketika aku berinisiatif mengadakan rutinan kajian/diskusi dgn berbagai tema yg datang sedikit tapi ketika acara makan2 aja semua datang ,"1,91862E+18",,,in,"Tulungagung, Indonesia",0,0,0,https://x.com/KholiqFauzi/status/1918617866884329864,"1,21627E+18",KholiqFauzi
"1,91861E+18",Sat May 03 10:17:02 +0000 2025,0,Kapolsek Kuwarasan AKP Kholil SH dan anggota bersama Babinsa Koramil 19 Kuwarasan melaksanakan monitoring dan pendampingan pendistribusian makan siang gratis buat anak-anak TK Bhakti Asih 2 Desa Gunungmujil Kec Kuwarasan #polisihadir #polriuntukmasyarakat https://t.co/ydjiNNpgPX,"1,91861E+18",https://pbs.twimg.com/media/GqBGTeLbwAAdXC7.jpg,,in,,0,0,0,https://x.com/PKuwarasan/status/1918610746981921153,"1,22018E+18",PKuwarasan
"1,9186E+18",Sat May 03 09:51:44 +0000 2025,0,Kapolsek Kuwarasan AKP Kholil SH dan anggota bersama. babinsa Koramil 19 Kuwarasan melaksanakan sambang dan pendampingan pendistribusian makan siang gratis di SD N 2 Gunungmujil Kec Kuwarasan Selasa ( 29/4/2025 ) #polisihadir #polriuntukmasyarakat https://t.co/OIDiPM4JZG,"1,9186E+18",https://pbs.twimg.com/media/GqBAg-VbQAAI-Xk.jpg,,in,,0,0,0,https://x.com/PKuwarasan/status/1918604380309422260,"1,22018E+18",PKuwarasan
"1,91816E+18",Sat May 03 09:47:33 +0000 2025,11,@SamuelTomo0426 @tanyakanrl Gw aja blm dapet makan siang gratis tp gk usah aja deh,"1,9186E+18",,SamuelTomo0426,in,,0,0,0,https://x.com/pausssterbang/status/1918603327517995122,"1,77997E+18",pausssterbang
"1,91816E+18",Sat May 03 09:42:52 +0000 2025,0,@NiskalaWas95621 @CNNIndonesia Mereka deklarasi 2025 Malaysia jadi negara maju kalau melihat PDB 2024 sangat possible Malaysia jadi negara maju susah emang otak udah kemakan program angan2 makan siang gratis eh di kibulin dan terkena propaganda negara kita negara besar https://t.co/cNhBc44wOk,"1,9186E+18",,NiskalaWas95621,in,,0,0,0,https://x.com/czxtrem/status/1918602147463307324,"1,29988E+18",czxtrem
"1,91846E+18",Sat May 03 09:18:11 +0000 2025,0,@Tomylim5 @DokterTifa @prabowo Sekedar sharing aja. Jk pemerintah mmng benar peduli hapuskan program makan siang gratis itu &amp; buka lapak sebagai pasar kecil a/bekerjasama dgn pasar yg sdh ada u/menjual bahan makanan murah khusus u/mrk yg mnjadi target bantuan pemerintah. Di Thailand ada pasar seperti yg sy..,"1,9186E+18",,Tomylim5,in,Jakarta ,0,1,0,https://x.com/LH_265/status/1918595933861798232,1234720928,LH_265
"1,91858E+18",Sat May 03 08:10:39 +0000 2025,5,capital investment yang baik ke sekolah2 akan membuat MBG akan autopilot sendirinya. malah ga perlu dilabel fancy dan mahal jadi Makan Bergizi Gratis . cukup makan siang di sekolah biasa.,"1,91858E+18",,,in,My own mind,0,3,0,https://x.com/bopduana/status/1918578940710453281,78931279,bopduana
"1,91857E+18",Sat May 03 07:52:35 +0000 2025,0,Tragedi Anak India Keracunan: Makan Siang Gratis Berubah Bencana! - https://t.co/tblYBI030v https://t.co/fXsoJ8rjcx,"1,91857E+18",https://pbs.twimg.com/media/GqAlPjuX0AAobq-.jpg,,in,Jakarta,0,0,0,https://x.com/raizo_maestro/status/1918574392226812029,"8,9778E+17",raizo_maestro
"1,91857E+18",Sat May 03 07:34:05 +0000 2025,2,@grok @imiss_your_gaze @Sandika_Noor Hahahaha Gkada makan siang gratis yaaaa,"1,91857E+18",,grok,in,,0,1,0,https://x.com/amelcewaw/status/1918569736775839853,"1,66104E+18",amelcewaw
"1,91857E+18",Sat May 03 07:27:29 +0000 2025,0,Program makan siang gratis bisa jadi solusi nyata buat putus rantai kemiskinan di Indonesia #DukungMBG https://t.co/ra7DyEytAt,"1,91857E+18",https://pbs.twimg.com/media/GqAfebdawAMTOk0.jpg,,in,"Los Angeles, CA",0,0,0,https://x.com/evsspoir/status/1918568075181658176,"1,52078E+18",evsspoir
"1,91825E+18",Sat May 03 07:16:06 +0000 2025,0,@undipmfs Dapet makan siang sama susu gratis dong,"1,91857E+18",,undipmfs,in,,0,0,0,https://x.com/arrfaber/status/1918565211835125894,"1,47829E+18",arrfaber
"1,91856E+18",Sat May 03 07:00:29 +0000 2025,0,@indomieingi orang indo ini terlalu seneng cari yg gratis.. makan siang gratis 10 ribu aja ngerepotin 1 negara.. lah ini tiket gratis 2 juta 3 juta duitnya darimana orang promotornya aja tukang ngutang‍️,"1,91856E+18",,indomieingi,in,,0,0,0,https://x.com/seonggyus/status/1918561281834963448,2392167048,seonggyus
"1,91854E+18",Sat May 03 06:52:29 +0000 2025,0,@Heraloebss Klo ini dapet Makan Siang Gratis Real Yak ,"1,91856E+18",,Heraloebss,in,,0,0,0,https://x.com/arnintyaedogawa/status/1918559268929978642,"1,62125E+18",arnintyaedogawa
"1,91856E+18",Sat May 03 06:51:55 +0000 2025,8,pls sadar di dunia ini GAK ADA yg gratis.... liat program makan siang gratis seancur apa ampe banyak yg keracunan,"1,91856E+18",,,in,,0,1,1,https://x.com/kozukiodoun/status/1918559127187357882,4903234713,kozukiodoun
"1,91855E+18",Sat May 03 06:25:35 +0000 2025,0,Mana nih makan siang gratis gua? (Hari ke195),"1,91855E+18",,,in,,1,0,0,https://x.com/kematttian/status/1918552497712472252,"1,77289E+18",kematttian
"1,91849E+18",Sat May 03 06:09:29 +0000 2025,0,@ardisatriawan yang paling lucu adalah makan siang gratis di sekolah tp pihak sekolah ga dilibatkan ,"1,91855E+18",,ardisatriawan,in,,0,0,0,https://x.com/onlyvvan/status/1918548446950375491,"1,31134E+18",onlyvvan
"1,91849E+18",Sat May 03 05:35:59 +0000 2025,1,@ardisatriawan Ya intinya kan bukan menyediakan makan siang bergizi gratis tapi memberikan proyek pengadaan makan siang bagi golongan tertentu ,"1,91854E+18",,ardisatriawan,in,,0,0,0,https://x.com/e66uej/status/1918540017145700854,2232828572,e66uej
"1,91854E+18",Sat May 03 05:28:16 +0000 2025,5,400 murid keracunan di Tasikmalaya .. stop saja deh makan siang gratis nya,"1,91854E+18",,,in,kepo⛔,0,1,0,https://x.com/tientini165129/status/1918538074834804948,"1,88821E+18",tientini165129
"1,91854E+18",Sat May 03 05:24:19 +0000 2025,40,Kalau ditanyaan jadi presiden di negeri wakanda dan disuruh bikin makan siang gratis untuk anak2 sekolah dengan budget 15k ditanyaan akan masak... https://t.co/GLGmFhVE5y #DitanyOn #vtuberindonesia https://t.co/vL35yGbCMC,"1,91854E+18",https://pbs.twimg.com/media/GqADF8xbEAAW5LR.jpg,,in,,0,4,5,https://x.com/ditanyaan/status/1918537082072453523,"1,26556E+18",ditanyaan
"1,91832E+18",Sat May 03 05:05:38 +0000 2025,0,@dumbdeimos @kompascom @dumbdeimos @kompascom Hmm pertanyaanmu soal seberapa besar peluang program ambisius Prabowo bisa terealisasi ini cukup tricky tapi aku bakal coba kasih perspektif yang jujur dan realistis ya! Prabowo memang dikenal dengan ide-ide besar dari program makan siang gratis buat,"1,91853E+18",,dumbdeimos,in,wherever you are,0,0,0,https://x.com/grok/status/1918532378160758962,"1,72067E+18",grok
"1,91824E+18",Sat May 03 04:43:05 +0000 2025,0,@neVerAl0nely 535 advokad wau mantap cuan untuk advocad tak ada makan siang yg gratis pesan dari sponsor harus ada hasil buaat proposal extion ada hasil laporkan pulang tranfer cuan. Siapa bohirnya ini? dari dlam negeri tidak mungkin Luar negeri bohirnya itu dugaanku,"1,91853E+18",,neVerAl0nely,in,yogyakarta,0,0,0,https://x.com/sidabutar60/status/1918526702470275504,"1,53885E+18",sidabutar60
"1,91852E+18",Sat May 03 04:34:49 +0000 2025,0,Gak ada makan siang gratis selain MBG. Koperasi jadi2an yang bisa berubah jadi pundi2 logistik tuk modal politik oligarki. https://t.co/ykFEN47woK,"1,91852E+18",,,in,,0,0,0,https://x.com/taufiksdj/status/1918524624272249290,262103431,taufiksdj
"1,91845E+18",Sat May 03 04:14:03 +0000 2025,1,@oeluisz Nggak dapat makan siang gratis,"1,91852E+18",,oeluisz,in,,0,1,0,https://x.com/2501Aisha/status/1918519398999990651,"1,35371E+18",2501Aisha
"1,91852E+18",Sat May 03 03:57:10 +0000 2025,0,Makan siang gratis itu awal dari perubahan besar saatnya Indonesia bebas rantai kemiskinan #DukungMBG https://t.co/SfYAJzqgne,"1,91852E+18",https://pbs.twimg.com/media/Gp_vNj7aoAAaqtq.jpg,,in,𝓚𝐚𝐭𝐚𝐫𝐢𝐧𝐚 .. 𝟮𝟬𝟬𝟬 ,0,0,0,https://x.com/kiharani/status/1918515149725642974,1079979624,kiharani
"1,91851E+18",Sat May 03 03:54:54 +0000 2025,0,Makan siang gratis bukan cuma soal kenyang tapi juga harapan baru buat generasi selanjutnya #DukungMBG https://t.co/CTd2a1dhMX,"1,91851E+18",https://pbs.twimg.com/media/Gp_u1e0awAAnSwc.jpg,,in,,0,0,0,https://x.com/blondfe/status/1918514577546887221,2228152477,blondfe
"1,91851E+18",Sat May 03 03:54:30 +0000 2025,0,Bersama program makan siang gratis yuk bantu tembusin batas mimpi anak-anak di negeri ini #DukungMBG https://t.co/xOekgqiMjC,"1,91851E+18",https://pbs.twimg.com/media/Gp_uvGvbYAAeoHV.jpg,,in,,0,0,0,https://x.com/prromild/status/1918514476221120641,"1,24961E+18",prromild
"1,91851E+18",Sat May 03 03:53:21 +0000 2025,0,Yuk dukung program makan siang gratis supaya anak-anak nggak putus sekolah gara-gara perut kosong #DukungMBG https://t.co/KUmPRQTP7f,"1,91851E+18",https://pbs.twimg.com/media/Gp_ue4FawAIsFU5.jpg,,in,ae,0,0,0,https://x.com/xningiie/status/1918514188458312050,"7,5204E+17",xningiie
"1,91851E+18",Sat May 03 03:51:45 +0000 2025,0,Gerakan makan siang gratis jadi peluang emas buat bantu keluarga keluar dari lingkaran kemiskinan #DukungMBG https://t.co/RO0M0b6CjP,"1,91851E+18",https://pbs.twimg.com/media/Gp_uF4kawAAybl4.jpg,,in,SND,0,0,0,https://x.com/bbhiww/status/1918513786064883727,"1,37676E+18",bbhiww
"1,91851E+18",Sat May 03 03:50:54 +0000 2025,0,Kasih makan siang gratis rantai kemiskinan bisa terputus dan masa depan cerah menanti #DukungMBG https://t.co/ny7kPq8Z5t,"1,91851E+18",https://pbs.twimg.com/media/Gp_t5KgawAEMpXK.jpg,,in,"Potrayed, 2004. ",0,0,0,https://x.com/Perisialinaa_/status/1918513573061591504,278905524,Perisialinaa_
"1,91851E+18",Sat May 03 03:50:49 +0000 2025,0,Karena makan siang gratis itu langkah pertama buat ubah hidup anak bangsa dan lawan kemiskinan #DukungMBG https://t.co/YIIaeFnhMd,"1,91851E+18",https://pbs.twimg.com/media/Gp_t5b5awAU4HIT.jpg,,in,,0,0,0,https://x.com/hlaeriin/status/1918513551507112159,1460773495,hlaeriin
"1,91851E+18",Sat May 03 03:46:54 +0000 2025,0,Biar makin banyak yang bangkit dari kemiskinan yuk ramaikan program makan siang gratis #DukungMBG https://t.co/UaZDF7XvU5,"1,91851E+18",https://pbs.twimg.com/media/Gp_s_4UaIAA_aLp.jpg,,in,nsfw,0,0,0,https://x.com/jivwong/status/1918512566420292054,"7,52022E+17",jivwong
"1,9185E+18",Sat May 03 03:10:41 +0000 2025,0,Akhirnya ngobrol sama temen kerja yang jadi ASN kakau gue tim aganist pemerintah yang programnya bobrok. Gak ekspek dia bakal setuju sama yang gue omongin terutama Makan Siang Gratis. Di luar dia ASN dia gue liat-liat juga setuju aja melawan namanya serangan fajar ‍↕️‍↕️,"1,9185E+18",,,in,tbz nct & 00z | kamden ,0,1,0,https://x.com/kyoleena/status/1918503452323315723,"1,39431E+18",kyoleena
"1,9183E+18",Sat May 03 02:57:40 +0000 2025,0,@txtdrbekasi gaada makan siang yg gratis hari gini tuu dr awal denger aja udh gamasuk akal buat gua. mana marketingnya pinter bgt yg pada rungkat gamikir panjang yg penting dpt duit,"1,9185E+18",,txtdrbekasi,in,jekardah,0,0,0,https://x.com/dinddele/status/1918500174139216093,2575916496,dinddele
"1,91849E+18",Sat May 03 02:20:30 +0000 2025,1,Makan Siang Gratis Tercemar Bangkai Ular Ratusan Anak India Keracunan https://t.co/3Y9pZyKK0T,"1,91849E+18",,,in,Jakarta Capital Region,1,0,3,https://x.com/cnbcindonesia/status/1918490820665327861,"8,47373E+17",cnbcindonesia
"1,9183E+18",Sat May 03 02:19:55 +0000 2025,0,@tanyarlfes Nggak ada yang namanya makan siang gratis nder,"1,91849E+18",,tanyarlfes,in,,0,0,0,https://x.com/ranumya/status/1918490673587863632,3014470309,ranumya
"1,9183E+18",Sat May 03 02:07:47 +0000 2025,0,@tanyarlfes Sahabat?? Lo nya aja yang gak peka Sama kek makan siang gak ada yang gratis.. Effort juga sama Gak Ada Yang Tanpa Maksud/Tujuan Hahay...,"1,91849E+18",,tanyarlfes,in,"East Borneo, Indonesia",0,0,0,https://x.com/fathullahfathu2/status/1918487623582319008,3310566600,fathullahfathu2
"1,91815E+18",Sat May 03 01:12:16 +0000 2025,0,@AgusYudhoyono lebih penting pendidikan gratis dari pada makan siang gratis ,"1,91847E+18",,AgusYudhoyono,in,,0,0,0,https://x.com/kikikipung/status/1918473651890077889,46136542,kikikipung
"1,9183E+18",Sat May 03 00:35:35 +0000 2025,0,@txtdrbekasi Tau² rumah didatengin debtcol . Ingat selalu istilah Tidak ada makan siang yang gratis ya gaes. Nothing easy.,"1,91846E+18",,txtdrbekasi,in,,0,0,0,https://x.com/ladydungpes/status/1918464420818366857,2297617703,ladydungpes
"1,91845E+18",Sat May 03 00:33:28 +0000 2025,0,@susipudjiastuti @prabowo Wartoskeun Bu susi manawi ieu mah da rakyat mah teu kedah Makan siang gratis. Peryogina ge hargi² mirah kajangkau ku rahayat alit peryogina ge Pendidikan gratis (kuliah tong mahal).,"1,91846E+18",,susipudjiastuti,in,"Bandung, Jawa Barat",0,0,0,https://x.com/kaumkusam31/status/1918463885402882277,492315209,kaumkusam31
"1,9182E+18",Fri May 02 23:56:13 +0000 2025,0,@JimlyAs Sibuk urusin ijazah Jokowi hingga publik lupa kebijakan ugal2an rejim @prabowo dr makan siang gratis utang LN yg terus bengkak militerisme ekonomi ekstraktif yg untungkan oligark Dananatara normalisasi konflik kepentingan dan penanganan HAM yg gelap. #IndonesiaMakinGelap,"1,91845E+18",,JimlyAs,in,Jakarta Capital Region,0,0,0,https://x.com/cak_daus/status/1918454512811163825,53009638,cak_daus
"1,91827E+18",Fri May 02 23:31:25 +0000 2025,0,@Heraloebss @prabowo makan siang gratis juga seperti ini sudah di kaji dgn para ahli dan katanya bisa tapi nyatanya morat marit 3 juta rumah gratis juga mana membuka banyak fakultas kedokteran mana?omon omon,"1,91845E+18",,Heraloebss,in,,0,0,0,https://x.com/dedesuanda2111/status/1918448270751481915,"1,75993E+18",dedesuanda2111
"1,91826E+18",Fri May 02 23:21:10 +0000 2025,23,@aewin86 Coba Zoom Out ? Merah bos kayak klub andalanmu itu Terpuruk akwoakaoakwoak https://t.co/Y3FDPfcKVG,"1,91845E+18",https://pbs.twimg.com/media/Gp-wLvdawAIElbc.jpg,aewin86,in,,0,1,1,https://x.com/KMSG_RI/status/1918445690965074123,"1,51218E+18",KMSG_RI
"1,91844E+18",Fri May 02 23:08:54 +0000 2025,0,Genre: 𝘧𝘪𝘬𝘴𝘪 𝘪𝘭𝘮𝘪𝘢𝘩 𝘧𝘢𝘯𝘵𝘢𝘴𝘪 𝘱𝘦𝘮𝘦𝘳𝘪𝘯𝘵𝘢𝘩 𝘰𝘰𝘯 . Lama-lama sebuah negara bisa bubar hanya karena pemimpinnya memaksakan program yang enggak realistis makan siang gratis dan wakilnya plonga-plongo yang mendewakan fitur AI,"1,91844E+18",,,in,Multiverse-03,0,0,0,https://x.com/heruhrmw/status/1918442605047890111,"1,50222E+18",heruhrmw
"1,9183E+18",Fri May 02 21:40:38 +0000 2025,0,@txtdrbekasi Ga ada makan siang gratis bung jaman sekarang.. Gue kalo dah keluar dari rumah langsung aktifin mode suuzon sama semua orang,"1,91842E+18",,txtdrbekasi,in,,0,0,0,https://x.com/gaktauah0995/status/1918420392391393445,"1,49213E+18",gaktauah0995
"1,91819E+18",Fri May 02 21:20:56 +0000 2025,0,@TMidn_news Mantab tapi kalau jadi camat doang mending jangan,"1,91842E+18",,TMidn_news,in,,0,0,0,https://x.com/KMSG_RI/status/1918415433570632158,"1,51218E+18",KMSG_RI
"1,91271E+18",Fri May 02 18:59:22 +0000 2025,0,@juyeonjy Beliin bang. Kan makan siang gratis.,"1,91838E+18",,juyeonjy,in,"/ l  ⑅ 、      “adorable  ᥴᥲtto”  thrived
(°´꒳`｡7       dazzled blossom in azure
 l、     ヽ     blues  lunafyre   twinkled
じし _, )ノan   eerie  smile. ୭",0,1,0,https://x.com/winbin/status/1918379806447878205,2821939801,winbin
"1,91833E+18",Fri May 02 18:10:30 +0000 2025,0,@ishigavmi pa wapres sekolah saya blum dpt makan siang gratis pa,"1,91837E+18",,ishigavmi,in,4u with cat,0,1,0,https://x.com/Jarvynox/status/1918367510640156923,"1,3293E+18",Jarvynox
"1,87624E+18",Fri May 02 17:13:06 +0000 2025,0,@SFT96KJN Sekolah cuma buat makan makan siang gratis yg itu,"1,91835E+18",,SFT96KJN,in,,0,1,0,https://x.com/SFT95XUKAI/status/1918353065067069902,4771869392,SFT95XUKAI
"1,91825E+18",Fri May 02 17:11:00 +0000 2025,1,@Bambangmulyonoo Nanti makan siang gratis termasuk yg disediakan ortu masing-masing... Wkwkwk,"1,91835E+18",,Bambangmulyonoo,in,,0,0,0,https://x.com/Patjiro412/status/1918352537809523012,"1,6085E+18",Patjiro412
"1,91632E+18",Fri May 02 15:41:06 +0000 2025,0,@Tvaesan @HAEIHAN Makan siang bergizi gratis kan andalannya Tvaesan,"1,91833E+18",,Tvaesan,in,,0,0,0,https://x.com/ejiwoong/status/1918329913767285195,"1,30301E+18",ejiwoong
"1,91825E+18",Fri May 02 14:21:21 +0000 2025,0,@idextratime solusinya makan siang gratis,"1,91831E+18",,idextratime,in,indonesia,0,0,0,https://x.com/air_mineral1/status/1918309842093310142,582888604,air_mineral1
"1,91811E+18",Fri May 02 14:07:04 +0000 2025,0,@ardisatriawan makan siang gratis solusinya.,"1,91831E+18",,ardisatriawan,in,,0,0,0,https://x.com/michiavelly04/status/1918306247528653142,"1,37081E+18",michiavelly04
"1,9183E+18",Fri May 02 13:52:39 +0000 2025,0,@kangbramind Makan aja makan makan siang gratis,"1,9183E+18",,kangbramind,in,03L,0,0,0,https://x.com/caseywonie/status/1918302619405291873,"1,35844E+18",caseywonie
"1,91829E+18",Fri May 02 12:53:29 +0000 2025,0,Kaka chan kaya ga pernah dapet makan siang gratis. Gragas bgt makan sesendok sendoknya,"1,91829E+18",,,in,🧑: 16/16 - 👩16/16,0,0,0,https://x.com/DeWarnetBoss/status/1918287729840046261,"1,908E+18",DeWarnetBoss
"1,91828E+18",Fri May 02 12:23:34 +0000 2025,1,100 Siswa Ini Sakit Setelah Menu Makan Siang Gratis di Sekolah Berisi Bangkai Ular Picu Demo Warga Besar-Besaran https://t.co/1jIuISfGxz,"1,91828E+18",,,in,Indonesia,1,0,0,https://x.com/merdekadotcom/status/1918280199583715357,456426648,merdekadotcom
"1,91827E+18",Fri May 02 12:15:29 +0000 2025,2071,@tempodotco Mang @DediMulyadi71 disediakan dulu bis antar jemput atau bis sekolahnya. Seperti di Jakarta ada bis sekolah GRATIS. Hp itu bisa dikumpulkan sebelum jam pelajaran mulai dan diberikan kembali saat istirahat makan siang dan sebelum pulang.,"1,91828E+18",,tempodotco,in,,0,18,122,https://x.com/Lilandkwen/status/1918278166801727519,"1,71732E+18",Lilandkwen
"1,91828E+18",Fri May 02 12:05:11 +0000 2025,0,Tadi siang abis jumatan makan di warung makan di Kebagusan eh abis itu warungnya dibikin konten sama selebgram diborong buat makan gratis sehabisnya.. wkwk kecepetan gw makan disitunya ,"1,91828E+18",,,in,"Jakarta, Indonesia",0,0,0,https://x.com/khaniv13/status/1918275573950136451,41870151,khaniv13
"1,91812E+18",Fri May 02 11:24:31 +0000 2025,0,@NegaWahlords @uglygrunge1798 @DedynurPalakka @ardisatriawan Iq jongkok otak didengkul emang sengaja dipelihara kok di Indonesia Kalo negara pengen maju rakyat nya dibuat pinter pendidikan gratis dengan kualitas internasional dimulai dari umur dini. Malah dikasih makan siang gratis lauk 8 rebu perak Kan kontol,"1,91827E+18",,NegaWahlords,in,Konoha,0,0,0,https://x.com/Cocottetanggaa/status/1918265342226514192,"1,6007E+18",Cocottetanggaa
"1,91798E+18",Fri May 02 09:56:02 +0000 2025,0,@bachrum_achmadi Penghasilan 20 ribu per hari bukan orang miskin ini hitungannya : 1.Sarapan pagi 4bh goreng pisang + segelas teh manis = 8 ribu 2.Makan siang Indomie telor + es teh = 11 ribu. 3. Makan malam dgn mengais makana sisa restoran = gratis. Total pengeluaran 19 ribu sisa seribu.,"1,91824E+18",,bachrum_achmadi,in,,0,0,0,https://x.com/LubisSallim1/status/1918243071940280771,"1,6229E+18",LubisSallim1
"1,91824E+18",Fri May 02 09:45:40 +0000 2025,0,@blonced alusan ge huut drpd makan siang gratis,"1,91824E+18",,blonced,in,unlabeled. ,0,1,0,https://x.com/afcheron/status/1918240464190488700,"1,65307E+18",afcheron
"1,91824E+18",Fri May 02 09:40:59 +0000 2025,0, Banyak negara yang belajar program makan siang gratis dari negara kita ,"1,91824E+18",,,in,,0,0,0,https://x.com/thebrotoman/status/1918239283581993225,2282773573,thebrotoman
"1,91816E+18",Fri May 02 09:40:20 +0000 2025,0,@TamuChandarika masa nggak ada bukannya itu termasuk makan siang gratis?,"1,91824E+18",,TamuChandarika,in,26 | © @B2Srrt,0,1,0,https://x.com/TamuElectra/status/1918239122579509719,"1,38742E+18",TamuElectra
"1,91824E+18",Fri May 02 09:29:23 +0000 2025,1,pemerintah kontooollll sekolahan ponakan gw keracunan makan siang gratis tololl untung ponakan gw ga makan semua ntu makanan sampah,"1,91824E+18",,,in,unlabeled. ,0,4,0,https://x.com/afcheron/status/1918236367542456679,"1,65307E+18",afcheron
"1,91821E+18",Fri May 02 07:27:27 +0000 2025,6,Terjadi lgi di daerah tasikmalaya Puluhan siswa-siswi keracunan Makan Siang Gratis(MSG),"1,91821E+18",,,in,"Dun-le-Palestel, France",0,0,2,https://x.com/Minang_cyber/status/1918205680475095456,1350917154,Minang_cyber
"1,9182E+18",Fri May 02 06:51:14 +0000 2025,0,Makan siang gratis bayarannya pake mental,"1,9182E+18",,,in,,0,0,0,https://x.com/monroseya/status/1918196567460462994,98065306,monroseya
"1,9182E+18",Fri May 02 06:49:32 +0000 2025,0,Mana nih makan siang gratis gua? (Hari ke194),"1,9182E+18",,,in,,1,0,0,https://x.com/kematttian/status/1918196136902578650,"1,77289E+18",kematttian
"1,91819E+18",Fri May 02 06:34:40 +0000 2025,5,Ih lupa kalo di kantor tiap hari Jumat ada makan siang gratis kenapa tadi aku malah makan sendiri ya ,"1,91819E+18",,,in,,0,2,0,https://x.com/lastzkiu/status/1918192398330732982,"1,81529E+18",lastzkiu
"1,91819E+18",Fri May 02 06:05:33 +0000 2025,23,Ditawari program 1 keluarga 1 sarjana malah pilih makan siang gratis. https://t.co/Dno7k5p2U2,"1,91819E+18",https://pbs.twimg.com/media/Gp7DJ7xboAAuBoP.jpg,,in,Indonesia,0,7,2,https://x.com/hansssolo/status/1918185069518426293,219548433,hansssolo
"1,91814E+18",Fri May 02 04:54:45 +0000 2025,0,@AestheticalAnne masihh adaa!! BESOK JUGA ADA es krim gratis dan makan siang gratis,"1,91817E+18",,AestheticalAnne,in,131 ,0,0,0,https://x.com/nixieVSmekflu/status/1918167251209076832,"1,33306E+18",nixieVSmekflu
"1,91816E+18",Fri May 02 04:37:39 +0000 2025,2,Sekitar 100 anak di Mokama Bihar India jatuh sakit setelah mengonsumsi makan siang gratis dari sekolahnya pada pekan lalu. / #india #makansiang #gratis https://t.co/gf6B26b3mO,"1,91816E+18",,,in,Jakarta,0,0,1,https://x.com/kompascom/status/1918162947203055636,23343960,kompascom
"1,91801E+18",Fri May 02 04:15:10 +0000 2025,0,@tekarok007 Hidup itu kudu realistis... Dapur kudu ngebul meski ngibul ngibul... Anak bini kudu di empani yang bergizi... Jangan lupa Bini waralaba juga kudu skincare-an. Hari gini emang ada makan siang gratis... Hidup itu penuh Pejuhwangan... Maju perut pantat mundur membela bandar,"1,91816E+18",,tekarok007,in,,0,0,0,https://x.com/boyheboy/status/1918157289099575399,634667156,boyheboy
"1,91815E+18",Fri May 02 03:45:23 +0000 2025,0,@clotyver Iyaaa kan di sini juga gak pada setuju makan siang gratis mending pendidikannya biayanya di gratisin,"1,91815E+18",,clotyver,in,Alaska kidul,0,0,0,https://x.com/fyecobiie/status/1918149794738147416,"1,78165E+18",fyecobiie
"1,91799E+18",Fri May 02 03:43:23 +0000 2025,0, Tak ada makan siang gratis yg ada adalah deal hutang walau dibungkus narasi bantuan . Alias pasti ada imbal balik yg diharapkan Cina. https://t.co/J2aDRoEvYS,"1,91815E+18",https://pbs.twimg.com/media/Gp6inhpawAU4Ymh.jpg,SumandoGaek,in,Indonesia Raya,0,0,0,https://x.com/SumandoGaek/status/1918149293598445762,"1,25404E+18",SumandoGaek
"1,91815E+18",Fri May 02 03:37:47 +0000 2025,0,Ternyata di tempat ku anak-anak sd+SMP-nya keracunan makan siang gratis,"1,91815E+18",,,in,Alaska kidul,1,12,0,https://x.com/fyecobiie/status/1918147882341023807,"1,78165E+18",fyecobiie
"1,91783E+18",Fri May 02 03:36:14 +0000 2025,0,@BitterYoojung Tidak menyediakan makan siang gratis.,"1,91815E+18",,BitterYoojung,in,start: 3,0,1,0,https://x.com/BitterTaeyongg/status/1918147494242050300,2585160373,BitterTaeyongg
"1,91814E+18",Fri May 02 02:48:49 +0000 2025,1,Problem utama pendidikan kita cuman 1: Pemerintahnya tidak acuh ke pendidikan dan segala penunjangnya. Gaji guru? rendah Kuliah? mahal sarana-prasarana pendidikan? kurang Kesempatan pendidikan? tidak merata Solusi? Makan siang bergizi gratis~,"1,91814E+18",,,in,,0,0,0,https://x.com/ngenthought_/status/1918135559089996077,"1,05233E+18",ngenthought_
"1,91786E+18",Fri May 02 02:48:21 +0000 2025,1,@evil_backwards @tanyakanrl Ayooo kalo diculik mungkin kita dikasih makan siang bergizi gratis sama susu juga ,"1,91814E+18",,evil_backwards,in,Indonesia,0,1,0,https://x.com/Spinaischiadica/status/1918135444145094869,"1,52783E+18",Spinaischiadica
"1,91812E+18",Fri May 02 02:39:20 +0000 2025,0,@r7olles @ardisatriawan Dipinterin kan pada gamau maunya makan siang beracun gratis,"1,91813E+18",,r7olles,in,bukan di Bandung,0,0,0,https://x.com/imvibbyy/status/1918133174724640797,"8,81104E+17",imvibbyy
"1,91813E+18",Fri May 02 02:36:06 +0000 2025,0,3. Pemberdayaan SDA secara maksimal. 4. Gratis pendidikan yg di support dgn makan siang gratis. 5. Gratis kesehatan. Dah 5 itu aja. Gua mau ya cuma 5 itu aja. Gimana bisa gak. Trus lu bilang permintaan gua lebai. 2500t apbn negara ilang gak jelas itu yg lebay. Next,"1,91813E+18",,MElqutshi,in,,0,1,0,https://x.com/MElqutshi/status/1918132358613803486,"1,87787E+18",MElqutshi
"1,91813E+18",Fri May 02 02:32:44 +0000 2025,1,Selamat hari pendidikan Indonesia yang gak pernah dijadiin prioritas soalnya pemerintah takut kalo warganya pinter nanti nggak bisa disuap makan siang gratis sama bansos ,"1,91813E+18",,,in,DNFF. | 21+ ,0,1,0,https://x.com/yoongicilok/status/1918131510974222548,2503239288,yoongicilok
"1,90711E+18",Fri May 02 02:18:59 +0000 2025,0,@Ruonanu demo makan siang gratis,"1,91813E+18",,Ruonanu,in,@ ehaespa. (♥︎) snd. ,0,0,0,https://x.com/yiohuo/status/1918128053924061680,"1,33252E+18",yiohuo
"1,91811E+18",Fri May 02 01:23:18 +0000 2025,1,@tutiexx235 Tak kirain itu makan siang gratis ,"1,91811E+18",,tutiexx235,in,"Pamekasan, Jawa Timur",0,1,0,https://x.com/4ns4fa03tama/status/1918114037763805336,"1,87893E+18",4ns4fa03tama
"1,91808E+18",Thu May 01 23:16:19 +0000 2025,0,Klaim Link Saldo DANA Gratis Siang Ini Jumat 2 Mei 2025 Bisa Traktir Jumat Berkah Keluarga Makan EnakKlaim Link Saldo DANA Gratis Siang Ini Jumat 2 Mei 2025 Bisa Traktir Jumat Berkah Keluarga Makan Enak https://t.co/cuWrBBJ3qX,"1,91808E+18",,,in,semarang,0,1,0,https://x.com/suarasemarangs/status/1918082084368990398,"1,85598E+18",suarasemarangs
"1,91782E+18",Thu May 01 23:12:38 +0000 2025,0,@txtdrimedia Memang paling cocok tuh MSG (Makan Siang Gratis) bukan MBG (Makan Bergizi Gratis) kayak gini cuma buang2 anggaran. memang makan cuma sekali doang padahal Pagi dan Malam anak2 juga butuh asupan nutrisi,"1,91808E+18",,txtdrimedia,in,Indonesia ,0,1,0,https://x.com/frans_natadi/status/1918081156551196769,"1,6072E+18",frans_natadi
"1,91756E+18",Thu May 01 23:03:23 +0000 2025,1,@treviskut @aniesbaswedan lalu kasih makan siang gratis,"1,91808E+18",,treviskut,in,,0,0,0,https://x.com/deabadi/status/1918078828179800354,"1,02304E+18",deabadi
"1,91792E+18",Thu May 01 12:30:16 +0000 2025,0,halo semuanya aku mau minta tolong bole ga ya? kira kira ada yang tau gak kebijakan atau isu terkait pangan atau kesehatan yang di resahkan dari kalian apaa aku ada tugas policy brief soalnyaa kecuali makan siang gratis yaa ,"1,91792E+18",,,in,,0,1,0,https://x.com/chejiaxz/status/1917919500407812435,"1,47034E+18",chejiaxz
"1,91792E+18",Thu May 01 12:27:01 +0000 2025,0,@dwaemat Nanti misalnya kan aku join HYBE nah ada nggak makan siang bergizi dan gratis? Bisa req menu?,"1,91792E+18",,dwaemat,in,,0,1,0,https://x.com/seravaine/status/1917918681709047828,2699195499,seravaine
"1,91791E+18",Thu May 01 12:01:20 +0000 2025,0,Melalui program Makan Siang Gratis anak-anak Indonesia kini punya kesempatan yang sama untuk tumbuh sehat cerdas dan berprestasi. #MakanBergiziGratis #DukungMBG #MBGGerakkanEkonomi https://t.co/ppKx9sAStY,"1,91791E+18",https://pbs.twimg.com/media/Gp3K2G0bAAApqal.jpg,pendekarkocak,in,indonesia,0,1,0,https://x.com/pendekarkocak/status/1917912218521526658,"1,54888E+18",pendekarkocak
"1,91756E+18",Thu May 01 11:40:19 +0000 2025,0,@MurtadhaOne1 Semua selesai dengan Makan siang gratis,"1,91791E+18",,MurtadhaOne1,in,"Kendal,Central Java",0,1,0,https://x.com/arif_fajar_h/status/1917906927516106857,258814544,arif_fajar_h
"1,91769E+18",Thu May 01 11:39:39 +0000 2025,0,@NoShiitGiven @alexasaffira apsi monyet ga nyambung bgt hinaan lu @gibran_tweet lu kasih si miskin ini makan siang gratis gih biar ga tolol,"1,91791E+18",,NoShiitGiven,in,"Orchard Road, SG",0,2,0,https://x.com/blublblubblublu/status/1917906762537291919,"1,56462E+18",blublblubblublu
"1,91791E+18",Thu May 01 11:37:08 +0000 2025,28,Ratusan anak² SMP Negeri 35 Bandung keracunan setelah menyantap hidangan makan siang gratis. Para siswa yang keracunan mengalami diare nyeri perut muntah pusing demam. Rp 10 ribu kok minta enak. https://t.co/g0XPFw2JtC,"1,91791E+18",https://pbs.twimg.com/media/Gp3FdDrbIAIX1GE.jpg,,in,Indonesia,1,3,14,https://x.com/Jumianto_RK/status/1917906126970192329,"9,03307E+17",Jumianto_RK
"1,9179E+18",Thu May 01 11:17:53 +0000 2025,0,Makan Siang Gratis --&gt; Makan Bergizi Gratis --&gt; Makan Beracun Gratis. Next bakal jadi apa?,"1,9179E+18",,,in,,0,0,0,https://x.com/sabiqelfaqih/status/1917901282481934688,947873959,sabiqelfaqih
"1,91714E+18",Thu May 01 11:10:54 +0000 2025,0,@verliefdeter Kalah MAKAN SIANG BERGIZI GRATIS.,"1,9179E+18",,verliefdeter,in,"Pfp; @artelsia, dnfwc.",0,1,0,https://x.com/mantraliyan/status/1917899526473679152,3272253056,mantraliyan
"1,9179E+18",Thu May 01 10:57:01 +0000 2025,0,Klo buka jendela kamarku tuh suka tiba² bau asap (ada yg bakar² sampah) bau sampah (bekas tetangga ngurusin program makan siang gratis) atau debu lah. Kek- aku cuma mau buka jendela biar kamarku terang plis. Klo ditutup masih agak gelap :'),"1,9179E+18",,,in,,0,0,0,https://x.com/Van_tasy/status/1917896030156366018,"1,27497E+18",Van_tasy
"1,91789E+18",Thu May 01 10:28:47 +0000 2025,7,Dapat Makan Siang Gratis. Jawaban candaan saya setiap kali ditanya dapat apa dari RUPS dan Public Expose? Dulu follower akun ini cuma teman dan kenalan. Masih 2-3ribu sekarang lebih banyak follower. Makin besar tanggung jawabnya. Perlu lebih berhati-hati. https://t.co/bKvfsa9aDG,"1,91789E+18",https://pbs.twimg.com/media/Gp21zfDbkAAMy-e.jpg,,in,,0,2,0,https://x.com/KokoGiovanni/status/1917888928591597728,139982550,KokoGiovanni
"1,9178E+18",Thu May 01 09:51:51 +0000 2025,0,@kompascom Weee monokotil kami gak perlu presiden suicidal yaw kami perlu seseorang yang bisa beresin ni ihsg lapangan kerja umr buruh yang kecil ama makan siang gratis lu yang beracun. I know you lost one of your balls but pls dont kys remember your buna teddy he s waiting for u at home,"1,91788E+18",,kompascom,in,,0,0,0,https://x.com/Waffles21952181/status/1917879633477009912,"1,67472E+18",Waffles21952181
"1,91783E+18",Thu May 01 09:21:40 +0000 2025,1,@PenculikBangsat @tekarok007 Tololnya dipiari terus..maklumin aja hamba makan siang gratis..,"1,91787E+18",,PenculikBangsat,in,,0,1,0,https://x.com/jackkece1/status/1917872038188028012,"1,70442E+18",jackkece1
"1,91755E+18",Thu May 01 08:48:16 +0000 2025,0,@accxxesse @cursedollish Tak ada makan siang gratis maka tak ada alat canggih yang dibuat cuma-cuma,"1,91786E+18",,accxxesse,in,🇮🇩 Indonesia,0,0,0,https://x.com/KertaJaya45/status/1917863632668627291,"9,52521E+17",KertaJaya45
"1,91785E+18",Thu May 01 08:21:15 +0000 2025,0,@KompasTV Tentu saja makan siang gratis solusinya...,"1,91786E+18",,KompasTV,in,,0,0,0,https://x.com/MhParuhumS/status/1917856832791666888,"1,62535E+18",MhParuhumS
"1,91782E+18",Thu May 01 08:09:04 +0000 2025,0,@txtdrimedia ni MBG makan siang gratis apa mayi bersama gratis si..?,"1,91785E+18",,txtdrimedia,in,"Kalimantan Selatan, Indonesia",0,0,0,https://x.com/riscowahyudii/status/1917853765857878210,"1,14203E+18",riscowahyudii
"1,91753E+18",Thu May 01 07:58:01 +0000 2025,0,@idhighlight Ambil budget makan siang gratis aja tuh ,"1,91785E+18",,idhighlight,in,"Jakarta, Indonesia.",0,0,0,https://x.com/rizkydika_/status/1917850985415991625,133977337,rizkydika_
"1,91741E+18",Thu May 01 07:52:07 +0000 2025,0,@farvnn @strobeiyy @EchoEch04553007 @leesanen Contoh real nih.. Kan crita nya pemerintah berbaik hati ngasih makan siang gratis anak2.. Dan kenyataan di lapangan ibu2 nya nge dumel ngapain ngasih makan siang kaya gini mendingan mentahnya aja anak2 mah kasih cilok jg beres.. Mental dikasih hati mo jantung dong,"1,91785E+18",,farvnn,in,Indonesia,0,2,0,https://x.com/RitaThaariyani/status/1917849500523323866,2602730659,RitaThaariyani
"1,91785E+18",Thu May 01 07:46:23 +0000 2025,0,ga sengaja dnger ibu² di warung katanya iyah makan siang gratis itu punya anaknya jokowi tone deaf bngt dikampung aing bener²,"1,91785E+18",,,in,,0,0,0,https://x.com/KembaranKevin_D/status/1917848058093789249,"1,49109E+18",KembaranKevin_D
"1,91782E+18",Thu May 01 06:07:55 +0000 2025,0,342 Siswa SMP 35 Bandung Pusing dan Muntah Usai Santap MBG Dinkes Turun Tangan -- Program Makan Bergizi Gratis (MBG) kembali memicu kekhawatiran publik setelah 342 siswa SMP Negeri 35 Kota Bandung mengalami gejala keracunan usai menyantap menu makan siang Selasa (29/4/2025).,"1,91782E+18",,,in,Indonesia,0,3,0,https://x.com/aan_media/status/1917823278464524781,90832506,aan_media
"1,91741E+18",Thu May 01 01:00:19 +0000 2025,5,@leesanen Ya solusinya bukan dipaksa. Mereka juga manusia. Ini bentuk dari hak reproduksi seseorang. Kalo masalahnya soal anak yang ga ke urus ya gratiskan pendidikan makan siang beneran gratis dan layak yg bisa dicontoh KJP. Katanya mau generasi emas tapi cara pikirnya masih begini,"1,91775E+18",,leesanen,in,,3,8,0,https://x.com/mmklodh/status/1917745867681063117,"1,76511E+18",mmklodh
"1,91774E+18",Thu May 01 00:30:33 +0000 2025,3,Jadi merenung makan siang gratis di sekolah di Jepang itu berapa persen yang keracunan. Jepang kan juga negara kepulauan seperti Indonesia.,"1,91774E+18",,,in,third rock from the sun,0,0,0,https://x.com/saptocondro/status/1917738375043227732,80553919,saptocondro
"1,91756E+18",Thu May 01 00:15:49 +0000 2025,0,@ypnromadhon @aniesbaswedan bacaan ringan loh ini tp untuk sebagian orang bodoh kayak lo mah ya mana bisa baca. Inilah mengapa pendidikan harusnya jadi nomor SATU instead of makan siang gratis itu.,"1,91773E+18",,ypnromadhon,in,,0,0,0,https://x.com/h1llsidemanor/status/1917734667341684991,"1,02173E+18",h1llsidemanor
"1,91766E+18",Wed Apr 30 19:18:47 +0000 2025,1,lu bayangin jam 2 dini hari gue kepikiran masalah anak sekolah yg makan siang gratis keracunan itu KOK TBTB GAK ADA KABAR NYA LAGI ?????,"1,91766E+18",,,in,02z,0,0,0,https://x.com/kmingyugfs/status/1917659919693799859,"1,67631E+18",kmingyugfs
"1,91719E+18",Wed Apr 30 18:31:46 +0000 2025,1,@weddass @asumsico Rightttt!!!! Capekk bgt tuhannn. Pantes dikasih kampanye joget2 sama makan siang bergizi gratis udh BAHAGIA BGT,"1,91765E+18",,weddass,in,Indonesia,0,0,0,https://x.com/myfuckitnote/status/1917648086933070071,"1,4268E+18",myfuckitnote
"1,91745E+18",Wed Apr 30 18:19:15 +0000 2025,0,@senshineey ternyata ide budget makan siang gratis tuh dari sini?? ,"1,91764E+18",,senshineey,in,VIP,0,0,0,https://x.com/marilahkitacoba/status/1917644937975455770,"1,08104E+18",marilahkitacoba
"1,91741E+18",Wed Apr 30 17:57:56 +0000 2025,1,@republik_partai @d380no @purebprince Lo pikir mengatasi kemiskinan itu cuma sekedar orang miskin dilarang punya anak? Mengatasi gizi buruk cuma sekedar makan siang gratis? Cocok banget pola pikirnya kyk wowo wiwi,"1,91764E+18",,republik_partai,in,,0,0,0,https://x.com/usualgrumpyman/status/1917639572974100580,"1,50485E+18",usualgrumpyman
"1,91757E+18",Wed Apr 30 17:05:38 +0000 2025,0,@tanyakanrl Ini menu makan siang gratis d daerah gue hari ini. Kita ibu hamil dapet seminggu 3x btw. Overall semua makanan nya sejauh ini enak2 aja dan bisa di makan ga yang gmna2 gtu hihi https://t.co/lu6ZNoeybP,"1,91763E+18",https://pbs.twimg.com/media/GpzHCuSakAAfeRZ.jpg,tanyakanrl,in,"Bandung, Indonesia",0,1,0,https://x.com/DianaMey_/status/1917626410296041520,557382068,DianaMey_
"1,91761E+18",Wed Apr 30 15:54:13 +0000 2025,10,Gimana caranya mereka bisa makan sendiri tanpa makan siang gratis dan gimana caranya mereka bisa berdiri dengan kakinya sendiri. Arghhhhhhhhhhhh marah sekali.,"1,91761E+18",,mysilentanguish,in,,0,1,0,https://x.com/mysilentanguish/status/1917608437556601241,986782717,mysilentanguish
"1,91749E+18",Wed Apr 30 15:10:33 +0000 2025,2,@Sandika_Noor Ga Ada makan siang gratis,"1,9176E+18",,Sandika_Noor,in,,0,1,0,https://x.com/Ambonhelmi8899/status/1917597447737729097,"1,68922E+18",Ambonhelmi8899
"1,91747E+18",Wed Apr 30 14:51:53 +0000 2025,0,@hasyimmah itu universitas kalau ada di eropa sih percaya dgn integritas n kredibilitasnya di Alengka ? rektor jadi menteri di negerinya Rahwana mah ngga mungkin makan siang gratis .... mantan menkopolkam Alengka aj berani bilang malaikat masuk sistem di sini bisa jadi iblis !,"1,91759E+18",,hasyimmah,in,,0,0,0,https://x.com/UUrangciam77276/status/1917592748968009982,"1,8623E+18",UUrangciam77276
"1,9175E+18",Wed Apr 30 14:27:04 +0000 2025,33,@tanyarlfes pro karena udah ada syarat umur dan minimal punya 2 anak kan. kalau lu kontra karena harusnya dengan sebar pendidikan &amp; lapangan kerja sekarang gue tanya kemarin pemilu dikasih pendidikan tapi lebih banyak yang milih makan siang gratis yang salah sekarang siapa ya?,"1,91759E+18",,tanyarlfes,in,,1,0,1,https://x.com/belongtobmry/status/1917586503401889847,"1,18864E+18",belongtobmry
"1,91725E+18",Wed Apr 30 14:03:33 +0000 2025,0,@guinevena Lebih gak jelas mana dengan dana makan siang gratis yang dipotong habis-habisan? ,"1,91758E+18",,guinevena,in,,0,1,0,https://x.com/jocherved/status/1917580585498992794,"1,13328E+18",jocherved
"1,91756E+18",Wed Apr 30 13:00:11 +0000 2025,0,Kegiatan makan siang gratis ini atas dasar banyaknya Ojol tukang becak pemulung dll yg kurang beruntung. Ekonomi lagi susah makan seadanya.,"1,91756E+18",,,in,,0,0,0,https://x.com/miqdadhusein/status/1917564640634233191,97472686,miqdadhusein
"1,91724E+18",Wed Apr 30 12:25:45 +0000 2025,0,@babafrieren @bilbebelac @whoopziiy Nah itu ujung2nya apa ya betul. Mereka lebih milih makan siang gratis daripada pendidikan gratis,"1,91756E+18",,babafrieren,in,,0,1,0,https://x.com/ajikun92/status/1917555973327315356,"1,74369E+18",ajikun92
"1,91745E+18",Wed Apr 30 12:10:36 +0000 2025,0,@Mdy_Asmara1701 @gibran_tweet loker 19 juta dan makan siang gratis piye,"1,91755E+18",,Mdy_Asmara1701,in,,0,1,0,https://x.com/punishe98373138/status/1917552161682251922,"1,64856E+18",punishe98373138
"1,91719E+18",Wed Apr 30 11:57:11 +0000 2025,0,@pastibisaaa_ @GhoshZombies @muaddibusul6661 @asumsico Sistem apa yg gk mendukung? Bansos ada KB gratis Subsidi BBM triliunan Sekolah ada dana BOS makan siang gratis?,"1,91755E+18",,pastibisaaa_,in,Mars,0,2,0,https://x.com/devilmaycrypt0/status/1917548785884094950,1124841710,devilmaycrypt0
"1,91751E+18",Wed Apr 30 11:30:54 +0000 2025,0,@ItsNovemburn makan siang gratis,"1,91754E+18",,ItsNovemburn,in,"Tangerang, Indonesia",0,1,0,https://x.com/hidatulfikri/status/1917542170707513487,625625730,hidatulfikri
"1,91753E+18",Wed Apr 30 10:56:43 +0000 2025,0,Makan siang gratis shopee restock lagi https://t.co/V2hY0tXoF1,"1,91753E+18",,,in,,0,0,0,https://x.com/vnnnnnn214/status/1917533570501161376,"1,58912E+18",vnnnnnn214
"1,91753E+18",Wed Apr 30 10:49:20 +0000 2025,0,Makan siang gratis atau sekolah gratis ? https://t.co/VD6xMiYmDe,"1,91753E+18",https://pbs.twimg.com/media/Gpxw7WSaYAIBVY5.jpg,,in,"İstanbul, Türkiye",0,0,0,https://x.com/isolbabyface/status/1917531711786868816,"1,08047E+18",isolbabyface
"1,91752E+18",Wed Apr 30 10:11:42 +0000 2025,0,Kenapa memangnya? Makan Siang Gratis yang diberikan pemerintah menunya lengkap kok tidak ada yang salah dan harus kita dukung. Lanjutkan MBG,"1,91752E+18",,,in,Indonesia ,0,0,0,https://x.com/pitaniaa7/status/1917522239140028793,"1,90327E+18",pitaniaa7
"1,91729E+18",Wed Apr 30 09:32:21 +0000 2025,0,@ganhaseum @itsurboihyl Kenapa pemerintah disalahkan karena mereka tersesat? Dan ini bukan lepas tangan ini bentuk edukasi. Terus mau gimana caranya? Pendidikan? Dikasih sekolah dan makan siang gratis belum tentu mereka dikasih ke sekolah. Mereka akan disuruh (atau memilih) untuk ngamen/ngemis.,"1,91751E+18",,ganhaseum,in,,0,2,0,https://x.com/Jonatha72343542/status/1917512338422509823,"1,45564E+18",Jonatha72343542
"1,91724E+18",Wed Apr 30 08:58:51 +0000 2025,0,@zhizhie_12 @gwangjomlast @xanny_93 @whoopziiy Apa manfaatnya kak? Kasih makan siang gratis? Itu buat kalangan mana? Campuran ada si miskin ada si mampu ada si kaya juga. Terus yg tidak sekolah mendapatkan manfaatnya gak? Anak-anak terlantar gimana? Dapat tidak?,"1,9175E+18",,zhizhie_12,in,,0,1,0,https://x.com/ip_1231/status/1917503904973254987,"1,8896E+18",ip_1231
"1,9175E+18",Wed Apr 30 08:36:54 +0000 2025,0,Yuk Ikutin #HangryWeek buat dapetin makan siang gratis! Langsung meluncur ke ig Hangry sekarang yaa #HangryBuddies https://t.co/GmCLrsXOz5,"1,9175E+18",https://pbs.twimg.com/media/GpxSnHFaYAExvg1.jpg,hangry_id,in,Indonesia,0,0,0,https://x.com/hangry_id/status/1917498381007741201,"1,52905E+18",hangry_id
"1,9175E+18",Wed Apr 30 08:36:50 +0000 2025,4,Menolak ajakan makan siang bareng kecuali makan siang gratis dari Hangry! https://t.co/TIbs0gFhH7,"1,9175E+18",https://pbs.twimg.com/media/GpxSmUtaYAEwE4n.jpg,,in,Indonesia,0,3,1,https://x.com/hangry_id/status/1917498367636300237,"1,52905E+18",hangry_id
"1,9174E+18",Wed Apr 30 07:20:38 +0000 2025,0,@pirahyuck @xolovewonwoo Apapun masalahnya yg salah makan siang gratis ya Lanjutkan MBG biar kamu ada bahan nyiyir mulu sist,"1,91748E+18",,pirahyuck,in,indonesia,0,0,0,https://x.com/ranie__14/status/1917479188602454242,"1,85094E+18",ranie__14
"1,91747E+18",Wed Apr 30 06:57:04 +0000 2025,7,Kalau masih ada yg nggak ngerti kenapa ini tuh kebijakan jelek makan siang gratis untuk anak sekolah juga sebenarnya kebijakan progresif Tapi memaksa anak makan mbg sampai keracunan itu kebijakan yg jelek,"1,91747E+18",,,in,,0,2,0,https://x.com/scarletwarok/status/1917473258607370332,"1,55833E+18",scarletwarok
"1,91747E+18",Wed Apr 30 06:41:25 +0000 2025,0,@northbridge_e Good aftie prof! Di kampus ada makan siang gratis nggak ya?,"1,91747E+18",,northbridge_e,in,Scripted | 1995.,0,0,0,https://x.com/Dohyunrn/status/1917469321879773333,"8,34073E+17",Dohyunrn
"1,91747E+18",Wed Apr 30 06:32:36 +0000 2025,0,LUNCH DEAL ALERT! Promo Imperial Kitchen &amp; Dimsum Buy 1 Get 1 siap nemenin makan siang kamu Beli Nasi Goreng Daging Sapi Rp52.900++ dapet appetizer GRATIS! Valid 1 23 Mei di outlet terdekat! Cek detailnya: https://t.co/YwGkrG4BXq #PromoImperialKitchen #DimsumLovers https://t.co/udn1agSNQr,"1,91747E+18",https://pbs.twimg.com/media/Gpw2KklbgAAjBcX.jpg,,in,keliling mall nyari diskonan,0,0,0,https://x.com/katalogpromosi/status/1917467100723175707,104065886,katalogpromosi
"1,91746E+18",Wed Apr 30 06:23:36 +0000 2025,0,Mana nih makan siang gratis gua? (Hari ke192),"1,91746E+18",,,in,,1,0,0,https://x.com/kematttian/status/1917464837103538218,"1,77289E+18",kematttian
"1,91746E+18",Wed Apr 30 06:22:20 +0000 2025,1,@3xcelsis jadi stafsus makan siang gratis,"1,91746E+18",,3xcelsis,in,"Yatsumedia, PA",0,1,0,https://x.com/styyrrsssnnnn/status/1917464517417787597,"1,48618E+18",styyrrsssnnnn
"1,91746E+18",Wed Apr 30 06:17:44 +0000 2025,3,Program makan siang gratis dapat membantu mengurangi kemiskinan dengan menyediakan kebutuhan dasar bagi anak2 dari keluarga yg kurang mampu Lanjutkan MBG krn anak akan mendapatkan kesehatan yang lebih baik dan mereka dpt belajar dan berkembang dengan lebih optimal #LanjutkanMBG https://t.co/H4wZC3SDys,"1,91746E+18",https://pbs.twimg.com/media/Gpwywz4aYAEZwsp.jpg,,in,Jakarta Capital Region,0,0,0,https://x.com/eno_basuki/status/1917463359810843030,"1,34427E+18",eno_basuki
"1,91745E+18",Wed Apr 30 06:17:05 +0000 2025,0,@foulseasons Lg nunggu makan siang gratis,"1,91746E+18",,foulseasons,in,mdni,0,1,0,https://x.com/calumneous/status/1917463196144894374,"1,42898E+18",calumneous
"1,91746E+18",Wed Apr 30 06:06:28 +0000 2025,0,Udah rebus telur 2 buat sarapan di kantor eh sampe kantor dapet sarapan dan makan siang gratis krna ada yang ulang tahun. Baiklah telurnya bawa pulang lagi.,"1,91746E+18",,,in,,0,1,0,https://x.com/bluera/status/1917460524436185266,"1,72947E+18",bluera
"1,91745E+18",Wed Apr 30 05:36:47 +0000 2025,0,Makan siang gratis pake menu apa gaes?,"1,91745E+18",,,in,,0,0,0,https://x.com/skwnguer/status/1917453056482107827,"1,75475E+18",skwnguer
"1,91744E+18",Wed Apr 30 05:36:18 +0000 2025,0,@lalalapo1412 jir enak bgt dapet makan siang gratis dr mn tuch,"1,91745E+18",,lalalapo1412,in,they/them | homophobic dni,0,1,0,https://x.com/gojojakut/status/1917452932179714331,"1,45178E+18",gojojakut
"1,91744E+18",Wed Apr 30 05:24:53 +0000 2025,0,Tapi makan siang gratis yg ini come with a cake as a dessert https://t.co/PcaP7zClBP,"1,91745E+18",https://pbs.twimg.com/media/GpwmqmIaoAAYrTN.jpg,lalalapo1412,in,"Jakarta Capital Region, Indone",0,1,0,https://x.com/lalalapo1412/status/1917450058448134383,"1,8884E+18",lalalapo1412
"1,9125E+18",Wed Apr 30 05:24:32 +0000 2025,0,@teabaragi Aku malah penasaran ada nggak sih murid yang setuju sama makan siang gratis ,"1,91745E+18",,teabaragi,in,,0,2,0,https://x.com/Arunalyraya/status/1917449971600875681,"1,89108E+18",Arunalyraya
"1,91715E+18",Wed Apr 30 01:13:55 +0000 2025,0,@Juno390 @ARSIPAJA Lah katanya mending makan siang gratis anaknya aja? Gimana sih? Buat apa kerja layak orang tua yg bisa ngehidupin 1 keluarga ga guna. Hidup Jokowi,"1,91739E+18",,Juno390,in,Gresik - Surabaya - Sidoarjo,0,1,0,https://x.com/duhkuk/status/1917386903600652375,"1,74973E+18",duhkuk
"1,91722E+18",Wed Apr 30 00:56:43 +0000 2025,0,@dutcheastindo @fmuchtaar_ @Rinoagustina @papskipaap Semoga manusia-manusia pemilih makan siang gratis kayak kamu segera membusuk dineraka ya. Kamu bertanggungjawab atas kerusakan dinegri ini,"1,91738E+18",,dutcheastindo,in,,0,1,0,https://x.com/AsaMelangit/status/1917382573032104305,"1,903E+18",AsaMelangit
"1,91722E+18",Wed Apr 30 00:51:17 +0000 2025,0,@dutcheastindo @fmuchtaar_ @Rinoagustina @papskipaap udah ngaku aja buktinya yg menang yg makan siang gratis,"1,91738E+18",,dutcheastindo,in,,0,1,0,https://x.com/AsaMelangit/status/1917381205647057416,"1,903E+18",AsaMelangit
"1,91722E+18",Wed Apr 30 00:41:38 +0000 2025,0,@dutcheastindo @fmuchtaar_ @Rinoagustina @papskipaap Saya bawa anak abah bukan abah.. Kebanyakan oke gas ya bang? Makanya kemarin jangan milih makan siang gratis. Pendidikan tuh lo plih,"1,91738E+18",,dutcheastindo,in,,0,1,0,https://x.com/AsaMelangit/status/1917378778810179898,"1,903E+18",AsaMelangit
"1,91722E+18",Wed Apr 30 00:06:55 +0000 2025,0,@oliiverrsky @fmuchtaar_ @Rinoagustina @papskipaap Gaklah aku bawa-bawa anak abah.. Bukan abahnya. Itu dua hal berbeda.. Gini sih jadinya lebih milih makan siang gratis ketimbang pendidikan gratis yg layak,"1,91737E+18",,oliiverrsky,in,,0,3,0,https://x.com/AsaMelangit/status/1917370039361228823,"1,903E+18",AsaMelangit
"1,91721E+18",Tue Apr 29 23:57:23 +0000 2025,0,@YUJlNsdream Ada tuh makan siang gratis,"1,91737E+18",,YUJlNsdream,in,2002,0,1,0,https://x.com/ISAAsdream/status/1917367641905455229,2490541944,ISAAsdream
"1,91736E+18",Tue Apr 29 23:34:37 +0000 2025,0,Beri Pendampingan Program Makan Siang Bergizi Gratis #polresmalangofficial #polresmalang #kapolresmalang #polisijatim #poldajatim #bhabinkamtibmas #polsekpakisaji #polri #polripresisi #kabupatenmalang #polriuntukmasyarakat https://t.co/Csf5b3I51l,"1,91736E+18",https://pbs.twimg.com/media/GpvWf8ZbsAAkU0G.jpg,,in,"Pakisaji, Indonesia",0,0,0,https://x.com/polpakisaji/status/1917361914105192584,"1,43439E+18",polpakisaji
"1,91736E+18",Tue Apr 29 23:32:55 +0000 2025,0,Kejutan Link DANA Kaget Sebelum Berangkat Kerja Lumayan Bisa untuk Makan Siang dari Saldo DANA Gratis Hari Ini 30 April 3025 Ini Caranya https://t.co/m1dZ4lQG8X,"1,91736E+18",,,in,semarang,0,0,0,https://x.com/suarasemarangs/status/1917361486789501303,"1,85598E+18",suarasemarangs
"1,91736E+18",Tue Apr 29 23:15:43 +0000 2025,0,Pantesan gak bisa mikir program makan siang gratis masuk akal apa gak,"1,91736E+18",,,in,,0,0,0,https://x.com/Dhebot91/status/1917357156871065638,223163968,Dhebot91
"1,91703E+18",Tue Apr 29 22:48:23 +0000 2025,0,@tanyarlfes Kagak niat jualan emang passionnya emang balapan.,"1,91735E+18",,tanyarlfes,in,,0,0,0,https://x.com/KMSG_RI/status/1917350276450902474,"1,51218E+18",KMSG_RI
"1,91725E+18",Tue Apr 29 22:17:49 +0000 2025,4,@r_d_ka @somexthread Gk kalau makan siang gratis mungkin bisa,"1,91734E+18",,r_d_ka,in,Gresik,0,1,0,https://x.com/zcxena/status/1917342586106437648,142533400,zcxena
"1,91732E+18",Tue Apr 29 20:31:59 +0000 2025,0,Wkwkw Makan Siang Gratis buat relawan prabowo Gibran,"1,91732E+18",,,in,"Pandeglang, Indonesia",0,1,0,https://x.com/jengglongan/status/1917315952666108361,2897183448,jengglongan
"1,91706E+18",Tue Apr 29 20:31:16 +0000 2025,6,@NegriBadut nah itu kan udah di jawab sama lo makan alakadarnya jadi dengan itu apakah tumbuh kembang anak menjadi layak? bagaimana dengan gizinya? kesehatannya? apakah mau mengandalkan makan siang gratis yang tidak layak itu? WKWKWKWKWKWK sangat amat lucu bro satu ini,"1,91732E+18",,NegriBadut,in,tebak,0,4,0,https://x.com/avoo_avo/status/1917315771618976172,"1,26668E+18",avoo_avo
"1,91708E+18",Tue Apr 29 15:41:59 +0000 2025,1,@mas_aro @MakibaoEra @superdoraemon Ngapain pake data gituan rakyat yg melek internet aja dikit. Kasih iming2 makan siang gratis juga kelar. Capres yg pake big data analisa dan studi itu kalah sama yg bisa joged.,"1,91724E+18",,mas_aro,in,"Bandung, Indonesia",0,1,0,https://x.com/madaarya/status/1917242971373928533,92519438,madaarya
"1,91722E+18",Tue Apr 29 13:53:17 +0000 2025,2,Beri pendampingan Program makan siang bergizi gratis. #polsekkepanjen #polresmalang_polisiadem #humaspoldajatim #polriuntukmasyarakat https://t.co/J3Gt6EBlht,"1,91722E+18",https://pbs.twimg.com/media/GptRcQOacAAQsQz.jpg,,in,,0,0,1,https://x.com/kepanjen_polsek/status/1917215615691223450,"1,41409E+18",kepanjen_polsek
"1,91718E+18",Tue Apr 29 13:47:55 +0000 2025,0,@CNNIndonesia Kok kepala sekolah kebagian juga makan siang gratis ???,"1,91721E+18",,CNNIndonesia,in,Jakarta Capital Region,0,0,0,https://x.com/SiantoKoe/status/1917214265288823113,"1,85624E+18",SiantoKoe
"1,91687E+18",Tue Apr 29 13:27:40 +0000 2025,1,@hamas191 Makan Siang Gratis merugikan catering yang dikontrak RUGI 1 M itu gimana ye apa ngga Dzalim sedangkan tak share VIDEONYA MESTI NGGA TERKIRIM... Duh begini smw-nya jd RUWET spt ijazah palsunya JKORUP lucu jg IJAZAH YANG DITUNJUKKAN NAMA JKW TP KENAPA FOTONYA JUSTRU ORANG LAIN?,"1,91721E+18",,hamas191,in,,0,4,1,https://x.com/LuckyLudjaina/status/1917209169754742894,"1,60736E+18",LuckyLudjaina
"1,9172E+18",Tue Apr 29 13:02:54 +0000 2025,0,Makan siang gratis langkah kecil demi kemajuan besar bangsa kita MBG Penuhi Gizi #PenuhiGiziIndonesia https://t.co/m5r9gESOj9,"1,9172E+18",https://pbs.twimg.com/media/GptF55YaoAAA1Dt.jpg,,in,,0,0,0,https://x.com/RezhaArdia66905/status/1917202937589481497,"1,88267E+18",RezhaArdia66905
"1,9172E+18",Tue Apr 29 13:02:48 +0000 2025,0,Makan siang gratis langkah kecil demi kemajuan besar bangsa Indonesia #PenuhiGiziIndonesia https://t.co/28yj2cY3Be,"1,9172E+18",https://pbs.twimg.com/media/GptF4VNa4AA09E4.jpg,,in,,0,0,0,https://x.com/RezhaArdia66905/status/1917202911689597274,"1,88267E+18",RezhaArdia66905
"1,9172E+18",Tue Apr 29 12:56:18 +0000 2025,2,Bro even doshin treat us better than the goverment ngasih makan siang gratis everyday(bahkan ga siang doang)(anjay),"1,9172E+18",,,in,,0,0,1,https://x.com/kalaesoul/status/1917201275017633868,"1,87182E+18",kalaesoul
"1,9172E+18",Tue Apr 29 12:47:28 +0000 2025,0,Makan siang gratis itu tidak menyelesaikan masalah kemiskinan dan kebodohan. Makan siang gratis malah memelihara keduanya.,"1,9172E+18",,,in,"Kota Palembang, Sumatera Selat",0,1,0,https://x.com/robbysunata/status/1917199050031743031,"8,74863E+17",robbysunata
"1,9165E+18",Tue Apr 29 12:43:06 +0000 2025,0,@ferrykoto @rezzh @prabowo Emangnya elo mentingin pendidikan fer bukannya makan siang gratis??? Anak buah Jokowi kan 10 tahun Indonesia tertinggal sbb presiden Jokowi pilihan loe gk mentingin pendidikan gk mentingin ijazah asli,"1,9172E+18",,ferrykoto,in,Jakarta Capital Region,0,1,0,https://x.com/IrwanIs36647816/status/1917197954651455812,"1,60354E+18",IrwanIs36647816
"1,91709E+18",Tue Apr 29 11:59:49 +0000 2025,0,@el_avraham Manfaat dari danantara yang bisa langsung dirasakan oleh masyarakat apa bang? Pas kampanye pilpres hny jual program makan siang gratis dan tidak ada program danantara..,"1,91719E+18",,el_avraham,in,"Blue Earth, MN",0,0,0,https://x.com/ManBehindThe9un/status/1917187061922304206,"1,50025E+18",ManBehindThe9un
"1,91707E+18",Tue Apr 29 11:54:34 +0000 2025,0,@zhizhie_12 @blankbanget @albert8980 @txtdrimedia Haha std gizi? Adek gw sma dapat nih kemarin makan siang gratis baru skrny dapat nya tpi ygpp eh isi nya gaje,"1,91719E+18",,zhizhie_12,in,,0,0,0,https://x.com/MrUnchainee/status/1917185741135949931,"1,6442E+18",MrUnchainee
"1,91708E+18",Tue Apr 29 11:14:36 +0000 2025,0,@faist_2ami iya yah gapapa besok adek dapet makan siang gratis,"1,91718E+18",,faist_2ami,in,jennie imut,0,0,0,https://x.com/jennie_is3/status/1917175681886421080,"7,21296E+17",jennie_is3
"1,91718E+18",Tue Apr 29 11:14:26 +0000 2025,0,Yg penting makan siang gratis,"1,91718E+18",,,in,"Kota Surabaya, Jawa Timur",0,1,0,https://x.com/draxe11/status/1917175641440764256,298647472,draxe11
"1,91718E+18",Tue Apr 29 11:13:40 +0000 2025,0,Bukannya kalau memang target utk mencegah stunting tu pas masi pd bayi/balita/batita ya? Sependek pengetahuan gw begitu sih... kalau udah sekolah ya... dapet makan siang gratis sih enak cuma kayaknya terlalu muluk aja gitu... pengen nerapin begituan di seluruh indo.,"1,91718E+18",,loveliestata,in,Location Unknown,0,2,0,https://x.com/loveliestata/status/1917175446598549994,"9,01854E+17",loveliestata
"1,91718E+18",Tue Apr 29 11:13:34 +0000 2025,0,Inilah yang gue pengenin dulu pas magang di TAM mereka nyediain makan siang gratis untuk karyawan &amp; anak magang juga bisa makan di sana. Kalo bosen sm makanan kantin ya tinggal beli di luar.,"1,91718E+18",,,in,Location Unknown,0,1,0,https://x.com/loveliestata/status/1917175421864739307,"9,01854E+17",loveliestata
"1,91682E+18",Tue Apr 29 10:34:54 +0000 2025,0,@univ_tertutup Meloloskan proker makan siang gratis mie ayam agar mahasiswa tidak hobi loncat tiap jadi backburner @jeendra @salibselatan @HeartistJUYEON,"1,91717E+18",,univ_tertutup,in,1999,1,0,0,https://x.com/maincagak/status/1917165691826053156,"7,48423E+17",maincagak
"1,91714E+18",Tue Apr 29 09:35:37 +0000 2025,1,@id_mbgcore jadi pengen balik sekolah lagi biar dapet makan siang gratis,"1,91715E+18",,id_mbgcore,in,,0,0,0,https://x.com/Gheasas/status/1917150771818451116,"1,76752E+18",Gheasas
"1,91705E+18",Tue Apr 29 09:22:50 +0000 2025,0,@WongF3hung @denismalhotra @gibran_tweet @prabowo Gibran Rakabuming Raka telah mendampingi Prabowo Subianto dengan kontribusi seperti mendistribusikan makan siang gratis dan mengunjungi daerah bencana selama 100 hari pertama (20 Okt 2024 28 Jan 2025). Namun perannya kurang menonjol dibandingkan Prabowo yang mendapat kredit,"1,91715E+18",,WongF3hung,in,wherever you are,0,0,0,https://x.com/grok/status/1917147553935794552,"1,72067E+18",grok
"1,91714E+18",Tue Apr 29 09:01:46 +0000 2025,0,@eanthusial gdapet gratis makan siang kah,"1,91714E+18",,eanthusial,in,jkt,0,0,0,https://x.com/dndelionss/status/1917142251610014008,"1,09735E+18",dndelionss
"1,91709E+18",Tue Apr 29 08:32:56 +0000 2025,0,@hostis_pub Hndknya makan siang gratis ,"1,91713E+18",,hostis_pub,in,"kdng BJB, kdng BJM",0,0,0,https://x.com/yukiiiiiw/status/1917134994872668559,154124445,yukiiiiiw
"1,91713E+18",Tue Apr 29 08:16:52 +0000 2025,1,alhamdulillah dapet makan siang (atau sore?) gratis love you brok @Vanzyjy7 https://t.co/D79aXhla7Q,"1,91713E+18",https://pbs.twimg.com/media/GpsEbazb0AAPI-0.jpg,,in,,0,1,0,https://x.com/eltysia/status/1917130954851946622,"1,47642E+18",eltysia
"1,91712E+18",Tue Apr 29 07:40:43 +0000 2025,39,Kalau begini asing gak bakalan ada yang belajar program makan siang gratis di Konoha. Mereka pilih belajar ke Jepang. https://t.co/9K0AabszVx,"1,91712E+18",https://pbs.twimg.com/media/Gpr8KyVbEAAafZY.jpg,,in,Indonesia,0,3,19,https://x.com/Jumianto_RK/status/1917121856794186134,"9,03307E+17",Jumianto_RK
"1,91704E+18",Tue Apr 29 02:31:36 +0000 2025,0,@cursedprgoy makan siang gratis,"1,91704E+18",,cursedprgoy,in,,0,0,0,https://x.com/kzuhaze/status/1917044062454206600,"1,42212E+18",kzuhaze
"1,91702E+18",Tue Apr 29 01:38:43 +0000 2025,0,@ARSIPAJA Solusinya makan siang gratis,"1,91703E+18",,ARSIPAJA,in,bekasi,0,0,0,https://x.com/IlhamAtsaris/status/1917030756519711025,315133850,IlhamAtsaris
"1,91701E+18",Tue Apr 29 00:33:48 +0000 2025,0,Selamat pagi untuk pacarku Jung Jaehyun jangan lupa sarapan ya sayang yang bukan Jaehyun gak usah sarapan nunggu makan siang gratis aja. https://t.co/YEJsMBboGk,"1,91701E+18",https://pbs.twimg.com/media/GpqadECbEAQoUrN.jpg,,in,,0,0,0,https://x.com/RYUQJlN/status/1917014419160326319,"1,50954E+18",RYUQJlN
"1,91701E+18",Tue Apr 29 00:30:22 +0000 2025,3,budget makan beracun gratis juga termasuk untuk bayar buzzerpnya contohnya #DukungMBG buzzerp tolol bapak lo kena pecat emak lo kesusahan beli telor lo cm dpt 2rebu perak per twit ama kuota inet maks 7 hari demi ngejar twit ama makan siang 10ribuan bwt adek lo yg msh SD,"1,91701E+18",,,in,Nowhere,0,0,0,https://x.com/jack_rubyjack/status/1917013556329124036,"8,41502E+17",jack_rubyjack
"1,91683E+18",Tue Apr 29 00:04:56 +0000 2025,0,@kompascom Ah yang bener ? https://t.co/ZrkqB83Ivw,"1,91701E+18",https://pbs.twimg.com/tweet_video_thumb/GpqT1vObYAAn6Ys.jpg,kompascom,in,,0,0,0,https://x.com/KMSG_RI/status/1917007153657004474,"1,51218E+18",KMSG_RI
"1,91651E+18",Tue Apr 29 00:02:50 +0000 2025,2,@MUSIKMENFESS Denny caknan guyon waton dkk sebagai orang luar jawa yang kuliah di jawa pertama kali denger kek hahhh ? apa sih kok kayak gini banyak yang suka 2-3 kali denger joget juga bangsat.,"1,91701E+18",,MUSIKMENFESS,in,,0,1,0,https://x.com/KMSG_RI/status/1917006624486789434,"1,51218E+18",KMSG_RI
"1,917E+18",Mon Apr 28 23:54:20 +0000 2025,0,KEBERHASILAN PROGRAM MAKAN SIANG GRATIS???,"1,917E+18",,,in,Indonesia,0,0,0,https://x.com/RakaChandraW/status/1917004487698579601,304841323,RakaChandraW
"1,917E+18",Mon Apr 28 23:45:54 +0000 2025,1,program makan siang gratis masih jalan kah? kok pemberitaannya gak semasif diawal,"1,917E+18",,,in,"New Mexico, USA",0,1,0,https://x.com/minimorral/status/1917002364990685411,2960919056,minimorral
"1,91697E+18",Mon Apr 28 21:38:59 +0000 2025,0,isinya kan paling kita negara kuat kita negara besar makan siang gratis indonesia cerah hidup jokowi!!!! ,"1,91697E+18",,,in,Iron Island,0,0,0,https://x.com/mkresnaap/status/1916970424682090791,282922744,mkresnaap
"1,91684E+18",Mon Apr 28 21:10:07 +0000 2025,0,@CNNIndonesia Udah paling bener naro duit si bank swasta dah,"1,91696E+18",,CNNIndonesia,in,,0,0,0,https://x.com/KMSG_RI/status/1916963158780248549,"1,51218E+18",KMSG_RI
"1,91683E+18",Mon Apr 28 19:17:38 +0000 2025,0,@RickyKardjono @Puspen_TNI @_TNIAL_ buat makan siang gratis,"1,91693E+18",,RickyKardjono,in,,0,0,0,https://x.com/krokenmodinger/status/1916934850898280822,122899163,krokenmodinger
"1,91627E+18",Mon Apr 28 19:01:08 +0000 2025,0,@B3doel___ Lebih tepat sasaran apabila makan siang gratis diberikan untuk pak tukang dan kuli bangunan yg merehab sekolah...,"1,91693E+18",,B3doel___,in,,0,0,0,https://x.com/ToyoDess/status/1916930702375030899,"1,69977E+18",ToyoDess
"1,91689E+18",Mon Apr 28 16:36:06 +0000 2025,0,Lagian masak mau jd-in anak2 bahan percobaan makanan sih? Logic dong. Yg belain program makan siang gratis ini gimana sih mikirnya?,"1,91689E+18",,,in,,0,1,0,https://x.com/aeanakim_/status/1916894201746538794,"1,76805E+18",aeanakim_
"1,91386E+18",Mon Apr 28 16:15:13 +0000 2025,0,@faitavamour Bayar pake makan siang gratis gamau tp ya.,"1,91689E+18",,faitavamour,in,MVRP: Arthur Leonardo 21+ SND.,0,0,0,https://x.com/distruact/status/1916888945134277053,"8,25381E+17",distruact
"1,91669E+18",Mon Apr 28 15:29:55 +0000 2025,0,@mardigu024 Program PMT-AS makan siang gratis Anis tanpa libatkan vendor namun libatkan orang tua murid untuk sediakan makam siang gratis abah mang gak mau pamer kalo gw dapet ni video dari maren biar gw yg pamer jadi sedihmang abah orang baik yg peduli rakyat kecil https://t.co/JbB2FUKkeM,"1,91688E+18",https://pbs.twimg.com/ext_tw_video_thumb/1916877491588960256/pu/img/h3EzqCHXCmFnRXBc.jpg,Raju89755360,in,,0,2,0,https://x.com/Raju89755360/status/1916877547700379701,"1,09263E+18",Raju89755360
"1,91677E+18",Mon Apr 28 15:09:58 +0000 2025,0,@jigen593 @Marchfoward tapi u cakap kat situ maybe sebab nak tarik pelancong datang but definitely no yeah u should know pasal makan siang gratis RUU TNI and so on itu adalah penyebabnya.. investor lari sbb tak ketentuan ekonomi belum masuk rumour yg menteri kwngn dia nk turun tu(fake),"1,91687E+18",,jigen593,in,,0,1,0,https://x.com/_fix03/status/1916872525881196903,"1,83815E+18",_fix03
"1,91647E+18",Mon Apr 28 14:50:02 +0000 2025,1,@qiutcainisrtz @ARSIPAJA Ya data ini cukup bisa dipercaya. Prabowo Subianto memang punya approval rating sekitar 81% pada April 2025 tertinggi di antara pemimpin G20 berdasarkan laporan dari The World in Maps dan media seperti CNN Indonesia. Ini didukung oleh keberhasilan program makan siang gratis,"1,91687E+18",,qiutcainisrtz,in,wherever you are,1,0,0,https://x.com/grok/status/1916867509552320733,"1,72067E+18",grok
"1,91686E+18",Mon Apr 28 14:44:01 +0000 2025,3,@Naz_lira Menyimak argumentasi para ketum / pengurus partai dan para pakar intinya smua penakut maka atas dasar usulan Purn inilah menjadi dasarnya &amp; jadi keuntungan politikus Ibarat berita gembira yg dicetuskan oleh purn. Copot or tdk tentu deal politik. TDK ADA MAKAN SIANG GRATIS https://t.co/yyCfcphtSO,"1,91687E+18",https://pbs.twimg.com/tweet_video_thumb/GpoTdG1bcAADySH.jpg,Naz_lira,in,,0,0,0,https://x.com/bento15068118/status/1916865996318818748,"1,13774E+18",bento15068118
"1,91667E+18",Mon Apr 28 13:58:29 +0000 2025,0,@raykairi Majas ameliorasi ini ga ada yg salah. Klo bisa menyampaikan sesuatu dgn lbh sopan justru bagus rakyat jg akan lbh respek dan patuh. Cth program makan siang gratis diganti makan bergizi gratis.,"1,91685E+18",,raykairi,in,,0,1,0,https://x.com/XiPuting/status/1916854537392132606,"1,68853E+18",XiPuting
"1,91674E+18",Mon Apr 28 06:17:23 +0000 2025,0,dosa besar guru olahraga yaitu melihat anak didiknya tidak bisa berenang. yang dibutuhkan sekolah itu fasilitas bukan proyek makan siang gratis ajg,"1,91674E+18",,,in,,0,0,0,https://x.com/madityaputera14/status/1916738498423607804,"8,20221E+17",madityaputera14
"1,91669E+18",Mon Apr 28 05:18:01 +0000 2025,0,@juaramageran Met makan siang (yang ga gratis),"1,91672E+18",,juaramageran,in,,0,0,0,https://x.com/bugenhil/status/1916723555313803461,"1,25719E+18",bugenhil
"1,91649E+18",Mon Apr 28 05:11:23 +0000 2025,0,@KangManto123 Makan Siang Bergizi aj masih gratis mau memberi makan seluruh isi dunia?,"1,91672E+18",,KangManto123,in,,0,0,0,https://x.com/PPrijambodo/status/1916721887423693292,"1,71556E+18",PPrijambodo
"1,91672E+18",Mon Apr 28 04:51:17 +0000 2025,0,Gaada yg bagi2 makan siang gratis nih? Belum makan ni dari tadi malam,"1,91672E+18",,,in,"North Sumatra, Indonesia",0,0,0,https://x.com/AriWibowoHarjo/status/1916716828312928281,"1,29334E+18",AriWibowoHarjo
"1,91671E+18",Mon Apr 28 04:23:26 +0000 2025,0,Makan siang gratis ini kenapa gak contoh jepang aja ya.,"1,91671E+18",,,in,,0,3,0,https://x.com/Wandaaajaaaa/status/1916709818678800688,"1,90563E+18",Wandaaajaaaa
"1,91671E+18",Mon Apr 28 04:22:14 +0000 2025,0,Makan siang tidak gratis katanya budget Rp. 30rb https://t.co/bH45No91A4,"1,91671E+18",https://pbs.twimg.com/media/GpmFJikakAEiF2Y.jpg,,in,"Bekasi, Jawa Barat",0,0,0,https://x.com/DiditAditiap/status/1916709518618009850,608026791,DiditAditiap
"1,91669E+18",Mon Apr 28 04:07:44 +0000 2025,0,@detikcom mending makan siang gratis bwang.,"1,91671E+18",,detikcom,in,"Gotham, England",0,0,0,https://x.com/bLxCoffee/status/1916705869066101183,806932273,bLxCoffee
"1,91669E+18",Mon Apr 28 04:06:30 +0000 2025,0,@idextratime Program Pemerintah makan siang gratis ternyata visioner sekali ,"1,91671E+18",,idextratime,in,,0,0,0,https://x.com/joinakunid__/status/1916705560281391187,"1,82464E+18",joinakunid__
"1,91648E+18",Mon Apr 28 03:22:22 +0000 2025,0,@alettagia Happy banget ya kita mau ngejar makan siang gratis ,"1,91669E+18",,alettagia,in,REST,0,1,0,https://x.com/yaraespa/status/1916694453991166085,"1,62253E+18",yaraespa
"1,91648E+18",Mon Apr 28 02:55:29 +0000 2025,0,@renijun KENAPA KOK MAUNYA MAKAN SIANG GRATIS.,"1,91669E+18",,renijun,in,DROL!HC. Wispéēèll. Sangkarna.,0,0,0,https://x.com/Haechairn/status/1916687688268394851,"7,70961E+17",Haechairn
"1,91668E+18",Mon Apr 28 02:43:09 +0000 2025,0,@Nachtclair satu ngasih motivasi satu ngasih kelas dansa satu ngasih sepatu gratis lu mau ngasih apa? makan siang gratis? good luck dompet,"1,91668E+18",,Nachtclair,in,,0,1,0,https://x.com/HammerUser/status/1916684582012989734,"1,17386E+18",HammerUser
"1,91667E+18",Mon Apr 28 02:32:24 +0000 2025,1,@ferizandra Butuh makan siang gratis tuh macan uda fer ,"1,91668E+18",,ferizandra,in,Earth,0,1,0,https://x.com/Asfirdah/status/1916681879652294853,98120760,Asfirdah
"1,91598E+18",Mon Apr 28 02:14:04 +0000 2025,0,@ChovaMelians26 Waduh jgn salah bro itu #jendral_kancil Soal isue ijazah palsu itu jejaring sindikat politik harapan mrk jk yg diangkat brhasil mk kebijakan besar Presiden @jokowi bubar (petral FPI &amp; HTI) Freeport Hilirisasi trmasuk IKN dll akan rontok. Adakah makan siang gratis ?,"1,91668E+18",,ChovaMelians26,in,Indonesia,0,0,0,https://x.com/rasuyinhandoko2/status/1916677262436630533,"8,30631E+17",rasuyinhandoko2
"1,91667E+18",Mon Apr 28 01:57:58 +0000 2025,1,GRATIS ONGKIR BUAT MAKAN SIANG DAN MAKAN SORE - rice bowl ayam saos lada hitam 13k pengiriman gratis ongkir se-unnes raya - close order makan siang jam 11.30 pengantaran jam 12 siang - close order makan sore jam 16.00 pengantaran jam 5 sore LANGSUNG DM/KOMEN AJA https://t.co/86T0l8r7Cg,"1,91667E+18",https://pbs.twimg.com/media/GplkIHSagAAUMdP.jpg,,in,,0,0,1,https://x.com/factorykive/status/1916673210726125793,"1,3145E+18",factorykive
"1,91661E+18",Mon Apr 28 01:52:42 +0000 2025,1,@PinguNyasar ak mw makan siang gratis ,"1,91667E+18",,PinguNyasar,in,,0,0,0,https://x.com/pengenyothandal/status/1916671888480411831,"1,77179E+18",pengenyothandal
"1,91666E+18",Mon Apr 28 01:27:42 +0000 2025,0,@PassHANBIN lah justru gak dikasih makan siang gratis gue bang,"1,91667E+18",,PassHANBIN,in,3301,0,0,0,https://x.com/PassYUDDING/status/1916665593580908607,"1,37204E+18",PassYUDDING
"1,91633E+18",Mon Apr 28 01:25:12 +0000 2025,1,@MF_Rais 0.5% kan yang keracunan. Yang beneran bergizi brp persen udah dikaji belom? Bisa aja sama2 outlier. Sisanya cuma makan siang gratis malnutrisi aja. Gak bergizi walau gak beracun juga.,"1,91666E+18",,MF_Rais,in,,0,0,0,https://x.com/zul_gil/status/1916664967228690855,134431241,zul_gil
"1,91609E+18",Sun Apr 27 23:21:54 +0000 2025,0,@coooolbet @narkosun inilah bukti bhwa pendidikan jauh lbh penting drpd makan siang gratis spy g ad rakyat yg bodoh kyk gini,"1,91663E+18",,coooolbet,in,Indonesia,0,0,0,https://x.com/nurman307/status/1916633935909630341,246178041,nurman307
"1,91642E+18",Sun Apr 27 22:44:01 +0000 2025,0,@MurtadhaOne1 Semoga saja alasan para tentara soal pencopotan Gibran itu memang murni langgar aturan dan tidak disusupi hidden agenda . Apalagi di dunia politik tidak ada makan siang gratis ,"1,91662E+18",,MurtadhaOne1,in,,0,0,0,https://x.com/6u5tiLiem/status/1916624404596826260,"1,61173E+18",6u5tiLiem
"1,91661E+18",Sun Apr 27 22:00:30 +0000 2025,0,kocak banget ngapa jadi adu nasib horizontal begini dah. harusnya lo pada protes ke pemerintah. IYA PROTES KE PEMERINTAH HARUSNYA BUKA PENDIDIKAN GRATIS BUKANNYA MAKAN SIANG GRATIS itu baru sektor pendidikan ya belom ke sektor pekerjaan dll. ,"1,91661E+18",,,in,"Honolulu, HI",0,0,0,https://x.com/inimaulaa/status/1916613452107579764,"1,29755E+18",inimaulaa
"1,91656E+18",Sun Apr 27 18:44:23 +0000 2025,1,stop makan siang gratis kita butuh ini,"1,91656E+18",,,in,caladan,0,0,0,https://x.com/hoomanweed/status/1916564098739044724,"1,2629E+18",hoomanweed
"1,91646E+18",Sun Apr 27 16:33:21 +0000 2025,0,@ekokuntadhi1 Solusinya makan siang gratis,"1,91653E+18",,ekokuntadhi1,in,,0,7,0,https://x.com/wibowoibnu7/status/1916531123615830147,"7,39889E+17",wibowoibnu7
"1,91638E+18",Sun Apr 27 16:13:47 +0000 2025,1,@rebahaninaja @wargacendana @18fesss boleh bgt kak apalagi nikah di kua gratis. waktu nikah aku intimmate cuma keluar kurleb 5juta (diluar mahar). akad di kua jam 10 balik dr kua makan siang sekeluarga trs habis itu pulang. nikmat bgt beneran dehh. (kalo ada budget lebih bagi2 bingkisan ke tetangga),"1,91653E+18",,rebahaninaja,in,,0,0,0,https://x.com/diaryofchell/status/1916526199045865554,"1,85916E+18",diaryofchell
"1,91648E+18",Sun Apr 27 16:13:41 +0000 2025,0,@eirenithy @MenfessUnej kak kalo mau makan siang gratis ke praroro aja,"1,91653E+18",,eirenithy,in,,0,1,0,https://x.com/hannimisme/status/1916526173984821363,"1,44492E+18",hannimisme
"1,91652E+18",Sun Apr 27 16:12:36 +0000 2025,0,@Reinn_shere Jika Prabowo masih presiden pada 2030 Indonesia bisa maju menuju visi Indonesia Emas 2045 dengan fokus pada pertumbuhan ekonomi dan program sosial. Investasi $600 miliar di industri hilir dapat meningkatkan ekonomi dan program makan siang gratis untuk 90 juta anak bisa,"1,91653E+18",,Reinn_shere,in,wherever you are,0,1,0,https://x.com/grok/status/1916525899601842318,"1,72067E+18",grok
"1,91653E+18",Sun Apr 27 16:09:29 +0000 2025,0,Mana ada makan siang yg gratis bos.,"1,91653E+18",,,in,,0,6,0,https://x.com/ipuleadership/status/1916525115581383028,390799172,ipuleadership
"1,91652E+18",Sun Apr 27 16:02:29 +0000 2025,0,Heh anak uc yang mikirin pemilu pres sc ngapain mikir ribet emg klo no1/2 yg naik makan siang lu bakal gratis ato nilai afl lu bakal A++ ga usah banyak drama ga jelas h*wan klo ga suka diem klo ngevote vote klo ga gausah ya sudah selesai masalah pusing amat jdi org kocag,"1,91652E+18",,,in,Internet,0,0,0,https://x.com/ucfess/status/1916523352224829715,"1,7864E+18",ucfess
"1,91648E+18",Sun Apr 27 15:42:53 +0000 2025,1,@fantaboy127 Kenapa jeciku sakit perut? Gegara makan siang gratis kah?,"1,91652E+18",,fantaboy127,in,Indonesia,0,1,0,https://x.com/rizalakbarm_/status/1916518421082034579,2766103766,rizalakbarm_
"1,91648E+18",Sun Apr 27 15:13:11 +0000 2025,0,@Haechairn klo aku ikuutt bisa dapet makan siang gratis tiap hari kahh bub?,"1,91651E+18",,Haechairn,in,Gl7tchz 7sos 7cpe D7true Rj,0,1,0,https://x.com/renijun/status/1916510945917948379,"1,45886E+18",renijun
"1,91651E+18",Sun Apr 27 15:00:22 +0000 2025,0,Makanan gratis tapi bentukannya sangat lebih dari layak. Beda bgt sama makan siang gratis...............,"1,91651E+18",,,in,,0,5,0,https://x.com/flonoviadinda/status/1916507721496662273,86487241,flonoviadinda
"1,91648E+18",Sun Apr 27 14:39:32 +0000 2025,8,@dinosaurustidur Mantab ketua tolong vendornya jangan sampai sama dengan vendor makan siang gratis ya,"1,9165E+18",,dinosaurustidur,in,Indonesia,0,2,0,https://x.com/rizalakbarm_/status/1916502480466415795,2766103766,rizalakbarm_
"1,9165E+18",Sun Apr 27 14:39:30 +0000 2025,17,Gimana ya masa depan Indonesia? Cara pemangku kebijakan bikin aturan itu kayak gak dipikirin dampaknya ke manusia-manusia yang nantinya dewasa di masa yang akan datang. Makan siang gratis? Siswa keracunan mungkin trauma sama makanan tertentu. Kurikulum pembelajaran yang ganti,"1,9165E+18",,,in,she/her • sandybsexual,1,2,3,https://x.com/bluesunkiss_/status/1916502472144961954,583732183,bluesunkiss_
"1,91649E+18",Sun Apr 27 14:14:33 +0000 2025,0,@matchajw oh ternyata lu penyokong program makan siang gratis ya? wkwkwk,"1,9165E+18",,matchajw,in,,0,1,0,https://x.com/notworkinc/status/1916496191111774425,2454552831,notworkinc
"1,91639E+18",Sun Apr 27 13:59:20 +0000 2025,0,@AdiX404 @HELL0SITI @_riverheaven @Jateng_Twit Contoh aja nih program makan siang gratis itu kan MEMBAHAGIAKAN RAKYAT tapi kenapa banyak yang kontra? Kam lebih baik pendidikan gratis rumah subsidi dan sektor2 lain yg lebih bisa rakyat rasakan manfaatnya.,"1,91649E+18",,AdiX404,in,,0,1,0,https://x.com/Isagiii56/status/1916492362572071064,"1,85863E+18",Isagiii56
"1,91649E+18",Sun Apr 27 13:56:57 +0000 2025,1, Gw gak mau anak saya keracunan makan siang gratis Klo gitu kenapa lu nyoblos kandidat yg pro welfare? https://t.co/kD5FnfYpnV,"1,91649E+18",https://pbs.twimg.com/media/Gpi_GTobkAAMxJf.jpg,,in,"Kota Tangerang selatan, Banten",0,1,0,https://x.com/vilcinsky/status/1916491760278319581,"1,60803E+18",vilcinsky
"1,91648E+18",Sun Apr 27 13:23:35 +0000 2025,0,Harusnya pemerintah dgn program makan siang gratis langsung ke org ini ae. Tersalurkan dgn amanah.,"1,91648E+18",,,in,Sapphic🫶,0,1,0,https://x.com/hellowsunx/status/1916483365496131635,"1,8205E+18",hellowsunx
"1,91648E+18",Sun Apr 27 13:22:29 +0000 2025,0,Nalangin makan siang gratis apa gmna ini,"1,91648E+18",,,in,Disitu langit tak dung dung,0,0,0,https://x.com/Ronggowasitoo/status/1916483086835134540,3669845594,Ronggowasitoo
"1,91611E+18",Sun Apr 27 11:45:54 +0000 2025,0,@republikaonline Membuktikan bahwa Makan Siang itu ngga gratis ,"1,91646E+18",,republikaonline,in,,0,1,0,https://x.com/SWranasti/status/1916458781875339760,"1,05576E+18",SWranasti
"1,91646E+18",Sun Apr 27 11:37:51 +0000 2025,1,Babinsa Koramil Ngampilan Dampingi Pendistribusian Makan Siang Bergizi Gratis https://t.co/cVh0viwg5f,"1,91646E+18",https://pbs.twimg.com/media/GpifQxPacAEmxEG.jpg,,in,,0,0,0,https://x.com/DanurejanK/status/1916456755699339290,"1,79279E+18",DanurejanK
"1,91634E+18",Sun Apr 27 11:29:17 +0000 2025,0,@convomf Soalnya mereka menerapkan Tidak ada makan siang gratis jadi bayar. ,"1,91645E+18",,convomf,in,"Bandung, Jawa Barat",0,0,0,https://x.com/ren_n_n_n_2/status/1916454602649522380,"1,17673E+18",ren_n_n_n_2
"1,91644E+18",Sun Apr 27 10:35:19 +0000 2025,0,seungcheol masalah in ear delay aja segitunya gimana kalo beliau denger ribuan anak keracunan makan siang gratis yang cuma bikin kenyang ego pra-,"1,91644E+18",,madebywonwoo,in,💎🍀,0,0,0,https://x.com/madebywonwoo/status/1916441020255920549,"1,2321E+18",madebywonwoo
"1,91644E+18",Sun Apr 27 10:15:23 +0000 2025,0,100 M ini kecil cuma 10% biaya makan siang gratis sehari Kalo mau nyerang wowo mending nyerang bagian MBG nya bukan yang ini. Atau kalo mau nyerang kebijakan geopolitik wowo mending nyerang kebijakan dia yg ngebantu Isriwil ngusir penduduk Palestina,"1,91644E+18",,,in,"Shadow Striker, Classic no. 10",0,2,0,https://x.com/MahfuzHadi/status/1916436001452687479,134324248,MahfuzHadi
"1,91635E+18",Sun Apr 27 09:47:20 +0000 2025,0,@andikamalreza Lemes bgt kayak gak pernah dikasih makan siang gratis aja,"1,91643E+18",,andikamalreza,in,anonymous,0,0,0,https://x.com/bibababiboo/status/1916428944917631330,"1,79987E+18",bibababiboo
"1,91627E+18",Sun Apr 27 09:36:57 +0000 2025,0,@B3doel___ mirisnya rata2 orang di sana itu milih makan siang gratis ketimbang pendidikan gratis,"1,91643E+18",,B3doel___,in,,0,1,0,https://x.com/HaniS2547/status/1916426330855690253,"1,68379E+18",HaniS2547
"1,91633E+18",Sun Apr 27 09:27:42 +0000 2025,1,@merapi_uncover kelamaan dibiarin besok besok ikut makan siang gratis ke rumah,"1,91642E+18",,merapi_uncover,in,,0,0,0,https://x.com/MegaAnanda29481/status/1916424002714620044,"1,80525E+18",MegaAnanda29481
"1,91635E+18",Sun Apr 27 09:27:25 +0000 2025,0,@kumparan Bingung gue baca quotenya bahasanya amburadul ,"1,91642E+18",,kumparan,in,,0,0,0,https://x.com/KMSG_RI/status/1916423933685043243,"1,51218E+18",KMSG_RI
"1,91587E+18",Sun Apr 27 09:19:20 +0000 2025,0,@Yattie2023 @violettapadma @IFnubia @KemensosRI @prabowo Manja banget sih kaum 16 24 barisan sakit hati kalah pilpres ini!!??? Dikira kerjaan Prabowo itu cuma di bagian kesejahteraan sosial aja ya??? Uda dikasih makan siang bergizi gratis masih aja ngelunjak minta lebih ckckckck.....,"1,91642E+18",,Yattie2023,in,,0,0,0,https://x.com/elmarduksciefer/status/1916421896695960063,"1,87729E+18",elmarduksciefer
"1,91641E+18",Sun Apr 27 08:28:51 +0000 2025,1,@kepskii mending diajarin faibo waipa dibanding makan siang gratis,"1,91641E+18",,kepskii,in,nyan,0,0,0,https://x.com/koj1harunyan/status/1916409192069431566,"1,44221E+18",koj1harunyan
"1,9164E+18",Sun Apr 27 08:03:53 +0000 2025,0,akhirnya bs merasakan program makan siang gratis... https://t.co/n3fvqpE1H6,"1,9164E+18",https://pbs.twimg.com/media/GphuSrAasAAGfZL.jpg,,in,,0,0,0,https://x.com/myupiw/status/1916402911170711602,"1,72831E+18",myupiw
"1,9164E+18",Sun Apr 27 07:55:02 +0000 2025,0,@shintalestari41 Gibran Rakabuming Raka bukan goblok . Dia menunjukkan kompetensi sebagai wali kota Surakarta memenangkan pemilu dengan 86 53% suara dan dinobatkan sebagai wali kota terpopuler pada 2021. Sebagai wakil presiden dia proaktif seperti mendistribusikan makan siang gratis dan,"1,9164E+18",,shintalestari41,in,wherever you are,0,0,0,https://x.com/grok/status/1916400681856151970,"1,72067E+18",grok
"1,91639E+18",Sun Apr 27 07:12:45 +0000 2025,0,@WispASHLEIGH BRO IS COOKING tinggal tambahin program makan siang gratis aja sih bang,"1,91639E+18",,WispASHLEIGH,in,3301,0,0,0,https://x.com/PassYUDDING/status/1916390043993653304,"1,37204E+18",PassYUDDING
"1,91639E+18",Sun Apr 27 07:08:58 +0000 2025,0,Hari ini tugas di 2 jadwal misa berturut2 dan after the 2nd mass diajak makan siang bareng gratis Maaf after all those socialisation with berbagai bapak/ibuk yg ku nda kenal i d rather having my alone time with whatever lunch i want and a cup of ice cream #teamINTROVERT ,"1,91639E+18",,,in,Jakarta,0,0,0,https://x.com/ikandisko/status/1916389089743380816,27078302,ikandisko